debug1: OpenSSH_10.3p1, LibreSSL 3.3.6
debug3: Running on Darwin 25.6.0 Darwin Kernel Version 25.6.0: Fri Jul 31 19:18:49 PDT 2026; root:xnu-12377.161.14~5/RELEASE_ARM64_T6000 arm64
debug3: Started with: /usr/bin/ssh -F /dev/null -T -o "ProxyCommand=/usr/bin/nc -U /Users/richard/code/BicTerm/Fixtures/run/g12s/coder-ssh-2d383acd-ba8f-493d-aa28-add80ec0b3b0.sock" -o UserKnownHostsFile=/dev/null -o GlobalKnownHostsFile=/dev/null -o StrictHostKeyChecking=no -o LogLevel=DEBUG3 -o PreferredAuthentications=none -o BatchMode=yes -o ConnectTimeout=15 coder@coder-workspace "/usr/bin/yes output-failure"
debug1: Reading configuration data /dev/null
debug1: Authenticator provider $SSH_SK_PROVIDER did not resolve; disabling
debug3: channel_clear_timeouts: clearing
debug1: Executing proxy command: exec /usr/bin/nc -U /Users/richard/code/BicTerm/Fixtures/run/g12s/coder-ssh-2d383acd-ba8f-493d-aa28-add80ec0b3b0.sock
debug3: timeout: 15000 ms remain after connect
debug1: no pubkey loaded from /Users/richard/.ssh/id_rsa
debug1: identity file /Users/richard/.ssh/id_rsa type -1
debug1: no identity pubkey loaded from /Users/richard/.ssh/id_rsa
debug1: no pubkey loaded from /Users/richard/.ssh/id_ecdsa
debug1: identity file /Users/richard/.ssh/id_ecdsa type -1
debug1: no identity pubkey loaded from /Users/richard/.ssh/id_ecdsa
debug1: no pubkey loaded from /Users/richard/.ssh/id_ecdsa_sk
debug1: identity file /Users/richard/.ssh/id_ecdsa_sk type -1
debug1: no identity pubkey loaded from /Users/richard/.ssh/id_ecdsa_sk
debug1: no pubkey loaded from /Users/richard/.ssh/id_ed25519
debug1: identity file /Users/richard/.ssh/id_ed25519 type -1
debug1: no identity pubkey loaded from /Users/richard/.ssh/id_ed25519
debug1: no pubkey loaded from /Users/richard/.ssh/id_ed25519_sk
debug1: identity file /Users/richard/.ssh/id_ed25519_sk type -1
debug1: no identity pubkey loaded from /Users/richard/.ssh/id_ed25519_sk
debug1: Local version string SSH-2.0-OpenSSH_10.3
debug1: Remote protocol version 2.0, remote software version Go
debug1: compat_banner: no match: Go
debug2: fd 5 setting O_NONBLOCK
debug2: fd 4 setting O_NONBLOCK
debug1: Authenticating to coder-workspace:22 as 'coder'
debug3: order_hostkeyalgs: no algorithms matched; accept original
debug3: send packet: type 20
debug1: SSH2_MSG_KEXINIT sent
debug3: receive packet: type 20
debug1: SSH2_MSG_KEXINIT received
debug2: local client KEXINIT proposal
debug2: KEX algorithms: mlkem768x25519-sha256,sntrup761x25519-sha512,sntrup761x25519-sha512@openssh.com,curve25519-sha256,curve25519-sha256@libssh.org,ecdh-sha2-nistp256,ecdh-sha2-nistp384,ecdh-sha2-nistp521,diffie-hellman-group-exchange-sha256,diffie-hellman-group16-sha512,diffie-hellman-group18-sha512,diffie-hellman-group14-sha256,ext-info-c,kex-strict-c-v00@openssh.com
debug2: host key algorithms: ssh-ed25519-cert-v01@openssh.com,ecdsa-sha2-nistp256-cert-v01@openssh.com,ecdsa-sha2-nistp384-cert-v01@openssh.com,ecdsa-sha2-nistp521-cert-v01@openssh.com,sk-ssh-ed25519-cert-v01@openssh.com,sk-ecdsa-sha2-nistp256-cert-v01@openssh.com,webauthn-sk-ecdsa-sha2-nistp256-cert-v01@openssh.com,rsa-sha2-512-cert-v01@openssh.com,rsa-sha2-256-cert-v01@openssh.com,ssh-ed25519,ecdsa-sha2-nistp256,ecdsa-sha2-nistp384,ecdsa-sha2-nistp521,sk-ssh-ed25519@openssh.com,sk-ecdsa-sha2-nistp256@openssh.com,webauthn-sk-ecdsa-sha2-nistp256@openssh.com,rsa-sha2-512,rsa-sha2-256
debug2: ciphers ctos: chacha20-poly1305@openssh.com,aes128-gcm@openssh.com,aes256-gcm@openssh.com,aes128-ctr,aes192-ctr,aes256-ctr
debug2: ciphers stoc: chacha20-poly1305@openssh.com,aes128-gcm@openssh.com,aes256-gcm@openssh.com,aes128-ctr,aes192-ctr,aes256-ctr
debug2: MACs ctos: umac-64-etm@openssh.com,umac-128-etm@openssh.com,hmac-sha2-256-etm@openssh.com,hmac-sha2-512-etm@openssh.com,hmac-sha1-etm@openssh.com,umac-64@openssh.com,umac-128@openssh.com,hmac-sha2-256,hmac-sha2-512,hmac-sha1
debug2: MACs stoc: umac-64-etm@openssh.com,umac-128-etm@openssh.com,hmac-sha2-256-etm@openssh.com,hmac-sha2-512-etm@openssh.com,hmac-sha1-etm@openssh.com,umac-64@openssh.com,umac-128@openssh.com,hmac-sha2-256,hmac-sha2-512,hmac-sha1
debug2: compression ctos: none,zlib@openssh.com
debug2: compression stoc: none,zlib@openssh.com
debug2: languages ctos: 
debug2: languages stoc: 
debug2: first_kex_follows 0 
debug2: reserved 0 
debug2: peer server KEXINIT proposal
debug2: KEX algorithms: mlkem768x25519-sha256,curve25519-sha256,curve25519-sha256@libssh.org,ecdh-sha2-nistp256,ecdh-sha2-nistp384,ecdh-sha2-nistp521,diffie-hellman-group14-sha256,diffie-hellman-group14-sha1,kex-strict-s-v00@openssh.com
debug2: host key algorithms: ssh-ed25519
debug2: ciphers ctos: aes128-gcm@openssh.com,aes256-gcm@openssh.com,chacha20-poly1305@openssh.com,aes128-ctr,aes192-ctr,aes256-ctr
debug2: ciphers stoc: aes128-gcm@openssh.com,aes256-gcm@openssh.com,chacha20-poly1305@openssh.com,aes128-ctr,aes192-ctr,aes256-ctr
debug2: MACs ctos: hmac-sha2-256-etm@openssh.com,hmac-sha2-512-etm@openssh.com,hmac-sha2-256,hmac-sha2-512,hmac-sha1,hmac-sha1-96
debug2: MACs stoc: hmac-sha2-256-etm@openssh.com,hmac-sha2-512-etm@openssh.com,hmac-sha2-256,hmac-sha2-512,hmac-sha1,hmac-sha1-96
debug2: compression ctos: none
debug2: compression stoc: none
debug2: languages ctos: 
debug2: languages stoc: 
debug2: first_kex_follows 0 
debug2: reserved 0 
debug3: kex_choose_conf: will use strict KEX ordering
debug1: kex: algorithm: mlkem768x25519-sha256
debug1: kex: host key algorithm: ssh-ed25519
debug1: kex: server->client cipher: chacha20-poly1305@openssh.com MAC: <implicit> compression: none
debug1: kex: client->server cipher: chacha20-poly1305@openssh.com MAC: <implicit> compression: none
debug3: send packet: type 30
debug1: expecting SSH2_MSG_KEX_ECDH_REPLY
debug3: receive packet: type 31
debug1: SSH2_MSG_KEX_ECDH_REPLY received
debug1: Server host key: ssh-ed25519 SHA256:plp8SACKLWjoIl/oXGgHvJFcCmE6Qp4mRZW8Iff4WZs
Warning: Permanently added 'coder-workspace' (ED25519) to the list of known hosts.
debug3: send packet: type 21
debug1: ssh_packet_send2_wrapped: resetting send seqnr 3
debug2: ssh_set_newkeys: mode 1
debug1: rekey out after 134217728 blocks
debug1: SSH2_MSG_NEWKEYS sent
debug1: expecting SSH2_MSG_NEWKEYS
debug3: receive packet: type 21
debug1: ssh_packet_read_poll2: resetting read seqnr 3
debug1: SSH2_MSG_NEWKEYS received
debug2: ssh_set_newkeys: mode 0
debug1: rekey in after 134217728 blocks
debug2: KEX algorithms: mlkem768x25519-sha256,sntrup761x25519-sha512,sntrup761x25519-sha512@openssh.com,curve25519-sha256,curve25519-sha256@libssh.org,ecdh-sha2-nistp256,ecdh-sha2-nistp384,ecdh-sha2-nistp521,diffie-hellman-group-exchange-sha256,diffie-hellman-group16-sha512,diffie-hellman-group18-sha512,diffie-hellman-group14-sha256,ext-info-c,kex-strict-c-v00@openssh.com
debug2: host key algorithms: ssh-ed25519-cert-v01@openssh.com,ecdsa-sha2-nistp256-cert-v01@openssh.com,ecdsa-sha2-nistp384-cert-v01@openssh.com,ecdsa-sha2-nistp521-cert-v01@openssh.com,sk-ssh-ed25519-cert-v01@openssh.com,sk-ecdsa-sha2-nistp256-cert-v01@openssh.com,webauthn-sk-ecdsa-sha2-nistp256-cert-v01@openssh.com,rsa-sha2-512-cert-v01@openssh.com,rsa-sha2-256-cert-v01@openssh.com,ssh-ed25519,ecdsa-sha2-nistp256,ecdsa-sha2-nistp384,ecdsa-sha2-nistp521,sk-ssh-ed25519@openssh.com,sk-ecdsa-sha2-nistp256@openssh.com,webauthn-sk-ecdsa-sha2-nistp256@openssh.com,rsa-sha2-512,rsa-sha2-256
debug2: ciphers ctos: chacha20-poly1305@openssh.com,aes128-gcm@openssh.com,aes256-gcm@openssh.com,aes128-ctr,aes192-ctr,aes256-ctr
debug2: ciphers stoc: chacha20-poly1305@openssh.com,aes128-gcm@openssh.com,aes256-gcm@openssh.com,aes128-ctr,aes192-ctr,aes256-ctr
debug2: MACs ctos: umac-64-etm@openssh.com,umac-128-etm@openssh.com,hmac-sha2-256-etm@openssh.com,hmac-sha2-512-etm@openssh.com,hmac-sha1-etm@openssh.com,umac-64@openssh.com,umac-128@openssh.com,hmac-sha2-256,hmac-sha2-512,hmac-sha1
debug2: MACs stoc: umac-64-etm@openssh.com,umac-128-etm@openssh.com,hmac-sha2-256-etm@openssh.com,hmac-sha2-512-etm@openssh.com,hmac-sha1-etm@openssh.com,umac-64@openssh.com,umac-128@openssh.com,hmac-sha2-256,hmac-sha2-512,hmac-sha1
debug2: compression ctos: none,zlib@openssh.com
debug2: compression stoc: none,zlib@openssh.com
debug2: languages ctos: 
debug2: languages stoc: 
debug2: first_kex_follows 0 
debug2: reserved 0 
debug3: send packet: type 5
debug3: receive packet: type 7
debug1: SSH2_MSG_EXT_INFO received
debug3: kex_input_ext_info: extension server-sig-algs
debug1: kex_ext_info_client_parse: server-sig-algs=<ssh-ed25519,sk-ssh-ed25519@openssh.com,sk-ecdsa-sha2-nistp256@openssh.com,ecdsa-sha2-nistp256,ecdsa-sha2-nistp384,ecdsa-sha2-nistp521,rsa-sha2-256,rsa-sha2-512,ssh-rsa,ssh-dss>
debug3: kex_input_ext_info: extension ping@openssh.com
debug1: kex_ext_info_check_ver: ping@openssh.com=<0>
debug3: receive packet: type 6
debug2: service_accept: ssh-userauth
debug1: SSH2_MSG_SERVICE_ACCEPT received
debug3: send packet: type 50
debug3: receive packet: type 52
Authenticated to coder-workspace (via proxy) using "none".
debug2: fd 3 setting O_NONBLOCK
debug2: fd 6 setting O_NONBLOCK
debug2: fd 7 setting O_NONBLOCK
debug1: channel 0: new session [client-session] (inactive timeout: 0)
debug3: ssh_session2_open: channel_new: 0
debug2: channel 0: send open
debug3: send packet: type 90
debug1: Entering interactive session.
debug1: pledge: proc
debug3: client_repledge: enter
debug2: client_loop: session QoS is now interactive
debug3: receive packet: type 91
debug2: channel_input_open_confirmation: channel 0: callback start
debug2: client_session2_setup: id 0
debug1: Sending command: /usr/bin/yes output-failure
debug2: channel 0: request exec confirm 1
debug3: send packet: type 98
debug3: client_repledge: enter
debug1: pledge: fork
debug2: channel_input_open_confirmation: channel 0: callback done
debug2: channel 0: open confirm rwindow 2097152 rmax 32768
debug2: channel 0: read failed rfd 3 maxlen 32768: Broken pipe
debug2: channel 0: read failed
debug2: chan_shutdown_read: channel 0: (i0 o0 sock -1 wfd 3 efd 7 [write])
debug2: channel 0: input open -> drain
debug2: client_loop: session QoS is now non-interactive
debug2: channel 0: ibuf empty
debug2: channel 0: send eof
debug3: send packet: type 96
debug2: channel 0: input drain -> closed
debug3: receive packet: type 99
debug2: channel_input_status_confirm: type 99 id 0
debug2: exec request accepted on channel 0
debug2: channel 0: write failed
debug2: chan_shutdown_write: channel 0: (i3 o0 sock -1 wfd 6 efd 7 [write])
debug2: channel 0: send eow
debug2: channel 0: output open -> closed
debug2: channel 0: window 1966080 sent adjust 98304
debug2: channel 0: window 1966080 sent adjust 98304
debug2: channel 0: window 1966080 sent adjust 98304
debug2: channel 0: window 1966080 sent adjust 98304
debug2: channel 0: window 1966080 sent adjust 98304
debug2: channel 0: window 1966080 sent adjust 98304
debug2: channel 0: window 1966080 sent adjust 98304
debug2: channel 0: window 1966080 sent adjust 98304
debug2: channel 0: window 1966080 sent adjust 98304
debug2: channel 0: window 1966080 sent adjust 98304
debug2: channel 0: window 1966080 sent adjust 98304
debug2: channel 0: window 1966080 sent adjust 98304
debug2: channel 0: window 1966080 sent adjust 98304
debug2: channel 0: window 1966080 sent adjust 98304
debug2: channel 0: window 1966080 sent adjust 98304
debug2: channel 0: window 1966080 sent adjust 98304
debug2: channel 0: window 1966080 sent adjust 98304
debug2: channel 0: window 1966080 sent adjust 98304
debug2: channel 0: window 1966080 sent adjust 98304
debug2: channel 0: window 1966080 sent adjust 98304
debug2: channel 0: window 1966080 sent adjust 98304
debug2: channel 0: window 1966080 sent adjust 98304
debug2: channel 0: window 1966080 sent adjust 98304
debug2: channel 0: window 1991226 sent adjust 73158
debug2: channel 0: window 1966080 sent adjust 98304
debug2: channel 0: window 1966080 sent adjust 98304
debug2: channel 0: window 1966080 sent adjust 98304
debug2: channel 0: window 1973702 sent adjust 90682
debug2: channel 0: window 1991226 sent adjust 73158
debug2: channel 0: window 1966080 sent adjust 98304
debug2: channel 0: window 1973702 sent adjust 90682
debug2: channel 0: window 1991226 sent adjust 73158
debug2: channel 0: window 1966080 sent adjust 98304
debug2: channel 0: window 1973702 sent adjust 90682
debug2: channel 0: window 1991226 sent adjust 73158
debug2: channel 0: window 1966080 sent adjust 98304
debug2: channel 0: window 1973702 sent adjust 90682
debug2: channel 0: window 1991226 sent adjust 73158
debug2: channel 0: window 1966080 sent adjust 98304
debug2: channel 0: window 1973702 sent adjust 90682
debug2: channel 0: window 1991226 sent adjust 73158
debug2: channel 0: window 1966080 sent adjust 98304
debug2: channel 0: window 1973702 sent adjust 90682
debug2: channel 0: window 1991226 sent adjust 73158
debug2: channel 0: window 1966080 sent adjust 98304
debug2: channel 0: window 1973702 sent adjust 90682
debug2: channel 0: window 1991226 sent adjust 73158
debug2: channel 0: window 1966080 sent adjust 98304
debug2: channel 0: window 1966080 sent adjust 98304
debug2: channel 0: window 1966080 sent adjust 98304
debug2: channel 0: window 1966080 sent adjust 98304
debug2: channel 0: window 1966080 sent adjust 98304
debug2: channel 0: window 1966080 sent adjust 98304
debug2: channel 0: window 1966080 sent adjust 98304
debug2: channel 0: window 1966080 sent adjust 98304
debug2: channel 0: window 1966080 sent adjust 98304
debug2: channel 0: window 1966080 sent adjust 98304
debug2: channel 0: window 1991418 sent adjust 72966
debug2: channel 0: window 1966080 sent adjust 98304
debug2: channel 0: window 1966112 sent adjust 98272
debug2: channel 0: window 1973478 sent adjust 90906
debug2: channel 0: window 1991450 sent adjust 72934
debug2: channel 0: window 1966080 sent adjust 98304
debug2: channel 0: window 1973478 sent adjust 90906
debug2: channel 0: window 1991450 sent adjust 72934
debug2: channel 0: window 1982588 sent adjust 81796
debug2: channel 0: window 1966080 sent adjust 98304
debug2: channel 0: window 1966080 sent adjust 98304
debug2: channel 0: window 1966080 sent adjust 98304
debug2: channel 0: window 1989738 sent adjust 74646
debug2: channel 0: window 1975190 sent adjust 89194
debug2: channel 0: window 1966080 sent adjust 98304
debug2: channel 0: window 1989738 sent adjust 74646
debug2: channel 0: window 1975190 sent adjust 89194
debug2: channel 0: window 1966080 sent adjust 98304
debug2: channel 0: window 1989738 sent adjust 74646
debug2: channel 0: window 1975190 sent adjust 89194
debug2: channel 0: window 1966080 sent adjust 98304
debug2: channel 0: window 1989738 sent adjust 74646
debug2: channel 0: window 1975190 sent adjust 89194
debug2: channel 0: window 1982788 sent adjust 81596
debug2: channel 0: window 1998368 sent adjust 66016
debug2: channel 0: window 1966560 sent adjust 97824
debug2: channel 0: window 1966080 sent adjust 98304
debug2: channel 0: window 1998400 sent adjust 65984
debug2: channel 0: window 1966528 sent adjust 97856
debug2: channel 0: window 1966080 sent adjust 98304
debug2: channel 0: window 1998400 sent adjust 65984
debug2: channel 0: window 1966528 sent adjust 97856
debug2: channel 0: window 1966080 sent adjust 98304
debug2: channel 0: window 1966080 sent adjust 98304
debug2: channel 0: window 1974510 sent adjust 89874
debug2: channel 0: window 1982492 sent adjust 81892
debug2: channel 0: window 1966080 sent adjust 98304
debug2: channel 0: window 1966080 sent adjust 98304
debug2: channel 0: window 1990066 sent adjust 74318
debug2: channel 0: window 1974862 sent adjust 89522
debug2: channel 0: window 1966080 sent adjust 98304
debug2: channel 0: window 1990066 sent adjust 74318
debug2: channel 0: window 1966800 sent adjust 97584
debug2: channel 0: window 1966080 sent adjust 98304
debug2: channel 0: window 1998128 sent adjust 66256
debug2: channel 0: window 1966872 sent adjust 97512
debug2: channel 0: window 1966080 sent adjust 98304
debug2: channel 0: window 1966080 sent adjust 98304
debug2: channel 0: window 1981996 sent adjust 82388
debug2: channel 0: window 1982932 sent adjust 81452
debug2: channel 0: window 1966080 sent adjust 98304
debug2: channel 0: window 1981996 sent adjust 82388
debug2: channel 0: window 1982932 sent adjust 81452
debug2: channel 0: window 1966080 sent adjust 98304
debug2: channel 0: window 1981996 sent adjust 82388
debug2: channel 0: window 1982932 sent adjust 81452
debug2: channel 0: window 1966080 sent adjust 98304
debug2: channel 0: window 1990426 sent adjust 73958
debug2: channel 0: window 1974502 sent adjust 89882
debug2: channel 0: window 1966080 sent adjust 98304
debug2: channel 0: window 1966080 sent adjust 98304
debug2: channel 0: window 1991018 sent adjust 73366
debug2: channel 0: window 1974302 sent adjust 90082
debug2: channel 0: window 1966080 sent adjust 98304
debug2: channel 0: window 1966080 sent adjust 98304
debug2: channel 0: window 1998384 sent adjust 66000
debug2: channel 0: window 1965360 sent adjust 99024
debug2: channel 0: window 1967264 sent adjust 97120
debug2: channel 0: window 1966080 sent adjust 98304
debug2: channel 0: window 1998456 sent adjust 65928
debug2: channel 0: window 1966472 sent adjust 97912
debug2: channel 0: window 1966080 sent adjust 98304
debug2: channel 0: window 1966080 sent adjust 98304
debug2: channel 0: window 1998456 sent adjust 65928
debug2: channel 0: window 1966472 sent adjust 97912
debug2: channel 0: window 1982732 sent adjust 81652
debug2: channel 0: window 1981804 sent adjust 82580
debug2: channel 0: window 1983124 sent adjust 81260
debug2: channel 0: window 1966080 sent adjust 98304
debug2: channel 0: window 1990754 sent adjust 73630
debug2: channel 0: window 1966080 sent adjust 98304
debug2: channel 0: window 1974302 sent adjust 90082
debug2: channel 0: window 1997856 sent adjust 66528
debug2: channel 0: window 1967072 sent adjust 97312
debug2: channel 0: window 1966080 sent adjust 98304
debug2: channel 0: window 1966080 sent adjust 98304
debug2: channel 0: window 1966080 sent adjust 98304
debug2: channel 0: window 1966224 sent adjust 98160
debug2: channel 0: window 1981924 sent adjust 82460
debug2: channel 0: window 1983004 sent adjust 81380
debug2: channel 0: window 1966080 sent adjust 98304
debug2: channel 0: window 1981924 sent adjust 82460
debug2: channel 0: window 1983004 sent adjust 81380
debug2: channel 0: window 1966080 sent adjust 98304
debug2: channel 0: window 1997448 sent adjust 66936
debug2: channel 0: window 1967480 sent adjust 96904
debug2: channel 0: window 1966080 sent adjust 98304
debug2: channel 0: window 1966080 sent adjust 98304
debug2: channel 0: window 1998576 sent adjust 65808
debug2: channel 0: window 1966352 sent adjust 98032
debug2: channel 0: window 1966080 sent adjust 98304
debug2: channel 0: window 1998576 sent adjust 65808
debug2: channel 0: window 1966352 sent adjust 98032
debug2: channel 0: window 1966080 sent adjust 98304
debug2: channel 0: window 1974638 sent adjust 89746
debug2: channel 0: window 1990146 sent adjust 74238
debug2: channel 0: window 1974782 sent adjust 89602
debug2: channel 0: window 1966080 sent adjust 98304
debug2: channel 0: window 1966080 sent adjust 98304
debug2: channel 0: window 1997912 sent adjust 66472
debug2: channel 0: window 1967016 sent adjust 97368
debug2: channel 0: window 1990794 sent adjust 73590
debug2: channel 0: window 1998344 sent adjust 66040
debug2: channel 0: window 1966584 sent adjust 97800
debug2: channel 0: window 1990714 sent adjust 73670
debug2: channel 0: window 1973710 sent adjust 90674
debug2: channel 0: window 1991218 sent adjust 73166
debug2: channel 0: window 1966080 sent adjust 98304
debug2: channel 0: window 1973710 sent adjust 90674
debug2: channel 0: window 1991218 sent adjust 73166
debug2: channel 0: window 1966080 sent adjust 98304
debug2: channel 0: window 1966080 sent adjust 98304
debug2: channel 0: window 1973710 sent adjust 90674
debug2: channel 0: window 1991218 sent adjust 73166
debug2: channel 0: window 1966080 sent adjust 98304
debug2: channel 0: window 1982716 sent adjust 81668
debug2: channel 0: window 1966080 sent adjust 98304
debug2: channel 0: window 1990682 sent adjust 73702
debug2: channel 0: window 1989642 sent adjust 74742
debug2: channel 0: window 1975286 sent adjust 89098
debug2: channel 0: window 1966080 sent adjust 98304
debug2: channel 0: window 1966080 sent adjust 98304
debug2: channel 0: window 1981052 sent adjust 83332
debug2: channel 0: window 1984004 sent adjust 80380
debug2: channel 0: window 1966080 sent adjust 98304
debug2: channel 0: window 1990698 sent adjust 73686
debug2: channel 0: window 1973766 sent adjust 90618
debug2: channel 0: window 1991162 sent adjust 73222
debug2: channel 0: window 1990722 sent adjust 73662
debug2: channel 0: window 1973758 sent adjust 90626
debug2: channel 0: window 1991170 sent adjust 73214
debug2: channel 0: window 1966080 sent adjust 98304
debug2: channel 0: window 1990746 sent adjust 73638
debug2: channel 0: window 1966080 sent adjust 98304
debug2: channel 0: window 1966080 sent adjust 98304
debug2: channel 0: window 1989490 sent adjust 74894
debug2: channel 0: window 1975438 sent adjust 88946
debug2: channel 0: window 1990746 sent adjust 73638
debug2: channel 0: window 1989962 sent adjust 74422
debug2: channel 0: window 1974966 sent adjust 89418
debug2: channel 0: window 1990722 sent adjust 73662
debug2: channel 0: window 1981956 sent adjust 82428
debug2: channel 0: window 1982972 sent adjust 81412
debug2: channel 0: window 1966080 sent adjust 98304
debug2: channel 0: window 1966080 sent adjust 98304
debug2: channel 0: window 1990762 sent adjust 73622
debug2: channel 0: window 1966080 sent adjust 98304
debug2: channel 0: window 1966080 sent adjust 98304
debug2: channel 0: window 1989594 sent adjust 74790
debug2: channel 0: window 1975334 sent adjust 89050
debug2: channel 0: window 1966080 sent adjust 98304
debug2: channel 0: window 1990778 sent adjust 73606
debug2: channel 0: window 1981924 sent adjust 82460
debug2: channel 0: window 1983004 sent adjust 81380
debug2: channel 0: window 1974334 sent adjust 90050
debug2: channel 0: window 1998312 sent adjust 66072
debug2: channel 0: window 1966616 sent adjust 97768
debug2: channel 0: window 1966080 sent adjust 98304
debug2: channel 0: window 1966080 sent adjust 98304
debug2: channel 0: window 1990210 sent adjust 74174
debug2: channel 0: window 1974718 sent adjust 89666
debug2: channel 0: window 1966080 sent adjust 98304
debug2: channel 0: window 1966080 sent adjust 98304
debug2: channel 0: window 1990858 sent adjust 73526
debug2: channel 0: window 1966080 sent adjust 98304
debug2: channel 0: window 1966080 sent adjust 98304
debug2: channel 0: window 1966080 sent adjust 98304
debug2: channel 0: window 1981972 sent adjust 82412
debug2: channel 0: window 1982956 sent adjust 81428
debug2: channel 0: window 1966080 sent adjust 98304
debug2: channel 0: window 1966080 sent adjust 98304
debug2: channel 0: window 1982644 sent adjust 81740
debug2: channel 0: window 1966080 sent adjust 98304
debug2: channel 0: window 1966080 sent adjust 98304
debug2: channel 0: window 1966080 sent adjust 98304
debug2: channel 0: window 1982020 sent adjust 82364
debug2: channel 0: window 1982908 sent adjust 81476
debug2: channel 0: window 1966080 sent adjust 98304
debug2: channel 0: window 1990274 sent adjust 74110
debug2: channel 0: window 1974654 sent adjust 89730
debug2: channel 0: window 1966272 sent adjust 98112
debug2: channel 0: window 1966080 sent adjust 98304
debug2: channel 0: window 1990082 sent adjust 74302
debug2: channel 0: window 1974846 sent adjust 89538
debug2: channel 0: window 1966080 sent adjust 98304
debug2: channel 0: window 1966080 sent adjust 98304
debug2: channel 0: window 1982092 sent adjust 82292
debug2: channel 0: window 1982836 sent adjust 81548
debug2: channel 0: window 1966080 sent adjust 98304
debug2: channel 0: window 1966080 sent adjust 98304
debug2: channel 0: window 1982092 sent adjust 82292
debug2: channel 0: window 1982836 sent adjust 81548
debug2: channel 0: window 1990922 sent adjust 73462
debug2: channel 0: window 1990018 sent adjust 74366
debug2: channel 0: window 1974910 sent adjust 89474
debug2: channel 0: window 1974326 sent adjust 90058
debug2: channel 0: window 1998336 sent adjust 66048
debug2: channel 0: window 1966592 sent adjust 97792
debug2: channel 0: window 1966080 sent adjust 98304
debug2: channel 0: window 1998336 sent adjust 66048
debug2: channel 0: window 1966592 sent adjust 97792
debug2: channel 0: window 1990778 sent adjust 73606
debug2: channel 0: window 1973638 sent adjust 90746
debug2: channel 0: window 1991290 sent adjust 73094
debug2: channel 0: window 1982532 sent adjust 81852
debug2: channel 0: window 1972742 sent adjust 91642
debug2: channel 0: window 1992186 sent adjust 72198
debug2: channel 0: window 1966080 sent adjust 98304
debug2: channel 0: window 1990146 sent adjust 74238
debug2: channel 0: window 1974782 sent adjust 89602
debug2: channel 0: window 1966080 sent adjust 98304
debug2: channel 0: window 1966080 sent adjust 98304
debug2: channel 0: window 1990146 sent adjust 74238
debug2: channel 0: window 1966768 sent adjust 97616
debug2: channel 0: window 1966080 sent adjust 98304
debug2: channel 0: window 1982524 sent adjust 81860
debug2: channel 0: window 1981716 sent adjust 82668
debug2: channel 0: window 1991426 sent adjust 72958
debug2: channel 0: window 1966080 sent adjust 98304
debug2: channel 0: window 1966080 sent adjust 98304
debug2: channel 0: window 1973822 sent adjust 90562
debug2: channel 0: window 1991194 sent adjust 73190
debug2: channel 0: window 1966080 sent adjust 98304
debug2: channel 0: window 1973734 sent adjust 90650
debug2: channel 0: window 1991194 sent adjust 73190
debug2: channel 0: window 1966080 sent adjust 98304
debug2: channel 0: window 1998432 sent adjust 65952
debug2: channel 0: window 1966624 sent adjust 97760
debug2: channel 0: window 1966080 sent adjust 98304
debug2: channel 0: window 1966080 sent adjust 98304
debug2: channel 0: window 1981988 sent adjust 82396
debug2: channel 0: window 1982940 sent adjust 81444
debug2: channel 0: window 1966080 sent adjust 98304
debug2: channel 0: window 1981988 sent adjust 82396
debug2: channel 0: window 1982940 sent adjust 81444
debug2: channel 0: window 1966080 sent adjust 98304
debug2: channel 0: window 1966080 sent adjust 98304
debug2: channel 0: window 1966080 sent adjust 98304
debug2: channel 0: window 1973974 sent adjust 90410
debug2: channel 0: window 1990954 sent adjust 73430
debug2: channel 0: window 1966080 sent adjust 98304
debug2: channel 0: window 1998632 sent adjust 65752
debug2: channel 0: window 1966296 sent adjust 98088
debug2: channel 0: window 1966080 sent adjust 98304
debug2: channel 0: window 1991034 sent adjust 73350
debug2: channel 0: window 1982492 sent adjust 81892
debug2: channel 0: window 1966080 sent adjust 98304
debug2: channel 0: window 1966080 sent adjust 98304
debug2: channel 0: window 1990122 sent adjust 74262
debug2: channel 0: window 1974806 sent adjust 89578
debug2: channel 0: window 1966080 sent adjust 98304
debug2: channel 0: window 1990250 sent adjust 74134
debug2: channel 0: window 1974678 sent adjust 89706
debug2: channel 0: window 1966080 sent adjust 98304
debug2: channel 0: window 1966080 sent adjust 98304
debug2: channel 0: window 1990250 sent adjust 74134
debug2: channel 0: window 1974678 sent adjust 89706
debug2: channel 0: window 1966080 sent adjust 98304
debug2: channel 0: window 1997456 sent adjust 66928
debug2: channel 0: window 1967472 sent adjust 96912
debug2: channel 0: window 1966080 sent adjust 98304
debug2: channel 0: window 1966080 sent adjust 98304
debug2: channel 0: window 1966080 sent adjust 98304
debug2: channel 0: window 1990250 sent adjust 74134
debug2: channel 0: window 1974678 sent adjust 89706
debug2: channel 0: window 1966080 sent adjust 98304
debug2: channel 0: window 1997776 sent adjust 66608
debug2: channel 0: window 1967152 sent adjust 97232
debug2: channel 0: window 1966080 sent adjust 98304
debug2: channel 0: window 1966080 sent adjust 98304
debug2: channel 0: window 1966080 sent adjust 98304
debug2: channel 0: window 1966080 sent adjust 98304
debug2: channel 0: window 1966080 sent adjust 98304
debug2: channel 0: window 1966080 sent adjust 98304
debug2: channel 0: window 1966080 sent adjust 98304
debug2: channel 0: window 1973390 sent adjust 90994
debug2: channel 0: window 1991538 sent adjust 72846
debug2: channel 0: window 1966080 sent adjust 98304
debug2: channel 0: window 1966080 sent adjust 98304
debug2: channel 0: window 1966080 sent adjust 98304
debug2: channel 0: window 1966080 sent adjust 98304
debug2: channel 0: window 1966080 sent adjust 98304
debug2: channel 0: window 1966080 sent adjust 98304
debug2: channel 0: window 1966080 sent adjust 98304
debug2: channel 0: window 1990250 sent adjust 74134
debug2: channel 0: window 1974678 sent adjust 89706
debug2: channel 0: window 1975182 sent adjust 89202
debug2: channel 0: window 1989746 sent adjust 74638
debug2: channel 0: window 1975182 sent adjust 89202
debug2: channel 0: window 1966080 sent adjust 98304
debug2: channel 0: window 1966080 sent adjust 98304
debug2: channel 0: window 1989746 sent adjust 74638
debug2: channel 0: window 1975182 sent adjust 89202
debug2: channel 0: window 1966080 sent adjust 98304
debug2: channel 0: window 1989746 sent adjust 74638
debug2: channel 0: window 1975182 sent adjust 89202
debug2: channel 0: window 1966080 sent adjust 98304
debug2: channel 0: window 1989746 sent adjust 74638
debug2: channel 0: window 1975182 sent adjust 89202
debug2: channel 0: window 1966080 sent adjust 98304
debug2: channel 0: window 1966080 sent adjust 98304
debug2: channel 0: window 1989746 sent adjust 74638
debug2: channel 0: window 1991898 sent adjust 72486
debug2: channel 0: window 1966080 sent adjust 98304
debug2: channel 0: window 1974334 sent adjust 90050
debug2: channel 0: window 1966080 sent adjust 98304
debug2: channel 0: window 1966080 sent adjust 98304
debug2: channel 0: window 1966080 sent adjust 98304
debug2: channel 0: window 1966080 sent adjust 98304
debug2: channel 0: window 1966080 sent adjust 98304
debug2: channel 0: window 1973878 sent adjust 90506
debug2: channel 0: window 1991050 sent adjust 73334
debug2: channel 0: window 1966080 sent adjust 98304
debug2: channel 0: window 1988818 sent adjust 75566
debug2: channel 0: window 1976110 sent adjust 88274
debug2: channel 0: window 1990890 sent adjust 73494
debug2: channel 0: window 1981836 sent adjust 82548
debug2: channel 0: window 1983092 sent adjust 81292
debug2: channel 0: window 1990730 sent adjust 73654
debug2: channel 0: window 1966080 sent adjust 98304
debug2: channel 0: window 1966080 sent adjust 98304
debug2: channel 0: window 1966080 sent adjust 98304
debug2: channel 0: window 1989954 sent adjust 74430
debug2: channel 0: window 1974974 sent adjust 89410
debug2: channel 0: window 1966080 sent adjust 98304
debug2: channel 0: window 1966224 sent adjust 98160
debug2: channel 0: window 1974294 sent adjust 90090
debug2: channel 0: window 1973798 sent adjust 90586
debug2: channel 0: window 1991130 sent adjust 73254
debug2: channel 0: window 1982532 sent adjust 81852
debug2: channel 0: window 1966080 sent adjust 98304
debug2: channel 0: window 1966080 sent adjust 98304
debug2: channel 0: window 1966080 sent adjust 98304
debug2: channel 0: window 1966080 sent adjust 98304
debug2: channel 0: window 1966080 sent adjust 98304
debug2: channel 0: window 1990114 sent adjust 74270
debug2: channel 0: window 1974814 sent adjust 89570
debug2: channel 0: window 1966080 sent adjust 98304
debug2: channel 0: window 1966080 sent adjust 98304
debug2: channel 0: window 1982156 sent adjust 82228
debug2: channel 0: window 1982772 sent adjust 81612
debug2: channel 0: window 1966080 sent adjust 98304
debug2: channel 0: window 1966080 sent adjust 98304
debug2: channel 0: window 1974038 sent adjust 90346
debug2: channel 0: window 1990890 sent adjust 73494
debug2: channel 0: window 1966080 sent adjust 98304
debug2: channel 0: window 1974038 sent adjust 90346
debug2: channel 0: window 1990890 sent adjust 73494
debug2: channel 0: window 1966080 sent adjust 98304
debug2: channel 0: window 1982396 sent adjust 81988
debug2: channel 0: window 1982532 sent adjust 81852
debug2: channel 0: window 1966080 sent adjust 98304
debug2: channel 0: window 1966080 sent adjust 98304
debug2: channel 0: window 1982996 sent adjust 81388
debug2: channel 0: window 1966080 sent adjust 98304
debug2: channel 0: window 1966080 sent adjust 98304
debug2: channel 0: window 1990714 sent adjust 73670
debug2: channel 0: window 1981332 sent adjust 83052
debug2: channel 0: window 1983596 sent adjust 80788
debug2: channel 0: window 1966080 sent adjust 98304
debug2: channel 0: window 1990066 sent adjust 74318
debug2: channel 0: window 1974862 sent adjust 89522
debug2: channel 0: window 1966080 sent adjust 98304
debug2: channel 0: window 1966080 sent adjust 98304
debug2: channel 0: window 1990066 sent adjust 74318
debug2: channel 0: window 1974862 sent adjust 89522
debug2: channel 0: window 1966080 sent adjust 98304
debug2: channel 0: window 1966080 sent adjust 98304
debug2: channel 0: window 1990930 sent adjust 73454
debug2: channel 0: window 1966080 sent adjust 98304
debug2: channel 0: window 1966080 sent adjust 98304
debug2: channel 0: window 1997984 sent adjust 66400
debug2: channel 0: window 1966944 sent adjust 97440
debug2: channel 0: window 1966080 sent adjust 98304
debug2: channel 0: window 1997984 sent adjust 66400
debug2: channel 0: window 1966944 sent adjust 97440
debug2: channel 0: window 1966080 sent adjust 98304
debug2: channel 0: window 1966080 sent adjust 98304
debug2: channel 0: window 1966080 sent adjust 98304
debug2: channel 0: window 1966080 sent adjust 98304
debug2: channel 0: window 1973998 sent adjust 90386
debug2: channel 0: window 1990930 sent adjust 73454
debug2: channel 0: window 1966080 sent adjust 98304
debug2: channel 0: window 1973998 sent adjust 90386
debug2: channel 0: window 1990930 sent adjust 73454
debug2: channel 0: window 1991010 sent adjust 73374
debug2: channel 0: window 1981836 sent adjust 82548
debug2: channel 0: window 1983092 sent adjust 81292
debug2: channel 0: window 1966080 sent adjust 98304
debug2: channel 0: window 1981836 sent adjust 82548
debug2: channel 0: window 1983092 sent adjust 81292
debug2: channel 0: window 1966080 sent adjust 98304
debug2: channel 0: window 1966080 sent adjust 98304
debug2: channel 0: window 1966080 sent adjust 98304
debug2: channel 0: window 1973918 sent adjust 90466
debug2: channel 0: window 1991010 sent adjust 73374
debug2: channel 0: window 1974510 sent adjust 89874
debug2: channel 0: window 1965488 sent adjust 98896
debug2: channel 0: window 1966672 sent adjust 97712
debug2: channel 0: window 1966080 sent adjust 98304
debug2: channel 0: window 1998256 sent adjust 66128
debug2: channel 0: window 1966672 sent adjust 97712
debug2: channel 0: window 1966080 sent adjust 98304
debug2: channel 0: window 1966080 sent adjust 98304
debug2: channel 0: window 1966080 sent adjust 98304
debug2: channel 0: window 1998256 sent adjust 66128
debug2: channel 0: window 1966672 sent adjust 97712
debug2: channel 0: window 1966080 sent adjust 98304
debug2: channel 0: window 1966080 sent adjust 98304
debug2: channel 0: window 1990418 sent adjust 73966
debug2: channel 0: window 1974510 sent adjust 89874
debug2: channel 0: window 1990994 sent adjust 73390
debug2: channel 0: window 1966080 sent adjust 98304
debug2: channel 0: window 1966080 sent adjust 98304
debug2: channel 0: window 1966080 sent adjust 98304
debug2: channel 0: window 1990746 sent adjust 73638
debug2: channel 0: window 1981444 sent adjust 82940
debug2: channel 0: window 1983484 sent adjust 80900
debug2: channel 0: window 1966080 sent adjust 98304
debug2: channel 0: window 1990730 sent adjust 73654
debug2: channel 0: window 1966080 sent adjust 98304
debug2: channel 0: window 1966080 sent adjust 98304
debug2: channel 0: window 1966080 sent adjust 98304
debug2: channel 0: window 1990154 sent adjust 74230
debug2: channel 0: window 1966680 sent adjust 97704
debug2: channel 0: window 1966080 sent adjust 98304
debug2: channel 0: window 1966080 sent adjust 98304
debug2: channel 0: window 1998248 sent adjust 66136
debug2: channel 0: window 1966680 sent adjust 97704
debug2: channel 0: window 1982588 sent adjust 81796
debug2: channel 0: window 1981740 sent adjust 82644
debug2: channel 0: window 1983188 sent adjust 81196
debug2: channel 0: window 1966080 sent adjust 98304
debug2: channel 0: window 1966080 sent adjust 98304
debug2: channel 0: window 1966080 sent adjust 98304
debug2: channel 0: window 1973886 sent adjust 90498
debug2: channel 0: window 1991042 sent adjust 73342
debug2: channel 0: window 1966264 sent adjust 98120
debug2: channel 0: window 1973702 sent adjust 90682
debug2: channel 0: window 1991226 sent adjust 73158
debug2: channel 0: window 1990714 sent adjust 73670
debug2: channel 0: window 1981260 sent adjust 83124
debug2: channel 0: window 1983668 sent adjust 80716
debug2: channel 0: window 1966080 sent adjust 98304
debug2: channel 0: window 1998384 sent adjust 66000
debug2: channel 0: window 1966544 sent adjust 97840
debug2: channel 0: window 1974390 sent adjust 89994
debug2: channel 0: window 1966080 sent adjust 98304
debug2: channel 0: window 1981980 sent adjust 82404
debug2: channel 0: window 1982948 sent adjust 81436
debug2: channel 0: window 1966080 sent adjust 98304
debug2: channel 0: window 1981980 sent adjust 82404
debug2: channel 0: window 1983068 sent adjust 81316
debug2: channel 0: window 1966080 sent adjust 98304
debug2: channel 0: window 1998368 sent adjust 66016
debug2: channel 0: window 1966560 sent adjust 97824
debug2: channel 0: window 1966080 sent adjust 98304
debug2: channel 0: window 1966080 sent adjust 98304
debug2: channel 0: window 1966080 sent adjust 98304
debug2: channel 0: window 1998368 sent adjust 66016
debug2: channel 0: window 1966560 sent adjust 97824
debug2: channel 0: window 1966080 sent adjust 98304
debug2: channel 0: window 1998552 sent adjust 65832
debug2: channel 0: window 1966624 sent adjust 97760
debug2: channel 0: window 1974302 sent adjust 90082
debug2: channel 0: window 1966080 sent adjust 98304
debug2: channel 0: window 1981948 sent adjust 82436
debug2: channel 0: window 1982980 sent adjust 81404
debug2: channel 0: window 1966080 sent adjust 98304
debug2: channel 0: window 1990258 sent adjust 74126
debug2: channel 0: window 1974670 sent adjust 89714
debug2: channel 0: window 1966080 sent adjust 98304
debug2: channel 0: window 1974438 sent adjust 89946
debug2: channel 0: window 1981900 sent adjust 82484
debug2: channel 0: window 1983028 sent adjust 81356
debug2: channel 0: window 1966080 sent adjust 98304
debug2: channel 0: window 1982020 sent adjust 82364
debug2: channel 0: window 1982908 sent adjust 81476
debug2: channel 0: window 1966080 sent adjust 98304
debug2: channel 0: window 1988770 sent adjust 75614
debug2: channel 0: window 1976158 sent adjust 88226
debug2: channel 0: window 1966080 sent adjust 98304
debug2: channel 0: window 1966080 sent adjust 98304
debug2: channel 0: window 1966080 sent adjust 98304
debug2: channel 0: window 1982020 sent adjust 82364
debug2: channel 0: window 1982908 sent adjust 81476
debug2: channel 0: window 1982764 sent adjust 81620
debug2: channel 0: window 1965584 sent adjust 98800
debug2: channel 0: window 1966576 sent adjust 97808
debug2: channel 0: window 1966080 sent adjust 98304
debug2: channel 0: window 1966080 sent adjust 98304
debug2: channel 0: window 1966080 sent adjust 98304
debug2: channel 0: window 1973806 sent adjust 90578
debug2: channel 0: window 1991122 sent adjust 73262
debug2: channel 0: window 1966080 sent adjust 98304
debug2: channel 0: window 1997984 sent adjust 66400
debug2: channel 0: window 1966944 sent adjust 97440
debug2: channel 0: window 1990898 sent adjust 73486
debug2: channel 0: window 1990114 sent adjust 74270
debug2: channel 0: window 1974814 sent adjust 89570
debug2: channel 0: window 1966080 sent adjust 98304
debug2: channel 0: window 1990114 sent adjust 74270
debug2: channel 0: window 1974814 sent adjust 89570
debug2: channel 0: window 1990778 sent adjust 73606
debug2: channel 0: window 1981356 sent adjust 83028
debug2: channel 0: window 1983572 sent adjust 80812
debug2: channel 0: window 1966080 sent adjust 98304
debug2: channel 0: window 1990746 sent adjust 73638
debug2: channel 0: window 1973518 sent adjust 90866
debug2: channel 0: window 1991410 sent adjust 72974
debug2: channel 0: window 1966080 sent adjust 98304
debug2: channel 0: window 1990202 sent adjust 74182
debug2: channel 0: window 1974726 sent adjust 89658
debug2: channel 0: window 1966080 sent adjust 98304
debug2: channel 0: window 1997928 sent adjust 66456
debug2: channel 0: window 1967152 sent adjust 97232
debug2: channel 0: window 1966080 sent adjust 98304
debug2: channel 0: window 1966080 sent adjust 98304
debug2: channel 0: window 1990050 sent adjust 74334
debug2: channel 0: window 1974878 sent adjust 89506
debug2: channel 0: window 1966080 sent adjust 98304
debug2: channel 0: window 1966080 sent adjust 98304
debug2: channel 0: window 1982100 sent adjust 82284
debug2: channel 0: window 1982828 sent adjust 81556
debug2: channel 0: window 1966080 sent adjust 98304
debug2: channel 0: window 1982100 sent adjust 82284
debug2: channel 0: window 1982828 sent adjust 81556
debug2: channel 0: window 1966080 sent adjust 98304
debug2: channel 0: window 1982756 sent adjust 81628
debug2: channel 0: window 1966080 sent adjust 98304
debug2: channel 0: window 1966080 sent adjust 98304
debug2: channel 0: window 1966080 sent adjust 98304
debug2: channel 0: window 1966080 sent adjust 98304
debug2: channel 0: window 1966080 sent adjust 98304
debug2: channel 0: window 1982020 sent adjust 82364
debug2: channel 0: window 1982908 sent adjust 81476
debug2: channel 0: window 1966080 sent adjust 98304
debug2: channel 0: window 1982020 sent adjust 82364
debug2: channel 0: window 1982908 sent adjust 81476
debug2: channel 0: window 1966080 sent adjust 98304
debug2: channel 0: window 1966080 sent adjust 98304
debug2: channel 0: window 1982172 sent adjust 82212
debug2: channel 0: window 1982756 sent adjust 81628
debug2: channel 0: window 1966080 sent adjust 98304
debug2: channel 0: window 1998192 sent adjust 66192
debug2: channel 0: window 1966736 sent adjust 97648
debug2: channel 0: window 1966080 sent adjust 98304
debug2: channel 0: window 1966080 sent adjust 98304
debug2: channel 0: window 1982172 sent adjust 82212
debug2: channel 0: window 1982756 sent adjust 81628
debug2: channel 0: window 1991146 sent adjust 73238
debug2: channel 0: window 1990682 sent adjust 73702
debug2: channel 0: window 1966080 sent adjust 98304
debug2: channel 0: window 1966080 sent adjust 98304
debug2: channel 0: window 1997888 sent adjust 66496
debug2: channel 0: window 1983484 sent adjust 80900
debug2: channel 0: window 1966080 sent adjust 98304
debug2: channel 0: window 1982524 sent adjust 81860
debug2: channel 0: window 1981828 sent adjust 82556
debug2: channel 0: window 1983100 sent adjust 81284
debug2: channel 0: window 1966080 sent adjust 98304
debug2: channel 0: window 1981828 sent adjust 82556
debug2: channel 0: window 1983100 sent adjust 81284
debug2: channel 0: window 1966080 sent adjust 98304
debug2: channel 0: window 1966080 sent adjust 98304
debug2: channel 0: window 1981828 sent adjust 82556
debug2: channel 0: window 1983100 sent adjust 81284
debug2: channel 0: window 1974478 sent adjust 89906
debug2: channel 0: window 1973430 sent adjust 90954
debug2: channel 0: window 1991498 sent adjust 72886
debug2: channel 0: window 1990722 sent adjust 73662
debug2: channel 0: window 1981556 sent adjust 82828
debug2: channel 0: window 1983372 sent adjust 81012
debug2: channel 0: window 1966136 sent adjust 98248
debug2: channel 0: window 1981500 sent adjust 82884
debug2: channel 0: window 1983428 sent adjust 80956
debug2: channel 0: window 1966080 sent adjust 98304
debug2: channel 0: window 1966080 sent adjust 98304
debug2: channel 0: window 1998400 sent adjust 65984
debug2: channel 0: window 1966528 sent adjust 97856
debug2: channel 0: window 1966080 sent adjust 98304
debug2: channel 0: window 1966080 sent adjust 98304
debug2: channel 0: window 1998520 sent adjust 65864
debug2: channel 0: window 1966408 sent adjust 97976
debug2: channel 0: window 1966080 sent adjust 98304
debug2: channel 0: window 1998520 sent adjust 65864
debug2: channel 0: window 1966408 sent adjust 97976
debug2: channel 0: window 1966080 sent adjust 98304
debug2: channel 0: window 1966080 sent adjust 98304
debug2: channel 0: window 1998520 sent adjust 65864
debug2: channel 0: window 1966408 sent adjust 97976
debug2: channel 0: window 1966080 sent adjust 98304
debug2: channel 0: window 1966080 sent adjust 98304
debug2: channel 0: window 1974150 sent adjust 90234
debug2: channel 0: window 1990778 sent adjust 73606
debug2: channel 0: window 1966080 sent adjust 98304
debug2: channel 0: window 1982980 sent adjust 81404
debug2: channel 0: window 1966080 sent adjust 98304
debug2: channel 0: window 1990682 sent adjust 73702
debug2: channel 0: window 1997832 sent adjust 66552
debug2: channel 0: window 1967096 sent adjust 97288
debug2: channel 0: window 1966080 sent adjust 98304
debug2: channel 0: window 1966080 sent adjust 98304
debug2: channel 0: window 1966080 sent adjust 98304
debug2: channel 0: window 1990114 sent adjust 74270
debug2: channel 0: window 1974814 sent adjust 89570
debug2: channel 0: window 1966080 sent adjust 98304
debug2: channel 0: window 1990866 sent adjust 73518
debug2: channel 0: window 1966080 sent adjust 98304
debug2: channel 0: window 1990690 sent adjust 73694
debug2: channel 0: window 1973486 sent adjust 90898
debug2: channel 0: window 1991442 sent adjust 72942
debug2: channel 0: window 1966080 sent adjust 98304
debug2: channel 0: window 1966080 sent adjust 98304
debug2: channel 0: window 1981556 sent adjust 82828
debug2: channel 0: window 1983372 sent adjust 81012
debug2: channel 0: window 1966080 sent adjust 98304
debug2: channel 0: window 1966080 sent adjust 98304
debug2: channel 0: window 1973486 sent adjust 90898
debug2: channel 0: window 1991442 sent adjust 72942
debug2: channel 0: window 1966080 sent adjust 98304
debug2: channel 0: window 1990386 sent adjust 73998
debug2: channel 0: window 1974542 sent adjust 89842
debug2: channel 0: window 1966080 sent adjust 98304
debug2: channel 0: window 1966080 sent adjust 98304
debug2: channel 0: window 1982220 sent adjust 82164
debug2: channel 0: window 1982708 sent adjust 81676
debug2: channel 0: window 1982852 sent adjust 81532
debug2: channel 0: window 1998216 sent adjust 66168
debug2: channel 0: window 1974926 sent adjust 89458
debug2: channel 0: window 1966080 sent adjust 98304
debug2: channel 0: window 1966080 sent adjust 98304
debug2: channel 0: window 1982020 sent adjust 82364
debug2: channel 0: window 1982908 sent adjust 81476
debug2: channel 0: window 1966080 sent adjust 98304
debug2: channel 0: window 1966080 sent adjust 98304
debug2: channel 0: window 1973862 sent adjust 90522
debug2: channel 0: window 1991066 sent adjust 73318
debug2: channel 0: window 1966080 sent adjust 98304
debug2: channel 0: window 1981268 sent adjust 83116
debug2: channel 0: window 1983660 sent adjust 80724
debug2: channel 0: window 1966080 sent adjust 98304
debug2: channel 0: window 1974566 sent adjust 89818
debug2: channel 0: window 1965376 sent adjust 99008
debug2: channel 0: window 1966784 sent adjust 97600
debug2: channel 0: window 1966080 sent adjust 98304
debug2: channel 0: window 1966080 sent adjust 98304
debug2: channel 0: window 1998144 sent adjust 66240
debug2: channel 0: window 1966784 sent adjust 97600
debug2: channel 0: window 1966080 sent adjust 98304
debug2: channel 0: window 1998144 sent adjust 66240
debug2: channel 0: window 1966784 sent adjust 97600
debug2: channel 0: window 1966080 sent adjust 98304
debug2: channel 0: window 1966080 sent adjust 98304
debug2: channel 0: window 1966080 sent adjust 98304
debug2: channel 0: window 1990362 sent adjust 74022
debug2: channel 0: window 1974566 sent adjust 89818
debug2: channel 0: window 1966080 sent adjust 98304
debug2: channel 0: window 1991018 sent adjust 73366
debug2: channel 0: window 1965424 sent adjust 98960
debug2: channel 0: window 1966736 sent adjust 97648
debug2: channel 0: window 1966080 sent adjust 98304
debug2: channel 0: window 1998192 sent adjust 66192
debug2: channel 0: window 1966736 sent adjust 97648
debug2: channel 0: window 1966080 sent adjust 98304
debug2: channel 0: window 1966080 sent adjust 98304
debug2: channel 0: window 1973910 sent adjust 90474
debug2: channel 0: window 1991018 sent adjust 73366
debug2: channel 0: window 1966080 sent adjust 98304
debug2: channel 0: window 1989346 sent adjust 75038
debug2: channel 0: window 1975582 sent adjust 88802
debug2: channel 0: window 1966080 sent adjust 98304
debug2: channel 0: window 1966080 sent adjust 98304
debug2: channel 0: window 1973910 sent adjust 90474
debug2: channel 0: window 1991018 sent adjust 73366
debug2: channel 0: window 1966080 sent adjust 98304
debug2: channel 0: window 1966080 sent adjust 98304
debug2: channel 0: window 1981356 sent adjust 83028
debug2: channel 0: window 1983572 sent adjust 80812
debug2: channel 0: window 1966080 sent adjust 98304
debug2: channel 0: window 1966080 sent adjust 98304
debug2: channel 0: window 1998192 sent adjust 66192
debug2: channel 0: window 1966736 sent adjust 97648
debug2: channel 0: window 1966080 sent adjust 98304
debug2: channel 0: window 1966080 sent adjust 98304
debug2: channel 0: window 1966080 sent adjust 98304
debug2: channel 0: window 1966080 sent adjust 98304
debug2: channel 0: window 1966080 sent adjust 98304
debug2: channel 0: window 1966080 sent adjust 98304
debug2: channel 0: window 1966080 sent adjust 98304
debug2: channel 0: window 1966080 sent adjust 98304
debug2: channel 0: window 1966080 sent adjust 98304
debug2: channel 0: window 1966080 sent adjust 98304
debug2: channel 0: window 1966080 sent adjust 98304
debug2: channel 0: window 1966080 sent adjust 98304
debug2: channel 0: window 1966080 sent adjust 98304
debug2: channel 0: window 1966080 sent adjust 98304
debug2: channel 0: window 1966080 sent adjust 98304
debug2: channel 0: window 1966080 sent adjust 98304
debug2: channel 0: window 1966080 sent adjust 98304
debug2: channel 0: window 1973910 sent adjust 90474
debug2: channel 0: window 1991018 sent adjust 73366
debug2: channel 0: window 1983460 sent adjust 80924
debug2: channel 0: window 1981468 sent adjust 82916
debug2: channel 0: window 1991674 sent adjust 72710
debug2: channel 0: window 1966080 sent adjust 98304
debug2: channel 0: window 1973254 sent adjust 91130
debug2: channel 0: window 1991674 sent adjust 72710
debug2: channel 0: window 1966080 sent adjust 98304
debug2: channel 0: window 1980380 sent adjust 84004
debug2: channel 0: window 1984548 sent adjust 79836
debug2: channel 0: window 1966080 sent adjust 98304
debug2: channel 0: window 1966080 sent adjust 98304
debug2: channel 0: window 1990874 sent adjust 73510
debug2: channel 0: window 1966080 sent adjust 98304
debug2: channel 0: window 1974310 sent adjust 90074
debug2: channel 0: window 1980828 sent adjust 83556
debug2: channel 0: window 1984100 sent adjust 80284
debug2: channel 0: window 1966080 sent adjust 98304
debug2: channel 0: window 1966160 sent adjust 98224
debug2: channel 0: window 1972918 sent adjust 91466
debug2: channel 0: window 1992010 sent adjust 72374
debug2: channel 0: window 1966080 sent adjust 98304
debug2: channel 0: window 1966080 sent adjust 98304
debug2: channel 0: window 1980748 sent adjust 83636
debug2: channel 0: window 1984180 sent adjust 80204
debug2: channel 0: window 1966080 sent adjust 98304
debug2: channel 0: window 1966080 sent adjust 98304
debug2: channel 0: window 1998512 sent adjust 65872
debug2: channel 0: window 1966416 sent adjust 97968
debug2: channel 0: window 1966080 sent adjust 98304
debug2: channel 0: window 1998512 sent adjust 65872
debug2: channel 0: window 1966416 sent adjust 97968
debug2: channel 0: window 1966080 sent adjust 98304
debug2: channel 0: window 1966080 sent adjust 98304
debug2: channel 0: window 1998512 sent adjust 65872
debug2: channel 0: window 1966416 sent adjust 97968
debug2: channel 0: window 1966080 sent adjust 98304
debug2: channel 0: window 1966080 sent adjust 98304
debug2: channel 0: window 1998768 sent adjust 65616
debug2: channel 0: window 1966160 sent adjust 98224
debug2: channel 0: window 1966080 sent adjust 98304
debug2: channel 0: window 1966080 sent adjust 98304
debug2: channel 0: window 1966080 sent adjust 98304
debug2: channel 0: window 1991218 sent adjust 73166
debug2: channel 0: window 1966080 sent adjust 98304
debug2: channel 0: window 1966080 sent adjust 98304
debug2: channel 0: window 1973710 sent adjust 90674
debug2: channel 0: window 1991218 sent adjust 73166
debug2: channel 0: window 1966080 sent adjust 98304
debug2: channel 0: window 1966080 sent adjust 98304
debug2: channel 0: window 1973710 sent adjust 90674
debug2: channel 0: window 1991218 sent adjust 73166
debug2: channel 0: window 1966080 sent adjust 98304
debug2: channel 0: window 1973710 sent adjust 90674
debug2: channel 0: window 1991218 sent adjust 73166
debug2: channel 0: window 1966328 sent adjust 98056
debug2: channel 0: window 1980300 sent adjust 84084
debug2: channel 0: window 1984628 sent adjust 79756
debug2: channel 0: window 1966080 sent adjust 98304
debug2: channel 0: window 1966080 sent adjust 98304
debug2: channel 0: window 1997920 sent adjust 66464
debug2: channel 0: window 1967008 sent adjust 97376
debug2: channel 0: window 1966080 sent adjust 98304
debug2: channel 0: window 1966080 sent adjust 98304
debug2: channel 0: window 1981652 sent adjust 82732
debug2: channel 0: window 1983276 sent adjust 81108
debug2: channel 0: window 1966080 sent adjust 98304
debug2: channel 0: window 1966080 sent adjust 98304
debug2: channel 0: window 1998600 sent adjust 65784
debug2: channel 0: window 1966624 sent adjust 97760
debug2: channel 0: window 1966080 sent adjust 98304
debug2: channel 0: window 1998304 sent adjust 66080
debug2: channel 0: window 1966624 sent adjust 97760
debug2: channel 0: window 1966080 sent adjust 98304
debug2: channel 0: window 1982588 sent adjust 81796
debug2: channel 0: window 1981796 sent adjust 82588
debug2: channel 0: window 1983132 sent adjust 81252
debug2: channel 0: window 1966080 sent adjust 98304
debug2: channel 0: window 1982044 sent adjust 82340
debug2: channel 0: window 1982884 sent adjust 81500
debug2: channel 0: window 1966080 sent adjust 98304
debug2: channel 0: window 1989426 sent adjust 74958
debug2: channel 0: window 1975502 sent adjust 88882
debug2: channel 0: window 1966080 sent adjust 98304
debug2: channel 0: window 1990866 sent adjust 73518
debug2: channel 0: window 1964640 sent adjust 99744
debug2: channel 0: window 1967520 sent adjust 96864
debug2: channel 0: window 1966080 sent adjust 98304
debug2: channel 0: window 1966080 sent adjust 98304
debug2: channel 0: window 1997408 sent adjust 66976
debug2: channel 0: window 1967520 sent adjust 96864
debug2: channel 0: window 1966080 sent adjust 98304
debug2: channel 0: window 1990834 sent adjust 73550
debug2: channel 0: window 1965568 sent adjust 98816
debug2: channel 0: window 1966592 sent adjust 97792
debug2: channel 0: window 1974342 sent adjust 90042
debug2: channel 0: window 1997160 sent adjust 67224
debug2: channel 0: window 1967768 sent adjust 96616
debug2: channel 0: window 1966080 sent adjust 98304
debug2: channel 0: window 1966160 sent adjust 98224
debug2: channel 0: window 1966104 sent adjust 98280
debug2: channel 0: window 1973710 sent adjust 90674
debug2: channel 0: window 1991218 sent adjust 73166
debug2: channel 0: window 1966080 sent adjust 98304
debug2: channel 0: window 1973710 sent adjust 90674
debug2: channel 0: window 1991218 sent adjust 73166
debug2: channel 0: window 1966080 sent adjust 98304
debug2: channel 0: window 1966080 sent adjust 98304
debug2: channel 0: window 1998496 sent adjust 65888
debug2: channel 0: window 1966432 sent adjust 97952
debug2: channel 0: window 1966080 sent adjust 98304
debug2: channel 0: window 1998496 sent adjust 65888
debug2: channel 0: window 1966680 sent adjust 97704
debug2: channel 0: window 1966080 sent adjust 98304
debug2: channel 0: window 1966080 sent adjust 98304
debug2: channel 0: window 1998248 sent adjust 66136
debug2: channel 0: window 1966680 sent adjust 97704
debug2: channel 0: window 1966080 sent adjust 98304
debug2: channel 0: window 1966080 sent adjust 98304
debug2: channel 0: window 1998496 sent adjust 65888
debug2: channel 0: window 1966432 sent adjust 97952
debug2: channel 0: window 1966080 sent adjust 98304
debug2: channel 0: window 1966080 sent adjust 98304
debug2: channel 0: window 1998600 sent adjust 65784
debug2: channel 0: window 1966328 sent adjust 98056
debug2: channel 0: window 1974566 sent adjust 89818
debug2: channel 0: window 1990114 sent adjust 74270
debug2: channel 0: window 1974814 sent adjust 89570
debug2: channel 0: window 1966080 sent adjust 98304
debug2: channel 0: window 1990114 sent adjust 74270
debug2: channel 0: window 1974814 sent adjust 89570
debug2: channel 0: window 1966080 sent adjust 98304
debug2: channel 0: window 1966080 sent adjust 98304
debug2: channel 0: window 1990114 sent adjust 74270
debug2: channel 0: window 1974814 sent adjust 89570
debug2: channel 0: window 1958122 sent adjust 106262
debug2: channel 0: window 1966080 sent adjust 98304
debug2: channel 0: window 1998320 sent adjust 66064
debug2: channel 0: window 1991226 sent adjust 73158
debug2: channel 0: window 1966080 sent adjust 98304
debug2: channel 0: window 1997856 sent adjust 66528
debug2: channel 0: window 1967072 sent adjust 97312
debug2: channel 0: window 1966080 sent adjust 98304
debug2: channel 0: window 1966192 sent adjust 98192
debug2: channel 0: window 1973590 sent adjust 90794
debug2: channel 0: window 1991338 sent adjust 73046
debug2: channel 0: window 1966080 sent adjust 98304
debug2: channel 0: window 1966080 sent adjust 98304
debug2: channel 0: window 1982076 sent adjust 82308
debug2: channel 0: window 1991162 sent adjust 73222
debug2: channel 0: window 1966080 sent adjust 98304
debug2: channel 0: window 1973766 sent adjust 90618
debug2: channel 0: window 1991226 sent adjust 73158
debug2: channel 0: window 1966080 sent adjust 98304
debug2: channel 0: window 1973702 sent adjust 90682
debug2: channel 0: window 1991298 sent adjust 73086
debug2: channel 0: window 1966080 sent adjust 98304
debug2: channel 0: window 1966080 sent adjust 98304
debug2: channel 0: window 1981524 sent adjust 82860
debug2: channel 0: window 1983404 sent adjust 80980
debug2: channel 0: window 1966080 sent adjust 98304
debug2: channel 0: window 1998440 sent adjust 65944
debug2: channel 0: window 1966488 sent adjust 97896
debug2: channel 0: window 1966080 sent adjust 98304
debug2: channel 0: window 1966080 sent adjust 98304
debug2: channel 0: window 1997912 sent adjust 66472
debug2: channel 0: window 1983636 sent adjust 80748
debug2: channel 0: window 1966080 sent adjust 98304
debug2: channel 0: window 1966080 sent adjust 98304
debug2: channel 0: window 1973782 sent adjust 90602
debug2: channel 0: window 1991146 sent adjust 73238
debug2: channel 0: window 1966080 sent adjust 98304
debug2: channel 0: window 1989778 sent adjust 74606
debug2: channel 0: window 1975150 sent adjust 89234
debug2: channel 0: window 1966080 sent adjust 98304
debug2: channel 0: window 1966080 sent adjust 98304
debug2: channel 0: window 1966080 sent adjust 98304
debug2: channel 0: window 1982156 sent adjust 82228
debug2: channel 0: window 1982772 sent adjust 81612
debug2: channel 0: window 1966080 sent adjust 98304
debug2: channel 0: window 1982228 sent adjust 82156
debug2: channel 0: window 1982700 sent adjust 81684
debug2: channel 0: window 1966080 sent adjust 98304
debug2: channel 0: window 1982228 sent adjust 82156
debug2: channel 0: window 1982700 sent adjust 81684
debug2: channel 0: window 1991066 sent adjust 73318
debug2: channel 0: window 1981452 sent adjust 82932
debug2: channel 0: window 1983476 sent adjust 80908
debug2: channel 0: window 1966080 sent adjust 98304
debug2: channel 0: window 1966080 sent adjust 98304
debug2: channel 0: window 1981564 sent adjust 82820
debug2: channel 0: window 1983364 sent adjust 81020
debug2: channel 0: window 1966080 sent adjust 98304
debug2: channel 0: window 1966080 sent adjust 98304
debug2: channel 0: window 1973862 sent adjust 90522
debug2: channel 0: window 1991066 sent adjust 73318
debug2: channel 0: window 1966080 sent adjust 98304
debug2: channel 0: window 1989874 sent adjust 74510
debug2: channel 0: window 1975054 sent adjust 89330
debug2: channel 0: window 1966080 sent adjust 98304
debug2: channel 0: window 1966080 sent adjust 98304
debug2: channel 0: window 1966080 sent adjust 98304
debug2: channel 0: window 1973862 sent adjust 90522
debug2: channel 0: window 1991066 sent adjust 73318
debug2: channel 0: window 1966080 sent adjust 98304
debug2: channel 0: window 1982908 sent adjust 81476
debug2: channel 0: window 1966080 sent adjust 98304
debug2: channel 0: window 1966080 sent adjust 98304
debug2: channel 0: window 1966080 sent adjust 98304
debug2: channel 0: window 1982564 sent adjust 81820
debug2: channel 0: window 1966080 sent adjust 98304
debug2: channel 0: window 1966080 sent adjust 98304
debug2: channel 0: window 1966080 sent adjust 98304
debug2: channel 0: window 1998304 sent adjust 66080
debug2: channel 0: window 1966624 sent adjust 97760
debug2: channel 0: window 1966080 sent adjust 98304
debug2: channel 0: window 1966080 sent adjust 98304
debug2: channel 0: window 1998304 sent adjust 66080
debug2: channel 0: window 1991370 sent adjust 73014
debug2: channel 0: window 1966080 sent adjust 98304
debug2: channel 0: window 1973558 sent adjust 90826
debug2: channel 0: window 1991370 sent adjust 73014
debug2: channel 0: window 1966080 sent adjust 98304
debug2: channel 0: window 1966080 sent adjust 98304
debug2: channel 0: window 1981340 sent adjust 83044
debug2: channel 0: window 1983588 sent adjust 80796
debug2: channel 0: window 1966080 sent adjust 98304
debug2: channel 0: window 1966080 sent adjust 98304
debug2: channel 0: window 1990386 sent adjust 73998
debug2: channel 0: window 1982980 sent adjust 81404
debug2: channel 0: window 1966080 sent adjust 98304
debug2: channel 0: window 1981948 sent adjust 82436
debug2: channel 0: window 1982980 sent adjust 81404
debug2: channel 0: window 1966080 sent adjust 98304
debug2: channel 0: window 1998432 sent adjust 65952
debug2: channel 0: window 1966496 sent adjust 97888
debug2: channel 0: window 1966080 sent adjust 98304
debug2: channel 0: window 1998432 sent adjust 65952
debug2: channel 0: window 1966496 sent adjust 97888
debug2: channel 0: window 1966080 sent adjust 98304
debug2: channel 0: window 1966080 sent adjust 98304
debug2: channel 0: window 1966080 sent adjust 98304
debug2: channel 0: window 1990410 sent adjust 73974
debug2: channel 0: window 1974518 sent adjust 89866
debug2: channel 0: window 1966080 sent adjust 98304
debug2: channel 0: window 1990410 sent adjust 73974
debug2: channel 0: window 1974518 sent adjust 89866
debug2: channel 0: window 1966080 sent adjust 98304
debug2: channel 0: window 1966080 sent adjust 98304
debug2: channel 0: window 1997888 sent adjust 66496
debug2: channel 0: window 1967040 sent adjust 97344
debug2: channel 0: window 1966080 sent adjust 98304
debug2: channel 0: window 1966080 sent adjust 98304
debug2: channel 0: window 1966080 sent adjust 98304
debug2: channel 0: window 1966080 sent adjust 98304
debug2: channel 0: window 1966080 sent adjust 98304
debug2: channel 0: window 1966080 sent adjust 98304
debug2: channel 0: window 1966720 sent adjust 97664
debug2: channel 0: window 1965440 sent adjust 98944
debug2: channel 0: window 1966720 sent adjust 97664
debug2: channel 0: window 1966080 sent adjust 98304
debug2: channel 0: window 1966080 sent adjust 98304
debug2: channel 0: window 1998208 sent adjust 66176
debug2: channel 0: window 1966720 sent adjust 97664
debug2: channel 0: window 1966080 sent adjust 98304
debug2: channel 0: window 1966080 sent adjust 98304
debug2: channel 0: window 1998208 sent adjust 66176
debug2: channel 0: window 1966720 sent adjust 97664
debug2: channel 0: window 1966080 sent adjust 98304
debug2: channel 0: window 1998208 sent adjust 66176
debug2: channel 0: window 1966720 sent adjust 97664
debug2: channel 0: window 1966080 sent adjust 98304
debug2: channel 0: window 1966080 sent adjust 98304
debug2: channel 0: window 1966080 sent adjust 98304
debug2: channel 0: window 1998208 sent adjust 66176
debug2: channel 0: window 1966720 sent adjust 97664
debug2: channel 0: window 1974686 sent adjust 89698
debug2: channel 0: window 1989602 sent adjust 74782
debug2: channel 0: window 1975326 sent adjust 89058
debug2: channel 0: window 1966080 sent adjust 98304
debug2: channel 0: window 1989602 sent adjust 74782
debug2: channel 0: window 1975326 sent adjust 89058
debug2: channel 0: window 1966080 sent adjust 98304
debug2: channel 0: window 1990242 sent adjust 74142
debug2: channel 0: window 1974686 sent adjust 89698
debug2: channel 0: window 1966080 sent adjust 98304
debug2: channel 0: window 1966080 sent adjust 98304
debug2: channel 0: window 1966080 sent adjust 98304
debug2: channel 0: window 1990242 sent adjust 74142
debug2: channel 0: window 1974686 sent adjust 89698
debug2: channel 0: window 1966080 sent adjust 98304
debug2: channel 0: window 1990242 sent adjust 74142
debug2: channel 0: window 1974686 sent adjust 89698
debug2: channel 0: window 1966080 sent adjust 98304
debug2: channel 0: window 1966080 sent adjust 98304
debug2: channel 0: window 1990242 sent adjust 74142
debug2: channel 0: window 1974686 sent adjust 89698
debug2: channel 0: window 1966080 sent adjust 98304
debug2: channel 0: window 1966080 sent adjust 98304
debug2: channel 0: window 1966080 sent adjust 98304
debug2: channel 0: window 1966080 sent adjust 98304
debug2: channel 0: window 1966080 sent adjust 98304
debug2: channel 0: window 1966080 sent adjust 98304
debug2: channel 0: window 1966080 sent adjust 98304
debug2: channel 0: window 1966080 sent adjust 98304
debug2: channel 0: window 1966080 sent adjust 98304
debug2: channel 0: window 1966080 sent adjust 98304
debug2: channel 0: window 1966080 sent adjust 98304
debug2: channel 0: window 1983188 sent adjust 81196
debug2: channel 0: window 1966080 sent adjust 98304
debug2: channel 0: window 1966080 sent adjust 98304
debug2: channel 0: window 1974326 sent adjust 90058
debug2: channel 0: window 1966080 sent adjust 98304
debug2: channel 0: window 1973494 sent adjust 90890
debug2: channel 0: window 1991434 sent adjust 72950
debug2: channel 0: window 1966080 sent adjust 98304
debug2: channel 0: window 1988578 sent adjust 75806
debug2: channel 0: window 1976350 sent adjust 88034
debug2: channel 0: window 1966080 sent adjust 98304
debug2: channel 0: window 1966080 sent adjust 98304
debug2: channel 0: window 1966080 sent adjust 98304
debug2: channel 0: window 1989866 sent adjust 74518
debug2: channel 0: window 1975062 sent adjust 89322
debug2: channel 0: window 1966080 sent adjust 98304
debug2: channel 0: window 1990938 sent adjust 73446
debug2: channel 0: window 1966080 sent adjust 98304
debug2: channel 0: window 1966080 sent adjust 98304
debug2: channel 0: window 1966080 sent adjust 98304
debug2: channel 0: window 1981404 sent adjust 82980
debug2: channel 0: window 1983524 sent adjust 80860
debug2: channel 0: window 1982604 sent adjust 81780
debug2: channel 0: window 1964880 sent adjust 99504
debug2: channel 0: window 1967280 sent adjust 97104
debug2: channel 0: window 1982524 sent adjust 81860
debug2: channel 0: window 1966080 sent adjust 98304
debug2: channel 0: window 1966080 sent adjust 98304
debug2: channel 0: window 1973790 sent adjust 90594
debug2: channel 0: window 1991138 sent adjust 73246
debug2: channel 0: window 1966080 sent adjust 98304
debug2: channel 0: window 1973790 sent adjust 90594
debug2: channel 0: window 1991138 sent adjust 73246
debug2: channel 0: window 1966080 sent adjust 98304
debug2: channel 0: window 1966080 sent adjust 98304
debug2: channel 0: window 1981204 sent adjust 83180
debug2: channel 0: window 1983724 sent adjust 80660
debug2: channel 0: window 1966080 sent adjust 98304
debug2: channel 0: window 1966080 sent adjust 98304
debug2: channel 0: window 1998648 sent adjust 65736
debug2: channel 0: window 1966280 sent adjust 98104
debug2: channel 0: window 1966080 sent adjust 98304
debug2: channel 0: window 1998648 sent adjust 65736
debug2: channel 0: window 1966280 sent adjust 98104
debug2: channel 0: window 1966080 sent adjust 98304
debug2: channel 0: window 1998648 sent adjust 65736
debug2: channel 0: window 1966280 sent adjust 98104
debug2: channel 0: window 1966080 sent adjust 98304
debug2: channel 0: window 1966080 sent adjust 98304
debug2: channel 0: window 1966080 sent adjust 98304
debug2: channel 0: window 1973790 sent adjust 90594
debug2: channel 0: window 1991138 sent adjust 73246
debug2: channel 0: window 1966080 sent adjust 98304
debug2: channel 0: window 1966704 sent adjust 97680
debug2: channel 0: window 1965456 sent adjust 98928
debug2: channel 0: window 1966704 sent adjust 97680
debug2: channel 0: window 1966080 sent adjust 98304
debug2: channel 0: window 1966080 sent adjust 98304
debug2: channel 0: window 1998224 sent adjust 66160
debug2: channel 0: window 1966704 sent adjust 97680
debug2: channel 0: window 1966080 sent adjust 98304
debug2: channel 0: window 1966080 sent adjust 98304
debug2: channel 0: window 1998224 sent adjust 66160
debug2: channel 0: window 1966704 sent adjust 97680
debug2: channel 0: window 1990898 sent adjust 73486
debug2: channel 0: window 1973406 sent adjust 90978
debug2: channel 0: window 1991522 sent adjust 72862
debug2: channel 0: window 1982532 sent adjust 81852
debug2: channel 0: window 1974294 sent adjust 90090
debug2: channel 0: window 1966080 sent adjust 98304
debug2: channel 0: window 1966080 sent adjust 98304
debug2: channel 0: window 1966080 sent adjust 98304
debug2: channel 0: window 1981508 sent adjust 82876
debug2: channel 0: window 1983420 sent adjust 80964
debug2: channel 0: window 1966080 sent adjust 98304
debug2: channel 0: window 1966080 sent adjust 98304
debug2: channel 0: window 1981508 sent adjust 82876
debug2: channel 0: window 1983420 sent adjust 80964
debug2: channel 0: window 1966080 sent adjust 98304
debug2: channel 0: window 1982132 sent adjust 82252
debug2: channel 0: window 1982796 sent adjust 81588
debug2: channel 0: window 1966080 sent adjust 98304
debug2: channel 0: window 1966080 sent adjust 98304
debug2: channel 0: window 1989218 sent adjust 75166
debug2: channel 0: window 1975710 sent adjust 88674
debug2: channel 0: window 1966080 sent adjust 98304
debug2: channel 0: window 1966080 sent adjust 98304
debug2: channel 0: window 1982132 sent adjust 82252
debug2: channel 0: window 1991402 sent adjust 72982
debug2: channel 0: window 1990690 sent adjust 73694
debug2: channel 0: window 1998360 sent adjust 66024
debug2: channel 0: window 1966568 sent adjust 97816
debug2: channel 0: window 1966080 sent adjust 98304
debug2: channel 0: window 1966168 sent adjust 98216
debug2: channel 0: window 1998312 sent adjust 66072
debug2: channel 0: window 1966616 sent adjust 97768
debug2: channel 0: window 1966080 sent adjust 98304
debug2: channel 0: window 1998312 sent adjust 66072
debug2: channel 0: window 1983084 sent adjust 81300
debug2: channel 0: window 1966080 sent adjust 98304
debug2: channel 0: window 1981844 sent adjust 82540
debug2: channel 0: window 1983084 sent adjust 81300
debug2: channel 0: window 1966080 sent adjust 98304
debug2: channel 0: window 1981844 sent adjust 82540
debug2: channel 0: window 1991410 sent adjust 72974
debug2: channel 0: window 1966080 sent adjust 98304
debug2: channel 0: window 1989570 sent adjust 74814
debug2: channel 0: window 1991802 sent adjust 72582
debug2: channel 0: window 1966080 sent adjust 98304
debug2: channel 0: window 1966136 sent adjust 98248
debug2: channel 0: window 1989786 sent adjust 74598
debug2: channel 0: window 1975142 sent adjust 89242
debug2: channel 0: window 1966080 sent adjust 98304
debug2: channel 0: window 1966080 sent adjust 98304
debug2: channel 0: window 1990234 sent adjust 74150
debug2: channel 0: window 1974694 sent adjust 89690
debug2: channel 0: window 1966080 sent adjust 98304
debug2: channel 0: window 1974446 sent adjust 89938
debug2: channel 0: window 1990674 sent adjust 73710
debug2: channel 0: window 1966080 sent adjust 98304
debug2: channel 0: window 1966080 sent adjust 98304
debug2: channel 0: window 1966080 sent adjust 98304
debug2: channel 0: window 1966080 sent adjust 98304
debug2: channel 0: window 1973830 sent adjust 90554
debug2: channel 0: window 1991098 sent adjust 73286
debug2: channel 0: window 1966080 sent adjust 98304
debug2: channel 0: window 1973830 sent adjust 90554
debug2: channel 0: window 1991098 sent adjust 73286
debug2: channel 0: window 1966080 sent adjust 98304
debug2: channel 0: window 1982156 sent adjust 82228
debug2: channel 0: window 1982772 sent adjust 81612
debug2: channel 0: window 1966080 sent adjust 98304
debug2: channel 0: window 1998600 sent adjust 65784
debug2: channel 0: window 1966328 sent adjust 98056
debug2: channel 0: window 1966080 sent adjust 98304
debug2: channel 0: window 1998656 sent adjust 65728
debug2: channel 0: window 1966272 sent adjust 98112
debug2: channel 0: window 1966080 sent adjust 98304
debug2: channel 0: window 1966080 sent adjust 98304
debug2: channel 0: window 1966080 sent adjust 98304
debug2: channel 0: window 1998656 sent adjust 65728
debug2: channel 0: window 1966272 sent adjust 98112
debug2: channel 0: window 1966080 sent adjust 98304
debug2: channel 0: window 1966632 sent adjust 97752
debug2: channel 0: window 1981468 sent adjust 82916
debug2: channel 0: window 1983460 sent adjust 80924
debug2: channel 0: window 1966080 sent adjust 98304
debug2: channel 0: window 1966080 sent adjust 98304
debug2: channel 0: window 1998296 sent adjust 66088
debug2: channel 0: window 1966632 sent adjust 97752
debug2: channel 0: window 1966232 sent adjust 98152
debug2: channel 0: window 1998144 sent adjust 66240
debug2: channel 0: window 1975006 sent adjust 89378
debug2: channel 0: window 1966080 sent adjust 98304
debug2: channel 0: window 1989922 sent adjust 74462
debug2: channel 0: window 1975006 sent adjust 89378
debug2: channel 0: window 1966080 sent adjust 98304
debug2: channel 0: window 1989922 sent adjust 74462
debug2: channel 0: window 1975006 sent adjust 89378
debug2: channel 0: window 1966080 sent adjust 98304
debug2: channel 0: window 1966080 sent adjust 98304
debug2: channel 0: window 1989922 sent adjust 74462
debug2: channel 0: window 1975006 sent adjust 89378
debug2: channel 0: window 1966080 sent adjust 98304
debug2: channel 0: window 1966080 sent adjust 98304
debug2: channel 0: window 1989922 sent adjust 74462
debug2: channel 0: window 1975006 sent adjust 89378
debug2: channel 0: window 1966080 sent adjust 98304
debug2: channel 0: window 1966080 sent adjust 98304
debug2: channel 0: window 1997672 sent adjust 66712
debug2: channel 0: window 1967256 sent adjust 97128
debug2: channel 0: window 1966080 sent adjust 98304
debug2: channel 0: window 1966080 sent adjust 98304
debug2: channel 0: window 1990474 sent adjust 73910
debug2: channel 0: window 1974454 sent adjust 89930
debug2: channel 0: window 1991154 sent adjust 73230
debug2: channel 0: window 1973774 sent adjust 90610
debug2: channel 0: window 1991154 sent adjust 73230
debug2: channel 0: window 1966080 sent adjust 98304
debug2: channel 0: window 1973774 sent adjust 90610
debug2: channel 0: window 1991154 sent adjust 73230
debug2: channel 0: window 1990786 sent adjust 73598
debug2: channel 0: window 1966080 sent adjust 98304
debug2: channel 0: window 1966080 sent adjust 98304
debug2: channel 0: window 1990714 sent adjust 73670
debug2: channel 0: window 1989970 sent adjust 74414
debug2: channel 0: window 1974958 sent adjust 89426
debug2: channel 0: window 1966080 sent adjust 98304
debug2: channel 0: window 1966080 sent adjust 98304
debug2: channel 0: window 1989970 sent adjust 74414
debug2: channel 0: window 1974958 sent adjust 89426
debug2: channel 0: window 1966080 sent adjust 98304
debug2: channel 0: window 1996984 sent adjust 67400
debug2: channel 0: window 1967944 sent adjust 96440
debug2: channel 0: window 1966080 sent adjust 98304
debug2: channel 0: window 1966080 sent adjust 98304
debug2: channel 0: window 1966080 sent adjust 98304
debug2: channel 0: window 1989970 sent adjust 74414
debug2: channel 0: window 1983452 sent adjust 80932
debug2: channel 0: window 1966080 sent adjust 98304
debug2: channel 0: window 1966080 sent adjust 98304
debug2: channel 0: window 1973782 sent adjust 90602
debug2: channel 0: window 1991146 sent adjust 73238
debug2: channel 0: window 1966080 sent adjust 98304
debug2: channel 0: window 1973782 sent adjust 90602
debug2: channel 0: window 1991146 sent adjust 73238
debug2: channel 0: window 1966080 sent adjust 98304
debug2: channel 0: window 1998488 sent adjust 65896
debug2: channel 0: window 1966440 sent adjust 97944
debug2: channel 0: window 1966080 sent adjust 98304
debug2: channel 0: window 1966080 sent adjust 98304
debug2: channel 0: window 1990354 sent adjust 74030
debug2: channel 0: window 1974574 sent adjust 89810
debug2: channel 0: window 1966080 sent adjust 98304
debug2: channel 0: window 1990354 sent adjust 74030
debug2: channel 0: window 1974574 sent adjust 89810
debug2: channel 0: window 1966080 sent adjust 98304
debug2: channel 0: window 1966080 sent adjust 98304
debug2: channel 0: window 1991098 sent adjust 73286
debug2: channel 0: window 1965336 sent adjust 99048
debug2: channel 0: window 1966824 sent adjust 97560
debug2: channel 0: window 1966080 sent adjust 98304
debug2: channel 0: window 1966080 sent adjust 98304
debug2: channel 0: window 1966080 sent adjust 98304
debug2: channel 0: window 1973830 sent adjust 90554
debug2: channel 0: window 1966680 sent adjust 97704
debug2: channel 0: window 1966080 sent adjust 98304
debug2: channel 0: window 1998248 sent adjust 66136
debug2: channel 0: window 1983124 sent adjust 81260
debug2: channel 0: window 1966080 sent adjust 98304
debug2: channel 0: window 1981804 sent adjust 82580
debug2: channel 0: window 1983124 sent adjust 81260
debug2: channel 0: window 1966080 sent adjust 98304
debug2: channel 0: window 1966080 sent adjust 98304
debug2: channel 0: window 1981804 sent adjust 82580
debug2: channel 0: window 1983124 sent adjust 81260
debug2: channel 0: window 1966080 sent adjust 98304
debug2: channel 0: window 1981804 sent adjust 82580
debug2: channel 0: window 1983124 sent adjust 81260
debug2: channel 0: window 1966080 sent adjust 98304
debug2: channel 0: window 1997200 sent adjust 67184
debug2: channel 0: window 1967728 sent adjust 96656
debug2: channel 0: window 1966080 sent adjust 98304
debug2: channel 0: window 1966080 sent adjust 98304
debug2: channel 0: window 1966080 sent adjust 98304
debug2: channel 0: window 1989506 sent adjust 74878
debug2: channel 0: window 1984004 sent adjust 80380
debug2: channel 0: window 1966080 sent adjust 98304
debug2: channel 0: window 1966080 sent adjust 98304
debug2: channel 0: window 1973822 sent adjust 90562
debug2: channel 0: window 1991106 sent adjust 73278
debug2: channel 0: window 1966080 sent adjust 98304
debug2: channel 0: window 1990266 sent adjust 74118
debug2: channel 0: window 1974662 sent adjust 89722
debug2: channel 0: window 1966080 sent adjust 98304
debug2: channel 0: window 1997496 sent adjust 66888
debug2: channel 0: window 1967432 sent adjust 96952
debug2: channel 0: window 1966080 sent adjust 98304
debug2: channel 0: window 1966080 sent adjust 98304
debug2: channel 0: window 1990266 sent adjust 74118
debug2: channel 0: window 1974662 sent adjust 89722
debug2: channel 0: window 1966080 sent adjust 98304
debug2: channel 0: window 1990266 sent adjust 74118
debug2: channel 0: window 1974662 sent adjust 89722
debug2: channel 0: window 1966472 sent adjust 97912
debug2: channel 0: window 1966080 sent adjust 98304
debug2: channel 0: window 1997848 sent adjust 66536
debug2: channel 0: window 1967080 sent adjust 97304
debug2: channel 0: window 1966080 sent adjust 98304
debug2: channel 0: window 1966080 sent adjust 98304
debug2: channel 0: window 1966080 sent adjust 98304
debug2: channel 0: window 1998456 sent adjust 65928
debug2: channel 0: window 1966472 sent adjust 97912
debug2: channel 0: window 1966080 sent adjust 98304
debug2: channel 0: window 1998456 sent adjust 65928
debug2: channel 0: window 1966472 sent adjust 97912
debug2: channel 0: window 1966080 sent adjust 98304
debug2: channel 0: window 1998456 sent adjust 65928
debug2: channel 0: window 1991338 sent adjust 73046
debug2: channel 0: window 1966080 sent adjust 98304
debug2: channel 0: window 1997776 sent adjust 66608
debug2: channel 0: window 1967152 sent adjust 97232
debug2: channel 0: window 1966080 sent adjust 98304
debug2: channel 0: window 1990770 sent adjust 73614
debug2: channel 0: window 1966080 sent adjust 98304
debug2: channel 0: window 1966080 sent adjust 98304
debug2: channel 0: window 1966080 sent adjust 98304
debug2: channel 0: window 1990250 sent adjust 74134
debug2: channel 0: window 1966584 sent adjust 97800
debug2: channel 0: window 1966080 sent adjust 98304
debug2: channel 0: window 1966080 sent adjust 98304
debug2: channel 0: window 1966080 sent adjust 98304
debug2: channel 0: window 1990154 sent adjust 74230
debug2: channel 0: window 1974774 sent adjust 89610
debug2: channel 0: window 1966080 sent adjust 98304
debug2: channel 0: window 1966080 sent adjust 98304
debug2: channel 0: window 1990154 sent adjust 74230
debug2: channel 0: window 1974774 sent adjust 89610
debug2: channel 0: window 1966080 sent adjust 98304
debug2: channel 0: window 1990154 sent adjust 74230
debug2: channel 0: window 1974774 sent adjust 89610
debug2: channel 0: window 1966080 sent adjust 98304
debug2: channel 0: window 1966080 sent adjust 98304
debug2: channel 0: window 1982252 sent adjust 82132
debug2: channel 0: window 1982676 sent adjust 81708
debug2: channel 0: window 1974670 sent adjust 89714
debug2: channel 0: window 1998352 sent adjust 66032
debug2: channel 0: window 1966576 sent adjust 97808
debug2: channel 0: window 1966080 sent adjust 98304
debug2: channel 0: window 1998352 sent adjust 66032
debug2: channel 0: window 1966576 sent adjust 97808
debug2: channel 0: window 1966080 sent adjust 98304
debug2: channel 0: window 1966080 sent adjust 98304
debug2: channel 0: window 1990258 sent adjust 74126
debug2: channel 0: window 1974670 sent adjust 89714
debug2: channel 0: window 1966080 sent adjust 98304
debug2: channel 0: window 1966080 sent adjust 98304
debug2: channel 0: window 1990258 sent adjust 74126
debug2: channel 0: window 1974670 sent adjust 89714
debug2: channel 0: window 1966080 sent adjust 98304
debug2: channel 0: window 1966080 sent adjust 98304
debug2: channel 0: window 1990258 sent adjust 74126
debug2: channel 0: window 1974670 sent adjust 89714
debug2: channel 0: window 1966080 sent adjust 98304
debug2: channel 0: window 1966080 sent adjust 98304
debug2: channel 0: window 1990258 sent adjust 74126
debug2: channel 0: window 1974670 sent adjust 89714
debug2: channel 0: window 1966080 sent adjust 98304
debug2: channel 0: window 1990258 sent adjust 74126
debug2: channel 0: window 1974670 sent adjust 89714
debug2: channel 0: window 1966616 sent adjust 97768
debug2: channel 0: window 1998312 sent adjust 66072
debug2: channel 0: window 1966616 sent adjust 97768
debug2: channel 0: window 1966080 sent adjust 98304
debug2: channel 0: window 1966080 sent adjust 98304
debug2: channel 0: window 1998312 sent adjust 66072
debug2: channel 0: window 1966616 sent adjust 97768
debug2: channel 0: window 1966080 sent adjust 98304
debug2: channel 0: window 1966080 sent adjust 98304
debug2: channel 0: window 1990866 sent adjust 73518
debug2: channel 0: window 1966080 sent adjust 98304
debug2: channel 0: window 1966080 sent adjust 98304
debug2: channel 0: window 1966080 sent adjust 98304
debug2: channel 0: window 1966080 sent adjust 98304
debug2: channel 0: window 1973526 sent adjust 90858
debug2: channel 0: window 1991514 sent adjust 72870
debug2: channel 0: window 1966080 sent adjust 98304
debug2: channel 0: window 1980996 sent adjust 83388
debug2: channel 0: window 1983932 sent adjust 80452
debug2: channel 0: window 1966080 sent adjust 98304
debug2: channel 0: window 1966080 sent adjust 98304
debug2: channel 0: window 1982620 sent adjust 81764
debug2: channel 0: window 1990658 sent adjust 73726
debug2: channel 0: window 1998368 sent adjust 66016
debug2: channel 0: window 1966560 sent adjust 97824
debug2: channel 0: window 1966080 sent adjust 98304
debug2: channel 0: window 1998368 sent adjust 66016
debug2: channel 0: window 1966560 sent adjust 97824
debug2: channel 0: window 1966080 sent adjust 98304
debug2: channel 0: window 1966080 sent adjust 98304
debug2: channel 0: window 1998368 sent adjust 66016
debug2: channel 0: window 1966560 sent adjust 97824
debug2: channel 0: window 1966080 sent adjust 98304
debug2: channel 0: window 1966080 sent adjust 98304
debug2: channel 0: window 1966080 sent adjust 98304
debug2: channel 0: window 1990386 sent adjust 73998
debug2: channel 0: window 1974542 sent adjust 89842
debug2: channel 0: window 1966080 sent adjust 98304
debug2: channel 0: window 1966080 sent adjust 98304
debug2: channel 0: window 1990498 sent adjust 73886
debug2: channel 0: window 1974430 sent adjust 89954
debug2: channel 0: window 1966080 sent adjust 98304
debug2: channel 0: window 1997832 sent adjust 66552
debug2: channel 0: window 1992122 sent adjust 72262
debug2: channel 0: window 1966080 sent adjust 98304
debug2: channel 0: window 1966080 sent adjust 98304
debug2: channel 0: window 1966080 sent adjust 98304
debug2: channel 0: window 1973822 sent adjust 90562
debug2: channel 0: window 1991106 sent adjust 73278
debug2: channel 0: window 1974414 sent adjust 89970
debug2: channel 0: window 1965488 sent adjust 98896
debug2: channel 0: window 1966672 sent adjust 97712
debug2: channel 0: window 1966080 sent adjust 98304
debug2: channel 0: window 1998256 sent adjust 66128
debug2: channel 0: window 1966672 sent adjust 97712
debug2: channel 0: window 1982588 sent adjust 81796
debug2: channel 0: window 1981748 sent adjust 82636
debug2: channel 0: window 1983180 sent adjust 81204
debug2: channel 0: window 1966080 sent adjust 98304
debug2: channel 0: window 1966080 sent adjust 98304
debug2: channel 0: window 1981748 sent adjust 82636
debug2: channel 0: window 1983180 sent adjust 81204
debug2: channel 0: window 1966080 sent adjust 98304
debug2: channel 0: window 1966080 sent adjust 98304
debug2: channel 0: window 1981748 sent adjust 82636
debug2: channel 0: window 1983180 sent adjust 81204
debug2: channel 0: window 1966080 sent adjust 98304
debug2: channel 0: window 1974542 sent adjust 89842
debug2: channel 0: window 1981468 sent adjust 82916
debug2: channel 0: window 1983460 sent adjust 80924
debug2: channel 0: window 1966080 sent adjust 98304
debug2: channel 0: window 1966080 sent adjust 98304
debug2: channel 0: window 1998312 sent adjust 66072
debug2: channel 0: window 1983108 sent adjust 81276
debug2: channel 0: window 1966080 sent adjust 98304
debug2: channel 0: window 1990154 sent adjust 74230
debug2: channel 0: window 1974774 sent adjust 89610
debug2: channel 0: window 1966080 sent adjust 98304
debug2: channel 0: window 1990154 sent adjust 74230
debug2: channel 0: window 1974774 sent adjust 89610
debug2: channel 0: window 1982620 sent adjust 81764
debug2: channel 0: window 1990122 sent adjust 74262
debug2: channel 0: window 1974806 sent adjust 89578
debug2: channel 0: window 1990714 sent adjust 73670
debug2: channel 0: window 1982500 sent adjust 81884
debug2: channel 0: window 1966080 sent adjust 98304
debug2: channel 0: window 1966080 sent adjust 98304
debug2: channel 0: window 1966080 sent adjust 98304
debug2: channel 0: window 1981836 sent adjust 82548
debug2: channel 0: window 1983092 sent adjust 81292
debug2: channel 0: window 1966080 sent adjust 98304
debug2: channel 0: window 1989762 sent adjust 74622
debug2: channel 0: window 1975166 sent adjust 89218
debug2: channel 0: window 1966080 sent adjust 98304
debug2: channel 0: window 1966080 sent adjust 98304
debug2: channel 0: window 1966080 sent adjust 98304
debug2: channel 0: window 1966080 sent adjust 98304
debug2: channel 0: window 1974022 sent adjust 90362
debug2: channel 0: window 1990906 sent adjust 73478
debug2: channel 0: window 1966080 sent adjust 98304
debug2: channel 0: window 1974022 sent adjust 90362
debug2: channel 0: window 1990906 sent adjust 73478
debug2: channel 0: window 1966080 sent adjust 98304
debug2: channel 0: window 1990562 sent adjust 73822
debug2: channel 0: window 1974366 sent adjust 90018
debug2: channel 0: window 1966080 sent adjust 98304
debug2: channel 0: window 1966080 sent adjust 98304
debug2: channel 0: window 1982428 sent adjust 81956
debug2: channel 0: window 1982500 sent adjust 81884
debug2: channel 0: window 1966080 sent adjust 98304
debug2: channel 0: window 1966080 sent adjust 98304
debug2: channel 0: window 1966080 sent adjust 98304
debug2: channel 0: window 1966080 sent adjust 98304
debug2: channel 0: window 1966080 sent adjust 98304
debug2: channel 0: window 1966080 sent adjust 98304
debug2: channel 0: window 1972918 sent adjust 91466
debug2: channel 0: window 1992010 sent adjust 72374
debug2: channel 0: window 1966080 sent adjust 98304
debug2: channel 0: window 1966080 sent adjust 98304
debug2: channel 0: window 1966080 sent adjust 98304
debug2: channel 0: window 1966080 sent adjust 98304
debug2: channel 0: window 1966080 sent adjust 98304
debug2: channel 0: window 1966080 sent adjust 98304
debug2: channel 0: window 1966080 sent adjust 98304
debug2: channel 0: window 1966080 sent adjust 98304
debug2: channel 0: window 1966080 sent adjust 98304
debug2: channel 0: window 1966080 sent adjust 98304
debug2: channel 0: window 1966080 sent adjust 98304
debug2: channel 0: window 1966080 sent adjust 98304
debug2: channel 0: window 1966080 sent adjust 98304
debug2: channel 0: window 1966080 sent adjust 98304
debug2: channel 0: window 1966080 sent adjust 98304
debug2: channel 0: window 1975350 sent adjust 89034
debug2: channel 0: window 1989578 sent adjust 74806
debug2: channel 0: window 1975350 sent adjust 89034
debug2: channel 0: window 1966080 sent adjust 98304
debug2: channel 0: window 1989578 sent adjust 74806
debug2: channel 0: window 1975350 sent adjust 89034
debug2: channel 0: window 1966080 sent adjust 98304
debug2: channel 0: window 1966080 sent adjust 98304
debug2: channel 0: window 1966080 sent adjust 98304
debug2: channel 0: window 1997520 sent adjust 66864
debug2: channel 0: window 1992186 sent adjust 72198
debug2: channel 0: window 1966080 sent adjust 98304
debug2: channel 0: window 1997568 sent adjust 66816
debug2: channel 0: window 1967360 sent adjust 97024
debug2: channel 0: window 1966080 sent adjust 98304
debug2: channel 0: window 1997568 sent adjust 66816
debug2: channel 0: window 1967360 sent adjust 97024
debug2: channel 0: window 1966080 sent adjust 98304
debug2: channel 0: window 1997568 sent adjust 66816
debug2: channel 0: window 1967560 sent adjust 96824
debug2: channel 0: window 1966080 sent adjust 98304
debug2: channel 0: window 1966080 sent adjust 98304
debug2: channel 0: window 1997368 sent adjust 67016
debug2: channel 0: window 1967560 sent adjust 96824
debug2: channel 0: window 1966080 sent adjust 98304
debug2: channel 0: window 1966224 sent adjust 98160
debug2: channel 0: window 1973726 sent adjust 90658
debug2: channel 0: window 1991202 sent adjust 73182
debug2: channel 0: window 1966080 sent adjust 98304
debug2: channel 0: window 1973726 sent adjust 90658
debug2: channel 0: window 1991202 sent adjust 73182
debug2: channel 0: window 1966208 sent adjust 98176
debug2: channel 0: window 1966080 sent adjust 98304
debug2: channel 0: window 1966080 sent adjust 98304
debug2: channel 0: window 1998376 sent adjust 66008
debug2: channel 0: window 1966552 sent adjust 97832
debug2: channel 0: window 1966080 sent adjust 98304
debug2: channel 0: window 1998376 sent adjust 66008
debug2: channel 0: window 1991258 sent adjust 73126
debug2: channel 0: window 1966080 sent adjust 98304
debug2: channel 0: window 1973670 sent adjust 90714
debug2: channel 0: window 1991258 sent adjust 73126
debug2: channel 0: window 1966080 sent adjust 98304
debug2: channel 0: window 1988738 sent adjust 75646
debug2: channel 0: window 1976318 sent adjust 88066
debug2: channel 0: window 1966080 sent adjust 98304
debug2: channel 0: window 1966080 sent adjust 98304
debug2: channel 0: window 1981532 sent adjust 82852
debug2: channel 0: window 1983396 sent adjust 80988
debug2: channel 0: window 1966080 sent adjust 98304
debug2: channel 0: window 1966080 sent adjust 98304
debug2: channel 0: window 1973886 sent adjust 90498
debug2: channel 0: window 1991042 sent adjust 73342
debug2: channel 0: window 1966080 sent adjust 98304
debug2: channel 0: window 1973886 sent adjust 90498
debug2: channel 0: window 1991042 sent adjust 73342
debug2: channel 0: window 1966080 sent adjust 98304
debug2: channel 0: window 1966080 sent adjust 98304
debug2: channel 0: window 1966080 sent adjust 98304
debug2: channel 0: window 1974014 sent adjust 90370
debug2: channel 0: window 1990914 sent adjust 73470
debug2: channel 0: window 1966080 sent adjust 98304
debug2: channel 0: window 1998720 sent adjust 65664
debug2: channel 0: window 1966208 sent adjust 98176
debug2: channel 0: window 1966080 sent adjust 98304
debug2: channel 0: window 1998720 sent adjust 65664
debug2: channel 0: window 1966208 sent adjust 98176
debug2: channel 0: window 1966080 sent adjust 98304
debug2: channel 0: window 1966080 sent adjust 98304
debug2: channel 0: window 1966080 sent adjust 98304
debug2: channel 0: window 1966080 sent adjust 98304
debug2: channel 0: window 1966080 sent adjust 98304
debug2: channel 0: window 1966080 sent adjust 98304
debug2: channel 0: window 1991314 sent adjust 73070
debug2: channel 0: window 1973614 sent adjust 90770
debug2: channel 0: window 1991314 sent adjust 73070
debug2: channel 0: window 1966080 sent adjust 98304
debug2: channel 0: window 1973614 sent adjust 90770
debug2: channel 0: window 1991314 sent adjust 73070
debug2: channel 0: window 1966080 sent adjust 98304
debug2: channel 0: window 1990810 sent adjust 73574
debug2: channel 0: window 1966080 sent adjust 98304
debug2: channel 0: window 1966080 sent adjust 98304
debug2: channel 0: window 1966080 sent adjust 98304
debug2: channel 0: window 1966080 sent adjust 98304
debug2: channel 0: window 1981652 sent adjust 82732
debug2: channel 0: window 1983276 sent adjust 81108
debug2: channel 0: window 1982612 sent adjust 81772
debug2: channel 0: window 1965120 sent adjust 99264
debug2: channel 0: window 1967040 sent adjust 97344
debug2: channel 0: window 1966080 sent adjust 98304
debug2: channel 0: window 1966080 sent adjust 98304
debug2: channel 0: window 1997888 sent adjust 66496
debug2: channel 0: window 1967040 sent adjust 97344
debug2: channel 0: window 1966080 sent adjust 98304
debug2: channel 0: window 1966080 sent adjust 98304
debug2: channel 0: window 1997888 sent adjust 66496
debug2: channel 0: window 1967040 sent adjust 97344
debug2: channel 0: window 1966080 sent adjust 98304
debug2: channel 0: window 1966080 sent adjust 98304
debug2: channel 0: window 1990354 sent adjust 74030
debug2: channel 0: window 1974574 sent adjust 89810
debug2: channel 0: window 1966080 sent adjust 98304
debug2: channel 0: window 1990354 sent adjust 74030
debug2: channel 0: window 1974574 sent adjust 89810
debug2: channel 0: window 1982852 sent adjust 81532
debug2: channel 0: window 1966080 sent adjust 98304
debug2: channel 0: window 1998312 sent adjust 66072
debug2: channel 0: window 1974862 sent adjust 89522
debug2: channel 0: window 1990690 sent adjust 73694
debug2: channel 0: window 1966080 sent adjust 98304
debug2: channel 0: window 1966080 sent adjust 98304
debug2: channel 0: window 1966080 sent adjust 98304
debug2: channel 0: window 1966080 sent adjust 98304
debug2: channel 0: window 1981988 sent adjust 82396
debug2: channel 0: window 1982940 sent adjust 81444
debug2: channel 0: window 1966080 sent adjust 98304
debug2: channel 0: window 1981988 sent adjust 82396
debug2: channel 0: window 1982940 sent adjust 81444
debug2: channel 0: window 1966080 sent adjust 98304
debug2: channel 0: window 1974518 sent adjust 89866
debug2: channel 0: window 1997824 sent adjust 66560
debug2: channel 0: window 1967104 sent adjust 97280
debug2: channel 0: window 1966080 sent adjust 98304
debug2: channel 0: window 1966080 sent adjust 98304
debug2: channel 0: window 1973550 sent adjust 90834
debug2: channel 0: window 1991378 sent adjust 73006
debug2: channel 0: window 1966080 sent adjust 98304
debug2: channel 0: window 1990322 sent adjust 74062
debug2: channel 0: window 1974606 sent adjust 89778
debug2: channel 0: window 1966080 sent adjust 98304
debug2: channel 0: window 1966080 sent adjust 98304
debug2: channel 0: window 1998600 sent adjust 65784
debug2: channel 0: window 1991170 sent adjust 73214
debug2: channel 0: window 1966080 sent adjust 98304
debug2: channel 0: window 1998336 sent adjust 66048
debug2: channel 0: window 1991218 sent adjust 73166
debug2: channel 0: window 1966080 sent adjust 98304
debug2: channel 0: window 1973710 sent adjust 90674
debug2: channel 0: window 1991218 sent adjust 73166
debug2: channel 0: window 1966184 sent adjust 98200
debug2: channel 0: window 1982484 sent adjust 81900
debug2: channel 0: window 1966080 sent adjust 98304
debug2: channel 0: window 1966080 sent adjust 98304
debug2: channel 0: window 1966080 sent adjust 98304
debug2: channel 0: window 1998408 sent adjust 65976
debug2: channel 0: window 1966520 sent adjust 97864
debug2: channel 0: window 1966080 sent adjust 98304
debug2: channel 0: window 1966080 sent adjust 98304
debug2: channel 0: window 1998408 sent adjust 65976
debug2: channel 0: window 1966520 sent adjust 97864
debug2: channel 0: window 1982684 sent adjust 81700
debug2: channel 0: window 1981804 sent adjust 82580
debug2: channel 0: window 1966768 sent adjust 97616
debug2: channel 0: window 1966080 sent adjust 98304
debug2: channel 0: window 1966080 sent adjust 98304
debug2: channel 0: window 1990746 sent adjust 73638
debug2: channel 0: window 1965568 sent adjust 98816
debug2: channel 0: window 1966592 sent adjust 97792
debug2: channel 0: window 1966080 sent adjust 98304
debug2: channel 0: window 1966168 sent adjust 98216
debug2: channel 0: window 1990106 sent adjust 74278
debug2: channel 0: window 1974854 sent adjust 89530
debug2: channel 0: window 1974294 sent adjust 90090
debug2: channel 0: window 1998368 sent adjust 66016
debug2: channel 0: window 1966560 sent adjust 97824
debug2: channel 0: window 1966080 sent adjust 98304
debug2: channel 0: window 1998368 sent adjust 66016
debug2: channel 0: window 1966560 sent adjust 97824
debug2: channel 0: window 1982596 sent adjust 81788
debug2: channel 0: window 1988882 sent adjust 75502
debug2: channel 0: window 1976046 sent adjust 88338
debug2: channel 0: window 1966080 sent adjust 98304
debug2: channel 0: window 1966080 sent adjust 98304
debug2: channel 0: window 1981852 sent adjust 82532
debug2: channel 0: window 1983076 sent adjust 81308
debug2: channel 0: window 1966080 sent adjust 98304
debug2: channel 0: window 1966080 sent adjust 98304
debug2: channel 0: window 1982100 sent adjust 82284
debug2: channel 0: window 1982828 sent adjust 81556
debug2: channel 0: window 1966080 sent adjust 98304
debug2: channel 0: window 1966344 sent adjust 98040
debug2: channel 0: window 1997848 sent adjust 66536
debug2: channel 0: window 1967080 sent adjust 97304
debug2: channel 0: window 1966080 sent adjust 98304
debug2: channel 0: window 1966080 sent adjust 98304
debug2: channel 0: window 1982068 sent adjust 82316
debug2: channel 0: window 1982860 sent adjust 81524
debug2: channel 0: window 1982604 sent adjust 81780
debug2: channel 0: window 1966080 sent adjust 98304
debug2: channel 0: window 1966080 sent adjust 98304
debug2: channel 0: window 1966080 sent adjust 98304
debug2: channel 0: window 1998312 sent adjust 66072
debug2: channel 0: window 1966616 sent adjust 97768
debug2: channel 0: window 1966080 sent adjust 98304
debug2: channel 0: window 1982628 sent adjust 81756
debug2: channel 0: window 1998280 sent adjust 66104
debug2: channel 0: window 1966648 sent adjust 97736
debug2: channel 0: window 1966080 sent adjust 98304
debug2: channel 0: window 1998280 sent adjust 66104
debug2: channel 0: window 1966648 sent adjust 97736
debug2: channel 0: window 1990770 sent adjust 73614
debug2: channel 0: window 1966080 sent adjust 98304
debug2: channel 0: window 1973590 sent adjust 90794
debug2: channel 0: window 1991338 sent adjust 73046
debug2: channel 0: window 1966080 sent adjust 98304
debug2: channel 0: window 1966080 sent adjust 98304
debug2: channel 0: window 1981508 sent adjust 82876
debug2: channel 0: window 1983420 sent adjust 80964
debug2: channel 0: window 1966080 sent adjust 98304
debug2: channel 0: window 1982660 sent adjust 81724
debug2: channel 0: window 1973798 sent adjust 90586
debug2: channel 0: window 1991130 sent adjust 73254
debug2: channel 0: window 1966080 sent adjust 98304
debug2: channel 0: window 1973798 sent adjust 90586
debug2: channel 0: window 1991130 sent adjust 73254
debug2: channel 0: window 1966080 sent adjust 98304
debug2: channel 0: window 1973798 sent adjust 90586
debug2: channel 0: window 1991130 sent adjust 73254
debug2: channel 0: window 1990842 sent adjust 73542
debug2: channel 0: window 1965584 sent adjust 98800
debug2: channel 0: window 1966576 sent adjust 97808
debug2: channel 0: window 1966080 sent adjust 98304
debug2: channel 0: window 1998352 sent adjust 66032
debug2: channel 0: window 1966576 sent adjust 97808
debug2: channel 0: window 1966080 sent adjust 98304
debug2: channel 0: window 1966240 sent adjust 98144
debug2: channel 0: window 1982492 sent adjust 81892
debug2: channel 0: window 1973702 sent adjust 90682
debug2: channel 0: window 1991226 sent adjust 73158
debug2: channel 0: window 1966080 sent adjust 98304
debug2: channel 0: window 1966080 sent adjust 98304
debug2: channel 0: window 1981476 sent adjust 82908
debug2: channel 0: window 1983452 sent adjust 80932
debug2: channel 0: window 1966080 sent adjust 98304
debug2: channel 0: window 1998000 sent adjust 66384
debug2: channel 0: window 1991682 sent adjust 72702
debug2: channel 0: window 1966080 sent adjust 98304
debug2: channel 0: window 1998296 sent adjust 66088
debug2: channel 0: window 1966632 sent adjust 97752
debug2: channel 0: window 1966080 sent adjust 98304
debug2: channel 0: window 1998296 sent adjust 66088
debug2: channel 0: window 1966632 sent adjust 97752
debug2: channel 0: window 1966080 sent adjust 98304
debug2: channel 0: window 1966080 sent adjust 98304
debug2: channel 0: window 1990290 sent adjust 74094
debug2: channel 0: window 1974638 sent adjust 89746
debug2: channel 0: window 1966080 sent adjust 98304
debug2: channel 0: window 1990290 sent adjust 74094
debug2: channel 0: window 1974638 sent adjust 89746
debug2: channel 0: window 1966080 sent adjust 98304
debug2: channel 0: window 1966080 sent adjust 98304
debug2: channel 0: window 1966080 sent adjust 98304
debug2: channel 0: window 1974094 sent adjust 90290
debug2: channel 0: window 1990834 sent adjust 73550
debug2: channel 0: window 1966080 sent adjust 98304
debug2: channel 0: window 1966080 sent adjust 98304
debug2: channel 0: window 1974094 sent adjust 90290
debug2: channel 0: window 1990834 sent adjust 73550
debug2: channel 0: window 1966080 sent adjust 98304
debug2: channel 0: window 1966080 sent adjust 98304
debug2: channel 0: window 1966080 sent adjust 98304
debug2: channel 0: window 1966080 sent adjust 98304
debug2: channel 0: window 1966080 sent adjust 98304
debug2: channel 0: window 1966080 sent adjust 98304
debug2: channel 0: window 1990290 sent adjust 74094
debug2: channel 0: window 1974638 sent adjust 89746
debug2: channel 0: window 1966080 sent adjust 98304
debug2: channel 0: window 1991378 sent adjust 73006
debug2: channel 0: window 1966080 sent adjust 98304
debug2: channel 0: window 1966080 sent adjust 98304
debug2: channel 0: window 1966080 sent adjust 98304
debug2: channel 0: window 1973550 sent adjust 90834
debug2: channel 0: window 1991378 sent adjust 73006
debug2: channel 0: window 1966080 sent adjust 98304
debug2: channel 0: window 1966080 sent adjust 98304
debug2: channel 0: window 1966080 sent adjust 98304
debug2: channel 0: window 1973550 sent adjust 90834
debug2: channel 0: window 1991378 sent adjust 73006
debug2: channel 0: window 1966080 sent adjust 98304
debug2: channel 0: window 1966080 sent adjust 98304
debug2: channel 0: window 1973550 sent adjust 90834
debug2: channel 0: window 1991378 sent adjust 73006
debug2: channel 0: window 1966080 sent adjust 98304
debug2: channel 0: window 1973550 sent adjust 90834
debug2: channel 0: window 1991378 sent adjust 73006
debug2: channel 0: window 1966080 sent adjust 98304
debug2: channel 0: window 1973550 sent adjust 90834
debug2: channel 0: window 1991378 sent adjust 73006
debug2: channel 0: window 1966080 sent adjust 98304
debug2: channel 0: window 1966080 sent adjust 98304
debug2: channel 0: window 1973550 sent adjust 90834
debug2: channel 0: window 1967304 sent adjust 97080
debug2: channel 0: window 1966080 sent adjust 98304
debug2: channel 0: window 1966080 sent adjust 98304
debug2: channel 0: window 1990154 sent adjust 74230
debug2: channel 0: window 1974774 sent adjust 89610
debug2: channel 0: window 1966080 sent adjust 98304
debug2: channel 0: window 1966080 sent adjust 98304
debug2: channel 0: window 1997624 sent adjust 66760
debug2: channel 0: window 1967488 sent adjust 96896
debug2: channel 0: window 1966080 sent adjust 98304
debug2: channel 0: window 1966080 sent adjust 98304
debug2: channel 0: window 1997440 sent adjust 66944
debug2: channel 0: window 1967488 sent adjust 96896
debug2: channel 0: window 1966080 sent adjust 98304
debug2: channel 0: window 1966080 sent adjust 98304
debug2: channel 0: window 1989970 sent adjust 74414
debug2: channel 0: window 1974958 sent adjust 89426
debug2: channel 0: window 1966080 sent adjust 98304
debug2: channel 0: window 1989970 sent adjust 74414
debug2: channel 0: window 1974958 sent adjust 89426
debug2: channel 0: window 1966080 sent adjust 98304
debug2: channel 0: window 1997440 sent adjust 66944
debug2: channel 0: window 1984180 sent adjust 80204
debug2: channel 0: window 1990674 sent adjust 73710
debug2: channel 0: window 1981452 sent adjust 82932
debug2: channel 0: window 1983516 sent adjust 80868
debug2: channel 0: window 1982484 sent adjust 81900
debug2: channel 0: window 1982492 sent adjust 81892
debug2: channel 0: window 1966080 sent adjust 98304
debug2: channel 0: window 1966080 sent adjust 98304
debug2: channel 0: window 1996848 sent adjust 67536
debug2: channel 0: window 1968080 sent adjust 96304
debug2: channel 0: window 1966080 sent adjust 98304
debug2: channel 0: window 1966080 sent adjust 98304
debug2: channel 0: window 1974422 sent adjust 89962
debug2: channel 0: window 1981900 sent adjust 82484
debug2: channel 0: window 1983028 sent adjust 81356
debug2: channel 0: window 1966080 sent adjust 98304
debug2: channel 0: window 1966080 sent adjust 98304
debug2: channel 0: window 1981900 sent adjust 82484
debug2: channel 0: window 1983028 sent adjust 81356
debug2: channel 0: window 1966080 sent adjust 98304
debug2: channel 0: window 1981900 sent adjust 82484
debug2: channel 0: window 1983028 sent adjust 81356
debug2: channel 0: window 1966080 sent adjust 98304
debug2: channel 0: window 1981900 sent adjust 82484
debug2: channel 0: window 1966896 sent adjust 97488
debug2: channel 0: window 1966080 sent adjust 98304
debug2: channel 0: window 1966080 sent adjust 98304
debug2: channel 0: window 1997848 sent adjust 66536
debug2: channel 0: window 1983556 sent adjust 80828
debug2: channel 0: window 1966080 sent adjust 98304
debug2: channel 0: window 1990162 sent adjust 74222
debug2: channel 0: window 1974766 sent adjust 89618
debug2: channel 0: window 1974366 sent adjust 90018
debug2: channel 0: window 1966080 sent adjust 98304
debug2: channel 0: window 1997160 sent adjust 67224
debug2: channel 0: window 1967768 sent adjust 96616
debug2: channel 0: window 1966080 sent adjust 98304
debug2: channel 0: window 1966080 sent adjust 98304
debug2: channel 0: window 1997160 sent adjust 67224
debug2: channel 0: window 1967768 sent adjust 96616
debug2: channel 0: window 1966080 sent adjust 98304
debug2: channel 0: window 1966080 sent adjust 98304
debug2: channel 0: window 1990218 sent adjust 74166
debug2: channel 0: window 1974710 sent adjust 89674
debug2: channel 0: window 1982724 sent adjust 81660
debug2: channel 0: window 1973574 sent adjust 90810
debug2: channel 0: window 1991354 sent adjust 73030
debug2: channel 0: window 1966080 sent adjust 98304
debug2: channel 0: window 1990210 sent adjust 74174
debug2: channel 0: window 1974718 sent adjust 89666
debug2: channel 0: window 1966080 sent adjust 98304
debug2: channel 0: window 1990210 sent adjust 74174
debug2: channel 0: window 1974718 sent adjust 89666
debug2: channel 0: window 1982644 sent adjust 81740
debug2: channel 0: window 1990122 sent adjust 74262
debug2: channel 0: window 1974806 sent adjust 89578
debug2: channel 0: window 1966080 sent adjust 98304
debug2: channel 0: window 1966080 sent adjust 98304
debug2: channel 0: window 1998408 sent adjust 65976
debug2: channel 0: window 1966520 sent adjust 97864
debug2: channel 0: window 1966080 sent adjust 98304
debug2: channel 0: window 1966080 sent adjust 98304
debug2: channel 0: window 1998408 sent adjust 65976
debug2: channel 0: window 1966520 sent adjust 97864
debug2: channel 0: window 1982700 sent adjust 81684
debug2: channel 0: window 1966080 sent adjust 98304
debug2: channel 0: window 1981788 sent adjust 82596
debug2: channel 0: window 1991394 sent adjust 72990
debug2: channel 0: window 1966080 sent adjust 98304
debug2: channel 0: window 1990178 sent adjust 74206
debug2: channel 0: window 1974750 sent adjust 89634
debug2: channel 0: window 1966080 sent adjust 98304
debug2: channel 0: window 1990178 sent adjust 74206
debug2: channel 0: window 1991258 sent adjust 73126
debug2: channel 0: window 1982492 sent adjust 81892
debug2: channel 0: window 1966080 sent adjust 98304
debug2: channel 0: window 1966080 sent adjust 98304
debug2: channel 0: window 1966080 sent adjust 98304
debug2: channel 0: window 1982548 sent adjust 81836
debug2: channel 0: window 1966080 sent adjust 98304
debug2: channel 0: window 1966080 sent adjust 98304
debug2: channel 0: window 1990730 sent adjust 73654
debug2: channel 0: window 1998240 sent adjust 66144
debug2: channel 0: window 1966688 sent adjust 97696
debug2: channel 0: window 1966080 sent adjust 98304
debug2: channel 0: window 1966080 sent adjust 98304
debug2: channel 0: window 1998240 sent adjust 66144
debug2: channel 0: window 1966688 sent adjust 97696
debug2: channel 0: window 1966080 sent adjust 98304
debug2: channel 0: window 1966080 sent adjust 98304
debug2: channel 0: window 1966080 sent adjust 98304
debug2: channel 0: window 1990346 sent adjust 74038
debug2: channel 0: window 1974582 sent adjust 89802
debug2: channel 0: window 1966080 sent adjust 98304
debug2: channel 0: window 1990346 sent adjust 74038
debug2: channel 0: window 1974582 sent adjust 89802
debug2: channel 0: window 1974598 sent adjust 89786
debug2: channel 0: window 1998336 sent adjust 66048
debug2: channel 0: window 1966592 sent adjust 97792
debug2: channel 0: window 1966080 sent adjust 98304
debug2: channel 0: window 1966080 sent adjust 98304
debug2: channel 0: window 1966080 sent adjust 98304
debug2: channel 0: window 1998448 sent adjust 65936
debug2: channel 0: window 1966480 sent adjust 97904
debug2: channel 0: window 1966080 sent adjust 98304
debug2: channel 0: window 1966080 sent adjust 98304
debug2: channel 0: window 1990330 sent adjust 74054
debug2: channel 0: window 1974598 sent adjust 89786
debug2: channel 0: window 1966080 sent adjust 98304
debug2: channel 0: window 1990330 sent adjust 74054
debug2: channel 0: window 1974598 sent adjust 89786
debug2: channel 0: window 1966080 sent adjust 98304
debug2: channel 0: window 1966080 sent adjust 98304
debug2: channel 0: window 1990330 sent adjust 74054
debug2: channel 0: window 1974598 sent adjust 89786
debug2: channel 0: window 1966080 sent adjust 98304
debug2: channel 0: window 1990330 sent adjust 74054
debug2: channel 0: window 1974598 sent adjust 89786
debug2: channel 0: window 1966080 sent adjust 98304
debug2: channel 0: window 1990330 sent adjust 74054
debug2: channel 0: window 1974598 sent adjust 89786
debug2: channel 0: window 1966080 sent adjust 98304
debug2: channel 0: window 1966080 sent adjust 98304
debug2: channel 0: window 1966080 sent adjust 98304
debug2: channel 0: window 1973870 sent adjust 90514
debug2: channel 0: window 1991058 sent adjust 73326
debug2: channel 0: window 1966080 sent adjust 98304
debug2: channel 0: window 1974958 sent adjust 89426
debug2: channel 0: window 1981452 sent adjust 82932
debug2: channel 0: window 1983476 sent adjust 80908
debug2: channel 0: window 1966080 sent adjust 98304
debug2: channel 0: window 1989970 sent adjust 74414
debug2: channel 0: window 1966840 sent adjust 97544
debug2: channel 0: window 1966080 sent adjust 98304
debug2: channel 0: window 1998088 sent adjust 66296
debug2: channel 0: window 1983292 sent adjust 81092
debug2: channel 0: window 1966080 sent adjust 98304
debug2: channel 0: window 1966080 sent adjust 98304
debug2: channel 0: window 1990746 sent adjust 73638
debug2: channel 0: window 1966080 sent adjust 98304
debug2: channel 0: window 1966080 sent adjust 98304
debug2: channel 0: window 1989738 sent adjust 74646
debug2: channel 0: window 1975190 sent adjust 89194
debug2: channel 0: window 1966080 sent adjust 98304
debug2: channel 0: window 1989738 sent adjust 74646
debug2: channel 0: window 1975190 sent adjust 89194
debug2: channel 0: window 1966080 sent adjust 98304
debug2: channel 0: window 1966080 sent adjust 98304
debug2: channel 0: window 1997528 sent adjust 66856
debug2: channel 0: window 1967400 sent adjust 96984
debug2: channel 0: window 1966080 sent adjust 98304
debug2: channel 0: window 1966080 sent adjust 98304
debug2: channel 0: window 1966080 sent adjust 98304
debug2: channel 0: window 1998616 sent adjust 65768
debug2: channel 0: window 1966312 sent adjust 98072
debug2: channel 0: window 1966080 sent adjust 98304
debug2: channel 0: window 1991042 sent adjust 73342
debug2: channel 0: window 1965536 sent adjust 98848
debug2: channel 0: window 1966624 sent adjust 97760
debug2: channel 0: window 1966080 sent adjust 98304
debug2: channel 0: window 1990746 sent adjust 73638
debug2: channel 0: window 1990682 sent adjust 73702
debug2: channel 0: window 1966080 sent adjust 98304
debug2: channel 0: window 1966080 sent adjust 98304
debug2: channel 0: window 1990154 sent adjust 74230
debug2: channel 0: window 1983036 sent adjust 81348
debug2: channel 0: window 1966080 sent adjust 98304
debug2: channel 0: window 1981892 sent adjust 82492
debug2: channel 0: window 1983036 sent adjust 81348
debug2: channel 0: window 1966080 sent adjust 98304
debug2: channel 0: window 1981892 sent adjust 82492
debug2: channel 0: window 1983036 sent adjust 81348
debug2: channel 0: window 1966080 sent adjust 98304
debug2: channel 0: window 1966080 sent adjust 98304
debug2: channel 0: window 1981892 sent adjust 82492
debug2: channel 0: window 1983036 sent adjust 81348
debug2: channel 0: window 1966080 sent adjust 98304
debug2: channel 0: window 1966080 sent adjust 98304
debug2: channel 0: window 1966080 sent adjust 98304
debug2: channel 0: window 1981892 sent adjust 82492
debug2: channel 0: window 1983036 sent adjust 81348
debug2: channel 0: window 1966080 sent adjust 98304
debug2: channel 0: window 1966456 sent adjust 97928
debug2: channel 0: window 1998368 sent adjust 66016
debug2: channel 0: window 1966560 sent adjust 97824
debug2: channel 0: window 1966080 sent adjust 98304
debug2: channel 0: window 1966080 sent adjust 98304
debug2: channel 0: window 1990210 sent adjust 74174
debug2: channel 0: window 1983036 sent adjust 81348
debug2: channel 0: window 1990674 sent adjust 73710
debug2: channel 0: window 1966080 sent adjust 98304
debug2: channel 0: window 1966080 sent adjust 98304
debug2: channel 0: window 1966080 sent adjust 98304
debug2: channel 0: window 1998328 sent adjust 66056
debug2: channel 0: window 1966600 sent adjust 97784
debug2: channel 0: window 1966216 sent adjust 98168
debug2: channel 0: window 1998192 sent adjust 66192
debug2: channel 0: window 1966736 sent adjust 97648
debug2: channel 0: window 1966080 sent adjust 98304
debug2: channel 0: window 1998192 sent adjust 66192
debug2: channel 0: window 1966736 sent adjust 97648
debug2: channel 0: window 1966080 sent adjust 98304
debug2: channel 0: window 1966080 sent adjust 98304
debug2: channel 0: window 1966080 sent adjust 98304
debug2: channel 0: window 1966080 sent adjust 98304
debug2: channel 0: window 1998568 sent adjust 65816
debug2: channel 0: window 1966360 sent adjust 98024
debug2: channel 0: window 1966080 sent adjust 98304
debug2: channel 0: window 1998568 sent adjust 65816
debug2: channel 0: window 1966360 sent adjust 98024
debug2: channel 0: window 1966080 sent adjust 98304
debug2: channel 0: window 1966080 sent adjust 98304
debug2: channel 0: window 1998712 sent adjust 65672
debug2: channel 0: window 1966216 sent adjust 98168
debug2: channel 0: window 1966080 sent adjust 98304
debug2: channel 0: window 1998712 sent adjust 65672
debug2: channel 0: window 1966216 sent adjust 98168
debug2: channel 0: window 1966080 sent adjust 98304
debug2: channel 0: window 1982980 sent adjust 81404
debug2: channel 0: window 1966080 sent adjust 98304
debug2: channel 0: window 1966080 sent adjust 98304
debug2: channel 0: window 1966080 sent adjust 98304
debug2: channel 0: window 1981948 sent adjust 82436
debug2: channel 0: window 1982980 sent adjust 81404
debug2: channel 0: window 1966080 sent adjust 98304
debug2: channel 0: window 1966080 sent adjust 98304
debug2: channel 0: window 1990826 sent adjust 73558
debug2: channel 0: window 1964552 sent adjust 99832
debug2: channel 0: window 1967608 sent adjust 96776
debug2: channel 0: window 1966080 sent adjust 98304
debug2: channel 0: window 1966080 sent adjust 98304
debug2: channel 0: window 1989970 sent adjust 74414
debug2: channel 0: window 1974958 sent adjust 89426
debug2: channel 0: window 1966080 sent adjust 98304
debug2: channel 0: window 1966080 sent adjust 98304
debug2: channel 0: window 1989970 sent adjust 74414
debug2: channel 0: window 1974958 sent adjust 89426
debug2: channel 0: window 1966080 sent adjust 98304
debug2: channel 0: window 1989970 sent adjust 74414
debug2: channel 0: window 1974958 sent adjust 89426
debug2: channel 0: window 1966080 sent adjust 98304
debug2: channel 0: window 1989970 sent adjust 74414
debug2: channel 0: window 1974958 sent adjust 89426
debug2: channel 0: window 1966080 sent adjust 98304
debug2: channel 0: window 1966080 sent adjust 98304
debug2: channel 0: window 1974102 sent adjust 90282
debug2: channel 0: window 1990826 sent adjust 73558
debug2: channel 0: window 1966080 sent adjust 98304
debug2: channel 0: window 1996776 sent adjust 67608
debug2: channel 0: window 1968152 sent adjust 96232
debug2: channel 0: window 1966080 sent adjust 98304
debug2: channel 0: window 1966080 sent adjust 98304
debug2: channel 0: window 1966080 sent adjust 98304
debug2: channel 0: window 1983060 sent adjust 81324
debug2: channel 0: window 1966080 sent adjust 98304
debug2: channel 0: window 1966080 sent adjust 98304
debug2: channel 0: window 1966080 sent adjust 98304
debug2: channel 0: window 1966080 sent adjust 98304
debug2: channel 0: window 1981868 sent adjust 82516
debug2: channel 0: window 1983060 sent adjust 81324
debug2: channel 0: window 1966080 sent adjust 98304
debug2: channel 0: window 1981868 sent adjust 82516
debug2: channel 0: window 1983060 sent adjust 81324
debug2: channel 0: window 1966080 sent adjust 98304
debug2: channel 0: window 1981868 sent adjust 82516
debug2: channel 0: window 1983060 sent adjust 81324
debug2: channel 0: window 1966080 sent adjust 98304
debug2: channel 0: window 1966080 sent adjust 98304
debug2: channel 0: window 1981868 sent adjust 82516
debug2: channel 0: window 1983060 sent adjust 81324
debug2: channel 0: window 1966456 sent adjust 97928
debug2: channel 0: window 1981492 sent adjust 82892
debug2: channel 0: window 1983436 sent adjust 80948
debug2: channel 0: window 1966080 sent adjust 98304
debug2: channel 0: window 1966080 sent adjust 98304
debug2: channel 0: window 1966080 sent adjust 98304
debug2: channel 0: window 1998472 sent adjust 65912
debug2: channel 0: window 1966456 sent adjust 97928
debug2: channel 0: window 1966080 sent adjust 98304
debug2: channel 0: window 1998472 sent adjust 65912
debug2: channel 0: window 1966456 sent adjust 97928
debug2: channel 0: window 1966080 sent adjust 98304
debug2: channel 0: window 1966080 sent adjust 98304
debug2: channel 0: window 1998472 sent adjust 65912
debug2: channel 0: window 1966456 sent adjust 97928
debug2: channel 0: window 1966080 sent adjust 98304
debug2: channel 0: window 1998472 sent adjust 65912
debug2: channel 0: window 1966456 sent adjust 97928
debug2: channel 0: window 1966080 sent adjust 98304
debug2: channel 0: window 1998472 sent adjust 65912
debug2: channel 0: window 1966456 sent adjust 97928
debug2: channel 0: window 1966080 sent adjust 98304
debug2: channel 0: window 1966560 sent adjust 97824
debug2: channel 0: window 1997992 sent adjust 66392
debug2: channel 0: window 1983348 sent adjust 81036
debug2: channel 0: window 1966080 sent adjust 98304
debug2: channel 0: window 1988490 sent adjust 75894
debug2: channel 0: window 1976438 sent adjust 87946
debug2: channel 0: window 1966080 sent adjust 98304
debug2: channel 0: window 1966080 sent adjust 98304
debug2: channel 0: window 1966080 sent adjust 98304
debug2: channel 0: window 1981956 sent adjust 82428
debug2: channel 0: window 1982972 sent adjust 81412
debug2: channel 0: window 1966080 sent adjust 98304
debug2: channel 0: window 1997368 sent adjust 67016
debug2: channel 0: window 1967560 sent adjust 96824
debug2: channel 0: window 1966080 sent adjust 98304
debug2: channel 0: window 1982748 sent adjust 81636
debug2: channel 0: window 1965288 sent adjust 99096
debug2: channel 0: window 1966872 sent adjust 97512
debug2: channel 0: window 1990722 sent adjust 73662
debug2: channel 0: window 1990690 sent adjust 73694
debug2: channel 0: window 1990658 sent adjust 73726
debug2: channel 0: window 1989762 sent adjust 74622
debug2: channel 0: window 1975166 sent adjust 89218
debug2: channel 0: window 1966080 sent adjust 98304
debug2: channel 0: window 1966080 sent adjust 98304
debug2: channel 0: window 1990242 sent adjust 74142
debug2: channel 0: window 1974686 sent adjust 89698
debug2: channel 0: window 1966080 sent adjust 98304
debug2: channel 0: window 1966080 sent adjust 98304
debug2: channel 0: window 1989762 sent adjust 74622
debug2: channel 0: window 1975166 sent adjust 89218
debug2: channel 0: window 1966080 sent adjust 98304
debug2: channel 0: window 1966080 sent adjust 98304
debug2: channel 0: window 1966080 sent adjust 98304
debug2: channel 0: window 1973886 sent adjust 90498
debug2: channel 0: window 1991042 sent adjust 73342
debug2: channel 0: window 1991010 sent adjust 73374
debug2: channel 0: window 1964832 sent adjust 99552
debug2: channel 0: window 1975558 sent adjust 88826
debug2: channel 0: window 1966080 sent adjust 98304
debug2: channel 0: window 1990162 sent adjust 74222
debug2: channel 0: window 1966624 sent adjust 97760
debug2: channel 0: window 1966080 sent adjust 98304
debug2: channel 0: window 1990722 sent adjust 73662
debug2: channel 0: window 1981956 sent adjust 82428
debug2: channel 0: window 1982972 sent adjust 81412
debug2: channel 0: window 1966080 sent adjust 98304
debug2: channel 0: window 1981956 sent adjust 82428
debug2: channel 0: window 1982972 sent adjust 81412
debug2: channel 0: window 1966080 sent adjust 98304
debug2: channel 0: window 1989762 sent adjust 74622
debug2: channel 0: window 1975166 sent adjust 89218
debug2: channel 0: window 1966080 sent adjust 98304
debug2: channel 0: window 1966080 sent adjust 98304
debug2: channel 0: window 1989762 sent adjust 74622
debug2: channel 0: window 1975166 sent adjust 89218
debug2: channel 0: window 1966080 sent adjust 98304
debug2: channel 0: window 1966080 sent adjust 98304
debug2: channel 0: window 1966080 sent adjust 98304
debug2: channel 0: window 1981956 sent adjust 82428
debug2: channel 0: window 1982972 sent adjust 81412
debug2: channel 0: window 1966080 sent adjust 98304
debug2: channel 0: window 1966080 sent adjust 98304
debug2: channel 0: window 1982348 sent adjust 82036
debug2: channel 0: window 1982580 sent adjust 81804
debug2: channel 0: window 1991122 sent adjust 73262
debug2: channel 0: window 1981932 sent adjust 82452
debug2: channel 0: window 1982996 sent adjust 81388
debug2: channel 0: window 1966080 sent adjust 98304
debug2: channel 0: window 1966080 sent adjust 98304
debug2: channel 0: window 1973806 sent adjust 90578
debug2: channel 0: window 1991122 sent adjust 73262
debug2: channel 0: window 1966240 sent adjust 98144
debug2: channel 0: window 1973646 sent adjust 90738
debug2: channel 0: window 1991282 sent adjust 73102
debug2: channel 0: window 1966080 sent adjust 98304
debug2: channel 0: window 1973646 sent adjust 90738
debug2: channel 0: window 1991282 sent adjust 73102
debug2: channel 0: window 1966080 sent adjust 98304
debug2: channel 0: window 1989522 sent adjust 74862
debug2: channel 0: window 1975406 sent adjust 88978
debug2: channel 0: window 1966080 sent adjust 98304
debug2: channel 0: window 1966080 sent adjust 98304
debug2: channel 0: window 1966080 sent adjust 98304
debug2: channel 0: window 1981684 sent adjust 82700
debug2: channel 0: window 1983244 sent adjust 81140
debug2: channel 0: window 1966080 sent adjust 98304
debug2: channel 0: window 1990978 sent adjust 73406
debug2: channel 0: window 1973790 sent adjust 90594
debug2: channel 0: window 1991138 sent adjust 73246
debug2: channel 0: window 1966080 sent adjust 98304
debug2: channel 0: window 1990738 sent adjust 73646
debug2: channel 0: window 1966080 sent adjust 98304
debug2: channel 0: window 1966080 sent adjust 98304
debug2: channel 0: window 1966080 sent adjust 98304
debug2: channel 0: window 1981900 sent adjust 82484
debug2: channel 0: window 1983028 sent adjust 81356
debug2: channel 0: window 1966080 sent adjust 98304
debug2: channel 0: window 1982060 sent adjust 82324
debug2: channel 0: window 1982868 sent adjust 81516
debug2: channel 0: window 1966080 sent adjust 98304
debug2: channel 0: window 1982060 sent adjust 82324
debug2: channel 0: window 1982868 sent adjust 81516
debug2: channel 0: window 1966080 sent adjust 98304
debug2: channel 0: window 1989626 sent adjust 74758
debug2: channel 0: window 1975302 sent adjust 89082
debug2: channel 0: window 1982780 sent adjust 81604
debug2: channel 0: window 1966080 sent adjust 98304
debug2: channel 0: window 1998128 sent adjust 66256
debug2: channel 0: window 1966800 sent adjust 97584
debug2: channel 0: window 1966080 sent adjust 98304
debug2: channel 0: window 1990770 sent adjust 73614
debug2: channel 0: window 1998336 sent adjust 66048
debug2: channel 0: window 1966592 sent adjust 97792
debug2: channel 0: window 1966080 sent adjust 98304
debug2: channel 0: window 1966080 sent adjust 98304
debug2: channel 0: window 1990226 sent adjust 74158
debug2: channel 0: window 1974702 sent adjust 89682
debug2: channel 0: window 1966080 sent adjust 98304
debug2: channel 0: window 1990226 sent adjust 74158
debug2: channel 0: window 1974702 sent adjust 89682
debug2: channel 0: window 1982676 sent adjust 81708
debug2: channel 0: window 1973630 sent adjust 90754
debug2: channel 0: window 1991298 sent adjust 73086
debug2: channel 0: window 1966080 sent adjust 98304
debug2: channel 0: window 1973630 sent adjust 90754
debug2: channel 0: window 1991298 sent adjust 73086
debug2: channel 0: window 1966080 sent adjust 98304
debug2: channel 0: window 1973630 sent adjust 90754
debug2: channel 0: window 1991298 sent adjust 73086
debug2: channel 0: window 1966080 sent adjust 98304
debug2: channel 0: window 1997176 sent adjust 67208
debug2: channel 0: window 1967752 sent adjust 96632
debug2: channel 0: window 1966080 sent adjust 98304
debug2: channel 0: window 1966080 sent adjust 98304
debug2: channel 0: window 1966080 sent adjust 98304
debug2: channel 0: window 1966080 sent adjust 98304
debug2: channel 0: window 1982252 sent adjust 82132
debug2: channel 0: window 1982676 sent adjust 81708
debug2: channel 0: window 1966080 sent adjust 98304
debug2: channel 0: window 1966080 sent adjust 98304
debug2: channel 0: window 1982252 sent adjust 82132
debug2: channel 0: window 1982676 sent adjust 81708
debug2: channel 0: window 1991122 sent adjust 73262
debug2: channel 0: window 1973798 sent adjust 90586
debug2: channel 0: window 1991130 sent adjust 73254
debug2: channel 0: window 1966080 sent adjust 98304
debug2: channel 0: window 1973806 sent adjust 90578
debug2: channel 0: window 1991122 sent adjust 73262
debug2: channel 0: window 1982604 sent adjust 81780
debug2: channel 0: window 1966080 sent adjust 98304
debug2: channel 0: window 1966080 sent adjust 98304
debug2: channel 0: window 1966080 sent adjust 98304
debug2: channel 0: window 1990050 sent adjust 74334
debug2: channel 0: window 1974878 sent adjust 89506
debug2: channel 0: window 1966080 sent adjust 98304
debug2: channel 0: window 1966080 sent adjust 98304
debug2: channel 0: window 1990050 sent adjust 74334
debug2: channel 0: window 1974878 sent adjust 89506
debug2: channel 0: window 1966080 sent adjust 98304
debug2: channel 0: window 1966080 sent adjust 98304
debug2: channel 0: window 1990906 sent adjust 73478
debug2: channel 0: window 1972774 sent adjust 91610
debug2: channel 0: window 1992154 sent adjust 72230
debug2: channel 0: window 1966080 sent adjust 98304
debug2: channel 0: window 1997992 sent adjust 66392
debug2: channel 0: window 1966936 sent adjust 97448
debug2: channel 0: window 1966080 sent adjust 98304
debug2: channel 0: window 1966080 sent adjust 98304
debug2: channel 0: window 1990266 sent adjust 74118
debug2: channel 0: window 1974662 sent adjust 89722
debug2: channel 0: window 1966080 sent adjust 98304
debug2: channel 0: window 1966080 sent adjust 98304
debug2: channel 0: window 1974022 sent adjust 90362
debug2: channel 0: window 1990906 sent adjust 73478
debug2: channel 0: window 1966080 sent adjust 98304
debug2: channel 0: window 1974022 sent adjust 90362
debug2: channel 0: window 1990906 sent adjust 73478
debug2: channel 0: window 1966080 sent adjust 98304
debug2: channel 0: window 1974022 sent adjust 90362
debug2: channel 0: window 1990906 sent adjust 73478
debug2: channel 0: window 1974702 sent adjust 89682
debug2: channel 0: window 1980852 sent adjust 83532
debug2: channel 0: window 1984076 sent adjust 80308
debug2: channel 0: window 1966080 sent adjust 98304
debug2: channel 0: window 1966080 sent adjust 98304
debug2: channel 0: window 1996920 sent adjust 67464
debug2: channel 0: window 1968008 sent adjust 96376
debug2: channel 0: window 1966080 sent adjust 98304
debug2: channel 0: window 1966080 sent adjust 98304
debug2: channel 0: window 1966080 sent adjust 98304
debug2: channel 0: window 1990226 sent adjust 74158
debug2: channel 0: window 1974702 sent adjust 89682
debug2: channel 0: window 1982732 sent adjust 81652
debug2: channel 0: window 1973574 sent adjust 90810
debug2: channel 0: window 1991354 sent adjust 73030
debug2: channel 0: window 1974326 sent adjust 90058
debug2: channel 0: window 1998096 sent adjust 66288
debug2: channel 0: window 1966832 sent adjust 97552
debug2: channel 0: window 1966080 sent adjust 98304
debug2: channel 0: window 1998096 sent adjust 66288
debug2: channel 0: window 1991506 sent adjust 72878
debug2: channel 0: window 1966080 sent adjust 98304
debug2: channel 0: window 1973422 sent adjust 90962
debug2: channel 0: window 1991506 sent adjust 72878
debug2: channel 0: window 1966080 sent adjust 98304
debug2: channel 0: window 1966080 sent adjust 98304
debug2: channel 0: window 1982044 sent adjust 82340
debug2: channel 0: window 1982884 sent adjust 81500
debug2: channel 0: window 1966080 sent adjust 98304
debug2: channel 0: window 1982044 sent adjust 82340
debug2: channel 0: window 1982884 sent adjust 81500
debug2: channel 0: window 1966080 sent adjust 98304
debug2: channel 0: window 1966080 sent adjust 98304
debug2: channel 0: window 1997608 sent adjust 66776
debug2: channel 0: window 1975814 sent adjust 88570
debug2: channel 0: window 1966080 sent adjust 98304
debug2: channel 0: window 1966080 sent adjust 98304
debug2: channel 0: window 1966080 sent adjust 98304
debug2: channel 0: window 1990202 sent adjust 74182
debug2: channel 0: window 1974726 sent adjust 89658
debug2: channel 0: window 1966224 sent adjust 98160
debug2: channel 0: window 1998304 sent adjust 66080
debug2: channel 0: window 1966624 sent adjust 97760
debug2: channel 0: window 1990706 sent adjust 73678
debug2: channel 0: window 1998352 sent adjust 66032
debug2: channel 0: window 1974798 sent adjust 89586
debug2: channel 0: window 1966080 sent adjust 98304
debug2: channel 0: window 1990130 sent adjust 74254
debug2: channel 0: window 1974798 sent adjust 89586
debug2: channel 0: window 1966080 sent adjust 98304
debug2: channel 0: window 1990130 sent adjust 74254
debug2: channel 0: window 1974798 sent adjust 89586
debug2: channel 0: window 1966080 sent adjust 98304
debug2: channel 0: window 1990130 sent adjust 74254
debug2: channel 0: window 1974798 sent adjust 89586
debug2: channel 0: window 1966080 sent adjust 98304
debug2: channel 0: window 1966080 sent adjust 98304
debug2: channel 0: window 1990130 sent adjust 74254
debug2: channel 0: window 1974798 sent adjust 89586
debug2: channel 0: window 1966080 sent adjust 98304
debug2: channel 0: window 1966080 sent adjust 98304
debug2: channel 0: window 1991018 sent adjust 73366
debug2: channel 0: window 1973686 sent adjust 90698
debug2: channel 0: window 1991242 sent adjust 73142
debug2: channel 0: window 1974326 sent adjust 90058
debug2: channel 0: window 1965584 sent adjust 98800
debug2: channel 0: window 1966576 sent adjust 97808
debug2: channel 0: window 1982532 sent adjust 81852
debug2: channel 0: window 1966080 sent adjust 98304
debug2: channel 0: window 1990706 sent adjust 73678
debug2: channel 0: window 1966080 sent adjust 98304
debug2: channel 0: window 1966080 sent adjust 98304
debug2: channel 0: window 1990122 sent adjust 74262
debug2: channel 0: window 1974806 sent adjust 89578
debug2: channel 0: window 1966080 sent adjust 98304
debug2: channel 0: window 1990122 sent adjust 74262
debug2: channel 0: window 1974806 sent adjust 89578
debug2: channel 0: window 1966080 sent adjust 98304
debug2: channel 0: window 1990122 sent adjust 74262
debug2: channel 0: window 1974806 sent adjust 89578
debug2: channel 0: window 1966080 sent adjust 98304
debug2: channel 0: window 1966080 sent adjust 98304
debug2: channel 0: window 1997368 sent adjust 67016
debug2: channel 0: window 1967560 sent adjust 96824
debug2: channel 0: window 1966080 sent adjust 98304
debug2: channel 0: window 1966080 sent adjust 98304
debug2: channel 0: window 1991026 sent adjust 73358
debug2: channel 0: window 1965592 sent adjust 98792
debug2: channel 0: window 1966568 sent adjust 97816
debug2: channel 0: window 1966080 sent adjust 98304
debug2: channel 0: window 1990746 sent adjust 73638
debug2: channel 0: window 1990146 sent adjust 74238
debug2: channel 0: window 1974782 sent adjust 89602
debug2: channel 0: window 1966080 sent adjust 98304
debug2: channel 0: window 1966080 sent adjust 98304
debug2: channel 0: window 1982004 sent adjust 82380
debug2: channel 0: window 1991226 sent adjust 73158
debug2: channel 0: window 1982500 sent adjust 81884
debug2: channel 0: window 1966080 sent adjust 98304
debug2: channel 0: window 1966080 sent adjust 98304
debug2: channel 0: window 1966080 sent adjust 98304
debug2: channel 0: window 1990050 sent adjust 74334
debug2: channel 0: window 1974878 sent adjust 89506
debug2: channel 0: window 1982596 sent adjust 81788
debug2: channel 0: window 1982484 sent adjust 81900
debug2: channel 0: window 1966080 sent adjust 98304
debug2: channel 0: window 1966080 sent adjust 98304
debug2: channel 0: window 1966080 sent adjust 98304
debug2: channel 0: window 1966080 sent adjust 98304
debug2: channel 0: window 1989898 sent adjust 74486
debug2: channel 0: window 1975030 sent adjust 89354
debug2: channel 0: window 1966080 sent adjust 98304
debug2: channel 0: window 1966080 sent adjust 98304
debug2: channel 0: window 1982076 sent adjust 82308
debug2: channel 0: window 1982852 sent adjust 81532
debug2: channel 0: window 1990890 sent adjust 73494
debug2: channel 0: window 1997856 sent adjust 66528
debug2: channel 0: window 1991674 sent adjust 72710
debug2: channel 0: window 1990690 sent adjust 73694
debug2: channel 0: window 1973790 sent adjust 90594
debug2: channel 0: window 1991138 sent adjust 73246
debug2: channel 0: window 1974326 sent adjust 90058
debug2: channel 0: window 1981964 sent adjust 82420
debug2: channel 0: window 1982964 sent adjust 81420
debug2: channel 0: window 1974342 sent adjust 90042
debug2: channel 0: window 1973702 sent adjust 90682
debug2: channel 0: window 1991226 sent adjust 73158
debug2: channel 0: window 1966080 sent adjust 98304
debug2: channel 0: window 1990218 sent adjust 74166
debug2: channel 0: window 1974710 sent adjust 89674
debug2: channel 0: window 1966080 sent adjust 98304
debug2: channel 0: window 1966080 sent adjust 98304
debug2: channel 0: window 1973854 sent adjust 90530
debug2: channel 0: window 1991074 sent adjust 73310
debug2: channel 0: window 1966080 sent adjust 98304
debug2: channel 0: window 1989850 sent adjust 74534
debug2: channel 0: window 1991706 sent adjust 72678
debug2: channel 0: window 1966080 sent adjust 98304
debug2: channel 0: window 1989994 sent adjust 74390
debug2: channel 0: window 1991378 sent adjust 73006
debug2: channel 0: window 1990674 sent adjust 73710
debug2: channel 0: window 1998368 sent adjust 66016
debug2: channel 0: window 1966560 sent adjust 97824
debug2: channel 0: window 1966080 sent adjust 98304
debug2: channel 0: window 1966080 sent adjust 98304
debug2: channel 0: window 1966080 sent adjust 98304
debug2: channel 0: window 1998456 sent adjust 65928
debug2: channel 0: window 1966472 sent adjust 97912
debug2: channel 0: window 1966080 sent adjust 98304
debug2: channel 0: window 1966080 sent adjust 98304
debug2: channel 0: window 1973950 sent adjust 90434
debug2: channel 0: window 1990978 sent adjust 73406
debug2: channel 0: window 1982732 sent adjust 81652
debug2: channel 0: window 1966080 sent adjust 98304
debug2: channel 0: window 1966080 sent adjust 98304
debug2: channel 0: window 1966080 sent adjust 98304
debug2: channel 0: window 1990066 sent adjust 74318
debug2: channel 0: window 1974862 sent adjust 89522
debug2: channel 0: window 1966080 sent adjust 98304
debug2: channel 0: window 1966080 sent adjust 98304
debug2: channel 0: window 1973926 sent adjust 90458
debug2: channel 0: window 1991002 sent adjust 73382
debug2: channel 0: window 1966080 sent adjust 98304
debug2: channel 0: window 1989882 sent adjust 74502
debug2: channel 0: window 1983484 sent adjust 80900
debug2: channel 0: window 1966080 sent adjust 98304
debug2: channel 0: window 1966080 sent adjust 98304
debug2: channel 0: window 1997888 sent adjust 66496
debug2: channel 0: window 1967040 sent adjust 97344
debug2: channel 0: window 1974390 sent adjust 89994
debug2: channel 0: window 1966080 sent adjust 98304
debug2: channel 0: window 1998216 sent adjust 66168
debug2: channel 0: window 1966712 sent adjust 97672
debug2: channel 0: window 1966080 sent adjust 98304
debug2: channel 0: window 1966080 sent adjust 98304
debug2: channel 0: window 1990794 sent adjust 73590
debug2: channel 0: window 1966080 sent adjust 98304
debug2: channel 0: window 1966080 sent adjust 98304
debug2: channel 0: window 1966080 sent adjust 98304
debug2: channel 0: window 1990154 sent adjust 74230
debug2: channel 0: window 1983060 sent adjust 81324
debug2: channel 0: window 1966080 sent adjust 98304
debug2: channel 0: window 1981868 sent adjust 82516
debug2: channel 0: window 1983060 sent adjust 81324
debug2: channel 0: window 1966080 sent adjust 98304
debug2: channel 0: window 1981868 sent adjust 82516
debug2: channel 0: window 1983060 sent adjust 81324
debug2: channel 0: window 1966080 sent adjust 98304
debug2: channel 0: window 1997984 sent adjust 66400
debug2: channel 0: window 1966944 sent adjust 97440
debug2: channel 0: window 1966080 sent adjust 98304
debug2: channel 0: window 1974526 sent adjust 89858
debug2: channel 0: window 1997336 sent adjust 67048
debug2: channel 0: window 1967592 sent adjust 96792
debug2: channel 0: window 1966080 sent adjust 98304
debug2: channel 0: window 1966080 sent adjust 98304
debug2: channel 0: window 1997408 sent adjust 66976
debug2: channel 0: window 1967520 sent adjust 96864
debug2: channel 0: window 1966080 sent adjust 98304
debug2: channel 0: window 1966080 sent adjust 98304
debug2: channel 0: window 1966080 sent adjust 98304
debug2: channel 0: window 1982116 sent adjust 82268
debug2: channel 0: window 1982812 sent adjust 81572
debug2: channel 0: window 1966080 sent adjust 98304
debug2: channel 0: window 1990402 sent adjust 73982
debug2: channel 0: window 1974526 sent adjust 89858
debug2: channel 0: window 1966080 sent adjust 98304
debug2: channel 0: window 1990402 sent adjust 73982
debug2: channel 0: window 1974526 sent adjust 89858
debug2: channel 0: window 1966080 sent adjust 98304
debug2: channel 0: window 1990402 sent adjust 73982
debug2: channel 0: window 1974526 sent adjust 89858
debug2: channel 0: window 1966080 sent adjust 98304
debug2: channel 0: window 1966080 sent adjust 98304
debug2: channel 0: window 1990402 sent adjust 73982
debug2: channel 0: window 1974526 sent adjust 89858
debug2: channel 0: window 1966080 sent adjust 98304
debug2: channel 0: window 1966080 sent adjust 98304
debug2: channel 0: window 1966080 sent adjust 98304
debug2: channel 0: window 1966080 sent adjust 98304
debug2: channel 0: window 1966080 sent adjust 98304
debug2: channel 0: window 1966080 sent adjust 98304
debug2: channel 0: window 1966080 sent adjust 98304
debug2: channel 0: window 1966080 sent adjust 98304
debug2: channel 0: window 1966824 sent adjust 97560
debug2: channel 0: window 1965336 sent adjust 99048
debug2: channel 0: window 1966824 sent adjust 97560
debug2: channel 0: window 1966080 sent adjust 98304
debug2: channel 0: window 1998104 sent adjust 66280
debug2: channel 0: window 1966824 sent adjust 97560
debug2: channel 0: window 1966080 sent adjust 98304
debug2: channel 0: window 1998104 sent adjust 66280
debug2: channel 0: window 1975166 sent adjust 89218
debug2: channel 0: window 1966080 sent adjust 98304
debug2: channel 0: window 1989762 sent adjust 74622
debug2: channel 0: window 1991618 sent adjust 72766
debug2: channel 0: window 1966080 sent adjust 98304
debug2: channel 0: window 1966080 sent adjust 98304
debug2: channel 0: window 1973310 sent adjust 91074
debug2: channel 0: window 1991618 sent adjust 72766
debug2: channel 0: window 1966080 sent adjust 98304
debug2: channel 0: window 1966080 sent adjust 98304
debug2: channel 0: window 1973310 sent adjust 91074
debug2: channel 0: window 1991618 sent adjust 72766
debug2: channel 0: window 1966080 sent adjust 98304
debug2: channel 0: window 1966080 sent adjust 98304
debug2: channel 0: window 1966080 sent adjust 98304
debug2: channel 0: window 1973310 sent adjust 91074
debug2: channel 0: window 1991618 sent adjust 72766
debug2: channel 0: window 1966080 sent adjust 98304
debug2: channel 0: window 1974054 sent adjust 90330
debug2: channel 0: window 1990874 sent adjust 73510
debug2: channel 0: window 1966080 sent adjust 98304
debug2: channel 0: window 1974054 sent adjust 90330
debug2: channel 0: window 1990874 sent adjust 73510
debug2: channel 0: window 1966080 sent adjust 98304
debug2: channel 0: window 1966080 sent adjust 98304
debug2: channel 0: window 1991146 sent adjust 73238
debug2: channel 0: window 1966080 sent adjust 98304
debug2: channel 0: window 1966080 sent adjust 98304
debug2: channel 0: window 1966080 sent adjust 98304
debug2: channel 0: window 1973782 sent adjust 90602
debug2: channel 0: window 1991146 sent adjust 73238
debug2: channel 0: window 1966080 sent adjust 98304
debug2: channel 0: window 1981012 sent adjust 83372
debug2: channel 0: window 1983916 sent adjust 80468
debug2: channel 0: window 1974462 sent adjust 89922
debug2: channel 0: window 1998168 sent adjust 66216
debug2: channel 0: window 1966760 sent adjust 97624
debug2: channel 0: window 1966080 sent adjust 98304
debug2: channel 0: window 1966080 sent adjust 98304
debug2: channel 0: window 1974382 sent adjust 90002
debug2: channel 0: window 1989866 sent adjust 74518
debug2: channel 0: window 1975062 sent adjust 89322
debug2: channel 0: window 1966080 sent adjust 98304
debug2: channel 0: window 1989866 sent adjust 74518
debug2: channel 0: window 1975062 sent adjust 89322
debug2: channel 0: window 1966208 sent adjust 98176
debug2: channel 0: window 1989738 sent adjust 74646
debug2: channel 0: window 1975190 sent adjust 89194
debug2: channel 0: window 1966080 sent adjust 98304
debug2: channel 0: window 1966080 sent adjust 98304
debug2: channel 0: window 1989738 sent adjust 74646
debug2: channel 0: window 1975190 sent adjust 89194
debug2: channel 0: window 1966080 sent adjust 98304
debug2: channel 0: window 1990826 sent adjust 73558
debug2: channel 0: window 1966080 sent adjust 98304
debug2: channel 0: window 1990698 sent adjust 73686
debug2: channel 0: window 1998208 sent adjust 66176
debug2: channel 0: window 1966752 sent adjust 97632
debug2: channel 0: window 1966080 sent adjust 98304
debug2: channel 0: window 1974334 sent adjust 90050
debug2: channel 0: window 1988122 sent adjust 76262
debug2: channel 0: window 1976806 sent adjust 87578
debug2: channel 0: window 1966136 sent adjust 98248
debug2: channel 0: window 1966080 sent adjust 98304
debug2: channel 0: window 1966080 sent adjust 98304
debug2: channel 0: window 1982548 sent adjust 81836
debug2: channel 0: window 1966080 sent adjust 98304
debug2: channel 0: window 1974310 sent adjust 90074
debug2: channel 0: window 1981980 sent adjust 82404
debug2: channel 0: window 1982948 sent adjust 81436
debug2: channel 0: window 1966080 sent adjust 98304
debug2: channel 0: window 1989186 sent adjust 75198
debug2: channel 0: window 1992210 sent adjust 72174
debug2: channel 0: window 1990690 sent adjust 73694
debug2: channel 0: window 1973670 sent adjust 90714
debug2: channel 0: window 1991258 sent adjust 73126
debug2: channel 0: window 1966080 sent adjust 98304
debug2: channel 0: window 1998416 sent adjust 65968
debug2: channel 0: window 1966512 sent adjust 97872
debug2: channel 0: window 1966080 sent adjust 98304
debug2: channel 0: window 1966080 sent adjust 98304
debug2: channel 0: window 1990298 sent adjust 74086
debug2: channel 0: window 1974630 sent adjust 89754
debug2: channel 0: window 1966080 sent adjust 98304
debug2: channel 0: window 1966080 sent adjust 98304
debug2: channel 0: window 1998552 sent adjust 65832
debug2: channel 0: window 1966376 sent adjust 98008
debug2: channel 0: window 1966080 sent adjust 98304
debug2: channel 0: window 1966080 sent adjust 98304
debug2: channel 0: window 1998608 sent adjust 65776
debug2: channel 0: window 1966320 sent adjust 98064
debug2: channel 0: window 1966080 sent adjust 98304
debug2: channel 0: window 1966488 sent adjust 97896
debug2: channel 0: window 1990130 sent adjust 74254
debug2: channel 0: window 1974798 sent adjust 89586
debug2: channel 0: window 1966080 sent adjust 98304
debug2: channel 0: window 1966080 sent adjust 98304
debug2: channel 0: window 1998440 sent adjust 65944
debug2: channel 0: window 1966488 sent adjust 97896
debug2: channel 0: window 1982612 sent adjust 81772
debug2: channel 0: window 1981908 sent adjust 82476
debug2: channel 0: window 1983020 sent adjust 81364
debug2: channel 0: window 1974334 sent adjust 90050
debug2: channel 0: window 1973654 sent adjust 90730
debug2: channel 0: window 1991274 sent adjust 73110
debug2: channel 0: window 1966080 sent adjust 98304
debug2: channel 0: window 1989730 sent adjust 74654
debug2: channel 0: window 1991682 sent adjust 72702
debug2: channel 0: window 1966080 sent adjust 98304
debug2: channel 0: window 1989938 sent adjust 74446
debug2: channel 0: window 1974990 sent adjust 89394
debug2: channel 0: window 1966080 sent adjust 98304
debug2: channel 0: window 1997400 sent adjust 66984
debug2: channel 0: window 1967528 sent adjust 96856
debug2: channel 0: window 1966080 sent adjust 98304
debug2: channel 0: window 1966080 sent adjust 98304
debug2: channel 0: window 1966080 sent adjust 98304
debug2: channel 0: window 1990346 sent adjust 74038
debug2: channel 0: window 1974582 sent adjust 89802
debug2: channel 0: window 1966080 sent adjust 98304
debug2: channel 0: window 1998096 sent adjust 66288
debug2: channel 0: window 1966832 sent adjust 97552
debug2: channel 0: window 1966080 sent adjust 98304
debug2: channel 0: window 1966080 sent adjust 98304
debug2: channel 0: window 1966080 sent adjust 98304
debug2: channel 0: window 1990554 sent adjust 73830
debug2: channel 0: window 1974374 sent adjust 90010
debug2: channel 0: window 1966080 sent adjust 98304
debug2: channel 0: window 1974742 sent adjust 89642
debug2: channel 0: window 1973702 sent adjust 90682
debug2: channel 0: window 1991226 sent adjust 73158
debug2: channel 0: window 1966080 sent adjust 98304
debug2: channel 0: window 1990186 sent adjust 74198
debug2: channel 0: window 1974742 sent adjust 89642
debug2: channel 0: window 1966080 sent adjust 98304
debug2: channel 0: window 1990186 sent adjust 74198
debug2: channel 0: window 1983084 sent adjust 81300
debug2: channel 0: window 1966080 sent adjust 98304
debug2: channel 0: window 1989162 sent adjust 75222
debug2: channel 0: window 1975766 sent adjust 88618
debug2: channel 0: window 1966176 sent adjust 98208
debug2: channel 0: window 1966080 sent adjust 98304
debug2: channel 0: window 1981748 sent adjust 82636
debug2: channel 0: window 1983180 sent adjust 81204
debug2: channel 0: window 1966080 sent adjust 98304
debug2: channel 0: window 1966080 sent adjust 98304
debug2: channel 0: window 1989778 sent adjust 74606
debug2: channel 0: window 1983492 sent adjust 80892
debug2: channel 0: window 1966080 sent adjust 98304
debug2: channel 0: window 1966080 sent adjust 98304
debug2: channel 0: window 1989690 sent adjust 74694
debug2: channel 0: window 1967128 sent adjust 97256
debug2: channel 0: window 1966080 sent adjust 98304
debug2: channel 0: window 1982516 sent adjust 81868
debug2: channel 0: window 1973742 sent adjust 90642
debug2: channel 0: window 1991186 sent adjust 73198
debug2: channel 0: window 1966080 sent adjust 98304
debug2: channel 0: window 1973742 sent adjust 90642
debug2: channel 0: window 1991186 sent adjust 73198
debug2: channel 0: window 1966080 sent adjust 98304
debug2: channel 0: window 1982084 sent adjust 82300
debug2: channel 0: window 1966616 sent adjust 97768
debug2: channel 0: window 1966080 sent adjust 98304
debug2: channel 0: window 1966080 sent adjust 98304
debug2: channel 0: window 1998408 sent adjust 65976
debug2: channel 0: window 1966520 sent adjust 97864
debug2: channel 0: window 1982588 sent adjust 81796
debug2: channel 0: window 1981900 sent adjust 82484
debug2: channel 0: window 1983028 sent adjust 81356
debug2: channel 0: window 1966080 sent adjust 98304
debug2: channel 0: window 1966080 sent adjust 98304
debug2: channel 0: window 1997568 sent adjust 66816
debug2: channel 0: window 1967360 sent adjust 97024
debug2: channel 0: window 1966080 sent adjust 98304
debug2: channel 0: window 1966080 sent adjust 98304
debug2: channel 0: window 1966080 sent adjust 98304
debug2: channel 0: window 1998568 sent adjust 65816
debug2: channel 0: window 1966360 sent adjust 98024
debug2: channel 0: window 1966080 sent adjust 98304
debug2: channel 0: window 1998568 sent adjust 65816
debug2: channel 0: window 1991234 sent adjust 73150
debug2: channel 0: window 1966080 sent adjust 98304
debug2: channel 0: window 1973694 sent adjust 90690
debug2: channel 0: window 1991234 sent adjust 73150
debug2: channel 0: window 1966080 sent adjust 98304
debug2: channel 0: window 1990234 sent adjust 74150
debug2: channel 0: window 1974694 sent adjust 89690
debug2: channel 0: window 1966080 sent adjust 98304
debug2: channel 0: window 1990234 sent adjust 74150
debug2: channel 0: window 1974694 sent adjust 89690
debug2: channel 0: window 1966080 sent adjust 98304
debug2: channel 0: window 1966080 sent adjust 98304
debug2: channel 0: window 1973974 sent adjust 90410
debug2: channel 0: window 1990954 sent adjust 73430
debug2: channel 0: window 1966080 sent adjust 98304
debug2: channel 0: window 1966080 sent adjust 98304
debug2: channel 0: window 1998136 sent adjust 66248
debug2: channel 0: window 1966792 sent adjust 97592
debug2: channel 0: window 1966080 sent adjust 98304
debug2: channel 0: window 1966080 sent adjust 98304
debug2: channel 0: window 1966080 sent adjust 98304
debug2: channel 0: window 1973974 sent adjust 90410
debug2: channel 0: window 1990954 sent adjust 73430
debug2: channel 0: window 1966592 sent adjust 97792
debug2: channel 0: window 1998336 sent adjust 66048
debug2: channel 0: window 1966592 sent adjust 97792
debug2: channel 0: window 1966080 sent adjust 98304
debug2: channel 0: window 1998336 sent adjust 66048
debug2: channel 0: window 1966592 sent adjust 97792
debug2: channel 0: window 1966080 sent adjust 98304
debug2: channel 0: window 1998336 sent adjust 66048
debug2: channel 0: window 1966592 sent adjust 97792
debug2: channel 0: window 1966080 sent adjust 98304
debug2: channel 0: window 1966080 sent adjust 98304
debug2: channel 0: window 1998336 sent adjust 66048
debug2: channel 0: window 1966592 sent adjust 97792
debug2: channel 0: window 1966080 sent adjust 98304
debug2: channel 0: window 1998336 sent adjust 66048
debug2: channel 0: window 1966904 sent adjust 97480
debug2: channel 0: window 1966080 sent adjust 98304
debug2: channel 0: window 1966080 sent adjust 98304
debug2: channel 0: window 1966080 sent adjust 98304
debug2: channel 0: window 1998024 sent adjust 66360
debug2: channel 0: window 1967016 sent adjust 97368
debug2: channel 0: window 1966080 sent adjust 98304
debug2: channel 0: window 1966080 sent adjust 98304
debug2: channel 0: window 1997912 sent adjust 66472
debug2: channel 0: window 1983476 sent adjust 80908
debug2: channel 0: window 1966080 sent adjust 98304
debug2: channel 0: window 1981964 sent adjust 82420
debug2: channel 0: window 1982964 sent adjust 81420
debug2: channel 0: window 1966080 sent adjust 98304
debug2: channel 0: window 1981964 sent adjust 82420
debug2: channel 0: window 1982964 sent adjust 81420
debug2: channel 0: window 1966080 sent adjust 98304
debug2: channel 0: window 1981964 sent adjust 82420
debug2: channel 0: window 1982964 sent adjust 81420
debug2: channel 0: window 1974502 sent adjust 89882
debug2: channel 0: window 1966080 sent adjust 98304
debug2: channel 0: window 1973542 sent adjust 90842
debug2: channel 0: window 1991386 sent adjust 72998
debug2: channel 0: window 1966080 sent adjust 98304
debug2: channel 0: window 1980924 sent adjust 83460
debug2: channel 0: window 1984004 sent adjust 80380
debug2: channel 0: window 1966080 sent adjust 98304
debug2: channel 0: window 1966080 sent adjust 98304
debug2: channel 0: window 1966080 sent adjust 98304
debug2: channel 0: window 1980924 sent adjust 83460
debug2: channel 0: window 1984004 sent adjust 80380
debug2: channel 0: window 1966080 sent adjust 98304
debug2: channel 0: window 1966080 sent adjust 98304
debug2: channel 0: window 1990426 sent adjust 73958
debug2: channel 0: window 1974814 sent adjust 89570
debug2: channel 0: window 1966080 sent adjust 98304
debug2: channel 0: window 1990114 sent adjust 74270
debug2: channel 0: window 1974814 sent adjust 89570
debug2: channel 0: window 1966080 sent adjust 98304
debug2: channel 0: window 1990114 sent adjust 74270
debug2: channel 0: window 1974814 sent adjust 89570
debug2: channel 0: window 1966080 sent adjust 98304
debug2: channel 0: window 1990114 sent adjust 74270
debug2: channel 0: window 1974814 sent adjust 89570
debug2: channel 0: window 1966080 sent adjust 98304
debug2: channel 0: window 1974526 sent adjust 89858
debug2: channel 0: window 1990090 sent adjust 74294
debug2: channel 0: window 1974838 sent adjust 89546
debug2: channel 0: window 1966080 sent adjust 98304
debug2: channel 0: window 1990746 sent adjust 73638
debug2: channel 0: window 1965424 sent adjust 98960
debug2: channel 0: window 1966736 sent adjust 97648
debug2: channel 0: window 1966080 sent adjust 98304
debug2: channel 0: window 1966080 sent adjust 98304
debug2: channel 0: window 1966080 sent adjust 98304
debug2: channel 0: window 1998192 sent adjust 66192
debug2: channel 0: window 1966736 sent adjust 97648
debug2: channel 0: window 1966248 sent adjust 98136
debug2: channel 0: window 1998336 sent adjust 66048
debug2: channel 0: window 1966592 sent adjust 97792
debug2: channel 0: window 1966080 sent adjust 98304
debug2: channel 0: window 1998336 sent adjust 66048
debug2: channel 0: window 1966592 sent adjust 97792
debug2: channel 0: window 1966080 sent adjust 98304
debug2: channel 0: window 1998336 sent adjust 66048
debug2: channel 0: window 1966592 sent adjust 97792
debug2: channel 0: window 1966080 sent adjust 98304
debug2: channel 0: window 1966080 sent adjust 98304
debug2: channel 0: window 1998584 sent adjust 65800
debug2: channel 0: window 1966344 sent adjust 98040
debug2: channel 0: window 1966080 sent adjust 98304
debug2: channel 0: window 1966080 sent adjust 98304
debug2: channel 0: window 1974014 sent adjust 90370
debug2: channel 0: window 1990914 sent adjust 73470
debug2: channel 0: window 1966080 sent adjust 98304
debug2: channel 0: window 1966080 sent adjust 98304
debug2: channel 0: window 1998680 sent adjust 65704
debug2: channel 0: window 1991242 sent adjust 73142
debug2: channel 0: window 1966080 sent adjust 98304
debug2: channel 0: window 1990714 sent adjust 73670
debug2: channel 0: window 1966080 sent adjust 98304
debug2: channel 0: window 1966080 sent adjust 98304
debug2: channel 0: window 1966080 sent adjust 98304
debug2: channel 0: window 1981988 sent adjust 82396
debug2: channel 0: window 1982940 sent adjust 81444
debug2: channel 0: window 1966080 sent adjust 98304
debug2: channel 0: window 1981988 sent adjust 82396
debug2: channel 0: window 1982940 sent adjust 81444
debug2: channel 0: window 1974470 sent adjust 89914
debug2: channel 0: window 1973598 sent adjust 90786
debug2: channel 0: window 1991330 sent adjust 73054
debug2: channel 0: window 1966080 sent adjust 98304
debug2: channel 0: window 1966080 sent adjust 98304
debug2: channel 0: window 1981532 sent adjust 82852
debug2: channel 0: window 1983396 sent adjust 80988
debug2: channel 0: window 1966080 sent adjust 98304
debug2: channel 0: window 1966080 sent adjust 98304
debug2: channel 0: window 1973598 sent adjust 90786
debug2: channel 0: window 1991330 sent adjust 73054
debug2: channel 0: window 1966080 sent adjust 98304
debug2: channel 0: window 1966080 sent adjust 98304
debug2: channel 0: window 1998592 sent adjust 65792
debug2: channel 0: window 1966336 sent adjust 98048
debug2: channel 0: window 1982780 sent adjust 81604
debug2: channel 0: window 1966080 sent adjust 98304
debug2: channel 0: window 1973758 sent adjust 90626
debug2: channel 0: window 1991170 sent adjust 73214
debug2: channel 0: window 1966080 sent adjust 98304
debug2: channel 0: window 1973758 sent adjust 90626
debug2: channel 0: window 1974918 sent adjust 89466
debug2: channel 0: window 1966080 sent adjust 98304
debug2: channel 0: window 1990202 sent adjust 74182
debug2: channel 0: window 1974726 sent adjust 89658
debug2: channel 0: window 1966080 sent adjust 98304
debug2: channel 0: window 1998400 sent adjust 65984
debug2: channel 0: window 1966528 sent adjust 97856
debug2: channel 0: window 1966080 sent adjust 98304
debug2: channel 0: window 1966256 sent adjust 98128
debug2: channel 0: window 1966080 sent adjust 98304
debug2: channel 0: window 1998224 sent adjust 66160
debug2: channel 0: window 1966704 sent adjust 97680
debug2: channel 0: window 1966080 sent adjust 98304
debug2: channel 0: window 1998224 sent adjust 66160
debug2: channel 0: window 1966704 sent adjust 97680
debug2: channel 0: window 1966080 sent adjust 98304
debug2: channel 0: window 1966080 sent adjust 98304
debug2: channel 0: window 1966080 sent adjust 98304
debug2: channel 0: window 1966080 sent adjust 98304
debug2: channel 0: window 1982156 sent adjust 82228
debug2: channel 0: window 1982772 sent adjust 81612
debug2: channel 0: window 1966080 sent adjust 98304
debug2: channel 0: window 1998656 sent adjust 65728
debug2: channel 0: window 1974782 sent adjust 89602
debug2: channel 0: window 1966080 sent adjust 98304
debug2: channel 0: window 1990162 sent adjust 74222
debug2: channel 0: window 1974766 sent adjust 89618
debug2: channel 0: window 1966080 sent adjust 98304
debug2: channel 0: window 1990162 sent adjust 74222
debug2: channel 0: window 1974766 sent adjust 89618
debug2: channel 0: window 1966080 sent adjust 98304
debug2: channel 0: window 1990162 sent adjust 74222
debug2: channel 0: window 1974766 sent adjust 89618
debug2: channel 0: window 1966080 sent adjust 98304
debug2: channel 0: window 1966080 sent adjust 98304
debug2: channel 0: window 1990338 sent adjust 74046
debug2: channel 0: window 1974590 sent adjust 89794
debug2: channel 0: window 1966080 sent adjust 98304
debug2: channel 0: window 1997064 sent adjust 67320
debug2: channel 0: window 1967864 sent adjust 96520
debug2: channel 0: window 1966080 sent adjust 98304
debug2: channel 0: window 1966080 sent adjust 98304
debug2: channel 0: window 1966080 sent adjust 98304
debug2: channel 0: window 1966536 sent adjust 97848
debug2: channel 0: window 1989882 sent adjust 74502
debug2: channel 0: window 1975046 sent adjust 89338
debug2: channel 0: window 1966080 sent adjust 98304
debug2: channel 0: window 1966160 sent adjust 98224
debug2: channel 0: window 1998312 sent adjust 66072
debug2: channel 0: window 1966616 sent adjust 97768
debug2: channel 0: window 1990714 sent adjust 73670
debug2: channel 0: window 1990690 sent adjust 73694
debug2: channel 0: window 1966080 sent adjust 98304
debug2: channel 0: window 1966080 sent adjust 98304
debug2: channel 0: window 1981836 sent adjust 82548
debug2: channel 0: window 1983092 sent adjust 81292
debug2: channel 0: window 1966080 sent adjust 98304
debug2: channel 0: window 1981836 sent adjust 82548
debug2: channel 0: window 1983092 sent adjust 81292
debug2: channel 0: window 1966080 sent adjust 98304
debug2: channel 0: window 1981836 sent adjust 82548
debug2: channel 0: window 1983092 sent adjust 81292
debug2: channel 0: window 1982692 sent adjust 81692
debug2: channel 0: window 1989482 sent adjust 74902
debug2: channel 0: window 1975446 sent adjust 88938
debug2: channel 0: window 1974326 sent adjust 90058
debug2: channel 0: window 1966080 sent adjust 98304
debug2: channel 0: window 1990706 sent adjust 73678
debug2: channel 0: window 1965576 sent adjust 98808
debug2: channel 0: window 1966584 sent adjust 97800
debug2: channel 0: window 1966080 sent adjust 98304
debug2: channel 0: window 1966080 sent adjust 98304
debug2: channel 0: window 1998424 sent adjust 65960
debug2: channel 0: window 1966504 sent adjust 97880
debug2: channel 0: window 1966080 sent adjust 98304
debug2: channel 0: window 1966080 sent adjust 98304
debug2: channel 0: window 1966080 sent adjust 98304
debug2: channel 0: window 1982132 sent adjust 82252
debug2: channel 0: window 1991218 sent adjust 73166
debug2: channel 0: window 1966080 sent adjust 98304
debug2: channel 0: window 1973710 sent adjust 90674
debug2: channel 0: window 1991218 sent adjust 73166
debug2: channel 0: window 1966080 sent adjust 98304
debug2: channel 0: window 1990778 sent adjust 73606
debug2: channel 0: window 1966080 sent adjust 98304
debug2: channel 0: window 1966080 sent adjust 98304
debug2: channel 0: window 1998392 sent adjust 65992
debug2: channel 0: window 1966608 sent adjust 97776
debug2: channel 0: window 1966080 sent adjust 98304
debug2: channel 0: window 1966080 sent adjust 98304
debug2: channel 0: window 1998424 sent adjust 65960
debug2: channel 0: window 1966504 sent adjust 97880
debug2: channel 0: window 1966080 sent adjust 98304
debug2: channel 0: window 1966080 sent adjust 98304
debug2: channel 0: window 1998424 sent adjust 65960
debug2: channel 0: window 1966504 sent adjust 97880
debug2: channel 0: window 1966080 sent adjust 98304
debug2: channel 0: window 1966080 sent adjust 98304
debug2: channel 0: window 1998424 sent adjust 65960
debug2: channel 0: window 1966504 sent adjust 97880
debug2: channel 0: window 1966080 sent adjust 98304
debug2: channel 0: window 1966080 sent adjust 98304
debug2: channel 0: window 1966080 sent adjust 98304
debug2: channel 0: window 1974078 sent adjust 90306
debug2: channel 0: window 1990850 sent adjust 73534
debug2: channel 0: window 1966080 sent adjust 98304
debug2: channel 0: window 1998776 sent adjust 65608
debug2: channel 0: window 1966152 sent adjust 98232
debug2: channel 0: window 1966080 sent adjust 98304
debug2: channel 0: window 1998776 sent adjust 65608
debug2: channel 0: window 1966152 sent adjust 98232
debug2: channel 0: window 1966080 sent adjust 98304
debug2: channel 0: window 1966080 sent adjust 98304
debug2: channel 0: window 1966080 sent adjust 98304
debug2: channel 0: window 1966080 sent adjust 98304
debug2: channel 0: window 1966080 sent adjust 98304
debug2: channel 0: window 1966080 sent adjust 98304
debug2: channel 0: window 1966080 sent adjust 98304
debug2: channel 0: window 1966080 sent adjust 98304
debug2: channel 0: window 1966080 sent adjust 98304
debug2: channel 0: window 1966080 sent adjust 98304
debug2: channel 0: window 1983244 sent adjust 81140
debug2: channel 0: window 1997312 sent adjust 67072
debug2: channel 0: window 1967616 sent adjust 96768
debug2: channel 0: window 1966080 sent adjust 98304
debug2: channel 0: window 1966080 sent adjust 98304
debug2: channel 0: window 1966080 sent adjust 98304
debug2: channel 0: window 1981684 sent adjust 82700
debug2: channel 0: window 1983244 sent adjust 81140
debug2: channel 0: window 1966080 sent adjust 98304
debug2: channel 0: window 1981684 sent adjust 82700
debug2: channel 0: window 1983244 sent adjust 81140
debug2: channel 0: window 1966080 sent adjust 98304
debug2: channel 0: window 1981684 sent adjust 82700
debug2: channel 0: window 1983244 sent adjust 81140
debug2: channel 0: window 1966080 sent adjust 98304
debug2: channel 0: window 1981684 sent adjust 82700
debug2: channel 0: window 1983244 sent adjust 81140
debug2: channel 0: window 1966080 sent adjust 98304
debug2: channel 0: window 1996680 sent adjust 67704
debug2: channel 0: window 1968648 sent adjust 95736
debug2: channel 0: window 1966080 sent adjust 98304
debug2: channel 0: window 1966080 sent adjust 98304
debug2: channel 0: window 1966080 sent adjust 98304
debug2: channel 0: window 1981284 sent adjust 83100
debug2: channel 0: window 1983644 sent adjust 80740
debug2: channel 0: window 1966080 sent adjust 98304
debug2: channel 0: window 1990818 sent adjust 73566
debug2: channel 0: window 1990682 sent adjust 73702
debug2: channel 0: window 1974278 sent adjust 90106
debug2: channel 0: window 1966080 sent adjust 98304
debug2: channel 0: window 1974326 sent adjust 90058
debug2: channel 0: window 1965432 sent adjust 98952
debug2: channel 0: window 1966728 sent adjust 97656
debug2: channel 0: window 1966080 sent adjust 98304
debug2: channel 0: window 1998200 sent adjust 66184
debug2: channel 0: window 1966728 sent adjust 97656
debug2: channel 0: window 1966080 sent adjust 98304
debug2: channel 0: window 1998200 sent adjust 66184
debug2: channel 0: window 1966728 sent adjust 97656
debug2: channel 0: window 1966080 sent adjust 98304
debug2: channel 0: window 1998200 sent adjust 66184
debug2: channel 0: window 1966728 sent adjust 97656
debug2: channel 0: window 1990906 sent adjust 73478
debug2: channel 0: window 1988978 sent adjust 75406
debug2: channel 0: window 1975950 sent adjust 88434
debug2: channel 0: window 1966080 sent adjust 98304
debug2: channel 0: window 1966080 sent adjust 98304
debug2: channel 0: window 1966080 sent adjust 98304
debug2: channel 0: window 1973774 sent adjust 90610
debug2: channel 0: window 1991154 sent adjust 73230
debug2: channel 0: window 1966256 sent adjust 98128
debug2: channel 0: window 1990682 sent adjust 73702
debug2: channel 0: window 1981364 sent adjust 83020
debug2: channel 0: window 1983564 sent adjust 80820
debug2: channel 0: window 1966080 sent adjust 98304
debug2: channel 0: window 1966080 sent adjust 98304
debug2: channel 0: window 1982012 sent adjust 82372
debug2: channel 0: window 1982916 sent adjust 81468
debug2: channel 0: window 1966080 sent adjust 98304
debug2: channel 0: window 1982012 sent adjust 82372
debug2: channel 0: window 1982916 sent adjust 81468
debug2: channel 0: window 1990874 sent adjust 73510
debug2: channel 0: window 1966080 sent adjust 98304
debug2: channel 0: window 1966080 sent adjust 98304
debug2: channel 0: window 1966080 sent adjust 98304
debug2: channel 0: window 1989986 sent adjust 74398
debug2: channel 0: window 1974942 sent adjust 89442
debug2: channel 0: window 1966080 sent adjust 98304
debug2: channel 0: window 1990802 sent adjust 73582
debug2: channel 0: window 1966080 sent adjust 98304
debug2: channel 0: window 1966080 sent adjust 98304
debug2: channel 0: window 1966080 sent adjust 98304
debug2: channel 0: window 1966080 sent adjust 98304
debug2: channel 0: window 1990090 sent adjust 74294
debug2: channel 0: window 1974838 sent adjust 89546
debug2: channel 0: window 1966080 sent adjust 98304
debug2: channel 0: window 1966080 sent adjust 98304
debug2: channel 0: window 1966080 sent adjust 98304
debug2: channel 0: window 1966080 sent adjust 98304
debug2: channel 0: window 1982100 sent adjust 82284
debug2: channel 0: window 1982828 sent adjust 81556
debug2: channel 0: window 1990946 sent adjust 73438
debug2: channel 0: window 1966080 sent adjust 98304
debug2: channel 0: window 1966080 sent adjust 98304
debug2: channel 0: window 1966080 sent adjust 98304
debug2: channel 0: window 1966080 sent adjust 98304
debug2: channel 0: window 1982028 sent adjust 82356
debug2: channel 0: window 1982900 sent adjust 81484
debug2: channel 0: window 1966080 sent adjust 98304
debug2: channel 0: window 1982028 sent adjust 82356
debug2: channel 0: window 1983084 sent adjust 81300
debug2: channel 0: window 1974310 sent adjust 90074
debug2: channel 0: window 1998336 sent adjust 66048
debug2: channel 0: window 1966592 sent adjust 97792
debug2: channel 0: window 1966080 sent adjust 98304
debug2: channel 0: window 1998336 sent adjust 66048
debug2: channel 0: window 1966592 sent adjust 97792
debug2: channel 0: window 1966080 sent adjust 98304
debug2: channel 0: window 1966080 sent adjust 98304
debug2: channel 0: window 1998336 sent adjust 66048
debug2: channel 0: window 1966592 sent adjust 97792
debug2: channel 0: window 1966080 sent adjust 98304
debug2: channel 0: window 1966080 sent adjust 98304
debug2: channel 0: window 1966080 sent adjust 98304
debug2: channel 0: window 1998336 sent adjust 66048
debug2: channel 0: window 1966592 sent adjust 97792
debug2: channel 0: window 1966080 sent adjust 98304
debug2: channel 0: window 1966080 sent adjust 98304
debug2: channel 0: window 1990434 sent adjust 73950
debug2: channel 0: window 1974494 sent adjust 89890
debug2: channel 0: window 1966080 sent adjust 98304
debug2: channel 0: window 1990434 sent adjust 73950
debug2: channel 0: window 1974494 sent adjust 89890
debug2: channel 0: window 1966080 sent adjust 98304
debug2: channel 0: window 1990618 sent adjust 73766
debug2: channel 0: window 1974310 sent adjust 90074
debug2: channel 0: window 1966080 sent adjust 98304
debug2: channel 0: window 1966080 sent adjust 98304
debug2: channel 0: window 1966080 sent adjust 98304
debug2: channel 0: window 1966080 sent adjust 98304
debug2: channel 0: window 1966080 sent adjust 98304
debug2: channel 0: window 1966080 sent adjust 98304
debug2: channel 0: window 1966080 sent adjust 98304
debug2: channel 0: window 1989274 sent adjust 75110
debug2: channel 0: window 1975654 sent adjust 88730
debug2: channel 0: window 1966080 sent adjust 98304
debug2: channel 0: window 1966080 sent adjust 98304
debug2: channel 0: window 1966080 sent adjust 98304
debug2: channel 0: window 1990434 sent adjust 73950
debug2: channel 0: window 1974494 sent adjust 89890
debug2: channel 0: window 1991506 sent adjust 72878
debug2: channel 0: window 1973422 sent adjust 90962
debug2: channel 0: window 1975150 sent adjust 89234
debug2: channel 0: window 1966080 sent adjust 98304
debug2: channel 0: window 1989778 sent adjust 74606
debug2: channel 0: window 1975150 sent adjust 89234
debug2: channel 0: window 1966080 sent adjust 98304
debug2: channel 0: window 1989778 sent adjust 74606
debug2: channel 0: window 1975150 sent adjust 89234
debug2: channel 0: window 1966080 sent adjust 98304
debug2: channel 0: window 1989778 sent adjust 74606
debug2: channel 0: window 1975150 sent adjust 89234
debug2: channel 0: window 1966080 sent adjust 98304
debug2: channel 0: window 1989778 sent adjust 74606
debug2: channel 0: window 1975150 sent adjust 89234
debug2: channel 0: window 1966080 sent adjust 98304
debug2: channel 0: window 1966080 sent adjust 98304
debug2: channel 0: window 1991002 sent adjust 73382
debug2: channel 0: window 1980364 sent adjust 84020
debug2: channel 0: window 1984564 sent adjust 79820
debug2: channel 0: window 1966080 sent adjust 98304
debug2: channel 0: window 1997624 sent adjust 66760
debug2: channel 0: window 1967304 sent adjust 97080
debug2: channel 0: window 1982580 sent adjust 81804
debug2: channel 0: window 1966080 sent adjust 98304
debug2: channel 0: window 1990194 sent adjust 74190
debug2: channel 0: window 1966592 sent adjust 97792
debug2: channel 0: window 1966080 sent adjust 98304
debug2: channel 0: window 1998336 sent adjust 66048
debug2: channel 0: window 1966592 sent adjust 97792
debug2: channel 0: window 1966080 sent adjust 98304
debug2: channel 0: window 1998336 sent adjust 66048
debug2: channel 0: window 1966592 sent adjust 97792
debug2: channel 0: window 1966080 sent adjust 98304
debug2: channel 0: window 1998336 sent adjust 66048
debug2: channel 0: window 1966592 sent adjust 97792
debug2: channel 0: window 1966080 sent adjust 98304
debug2: channel 0: window 1998336 sent adjust 66048
debug2: channel 0: window 1966592 sent adjust 97792
debug2: channel 0: window 1966080 sent adjust 98304
debug2: channel 0: window 1966080 sent adjust 98304
debug2: channel 0: window 1966080 sent adjust 98304
debug2: channel 0: window 1966080 sent adjust 98304
debug2: channel 0: window 1990490 sent adjust 73894
debug2: channel 0: window 1974438 sent adjust 89946
debug2: channel 0: window 1966080 sent adjust 98304
debug2: channel 0: window 1966080 sent adjust 98304
debug2: channel 0: window 1966080 sent adjust 98304
debug2: channel 0: window 1966080 sent adjust 98304
debug2: channel 0: window 1966080 sent adjust 98304
debug2: channel 0: window 1966080 sent adjust 98304
debug2: channel 0: window 1966080 sent adjust 98304
debug2: channel 0: window 1966080 sent adjust 98304
debug2: channel 0: window 1966080 sent adjust 98304
debug2: channel 0: window 1966080 sent adjust 98304
debug2: channel 0: window 1966080 sent adjust 98304
debug2: channel 0: window 1966080 sent adjust 98304
debug2: channel 0: window 1966080 sent adjust 98304
debug2: channel 0: window 1966080 sent adjust 98304
debug2: channel 0: window 1966080 sent adjust 98304
debug2: channel 0: window 1966080 sent adjust 98304
debug2: channel 0: window 1966080 sent adjust 98304
debug2: channel 0: window 1966080 sent adjust 98304
debug2: channel 0: window 1966080 sent adjust 98304
debug2: channel 0: window 1966080 sent adjust 98304
debug2: channel 0: window 1966080 sent adjust 98304
debug2: channel 0: window 1966080 sent adjust 98304
debug2: channel 0: window 1980852 sent adjust 83532
debug2: channel 0: window 1984076 sent adjust 80308
debug2: channel 0: window 1966080 sent adjust 98304
debug2: channel 0: window 1975294 sent adjust 89090
debug2: channel 0: window 1989634 sent adjust 74750
debug2: channel 0: window 1991706 sent adjust 72678
debug2: channel 0: window 1966120 sent adjust 98264
debug2: channel 0: window 1973182 sent adjust 91202
debug2: channel 0: window 1967200 sent adjust 97184
debug2: channel 0: window 1966080 sent adjust 98304
debug2: channel 0: window 1997728 sent adjust 66656
debug2: channel 0: window 1967200 sent adjust 97184
debug2: channel 0: window 1966080 sent adjust 98304
debug2: channel 0: window 1997728 sent adjust 66656
debug2: channel 0: window 1967200 sent adjust 97184
debug2: channel 0: window 1966080 sent adjust 98304
debug2: channel 0: window 1997728 sent adjust 66656
debug2: channel 0: window 1967200 sent adjust 97184
debug2: channel 0: window 1974494 sent adjust 89890
debug2: channel 0: window 1966080 sent adjust 98304
debug2: channel 0: window 1995240 sent adjust 69144
debug2: channel 0: window 1969688 sent adjust 94696
debug2: channel 0: window 1990738 sent adjust 73646
debug2: channel 0: window 1997424 sent adjust 66960
debug2: channel 0: window 1975726 sent adjust 88658
debug2: channel 0: window 1966080 sent adjust 98304
debug2: channel 0: window 1982524 sent adjust 81860
debug2: channel 0: window 1966080 sent adjust 98304
debug2: channel 0: window 1998384 sent adjust 66000
debug2: channel 0: window 1966544 sent adjust 97840
debug2: channel 0: window 1966080 sent adjust 98304
debug2: channel 0: window 1998424 sent adjust 65960
debug2: channel 0: window 1966504 sent adjust 97880
debug2: channel 0: window 1966080 sent adjust 98304
debug2: channel 0: window 1966080 sent adjust 98304
debug2: channel 0: window 1973878 sent adjust 90506
debug2: channel 0: window 1991050 sent adjust 73334
debug2: channel 0: window 1966080 sent adjust 98304
debug2: channel 0: window 1966080 sent adjust 98304
debug2: channel 0: window 1966080 sent adjust 98304
debug2: channel 0: window 1966080 sent adjust 98304
debug2: channel 0: window 1982796 sent adjust 81588
debug2: channel 0: window 1965576 sent adjust 98808
debug2: channel 0: window 1966616 sent adjust 97768
debug2: channel 0: window 1966080 sent adjust 98304
debug2: channel 0: window 1966080 sent adjust 98304
debug2: channel 0: window 1998424 sent adjust 65960
debug2: channel 0: window 1966504 sent adjust 97880
debug2: channel 0: window 1966080 sent adjust 98304
debug2: channel 0: window 1966232 sent adjust 98152
debug2: channel 0: window 1990674 sent adjust 73710
debug2: channel 0: window 1990122 sent adjust 74262
debug2: channel 0: window 1974806 sent adjust 89578
debug2: channel 0: window 1966080 sent adjust 98304
debug2: channel 0: window 1990122 sent adjust 74262
debug2: channel 0: window 1974806 sent adjust 89578
debug2: channel 0: window 1966080 sent adjust 98304
debug2: channel 0: window 1966080 sent adjust 98304
debug2: channel 0: window 1990122 sent adjust 74262
debug2: channel 0: window 1974806 sent adjust 89578
debug2: channel 0: window 1966080 sent adjust 98304
debug2: channel 0: window 1990122 sent adjust 74262
debug2: channel 0: window 1974806 sent adjust 89578
debug2: channel 0: window 1966080 sent adjust 98304
debug2: channel 0: window 1990122 sent adjust 74262
debug2: channel 0: window 1974806 sent adjust 89578
debug2: channel 0: window 1966080 sent adjust 98304
debug2: channel 0: window 1966080 sent adjust 98304
debug2: channel 0: window 1974102 sent adjust 90282
debug2: channel 0: window 1990826 sent adjust 73558
debug2: channel 0: window 1966080 sent adjust 98304
debug2: channel 0: window 1978804 sent adjust 85580
debug2: channel 0: window 1986124 sent adjust 78260
debug2: channel 0: window 1991138 sent adjust 73246
debug2: channel 0: window 1966080 sent adjust 98304
debug2: channel 0: window 1997832 sent adjust 66552
debug2: channel 0: window 1983540 sent adjust 80844
debug2: channel 0: window 1966080 sent adjust 98304
debug2: channel 0: window 1990114 sent adjust 74270
debug2: channel 0: window 1974814 sent adjust 89570
debug2: channel 0: window 1966080 sent adjust 98304
debug2: channel 0: window 1966080 sent adjust 98304
debug2: channel 0: window 1990114 sent adjust 74270
debug2: channel 0: window 1974814 sent adjust 89570
debug2: channel 0: window 1966080 sent adjust 98304
debug2: channel 0: window 1990114 sent adjust 74270
debug2: channel 0: window 1974814 sent adjust 89570
debug2: channel 0: window 1966080 sent adjust 98304
debug2: channel 0: window 1990114 sent adjust 74270
debug2: channel 0: window 1974814 sent adjust 89570
debug2: channel 0: window 1982764 sent adjust 81620
debug2: channel 0: window 1966080 sent adjust 98304
debug2: channel 0: window 1973430 sent adjust 90954
debug2: channel 0: window 1991498 sent adjust 72886
debug2: channel 0: window 1966080 sent adjust 98304
debug2: channel 0: window 1973430 sent adjust 90954
debug2: channel 0: window 1991626 sent adjust 72758
debug2: channel 0: window 1966080 sent adjust 98304
debug2: channel 0: window 1966080 sent adjust 98304
debug2: channel 0: window 1998360 sent adjust 66024
debug2: channel 0: window 1966568 sent adjust 97816
debug2: channel 0: window 1966080 sent adjust 98304
debug2: channel 0: window 1966080 sent adjust 98304
debug2: channel 0: window 1982036 sent adjust 82348
debug2: channel 0: window 1982892 sent adjust 81492
debug2: channel 0: window 1966080 sent adjust 98304
debug2: channel 0: window 1966080 sent adjust 98304
debug2: channel 0: window 1982036 sent adjust 82348
debug2: channel 0: window 1982892 sent adjust 81492
debug2: channel 0: window 1966368 sent adjust 98016
debug2: channel 0: window 1981748 sent adjust 82636
debug2: channel 0: window 1983180 sent adjust 81204
debug2: channel 0: window 1966080 sent adjust 98304
debug2: channel 0: window 1966080 sent adjust 98304
debug2: channel 0: window 1998432 sent adjust 65952
debug2: channel 0: window 1966496 sent adjust 97888
debug2: channel 0: window 1966080 sent adjust 98304
debug2: channel 0: window 1998432 sent adjust 65952
debug2: channel 0: window 1966496 sent adjust 97888
debug2: channel 0: window 1974486 sent adjust 89898
debug2: channel 0: window 1990154 sent adjust 74230
debug2: channel 0: window 1974774 sent adjust 89610
debug2: channel 0: window 1974334 sent adjust 90050
debug2: channel 0: window 1966080 sent adjust 98304
debug2: channel 0: window 1997856 sent adjust 66528
debug2: channel 0: window 1991706 sent adjust 72678
debug2: channel 0: window 1966080 sent adjust 98304
debug2: channel 0: window 1990034 sent adjust 74350
debug2: channel 0: window 1974894 sent adjust 89490
debug2: channel 0: window 1990746 sent adjust 73638
debug2: channel 0: window 1981324 sent adjust 83060
debug2: channel 0: window 1983604 sent adjust 80780
debug2: channel 0: window 1966080 sent adjust 98304
debug2: channel 0: window 1998424 sent adjust 65960
debug2: channel 0: window 1966504 sent adjust 97880
debug2: channel 0: window 1966080 sent adjust 98304
debug2: channel 0: window 1998424 sent adjust 65960
debug2: channel 0: window 1966664 sent adjust 97720
debug2: channel 0: window 1966080 sent adjust 98304
debug2: channel 0: window 1966080 sent adjust 98304
debug2: channel 0: window 1998264 sent adjust 66120
debug2: channel 0: window 1966664 sent adjust 97720
debug2: channel 0: window 1966080 sent adjust 98304
debug2: channel 0: window 1966080 sent adjust 98304
debug2: channel 0: window 1982628 sent adjust 81756
debug2: channel 0: window 1966080 sent adjust 98304
debug2: channel 0: window 1966080 sent adjust 98304
debug2: channel 0: window 1966144 sent adjust 98240
debug2: channel 0: window 1998312 sent adjust 66072
debug2: channel 0: window 1966616 sent adjust 97768
debug2: channel 0: window 1966080 sent adjust 98304
debug2: channel 0: window 1966080 sent adjust 98304
debug2: channel 0: window 1990178 sent adjust 74206
debug2: channel 0: window 1974750 sent adjust 89634
debug2: channel 0: window 1966080 sent adjust 98304
debug2: channel 0: window 1966080 sent adjust 98304
debug2: channel 0: window 1982076 sent adjust 82308
debug2: channel 0: window 1982852 sent adjust 81532
debug2: channel 0: window 1966080 sent adjust 98304
debug2: channel 0: window 1982076 sent adjust 82308
debug2: channel 0: window 1974942 sent adjust 89442
debug2: channel 0: window 1990682 sent adjust 73702
debug2: channel 0: window 1998312 sent adjust 66072
debug2: channel 0: window 1991210 sent adjust 73174
debug2: channel 0: window 1974302 sent adjust 90082
debug2: channel 0: window 1965496 sent adjust 98888
debug2: channel 0: window 1966664 sent adjust 97720
debug2: channel 0: window 1966080 sent adjust 98304
debug2: channel 0: window 1982564 sent adjust 81820
debug2: channel 0: window 1973278 sent adjust 91106
debug2: channel 0: window 1991650 sent adjust 72734
debug2: channel 0: window 1966080 sent adjust 98304
debug2: channel 0: window 1998392 sent adjust 65992
debug2: channel 0: window 1966536 sent adjust 97848
debug2: channel 0: window 1966080 sent adjust 98304
debug2: channel 0: window 1966080 sent adjust 98304
debug2: channel 0: window 1998392 sent adjust 65992
debug2: channel 0: window 1966536 sent adjust 97848
debug2: channel 0: window 1966080 sent adjust 98304
debug2: channel 0: window 1966080 sent adjust 98304
debug2: channel 0: window 1998392 sent adjust 65992
debug2: channel 0: window 1966536 sent adjust 97848
debug2: channel 0: window 1966080 sent adjust 98304
debug2: channel 0: window 1990986 sent adjust 73398
debug2: channel 0: window 1965576 sent adjust 98808
debug2: channel 0: window 1966584 sent adjust 97800
debug2: channel 0: window 1966080 sent adjust 98304
debug2: channel 0: window 1966080 sent adjust 98304
debug2: channel 0: window 1966080 sent adjust 98304
debug2: channel 0: window 1990226 sent adjust 74158
debug2: channel 0: window 1974702 sent adjust 89682
debug2: channel 0: window 1966080 sent adjust 98304
debug2: channel 0: window 1966080 sent adjust 98304
debug2: channel 0: window 1973942 sent adjust 90442
debug2: channel 0: window 1990986 sent adjust 73398
debug2: channel 0: window 1966080 sent adjust 98304
debug2: channel 0: window 1973942 sent adjust 90442
debug2: channel 0: window 1990986 sent adjust 73398
debug2: channel 0: window 1982788 sent adjust 81596
debug2: channel 0: window 1966080 sent adjust 98304
debug2: channel 0: window 1990690 sent adjust 73694
debug2: channel 0: window 1966080 sent adjust 98304
debug2: channel 0: window 1998160 sent adjust 66224
debug2: channel 0: window 1966768 sent adjust 97616
debug2: channel 0: window 1966080 sent adjust 98304
debug2: channel 0: window 1998160 sent adjust 66224
debug2: channel 0: window 1966768 sent adjust 97616
debug2: channel 0: window 1966080 sent adjust 98304
debug2: channel 0: window 1966080 sent adjust 98304
debug2: channel 0: window 1966080 sent adjust 98304
debug2: channel 0: window 1966312 sent adjust 98072
debug2: channel 0: window 1990066 sent adjust 74318
debug2: channel 0: window 1974862 sent adjust 89522
debug2: channel 0: window 1966080 sent adjust 98304
debug2: channel 0: window 1990066 sent adjust 74318
debug2: channel 0: window 1974862 sent adjust 89522
debug2: channel 0: window 1966080 sent adjust 98304
debug2: channel 0: window 1966080 sent adjust 98304
debug2: channel 0: window 1990066 sent adjust 74318
debug2: channel 0: window 1974862 sent adjust 89522
debug2: channel 0: window 1966080 sent adjust 98304
debug2: channel 0: window 1990066 sent adjust 74318
debug2: channel 0: window 1974862 sent adjust 89522
debug2: channel 0: window 1966080 sent adjust 98304
debug2: channel 0: window 1966080 sent adjust 98304
debug2: channel 0: window 1998616 sent adjust 65768
debug2: channel 0: window 1966312 sent adjust 98072
debug2: channel 0: window 1966080 sent adjust 98304
debug2: channel 0: window 1998616 sent adjust 65768
debug2: channel 0: window 1974894 sent adjust 89490
debug2: channel 0: window 1966112 sent adjust 98272
debug2: channel 0: window 1990002 sent adjust 74382
debug2: channel 0: window 1974926 sent adjust 89458
debug2: channel 0: window 1966080 sent adjust 98304
debug2: channel 0: window 1966080 sent adjust 98304
debug2: channel 0: window 1966080 sent adjust 98304
debug2: channel 0: window 1990234 sent adjust 74150
debug2: channel 0: window 1974838 sent adjust 89546
debug2: channel 0: window 1966080 sent adjust 98304
debug2: channel 0: window 1990090 sent adjust 74294
debug2: channel 0: window 1974838 sent adjust 89546
debug2: channel 0: window 1966176 sent adjust 98208
debug2: channel 0: window 1974302 sent adjust 90082
debug2: channel 0: window 1981772 sent adjust 82612
debug2: channel 0: window 1983156 sent adjust 81228
debug2: channel 0: window 1966080 sent adjust 98304
debug2: channel 0: window 1989698 sent adjust 74686
debug2: channel 0: window 1991706 sent adjust 72678
debug2: channel 0: window 1966104 sent adjust 98280
debug2: channel 0: window 1998040 sent adjust 66344
debug2: channel 0: window 1966888 sent adjust 97496
debug2: channel 0: window 1990722 sent adjust 73662
debug2: channel 0: window 1981980 sent adjust 82404
debug2: channel 0: window 1982948 sent adjust 81436
debug2: channel 0: window 1966080 sent adjust 98304
debug2: channel 0: window 1966080 sent adjust 98304
debug2: channel 0: window 1982012 sent adjust 82372
debug2: channel 0: window 1966640 sent adjust 97744
debug2: channel 0: window 1966080 sent adjust 98304
debug2: channel 0: window 1966080 sent adjust 98304
debug2: channel 0: window 1966080 sent adjust 98304
debug2: channel 0: window 1998432 sent adjust 65952
debug2: channel 0: window 1966496 sent adjust 97888
debug2: channel 0: window 1966080 sent adjust 98304
debug2: channel 0: window 1998432 sent adjust 65952
debug2: channel 0: window 1966496 sent adjust 97888
debug2: channel 0: window 1966080 sent adjust 98304
debug2: channel 0: window 1974510 sent adjust 89874
debug2: channel 0: window 1998320 sent adjust 66064
debug2: channel 0: window 1983028 sent adjust 81356
debug2: channel 0: window 1966080 sent adjust 98304
debug2: channel 0: window 1998376 sent adjust 66008
debug2: channel 0: window 1982988 sent adjust 81396
debug2: channel 0: window 1966080 sent adjust 98304
debug2: channel 0: window 1981964 sent adjust 82420
debug2: channel 0: window 1982964 sent adjust 81420
debug2: channel 0: window 1966080 sent adjust 98304
debug2: channel 0: window 1966080 sent adjust 98304
debug2: channel 0: window 1973838 sent adjust 90546
debug2: channel 0: window 1991090 sent adjust 73294
debug2: channel 0: window 1966080 sent adjust 98304
debug2: channel 0: window 1990330 sent adjust 74054
debug2: channel 0: window 1974598 sent adjust 89786
debug2: channel 0: window 1966080 sent adjust 98304
debug2: channel 0: window 1998104 sent adjust 66280
debug2: channel 0: window 1966824 sent adjust 97560
debug2: channel 0: window 1966080 sent adjust 98304
debug2: channel 0: window 1966080 sent adjust 98304
debug2: channel 0: window 1990330 sent adjust 74054
debug2: channel 0: window 1974598 sent adjust 89786
debug2: channel 0: window 1966080 sent adjust 98304
debug2: channel 0: window 1966080 sent adjust 98304
debug2: channel 0: window 1998760 sent adjust 65624
debug2: channel 0: window 1966168 sent adjust 98216
debug2: channel 0: window 1966080 sent adjust 98304
debug2: channel 0: window 1966080 sent adjust 98304
debug2: channel 0: window 1966080 sent adjust 98304
debug2: channel 0: window 1966080 sent adjust 98304
debug2: channel 0: window 1966080 sent adjust 98304
debug2: channel 0: window 1966080 sent adjust 98304
debug2: channel 0: window 1966080 sent adjust 98304
debug2: channel 0: window 1966080 sent adjust 98304
debug2: channel 0: window 1966080 sent adjust 98304
debug2: channel 0: window 1966080 sent adjust 98304
debug2: channel 0: window 1966080 sent adjust 98304
debug2: channel 0: window 1966080 sent adjust 98304
debug2: channel 0: window 1966080 sent adjust 98304
debug2: channel 0: window 1966880 sent adjust 97504
debug2: channel 0: window 1966080 sent adjust 98304
debug2: channel 0: window 1966080 sent adjust 98304
debug2: channel 0: window 1998048 sent adjust 66336
debug2: channel 0: window 1966880 sent adjust 97504
debug2: channel 0: window 1966080 sent adjust 98304
debug2: channel 0: window 1966080 sent adjust 98304
debug2: channel 0: window 1998048 sent adjust 66336
debug2: channel 0: window 1966880 sent adjust 97504
debug2: channel 0: window 1966080 sent adjust 98304
debug2: channel 0: window 1966080 sent adjust 98304
debug2: channel 0: window 1966080 sent adjust 98304
debug2: channel 0: window 1998048 sent adjust 66336
debug2: channel 0: window 1966880 sent adjust 97504
debug2: channel 0: window 1966080 sent adjust 98304
debug2: channel 0: window 1998048 sent adjust 66336
debug2: channel 0: window 1966880 sent adjust 97504
debug2: channel 0: window 1974654 sent adjust 89730
debug2: channel 0: window 1989474 sent adjust 74910
debug2: channel 0: window 1975454 sent adjust 88930
debug2: channel 0: window 1982524 sent adjust 81860
debug2: channel 0: window 1982484 sent adjust 81900
debug2: channel 0: window 1966080 sent adjust 98304
debug2: channel 0: window 1966080 sent adjust 98304
debug2: channel 0: window 1966080 sent adjust 98304
debug2: channel 0: window 1990194 sent adjust 74190
debug2: channel 0: window 1974734 sent adjust 89650
debug2: channel 0: window 1966080 sent adjust 98304
debug2: channel 0: window 1966080 sent adjust 98304
debug2: channel 0: window 1990194 sent adjust 74190
debug2: channel 0: window 1974734 sent adjust 89650
debug2: channel 0: window 1966080 sent adjust 98304
debug2: channel 0: window 1966080 sent adjust 98304
debug2: channel 0: window 1997584 sent adjust 66800
debug2: channel 0: window 1967344 sent adjust 97040
debug2: channel 0: window 1966080 sent adjust 98304
debug2: channel 0: window 1982788 sent adjust 81596
debug2: channel 0: window 1973486 sent adjust 90898
debug2: channel 0: window 1991442 sent adjust 72942
debug2: channel 0: window 1966080 sent adjust 98304
debug2: channel 0: window 1973862 sent adjust 90522
debug2: channel 0: window 1991066 sent adjust 73318
debug2: channel 0: window 1990778 sent adjust 73606
debug2: channel 0: window 1966080 sent adjust 98304
debug2: channel 0: window 1966080 sent adjust 98304
debug2: channel 0: window 1990730 sent adjust 73654
debug2: channel 0: window 1965560 sent adjust 98824
debug2: channel 0: window 1966600 sent adjust 97784
debug2: channel 0: window 1966080 sent adjust 98304
debug2: channel 0: window 1982556 sent adjust 81828
debug2: channel 0: window 1981852 sent adjust 82532
debug2: channel 0: window 1983076 sent adjust 81308
debug2: channel 0: window 1966080 sent adjust 98304
debug2: channel 0: window 1966080 sent adjust 98304
debug2: channel 0: window 1981852 sent adjust 82532
debug2: channel 0: window 1983196 sent adjust 81188
debug2: channel 0: window 1966080 sent adjust 98304
debug2: channel 0: window 1966080 sent adjust 98304
debug2: channel 0: window 1966080 sent adjust 98304
debug2: channel 0: window 1998440 sent adjust 65944
debug2: channel 0: window 1966488 sent adjust 97896
debug2: channel 0: window 1966080 sent adjust 98304
debug2: channel 0: window 1998440 sent adjust 65944
debug2: channel 0: window 1966488 sent adjust 97896
debug2: channel 0: window 1966080 sent adjust 98304
debug2: channel 0: window 1966080 sent adjust 98304
debug2: channel 0: window 1990370 sent adjust 74014
debug2: channel 0: window 1974558 sent adjust 89826
debug2: channel 0: window 1966080 sent adjust 98304
debug2: channel 0: window 1966080 sent adjust 98304
debug2: channel 0: window 1982252 sent adjust 82132
debug2: channel 0: window 1982676 sent adjust 81708
debug2: channel 0: window 1966080 sent adjust 98304
debug2: channel 0: window 1998728 sent adjust 65656
debug2: channel 0: window 1966200 sent adjust 98184
debug2: channel 0: window 1966080 sent adjust 98304
debug2: channel 0: window 1998728 sent adjust 65656
debug2: channel 0: window 1991242 sent adjust 73142
debug2: channel 0: window 1966080 sent adjust 98304
debug2: channel 0: window 1973806 sent adjust 90578
debug2: channel 0: window 1991122 sent adjust 73262
debug2: channel 0: window 1966080 sent adjust 98304
debug2: channel 0: window 1966080 sent adjust 98304
debug2: channel 0: window 1966080 sent adjust 98304
debug2: channel 0: window 1973806 sent adjust 90578
debug2: channel 0: window 1991122 sent adjust 73262
debug2: channel 0: window 1966080 sent adjust 98304
debug2: channel 0: window 1973806 sent adjust 90578
debug2: channel 0: window 1991122 sent adjust 73262
debug2: channel 0: window 1966080 sent adjust 98304
debug2: channel 0: window 1966384 sent adjust 98000
debug2: channel 0: window 1973502 sent adjust 90882
debug2: channel 0: window 1991426 sent adjust 72958
debug2: channel 0: window 1966080 sent adjust 98304
debug2: channel 0: window 1966080 sent adjust 98304
debug2: channel 0: window 1973502 sent adjust 90882
debug2: channel 0: window 1991426 sent adjust 72958
debug2: channel 0: window 1982604 sent adjust 81780
debug2: channel 0: window 1966080 sent adjust 98304
debug2: channel 0: window 1966080 sent adjust 98304
debug2: channel 0: window 1966080 sent adjust 98304
debug2: channel 0: window 1966080 sent adjust 98304
debug2: channel 0: window 1982020 sent adjust 82364
debug2: channel 0: window 1982908 sent adjust 81476
debug2: channel 0: window 1966080 sent adjust 98304
debug2: channel 0: window 1996744 sent adjust 67640
debug2: channel 0: window 1968184 sent adjust 96200
debug2: channel 0: window 1966080 sent adjust 98304
debug2: channel 0: window 1966080 sent adjust 98304
debug2: channel 0: window 1966080 sent adjust 98304
debug2: channel 0: window 1982020 sent adjust 82364
debug2: channel 0: window 1982908 sent adjust 81476
debug2: channel 0: window 1966080 sent adjust 98304
debug2: channel 0: window 1989746 sent adjust 74638
debug2: channel 0: window 1975182 sent adjust 89202
debug2: channel 0: window 1966080 sent adjust 98304
debug2: channel 0: window 1966080 sent adjust 98304
debug2: channel 0: window 1989746 sent adjust 74638
debug2: channel 0: window 1975182 sent adjust 89202
debug2: channel 0: window 1966080 sent adjust 98304
debug2: channel 0: window 1966080 sent adjust 98304
debug2: channel 0: window 1966080 sent adjust 98304
debug2: channel 0: window 1966080 sent adjust 98304
debug2: channel 0: window 1966080 sent adjust 98304
debug2: channel 0: window 1966080 sent adjust 98304
debug2: channel 0: window 1966080 sent adjust 98304
debug2: channel 0: window 1966080 sent adjust 98304
debug2: channel 0: window 1966080 sent adjust 98304
debug2: channel 0: window 1966080 sent adjust 98304
debug2: channel 0: window 1966080 sent adjust 98304
debug2: channel 0: window 1966080 sent adjust 98304
debug2: channel 0: window 1966080 sent adjust 98304
debug2: channel 0: window 1966080 sent adjust 98304
debug2: channel 0: window 1966080 sent adjust 98304
debug2: channel 0: window 1966080 sent adjust 98304
debug2: channel 0: window 1966080 sent adjust 98304
debug2: channel 0: window 1982324 sent adjust 82060
debug2: channel 0: window 1982604 sent adjust 81780
debug2: channel 0: window 1966080 sent adjust 98304
debug2: channel 0: window 1991626 sent adjust 72758
debug2: channel 0: window 1966080 sent adjust 98304
debug2: channel 0: window 1966080 sent adjust 98304
debug2: channel 0: window 1966080 sent adjust 98304
debug2: channel 0: window 1966080 sent adjust 98304
debug2: channel 0: window 1973302 sent adjust 91082
debug2: channel 0: window 1991626 sent adjust 72758
debug2: channel 0: window 1966232 sent adjust 98152
debug2: channel 0: window 1973150 sent adjust 91234
debug2: channel 0: window 1991778 sent adjust 72606
debug2: channel 0: window 1966080 sent adjust 98304
debug2: channel 0: window 1973150 sent adjust 91234
debug2: channel 0: window 1991778 sent adjust 72606
debug2: channel 0: window 1990770 sent adjust 73614
debug2: channel 0: window 1997168 sent adjust 67216
debug2: channel 0: window 1967760 sent adjust 96624
debug2: channel 0: window 1966080 sent adjust 98304
debug2: channel 0: window 1966080 sent adjust 98304
debug2: channel 0: window 1981228 sent adjust 83156
debug2: channel 0: window 1983700 sent adjust 80684
debug2: channel 0: window 1966080 sent adjust 98304
debug2: channel 0: window 1997472 sent adjust 66912
debug2: channel 0: window 1967456 sent adjust 96928
debug2: channel 0: window 1966080 sent adjust 98304
debug2: channel 0: window 1966080 sent adjust 98304
debug2: channel 0: window 1966080 sent adjust 98304
debug2: channel 0: window 1981228 sent adjust 83156
debug2: channel 0: window 1983700 sent adjust 80684
debug2: channel 0: window 1966080 sent adjust 98304
debug2: channel 0: window 1966080 sent adjust 98304
debug2: channel 0: window 1998720 sent adjust 65664
debug2: channel 0: window 1966208 sent adjust 98176
debug2: channel 0: window 1966080 sent adjust 98304
debug2: channel 0: window 1966080 sent adjust 98304
debug2: channel 0: window 1974158 sent adjust 90226
debug2: channel 0: window 1990770 sent adjust 73614
debug2: channel 0: window 1966080 sent adjust 98304
debug2: channel 0: window 1966080 sent adjust 98304
debug2: channel 0: window 1966080 sent adjust 98304
debug2: channel 0: window 1966080 sent adjust 98304
debug2: channel 0: window 1966080 sent adjust 98304
debug2: channel 0: window 1983092 sent adjust 81292
debug2: channel 0: window 1966080 sent adjust 98304
debug2: channel 0: window 1966080 sent adjust 98304
debug2: channel 0: window 1966080 sent adjust 98304
debug2: channel 0: window 1996984 sent adjust 67400
debug2: channel 0: window 1967944 sent adjust 96440
debug2: channel 0: window 1974398 sent adjust 89986
debug2: channel 0: window 1966080 sent adjust 98304
debug2: channel 0: window 1966080 sent adjust 98304
debug2: channel 0: window 1981444 sent adjust 82940
debug2: channel 0: window 1983484 sent adjust 80900
debug2: channel 0: window 1966080 sent adjust 98304
debug2: channel 0: window 1966080 sent adjust 98304
debug2: channel 0: window 1981596 sent adjust 82788
debug2: channel 0: window 1983332 sent adjust 81052
debug2: channel 0: window 1966080 sent adjust 98304
debug2: channel 0: window 1990882 sent adjust 73502
debug2: channel 0: window 1966080 sent adjust 98304
debug2: channel 0: window 1966080 sent adjust 98304
debug2: channel 0: window 1966080 sent adjust 98304
debug2: channel 0: window 1981484 sent adjust 82900
debug2: channel 0: window 1983444 sent adjust 80940
debug2: channel 0: window 1966080 sent adjust 98304
debug2: channel 0: window 1998496 sent adjust 65888
debug2: channel 0: window 1966432 sent adjust 97952
debug2: channel 0: window 1966080 sent adjust 98304
debug2: channel 0: window 1998496 sent adjust 65888
debug2: channel 0: window 1983044 sent adjust 81340
debug2: channel 0: window 1966080 sent adjust 98304
debug2: channel 0: window 1997640 sent adjust 66744
debug2: channel 0: window 1967288 sent adjust 97096
debug2: channel 0: window 1966080 sent adjust 98304
debug2: channel 0: window 1966080 sent adjust 98304
debug2: channel 0: window 1966080 sent adjust 98304
debug2: channel 0: window 1997640 sent adjust 66744
debug2: channel 0: window 1967288 sent adjust 97096
debug2: channel 0: window 1966080 sent adjust 98304
debug2: channel 0: window 1966080 sent adjust 98304
debug2: channel 0: window 1997640 sent adjust 66744
debug2: channel 0: window 1967288 sent adjust 97096
debug2: channel 0: window 1966080 sent adjust 98304
debug2: channel 0: window 1966080 sent adjust 98304
debug2: channel 0: window 1966080 sent adjust 98304
debug2: channel 0: window 1982236 sent adjust 82148
debug2: channel 0: window 1982692 sent adjust 81692
debug2: channel 0: window 1966488 sent adjust 97896
debug2: channel 0: window 1990682 sent adjust 73702
debug2: channel 0: window 1966080 sent adjust 98304
debug2: channel 0: window 1966080 sent adjust 98304
debug2: channel 0: window 1989994 sent adjust 74390
debug2: channel 0: window 1974934 sent adjust 89450
debug2: channel 0: window 1966080 sent adjust 98304
debug2: channel 0: window 1966080 sent adjust 98304
debug2: channel 0: window 1973838 sent adjust 90546
debug2: channel 0: window 1991090 sent adjust 73294
debug2: channel 0: window 1966080 sent adjust 98304
debug2: channel 0: window 1997960 sent adjust 66424
debug2: channel 0: window 1966968 sent adjust 97416
debug2: channel 0: window 1966080 sent adjust 98304
debug2: channel 0: window 1990922 sent adjust 73462
debug2: channel 0: window 1981764 sent adjust 82620
debug2: channel 0: window 1983164 sent adjust 81220
debug2: channel 0: window 1966080 sent adjust 98304
debug2: channel 0: window 1966080 sent adjust 98304
debug2: channel 0: window 1997920 sent adjust 66464
debug2: channel 0: window 1967008 sent adjust 97376
debug2: channel 0: window 1966080 sent adjust 98304
debug2: channel 0: window 1966080 sent adjust 98304
debug2: channel 0: window 1981764 sent adjust 82620
debug2: channel 0: window 1983380 sent adjust 81004
debug2: channel 0: window 1966080 sent adjust 98304
debug2: channel 0: window 1966080 sent adjust 98304
debug2: channel 0: window 1973790 sent adjust 90594
debug2: channel 0: window 1991138 sent adjust 73246
debug2: channel 0: window 1966080 sent adjust 98304
debug2: channel 0: window 1973790 sent adjust 90594
debug2: channel 0: window 1991138 sent adjust 73246
debug2: channel 0: window 1990826 sent adjust 73558
debug2: channel 0: window 1966080 sent adjust 98304
debug2: channel 0: window 1966080 sent adjust 98304
debug2: channel 0: window 1974342 sent adjust 90042
debug2: channel 0: window 1981308 sent adjust 83076
debug2: channel 0: window 1983620 sent adjust 80764
debug2: channel 0: window 1966144 sent adjust 98240
debug2: channel 0: window 1966080 sent adjust 98304
debug2: channel 0: window 1998328 sent adjust 66056
debug2: channel 0: window 1966600 sent adjust 97784
debug2: channel 0: window 1966080 sent adjust 98304
debug2: channel 0: window 1966080 sent adjust 98304
debug2: channel 0: window 1966080 sent adjust 98304
debug2: channel 0: window 1998328 sent adjust 66056
debug2: channel 0: window 1966600 sent adjust 97784
debug2: channel 0: window 1966080 sent adjust 98304
debug2: channel 0: window 1998544 sent adjust 65840
debug2: channel 0: window 1966624 sent adjust 97760
debug2: channel 0: window 1974294 sent adjust 90090
debug2: channel 0: window 1966080 sent adjust 98304
debug2: channel 0: window 1990090 sent adjust 74294
debug2: channel 0: window 1974838 sent adjust 89546
debug2: channel 0: window 1966080 sent adjust 98304
debug2: channel 0: window 1990770 sent adjust 73614
debug2: channel 0: window 1966080 sent adjust 98304
debug2: channel 0: window 1966080 sent adjust 98304
debug2: channel 0: window 1982524 sent adjust 81860
debug2: channel 0: window 1981964 sent adjust 82420
debug2: channel 0: window 1966608 sent adjust 97776
debug2: channel 0: window 1966080 sent adjust 98304
debug2: channel 0: window 1998384 sent adjust 66000
debug2: channel 0: window 1966544 sent adjust 97840
debug2: channel 0: window 1966080 sent adjust 98304
debug2: channel 0: window 1966080 sent adjust 98304
debug2: channel 0: window 1998384 sent adjust 66000
debug2: channel 0: window 1966544 sent adjust 97840
debug2: channel 0: window 1966080 sent adjust 98304
debug2: channel 0: window 1966080 sent adjust 98304
debug2: channel 0: window 1998384 sent adjust 66000
debug2: channel 0: window 1966544 sent adjust 97840
debug2: channel 0: window 1990930 sent adjust 73454
debug2: channel 0: window 1990178 sent adjust 74206
debug2: channel 0: window 1974750 sent adjust 89634
debug2: channel 0: window 1966080 sent adjust 98304
debug2: channel 0: window 1966080 sent adjust 98304
debug2: channel 0: window 1981988 sent adjust 82396
debug2: channel 0: window 1982940 sent adjust 81444
debug2: channel 0: window 1990802 sent adjust 73582
debug2: channel 0: window 1981956 sent adjust 82428
debug2: channel 0: window 1982972 sent adjust 81412
debug2: channel 0: window 1990714 sent adjust 73670
debug2: channel 0: window 1990178 sent adjust 74206
debug2: channel 0: window 1974750 sent adjust 89634
debug2: channel 0: window 1966080 sent adjust 98304
debug2: channel 0: window 1990178 sent adjust 74206
debug2: channel 0: window 1974750 sent adjust 89634
debug2: channel 0: window 1966080 sent adjust 98304
debug2: channel 0: window 1990178 sent adjust 74206
debug2: channel 0: window 1974750 sent adjust 89634
debug2: channel 0: window 1982652 sent adjust 81732
debug2: channel 0: window 1988306 sent adjust 76078
debug2: channel 0: window 1976622 sent adjust 87762
debug2: channel 0: window 1966144 sent adjust 98240
debug2: channel 0: window 1966080 sent adjust 98304
debug2: channel 0: window 1998392 sent adjust 65992
debug2: channel 0: window 1966536 sent adjust 97848
debug2: channel 0: window 1982548 sent adjust 81836
debug2: channel 0: window 1997832 sent adjust 66552
debug2: channel 0: window 1967096 sent adjust 97288
debug2: channel 0: window 1966080 sent adjust 98304
debug2: channel 0: window 1982548 sent adjust 81836
debug2: channel 0: window 1990178 sent adjust 74206
debug2: channel 0: window 1974750 sent adjust 89634
debug2: channel 0: window 1966080 sent adjust 98304
debug2: channel 0: window 1966080 sent adjust 98304
debug2: channel 0: window 1982044 sent adjust 82340
debug2: channel 0: window 1982884 sent adjust 81500
debug2: channel 0: window 1982612 sent adjust 81772
debug2: channel 0: window 1965512 sent adjust 98872
debug2: channel 0: window 1966648 sent adjust 97736
debug2: channel 0: window 1982532 sent adjust 81852
debug2: channel 0: window 1990690 sent adjust 73694
debug2: channel 0: window 1966080 sent adjust 98304
debug2: channel 0: window 1974302 sent adjust 90082
debug2: channel 0: window 1998336 sent adjust 66048
debug2: channel 0: window 1974814 sent adjust 89570
debug2: channel 0: window 1966080 sent adjust 98304
debug2: channel 0: window 1990714 sent adjust 73670
debug2: channel 0: window 1974302 sent adjust 90082
debug2: channel 0: window 1966080 sent adjust 98304
debug2: channel 0: window 1966080 sent adjust 98304
debug2: channel 0: window 1974334 sent adjust 90050
debug2: channel 0: window 1981380 sent adjust 83004
debug2: channel 0: window 1983548 sent adjust 80836
debug2: channel 0: window 1990714 sent adjust 73670
debug2: channel 0: window 1981468 sent adjust 82916
debug2: channel 0: window 1983492 sent adjust 80892
debug2: channel 0: window 1966080 sent adjust 98304
debug2: channel 0: window 1966080 sent adjust 98304
debug2: channel 0: window 1990106 sent adjust 74278
debug2: channel 0: window 1974822 sent adjust 89562
debug2: channel 0: window 1974382 sent adjust 90002
debug2: channel 0: window 1998336 sent adjust 66048
debug2: channel 0: window 1983012 sent adjust 81372
debug2: channel 0: window 1966080 sent adjust 98304
debug2: channel 0: window 1998368 sent adjust 66016
debug2: channel 0: window 1966560 sent adjust 97824
debug2: channel 0: window 1966080 sent adjust 98304
debug2: channel 0: window 1990770 sent adjust 73614
debug2: channel 0: window 1981964 sent adjust 82420
debug2: channel 0: window 1982996 sent adjust 81388
debug2: channel 0: window 1966080 sent adjust 98304
debug2: channel 0: window 1966080 sent adjust 98304
debug2: channel 0: window 1982020 sent adjust 82364
debug2: channel 0: window 1982908 sent adjust 81476
debug2: channel 0: window 1966080 sent adjust 98304
debug2: channel 0: window 1990274 sent adjust 74110
debug2: channel 0: window 1974654 sent adjust 89730
debug2: channel 0: window 1974446 sent adjust 89938
debug2: channel 0: window 1966080 sent adjust 98304
debug2: channel 0: window 1973806 sent adjust 90578
debug2: channel 0: window 1991122 sent adjust 73262
debug2: channel 0: window 1966080 sent adjust 98304
debug2: channel 0: window 1990778 sent adjust 73606
debug2: channel 0: window 1966080 sent adjust 98304
debug2: channel 0: window 1966080 sent adjust 98304
debug2: channel 0: window 1990178 sent adjust 74206
debug2: channel 0: window 1974750 sent adjust 89634
debug2: channel 0: window 1966080 sent adjust 98304
debug2: channel 0: window 1966080 sent adjust 98304
debug2: channel 0: window 1997960 sent adjust 66424
debug2: channel 0: window 1966968 sent adjust 97416
debug2: channel 0: window 1966080 sent adjust 98304
debug2: channel 0: window 1966080 sent adjust 98304
debug2: channel 0: window 1998552 sent adjust 65832
debug2: channel 0: window 1966376 sent adjust 98008
debug2: channel 0: window 1990922 sent adjust 73462
debug2: channel 0: window 1966080 sent adjust 98304
debug2: channel 0: window 1973710 sent adjust 90674
debug2: channel 0: window 1991218 sent adjust 73166
debug2: channel 0: window 1966080 sent adjust 98304
debug2: channel 0: window 1990266 sent adjust 74118
debug2: channel 0: window 1974662 sent adjust 89722
debug2: channel 0: window 1966080 sent adjust 98304
debug2: channel 0: window 1966080 sent adjust 98304
debug2: channel 0: window 1982076 sent adjust 82308
debug2: channel 0: window 1991258 sent adjust 73126
debug2: channel 0: window 1966080 sent adjust 98304
debug2: channel 0: window 1998368 sent adjust 66016
debug2: channel 0: window 1966560 sent adjust 97824
debug2: channel 0: window 1966080 sent adjust 98304
debug2: channel 0: window 1998368 sent adjust 66016
debug2: channel 0: window 1983068 sent adjust 81316
debug2: channel 0: window 1974294 sent adjust 90090
debug2: channel 0: window 1973646 sent adjust 90738
debug2: channel 0: window 1991282 sent adjust 73102
debug2: channel 0: window 1966080 sent adjust 98304
debug2: channel 0: window 1966080 sent adjust 98304
debug2: channel 0: window 1973646 sent adjust 90738
debug2: channel 0: window 1966832 sent adjust 97552
debug2: channel 0: window 1966080 sent adjust 98304
debug2: channel 0: window 1966080 sent adjust 98304
debug2: channel 0: window 1966080 sent adjust 98304
debug2: channel 0: window 1990170 sent adjust 74214
debug2: channel 0: window 1974758 sent adjust 89626
debug2: channel 0: window 1966080 sent adjust 98304
debug2: channel 0: window 1966080 sent adjust 98304
debug2: channel 0: window 1990170 sent adjust 74214
debug2: channel 0: window 1974758 sent adjust 89626
debug2: channel 0: window 1966080 sent adjust 98304
debug2: channel 0: window 1998576 sent adjust 65808
debug2: channel 0: window 1966352 sent adjust 98032
debug2: channel 0: window 1966080 sent adjust 98304
debug2: channel 0: window 1998576 sent adjust 65808
debug2: channel 0: window 1966352 sent adjust 98032
debug2: channel 0: window 1966080 sent adjust 98304
debug2: channel 0: window 1966080 sent adjust 98304
debug2: channel 0: window 1990530 sent adjust 73854
debug2: channel 0: window 1974398 sent adjust 89986
debug2: channel 0: window 1966080 sent adjust 98304
debug2: channel 0: window 1998096 sent adjust 66288
debug2: channel 0: window 1966832 sent adjust 97552
debug2: channel 0: window 1966080 sent adjust 98304
debug2: channel 0: window 1966080 sent adjust 98304
debug2: channel 0: window 1966080 sent adjust 98304
debug2: channel 0: window 1990170 sent adjust 74214
debug2: channel 0: window 1974758 sent adjust 89626
debug2: channel 0: window 1974902 sent adjust 89482
debug2: channel 0: window 1990026 sent adjust 74358
debug2: channel 0: window 1974902 sent adjust 89482
debug2: channel 0: window 1966080 sent adjust 98304
debug2: channel 0: window 1966080 sent adjust 98304
debug2: channel 0: window 1990026 sent adjust 74358
debug2: channel 0: window 1974902 sent adjust 89482
debug2: channel 0: window 1966080 sent adjust 98304
debug2: channel 0: window 1990026 sent adjust 74358
debug2: channel 0: window 1991466 sent adjust 72918
debug2: channel 0: window 1966080 sent adjust 98304
debug2: channel 0: window 1973462 sent adjust 90922
debug2: channel 0: window 1991466 sent adjust 72918
debug2: channel 0: window 1966080 sent adjust 98304
debug2: channel 0: window 1966080 sent adjust 98304
debug2: channel 0: window 1982604 sent adjust 81780
debug2: channel 0: window 1966080 sent adjust 98304
debug2: channel 0: window 1974318 sent adjust 90066
debug2: channel 0: window 1966080 sent adjust 98304
debug2: channel 0: window 1981468 sent adjust 82916
debug2: channel 0: window 1983460 sent adjust 80924
debug2: channel 0: window 1966160 sent adjust 98224
debug2: channel 0: window 1966080 sent adjust 98304
debug2: channel 0: window 1981388 sent adjust 82996
debug2: channel 0: window 1983540 sent adjust 80844
debug2: channel 0: window 1966080 sent adjust 98304
debug2: channel 0: window 1990210 sent adjust 74174
debug2: channel 0: window 1966640 sent adjust 97744
debug2: channel 0: window 1966080 sent adjust 98304
debug2: channel 0: window 1966152 sent adjust 98232
debug2: channel 0: window 1998216 sent adjust 66168
debug2: channel 0: window 1966712 sent adjust 97672
debug2: channel 0: window 1966080 sent adjust 98304
debug2: channel 0: window 1966080 sent adjust 98304
debug2: channel 0: window 1982012 sent adjust 82372
debug2: channel 0: window 1982916 sent adjust 81468
debug2: channel 0: window 1966080 sent adjust 98304
debug2: channel 0: window 1989394 sent adjust 74990
debug2: channel 0: window 1975534 sent adjust 88850
debug2: channel 0: window 1966080 sent adjust 98304
debug2: channel 0: window 1998536 sent adjust 65848
debug2: channel 0: window 1966392 sent adjust 97992
debug2: channel 0: window 1966080 sent adjust 98304
debug2: channel 0: window 1966080 sent adjust 98304
debug2: channel 0: window 1966080 sent adjust 98304
debug2: channel 0: window 1966080 sent adjust 98304
debug2: channel 0: window 1991026 sent adjust 73358
debug2: channel 0: window 1966080 sent adjust 98304
debug2: channel 0: window 1974310 sent adjust 90074
debug2: channel 0: window 1998368 sent adjust 66016
debug2: channel 0: window 1966560 sent adjust 97824
debug2: channel 0: window 1966080 sent adjust 98304
debug2: channel 0: window 1998368 sent adjust 66016
debug2: channel 0: window 1974854 sent adjust 89530
debug2: channel 0: window 1966080 sent adjust 98304
debug2: channel 0: window 1990146 sent adjust 74238
debug2: channel 0: window 1974782 sent adjust 89602
debug2: channel 0: window 1966080 sent adjust 98304
debug2: channel 0: window 1974382 sent adjust 90002
debug2: channel 0: window 1981844 sent adjust 82540
debug2: channel 0: window 1983084 sent adjust 81300
debug2: channel 0: window 1966080 sent adjust 98304
debug2: channel 0: window 1981844 sent adjust 82540
debug2: channel 0: window 1983084 sent adjust 81300
debug2: channel 0: window 1966080 sent adjust 98304
debug2: channel 0: window 1996840 sent adjust 67544
debug2: channel 0: window 1968088 sent adjust 96296
debug2: channel 0: window 1966080 sent adjust 98304
debug2: channel 0: window 1966080 sent adjust 98304
debug2: channel 0: window 1966080 sent adjust 98304
debug2: channel 0: window 1966080 sent adjust 98304
debug2: channel 0: window 1982252 sent adjust 82132
debug2: channel 0: window 1982676 sent adjust 81708
debug2: channel 0: window 1966080 sent adjust 98304
debug2: channel 0: window 1982252 sent adjust 82132
debug2: channel 0: window 1982676 sent adjust 81708
debug2: channel 0: window 1966080 sent adjust 98304
debug2: channel 0: window 1990546 sent adjust 73838
debug2: channel 0: window 1974814 sent adjust 89570
debug2: channel 0: window 1966080 sent adjust 98304
debug2: channel 0: window 1997344 sent adjust 67040
debug2: channel 0: window 1967584 sent adjust 96800
debug2: channel 0: window 1966080 sent adjust 98304
debug2: channel 0: window 1966080 sent adjust 98304
debug2: channel 0: window 1998416 sent adjust 65968
debug2: channel 0: window 1966512 sent adjust 97872
debug2: channel 0: window 1966080 sent adjust 98304
debug2: channel 0: window 1998416 sent adjust 65968
debug2: channel 0: window 1966512 sent adjust 97872
debug2: channel 0: window 1966080 sent adjust 98304
debug2: channel 0: window 1966080 sent adjust 98304
debug2: channel 0: window 1966080 sent adjust 98304
debug2: channel 0: window 1998416 sent adjust 65968
debug2: channel 0: window 1966512 sent adjust 97872
debug2: channel 0: window 1966080 sent adjust 98304
debug2: channel 0: window 1991034 sent adjust 73350
debug2: channel 0: window 1973462 sent adjust 90922
debug2: channel 0: window 1991466 sent adjust 72918
debug2: channel 0: window 1966080 sent adjust 98304
debug2: channel 0: window 1973462 sent adjust 90922
debug2: channel 0: window 1991466 sent adjust 72918
debug2: channel 0: window 1966200 sent adjust 98184
debug2: channel 0: window 1973774 sent adjust 90610
debug2: channel 0: window 1991194 sent adjust 73190
debug2: channel 0: window 1966080 sent adjust 98304
debug2: channel 0: window 1989066 sent adjust 75318
debug2: channel 0: window 1984116 sent adjust 80268
debug2: channel 0: window 1966080 sent adjust 98304
debug2: channel 0: window 1998248 sent adjust 66136
debug2: channel 0: window 1966680 sent adjust 97704
debug2: channel 0: window 1966080 sent adjust 98304
debug2: channel 0: window 1998248 sent adjust 66136
debug2: channel 0: window 1983180 sent adjust 81204
debug2: channel 0: window 1966080 sent adjust 98304
debug2: channel 0: window 1966080 sent adjust 98304
debug2: channel 0: window 1997080 sent adjust 67304
debug2: channel 0: window 1967848 sent adjust 96536
debug2: channel 0: window 1966080 sent adjust 98304
debug2: channel 0: window 1966080 sent adjust 98304
debug2: channel 0: window 1966080 sent adjust 98304
debug2: channel 0: window 1966080 sent adjust 98304
debug2: channel 0: window 1973934 sent adjust 90450
debug2: channel 0: window 1990994 sent adjust 73390
debug2: channel 0: window 1966080 sent adjust 98304
debug2: channel 0: window 1974054 sent adjust 90330
debug2: channel 0: window 1990874 sent adjust 73510
debug2: channel 0: window 1966080 sent adjust 98304
debug2: channel 0: window 1974094 sent adjust 90290
debug2: channel 0: window 1990834 sent adjust 73550
debug2: channel 0: window 1966080 sent adjust 98304
debug2: channel 0: window 1982348 sent adjust 82036
debug2: channel 0: window 1982580 sent adjust 81804
debug2: channel 0: window 1982916 sent adjust 81468
debug2: channel 0: window 1965512 sent adjust 98872
debug2: channel 0: window 1966648 sent adjust 97736
debug2: channel 0: window 1990714 sent adjust 73670
debug2: channel 0: window 1966080 sent adjust 98304
debug2: channel 0: window 1990146 sent adjust 74238
debug2: channel 0: window 1974782 sent adjust 89602
debug2: channel 0: window 1966080 sent adjust 98304
debug2: channel 0: window 1966080 sent adjust 98304
debug2: channel 0: window 1990146 sent adjust 74238
debug2: channel 0: window 1966728 sent adjust 97656
debug2: channel 0: window 1966080 sent adjust 98304
debug2: channel 0: window 1966080 sent adjust 98304
debug2: channel 0: window 1966080 sent adjust 98304
debug2: channel 0: window 1998200 sent adjust 66184
debug2: channel 0: window 1966728 sent adjust 97656
debug2: channel 0: window 1966080 sent adjust 98304
debug2: channel 0: window 1998200 sent adjust 66184
debug2: channel 0: window 1966728 sent adjust 97656
debug2: channel 0: window 1966080 sent adjust 98304
debug2: channel 0: window 1998200 sent adjust 66184
debug2: channel 0: window 1966728 sent adjust 97656
debug2: channel 0: window 1966080 sent adjust 98304
debug2: channel 0: window 1998200 sent adjust 66184
debug2: channel 0: window 1966728 sent adjust 97656
debug2: channel 0: window 1966080 sent adjust 98304
debug2: channel 0: window 1966080 sent adjust 98304
debug2: channel 0: window 1966080 sent adjust 98304
debug2: channel 0: window 1974134 sent adjust 90250
debug2: channel 0: window 1990794 sent adjust 73590
debug2: channel 0: window 1966080 sent adjust 98304
debug2: channel 0: window 1981100 sent adjust 83284
debug2: channel 0: window 1983828 sent adjust 80556
debug2: channel 0: window 1966080 sent adjust 98304
debug2: channel 0: window 1966080 sent adjust 98304
debug2: channel 0: window 1966080 sent adjust 98304
debug2: channel 0: window 1966080 sent adjust 98304
debug2: channel 0: window 1966080 sent adjust 98304
debug2: channel 0: window 1966080 sent adjust 98304
debug2: channel 0: window 1966080 sent adjust 98304
debug2: channel 0: window 1966080 sent adjust 98304
debug2: channel 0: window 1966080 sent adjust 98304
debug2: channel 0: window 1966080 sent adjust 98304
debug2: channel 0: window 1966080 sent adjust 98304
debug2: channel 0: window 1966080 sent adjust 98304
debug2: channel 0: window 1966080 sent adjust 98304
debug2: channel 0: window 1966904 sent adjust 97480
debug2: channel 0: window 1966080 sent adjust 98304
debug2: channel 0: window 1974326 sent adjust 90058
debug2: channel 0: window 1997832 sent adjust 66552
debug2: channel 0: window 1991698 sent adjust 72686
debug2: channel 0: window 1966080 sent adjust 98304
debug2: channel 0: window 1997944 sent adjust 66440
debug2: channel 0: window 1966984 sent adjust 97400
debug2: channel 0: window 1966080 sent adjust 98304
debug2: channel 0: window 1997944 sent adjust 66440
debug2: channel 0: window 1966984 sent adjust 97400
debug2: channel 0: window 1966080 sent adjust 98304
debug2: channel 0: window 1966080 sent adjust 98304
debug2: channel 0: window 1966080 sent adjust 98304
debug2: channel 0: window 1997944 sent adjust 66440
debug2: channel 0: window 1966984 sent adjust 97400
debug2: channel 0: window 1966080 sent adjust 98304
debug2: channel 0: window 1997944 sent adjust 66440
debug2: channel 0: window 1991858 sent adjust 72526
debug2: channel 0: window 1966080 sent adjust 98304
debug2: channel 0: window 1973070 sent adjust 91314
debug2: channel 0: window 1991858 sent adjust 72526
debug2: channel 0: window 1966080 sent adjust 98304
debug2: channel 0: window 1973894 sent adjust 90490
debug2: channel 0: window 1991034 sent adjust 73350
debug2: channel 0: window 1966080 sent adjust 98304
debug2: channel 0: window 1990842 sent adjust 73542
debug2: channel 0: window 1981980 sent adjust 82404
debug2: channel 0: window 1982948 sent adjust 81436
debug2: channel 0: window 1966144 sent adjust 98240
debug2: channel 0: window 1981916 sent adjust 82468
debug2: channel 0: window 1983012 sent adjust 81372
debug2: channel 0: window 1966080 sent adjust 98304
debug2: channel 0: window 1981916 sent adjust 82468
debug2: channel 0: window 1983012 sent adjust 81372
debug2: channel 0: window 1966080 sent adjust 98304
debug2: channel 0: window 1966080 sent adjust 98304
debug2: channel 0: window 1966080 sent adjust 98304
debug2: channel 0: window 1981916 sent adjust 82468
debug2: channel 0: window 1983012 sent adjust 81372
debug2: channel 0: window 1966080 sent adjust 98304
debug2: channel 0: window 1966080 sent adjust 98304
debug2: channel 0: window 1974022 sent adjust 90362
debug2: channel 0: window 1990906 sent adjust 73478
debug2: channel 0: window 1966080 sent adjust 98304
debug2: channel 0: window 1974022 sent adjust 90362
debug2: channel 0: window 1990906 sent adjust 73478
debug2: channel 0: window 1974662 sent adjust 89722
debug2: channel 0: window 1965440 sent adjust 98944
debug2: channel 0: window 1966720 sent adjust 97664
debug2: channel 0: window 1966080 sent adjust 98304
debug2: channel 0: window 1966080 sent adjust 98304
debug2: channel 0: window 1990762 sent adjust 73622
debug2: channel 0: window 1965584 sent adjust 98800
debug2: channel 0: window 1966576 sent adjust 97808
debug2: channel 0: window 1966080 sent adjust 98304
debug2: channel 0: window 1998352 sent adjust 66032
debug2: channel 0: window 1966576 sent adjust 97808
debug2: channel 0: window 1966080 sent adjust 98304
debug2: channel 0: window 1966080 sent adjust 98304
debug2: channel 0: window 1990842 sent adjust 73542
debug2: channel 0: window 1973590 sent adjust 90794
debug2: channel 0: window 1991338 sent adjust 73046
debug2: channel 0: window 1966080 sent adjust 98304
debug2: channel 0: window 1981532 sent adjust 82852
debug2: channel 0: window 1983396 sent adjust 80988
debug2: channel 0: window 1990770 sent adjust 73614
debug2: channel 0: window 1981668 sent adjust 82716
debug2: channel 0: window 1983260 sent adjust 81124
debug2: channel 0: window 1966080 sent adjust 98304
debug2: channel 0: window 1981668 sent adjust 82716
debug2: channel 0: window 1983260 sent adjust 81124
debug2: channel 0: window 1990786 sent adjust 73598
debug2: channel 0: window 1965544 sent adjust 98840
debug2: channel 0: window 1966616 sent adjust 97768
debug2: channel 0: window 1966080 sent adjust 98304
debug2: channel 0: window 1966080 sent adjust 98304
debug2: channel 0: window 1990226 sent adjust 74158
debug2: channel 0: window 1974702 sent adjust 89682
debug2: channel 0: window 1966080 sent adjust 98304
debug2: channel 0: window 1990226 sent adjust 74158
debug2: channel 0: window 1974702 sent adjust 89682
debug2: channel 0: window 1966080 sent adjust 98304
debug2: channel 0: window 1966080 sent adjust 98304
debug2: channel 0: window 1966080 sent adjust 98304
debug2: channel 0: window 1989730 sent adjust 74654
debug2: channel 0: window 1975198 sent adjust 89186
debug2: channel 0: window 1966408 sent adjust 97976
debug2: channel 0: window 1966080 sent adjust 98304
debug2: channel 0: window 1966080 sent adjust 98304
debug2: channel 0: window 1973814 sent adjust 90570
debug2: channel 0: window 1991114 sent adjust 73270
debug2: channel 0: window 1990762 sent adjust 73622
debug2: channel 0: window 1966080 sent adjust 98304
debug2: channel 0: window 1966080 sent adjust 98304
debug2: channel 0: window 1966080 sent adjust 98304
debug2: channel 0: window 1966080 sent adjust 98304
debug2: channel 0: window 1973838 sent adjust 90546
debug2: channel 0: window 1991090 sent adjust 73294
debug2: channel 0: window 1966080 sent adjust 98304
debug2: channel 0: window 1973838 sent adjust 90546
debug2: channel 0: window 1991090 sent adjust 73294
debug2: channel 0: window 1966080 sent adjust 98304
debug2: channel 0: window 1973838 sent adjust 90546
debug2: channel 0: window 1991090 sent adjust 73294
debug2: channel 0: window 1966080 sent adjust 98304
debug2: channel 0: window 1986858 sent adjust 77526
debug2: channel 0: window 1978070 sent adjust 86314
debug2: channel 0: window 1966080 sent adjust 98304
debug2: channel 0: window 1966080 sent adjust 98304
debug2: channel 0: window 1966080 sent adjust 98304
debug2: channel 0: window 1966080 sent adjust 98304
debug2: channel 0: window 1981900 sent adjust 82484
debug2: channel 0: window 1983028 sent adjust 81356
debug2: channel 0: window 1966080 sent adjust 98304
debug2: channel 0: window 1966080 sent adjust 98304
debug2: channel 0: window 1966080 sent adjust 98304
debug2: channel 0: window 1966080 sent adjust 98304
debug2: channel 0: window 1966080 sent adjust 98304
debug2: channel 0: window 1966080 sent adjust 98304
debug2: channel 0: window 1966080 sent adjust 98304
debug2: channel 0: window 1966080 sent adjust 98304
debug2: channel 0: window 1966080 sent adjust 98304
debug2: channel 0: window 1991362 sent adjust 73022
debug2: channel 0: window 1973566 sent adjust 90818
debug2: channel 0: window 1991362 sent adjust 73022
debug2: channel 0: window 1990706 sent adjust 73678
debug2: channel 0: window 1966080 sent adjust 98304
debug2: channel 0: window 1966080 sent adjust 98304
debug2: channel 0: window 1990722 sent adjust 73662
debug2: channel 0: window 1971542 sent adjust 92842
debug2: channel 0: window 1993386 sent adjust 70998
debug2: channel 0: window 1966080 sent adjust 98304
debug2: channel 0: window 1966080 sent adjust 98304
debug2: channel 0: window 1997920 sent adjust 66464
debug2: channel 0: window 1967008 sent adjust 97376
debug2: channel 0: window 1966080 sent adjust 98304
debug2: channel 0: window 1966080 sent adjust 98304
debug2: channel 0: window 1966080 sent adjust 98304
debug2: channel 0: window 1989834 sent adjust 74550
debug2: channel 0: window 1975094 sent adjust 89290
debug2: channel 0: window 1982724 sent adjust 81660
debug2: channel 0: window 1973190 sent adjust 91194
debug2: channel 0: window 1991738 sent adjust 72646
debug2: channel 0: window 1966080 sent adjust 98304
debug2: channel 0: window 1973190 sent adjust 91194
debug2: channel 0: window 1991738 sent adjust 72646
debug2: channel 0: window 1966080 sent adjust 98304
debug2: channel 0: window 1998472 sent adjust 65912
debug2: channel 0: window 1966456 sent adjust 97928
debug2: channel 0: window 1966080 sent adjust 98304
debug2: channel 0: window 1966080 sent adjust 98304
debug2: channel 0: window 1990330 sent adjust 74054
debug2: channel 0: window 1974598 sent adjust 89786
debug2: channel 0: window 1966080 sent adjust 98304
debug2: channel 0: window 1966080 sent adjust 98304
debug2: channel 0: window 1982204 sent adjust 82180
debug2: channel 0: window 1982724 sent adjust 81660
debug2: channel 0: window 1966080 sent adjust 98304
debug2: channel 0: window 1966080 sent adjust 98304
debug2: channel 0: window 1982204 sent adjust 82180
debug2: channel 0: window 1991338 sent adjust 73046
debug2: channel 0: window 1966080 sent adjust 98304
debug2: channel 0: window 1966080 sent adjust 98304
debug2: channel 0: window 1990234 sent adjust 74150
debug2: channel 0: window 1974694 sent adjust 89690
debug2: channel 0: window 1966080 sent adjust 98304
debug2: channel 0: window 1990234 sent adjust 74150
debug2: channel 0: window 1974694 sent adjust 89690
debug2: channel 0: window 1966264 sent adjust 98120
debug2: channel 0: window 1990050 sent adjust 74334
debug2: channel 0: window 1974878 sent adjust 89506
debug2: channel 0: window 1966080 sent adjust 98304
debug2: channel 0: window 1966080 sent adjust 98304
debug2: channel 0: window 1982588 sent adjust 81796
debug2: channel 0: window 1966080 sent adjust 98304
debug2: channel 0: window 1966080 sent adjust 98304
debug2: channel 0: window 1966080 sent adjust 98304
debug2: channel 0: window 1966080 sent adjust 98304
debug2: channel 0: window 1973542 sent adjust 90842
debug2: channel 0: window 1991386 sent adjust 72998
debug2: channel 0: window 1966080 sent adjust 98304
debug2: channel 0: window 1980652 sent adjust 83732
debug2: channel 0: window 1984276 sent adjust 80108
debug2: channel 0: window 1966080 sent adjust 98304
debug2: channel 0: window 1966080 sent adjust 98304
debug2: channel 0: window 1989666 sent adjust 74718
debug2: channel 0: window 1975262 sent adjust 89122
debug2: channel 0: window 1966080 sent adjust 98304
debug2: channel 0: window 1966080 sent adjust 98304
debug2: channel 0: window 1982156 sent adjust 82228
debug2: channel 0: window 1982772 sent adjust 81612
debug2: channel 0: window 1966080 sent adjust 98304
debug2: channel 0: window 1982340 sent adjust 82044
debug2: channel 0: window 1991202 sent adjust 73182
debug2: channel 0: window 1966080 sent adjust 98304
debug2: channel 0: window 1989178 sent adjust 75206
debug2: channel 0: window 1992186 sent adjust 72198
debug2: channel 0: window 1966080 sent adjust 98304
debug2: channel 0: window 1966080 sent adjust 98304
debug2: channel 0: window 1973798 sent adjust 90586
debug2: channel 0: window 1991130 sent adjust 73254
debug2: channel 0: window 1966080 sent adjust 98304
debug2: channel 0: window 1966080 sent adjust 98304
debug2: channel 0: window 1973798 sent adjust 90586
debug2: channel 0: window 1991130 sent adjust 73254
debug2: channel 0: window 1966080 sent adjust 98304
debug2: channel 0: window 1973798 sent adjust 90586
debug2: channel 0: window 1991378 sent adjust 73006
debug2: channel 0: window 1966080 sent adjust 98304
debug2: channel 0: window 1966080 sent adjust 98304
debug2: channel 0: window 1989626 sent adjust 74758
debug2: channel 0: window 1967184 sent adjust 97200
debug2: channel 0: window 1966080 sent adjust 98304
debug2: channel 0: window 1966080 sent adjust 98304
debug2: channel 0: window 1981668 sent adjust 82716
debug2: channel 0: window 1983260 sent adjust 81124
debug2: channel 0: window 1974398 sent adjust 89986
debug2: channel 0: window 1981964 sent adjust 82420
debug2: channel 0: window 1982996 sent adjust 81388
debug2: channel 0: window 1966080 sent adjust 98304
debug2: channel 0: window 1998368 sent adjust 66016
debug2: channel 0: window 1966560 sent adjust 97824
debug2: channel 0: window 1966080 sent adjust 98304
debug2: channel 0: window 1982588 sent adjust 81796
debug2: channel 0: window 1981860 sent adjust 82524
debug2: channel 0: window 1983068 sent adjust 81316
debug2: channel 0: window 1966080 sent adjust 98304
debug2: channel 0: window 1966080 sent adjust 98304
debug2: channel 0: window 1981860 sent adjust 82524
debug2: channel 0: window 1983068 sent adjust 81316
debug2: channel 0: window 1990794 sent adjust 73590
debug2: channel 0: window 1966080 sent adjust 98304
debug2: channel 0: window 1966080 sent adjust 98304
debug2: channel 0: window 1966080 sent adjust 98304
debug2: channel 0: window 1966080 sent adjust 98304
debug2: channel 0: window 1990786 sent adjust 73598
debug2: channel 0: window 1966080 sent adjust 98304
debug2: channel 0: window 1966080 sent adjust 98304
debug2: channel 0: window 1966144 sent adjust 98240
debug2: channel 0: window 1998360 sent adjust 66024
debug2: channel 0: window 1966568 sent adjust 97816
debug2: channel 0: window 1966080 sent adjust 98304
debug2: channel 0: window 1990746 sent adjust 73638
debug2: channel 0: window 1966080 sent adjust 98304
debug2: channel 0: window 1966080 sent adjust 98304
debug2: channel 0: window 1966080 sent adjust 98304
debug2: channel 0: window 1966080 sent adjust 98304
debug2: channel 0: window 1990234 sent adjust 74150
debug2: channel 0: window 1974694 sent adjust 89690
debug2: channel 0: window 1966080 sent adjust 98304
debug2: channel 0: window 1966080 sent adjust 98304
debug2: channel 0: window 1990234 sent adjust 74150
debug2: channel 0: window 1974694 sent adjust 89690
debug2: channel 0: window 1966080 sent adjust 98304
debug2: channel 0: window 1982716 sent adjust 81668
debug2: channel 0: window 1990690 sent adjust 73694
debug2: channel 0: window 1966088 sent adjust 98296
debug2: channel 0: window 1966112 sent adjust 98272
debug2: channel 0: window 1973662 sent adjust 90722
debug2: channel 0: window 1991266 sent adjust 73118
debug2: channel 0: window 1966080 sent adjust 98304
debug2: channel 0: window 1998368 sent adjust 66016
debug2: channel 0: window 1966560 sent adjust 97824
debug2: channel 0: window 1990770 sent adjust 73614
debug2: channel 0: window 1973742 sent adjust 90642
debug2: channel 0: window 1991186 sent adjust 73198
debug2: channel 0: window 1966080 sent adjust 98304
debug2: channel 0: window 1998408 sent adjust 65976
debug2: channel 0: window 1966520 sent adjust 97864
debug2: channel 0: window 1966080 sent adjust 98304
debug2: channel 0: window 1966080 sent adjust 98304
debug2: channel 0: window 1998408 sent adjust 65976
debug2: channel 0: window 1974894 sent adjust 89490
debug2: channel 0: window 1966080 sent adjust 98304
debug2: channel 0: window 1997200 sent adjust 67184
debug2: channel 0: window 1967728 sent adjust 96656
debug2: channel 0: window 1966080 sent adjust 98304
debug2: channel 0: window 1966080 sent adjust 98304
debug2: channel 0: window 1966080 sent adjust 98304
debug2: channel 0: window 1998512 sent adjust 65872
debug2: channel 0: window 1966416 sent adjust 97968
debug2: channel 0: window 1966080 sent adjust 98304
debug2: channel 0: window 1998552 sent adjust 65832
debug2: channel 0: window 1966376 sent adjust 98008
debug2: channel 0: window 1966080 sent adjust 98304
debug2: channel 0: window 1998552 sent adjust 65832
debug2: channel 0: window 1966376 sent adjust 98008
debug2: channel 0: window 1966416 sent adjust 97968
debug2: channel 0: window 1966080 sent adjust 98304
debug2: channel 0: window 1990138 sent adjust 74246
debug2: channel 0: window 1974790 sent adjust 89594
debug2: channel 0: window 1966080 sent adjust 98304
debug2: channel 0: window 1990138 sent adjust 74246
debug2: channel 0: window 1966712 sent adjust 97672
debug2: channel 0: window 1966080 sent adjust 98304
debug2: channel 0: window 1966080 sent adjust 98304
debug2: channel 0: window 1966080 sent adjust 98304
debug2: channel 0: window 1973822 sent adjust 90562
debug2: channel 0: window 1991106 sent adjust 73278
debug2: channel 0: window 1974422 sent adjust 89962
debug2: channel 0: window 1966080 sent adjust 98304
debug2: channel 0: window 1998248 sent adjust 66136
debug2: channel 0: window 1966744 sent adjust 97640
debug2: channel 0: window 1966080 sent adjust 98304
debug2: channel 0: window 1998184 sent adjust 66200
debug2: channel 0: window 1966744 sent adjust 97640
debug2: channel 0: window 1966080 sent adjust 98304
debug2: channel 0: window 1998184 sent adjust 66200
debug2: channel 0: window 1966744 sent adjust 97640
debug2: channel 0: window 1966080 sent adjust 98304
debug2: channel 0: window 1966080 sent adjust 98304
debug2: channel 0: window 1998520 sent adjust 65864
debug2: channel 0: window 1991194 sent adjust 73190
debug2: channel 0: window 1966080 sent adjust 98304
debug2: channel 0: window 1973734 sent adjust 90650
debug2: channel 0: window 1991194 sent adjust 73190
debug2: channel 0: window 1966080 sent adjust 98304
debug2: channel 0: window 1998424 sent adjust 65960
debug2: channel 0: window 1966504 sent adjust 97880
debug2: channel 0: window 1966080 sent adjust 98304
debug2: channel 0: window 1966080 sent adjust 98304
debug2: channel 0: window 1998424 sent adjust 65960
debug2: channel 0: window 1966504 sent adjust 97880
debug2: channel 0: window 1966080 sent adjust 98304
debug2: channel 0: window 1966080 sent adjust 98304
debug2: channel 0: window 1966080 sent adjust 98304
debug2: channel 0: window 1974062 sent adjust 90322
debug2: channel 0: window 1966608 sent adjust 97776
debug2: channel 0: window 1966080 sent adjust 98304
debug2: channel 0: window 1998320 sent adjust 66064
debug2: channel 0: window 1966688 sent adjust 97696
debug2: channel 0: window 1966080 sent adjust 98304
debug2: channel 0: window 1998240 sent adjust 66144
debug2: channel 0: window 1966688 sent adjust 97696
debug2: channel 0: window 1966080 sent adjust 98304
debug2: channel 0: window 1966080 sent adjust 98304
debug2: channel 0: window 1966080 sent adjust 98304
debug2: channel 0: window 1990258 sent adjust 74126
debug2: channel 0: window 1974670 sent adjust 89714
debug2: channel 0: window 1966080 sent adjust 98304
debug2: channel 0: window 1990258 sent adjust 74126
debug2: channel 0: window 1974670 sent adjust 89714
debug2: channel 0: window 1966080 sent adjust 98304
debug2: channel 0: window 1997576 sent adjust 66808
debug2: channel 0: window 1967352 sent adjust 97032
debug2: channel 0: window 1966080 sent adjust 98304
debug2: channel 0: window 1966080 sent adjust 98304
debug2: channel 0: window 1966080 sent adjust 98304
debug2: channel 0: window 1998176 sent adjust 66208
debug2: channel 0: window 1966752 sent adjust 97632
debug2: channel 0: window 1966080 sent adjust 98304
debug2: channel 0: window 1998768 sent adjust 65616
debug2: channel 0: window 1966160 sent adjust 98224
debug2: channel 0: window 1966080 sent adjust 98304
debug2: channel 0: window 1966080 sent adjust 98304
debug2: channel 0: window 1966080 sent adjust 98304
debug2: channel 0: window 1966080 sent adjust 98304
debug2: channel 0: window 1966080 sent adjust 98304
debug2: channel 0: window 1966080 sent adjust 98304
debug2: channel 0: window 1966080 sent adjust 98304
debug2: channel 0: window 1966080 sent adjust 98304
debug2: channel 0: window 1966080 sent adjust 98304
debug2: channel 0: window 1966080 sent adjust 98304
debug2: channel 0: window 1966080 sent adjust 98304
debug2: channel 0: window 1983244 sent adjust 81140
debug2: channel 0: window 1966080 sent adjust 98304
debug2: channel 0: window 1966080 sent adjust 98304
debug2: channel 0: window 1966080 sent adjust 98304
debug2: channel 0: window 1966080 sent adjust 98304
debug2: channel 0: window 1966080 sent adjust 98304
debug2: channel 0: window 1981684 sent adjust 82700
debug2: channel 0: window 1983244 sent adjust 81140
debug2: channel 0: window 1966080 sent adjust 98304
debug2: channel 0: window 1981684 sent adjust 82700
debug2: channel 0: window 1983244 sent adjust 81140
debug2: channel 0: window 1974502 sent adjust 89882
debug2: channel 0: window 1973262 sent adjust 91122
debug2: channel 0: window 1991666 sent adjust 72718
debug2: channel 0: window 1966080 sent adjust 98304
debug2: channel 0: window 1996384 sent adjust 68000
debug2: channel 0: window 1968544 sent adjust 95840
debug2: channel 0: window 1990778 sent adjust 73606
debug2: channel 0: window 1966080 sent adjust 98304
debug2: channel 0: window 1981332 sent adjust 83052
debug2: channel 0: window 1983596 sent adjust 80788
debug2: channel 0: window 1966080 sent adjust 98304
debug2: channel 0: window 1981332 sent adjust 83052
debug2: channel 0: window 1983596 sent adjust 80788
debug2: channel 0: window 1966080 sent adjust 98304
debug2: channel 0: window 1998496 sent adjust 65888
debug2: channel 0: window 1966432 sent adjust 97952
debug2: channel 0: window 1966080 sent adjust 98304
debug2: channel 0: window 1966080 sent adjust 98304
debug2: channel 0: window 1966080 sent adjust 98304
debug2: channel 0: window 1998496 sent adjust 65888
debug2: channel 0: window 1966432 sent adjust 97952
debug2: channel 0: window 1966080 sent adjust 98304
debug2: channel 0: window 1998496 sent adjust 65888
debug2: channel 0: window 1966432 sent adjust 97952
debug2: channel 0: window 1991042 sent adjust 73342
debug2: channel 0: window 1981956 sent adjust 82428
debug2: channel 0: window 1982972 sent adjust 81412
debug2: channel 0: window 1966080 sent adjust 98304
debug2: channel 0: window 1981956 sent adjust 82428
debug2: channel 0: window 1982972 sent adjust 81412
debug2: channel 0: window 1966208 sent adjust 98176
debug2: channel 0: window 1966080 sent adjust 98304
debug2: channel 0: window 1966080 sent adjust 98304
debug2: channel 0: window 1990730 sent adjust 73654
debug2: channel 0: window 1966080 sent adjust 98304
debug2: channel 0: window 1982508 sent adjust 81876
debug2: channel 0: window 1965448 sent adjust 98936
debug2: channel 0: window 1991322 sent adjust 73062
debug2: channel 0: window 1966080 sent adjust 98304
debug2: channel 0: window 1980268 sent adjust 84116
debug2: channel 0: window 1984660 sent adjust 79724
debug2: channel 0: window 1966080 sent adjust 98304
debug2: channel 0: window 1966080 sent adjust 98304
debug2: channel 0: window 1966080 sent adjust 98304
debug2: channel 0: window 1973606 sent adjust 90778
debug2: channel 0: window 1991322 sent adjust 73062
debug2: channel 0: window 1966080 sent adjust 98304
debug2: channel 0: window 1998568 sent adjust 65816
debug2: channel 0: window 1966360 sent adjust 98024
debug2: channel 0: window 1966080 sent adjust 98304
debug2: channel 0: window 1998568 sent adjust 65816
debug2: channel 0: window 1966360 sent adjust 98024
debug2: channel 0: window 1966080 sent adjust 98304
debug2: channel 0: window 1966080 sent adjust 98304
debug2: channel 0: window 1998696 sent adjust 65688
debug2: channel 0: window 1966232 sent adjust 98152
debug2: channel 0: window 1966080 sent adjust 98304
debug2: channel 0: window 1966080 sent adjust 98304
debug2: channel 0: window 1990578 sent adjust 73806
debug2: channel 0: window 1974350 sent adjust 90034
debug2: channel 0: window 1966080 sent adjust 98304
debug2: channel 0: window 1966080 sent adjust 98304
debug2: channel 0: window 1966080 sent adjust 98304
debug2: channel 0: window 1966080 sent adjust 98304
debug2: channel 0: window 1966080 sent adjust 98304
debug2: channel 0: window 1991282 sent adjust 73102
debug2: channel 0: window 1981172 sent adjust 83212
debug2: channel 0: window 1983756 sent adjust 80628
debug2: channel 0: window 1966080 sent adjust 98304
debug2: channel 0: window 1966080 sent adjust 98304
debug2: channel 0: window 1973646 sent adjust 90738
debug2: channel 0: window 1991282 sent adjust 73102
debug2: channel 0: window 1966080 sent adjust 98304
debug2: channel 0: window 1973646 sent adjust 90738
debug2: channel 0: window 1991458 sent adjust 72926
debug2: channel 0: window 1966080 sent adjust 98304
debug2: channel 0: window 1997888 sent adjust 66496
debug2: channel 0: window 1967104 sent adjust 97280
debug2: channel 0: window 1966080 sent adjust 98304
debug2: channel 0: window 1966080 sent adjust 98304
debug2: channel 0: window 1966080 sent adjust 98304
debug2: channel 0: window 1973406 sent adjust 90978
debug2: channel 0: window 1991522 sent adjust 72862
debug2: channel 0: window 1966080 sent adjust 98304
debug2: channel 0: window 1966080 sent adjust 98304
debug2: channel 0: window 1973406 sent adjust 90978
debug2: channel 0: window 1991522 sent adjust 72862
debug2: channel 0: window 1966080 sent adjust 98304
debug2: channel 0: window 1973406 sent adjust 90978
debug2: channel 0: window 1991794 sent adjust 72590
debug2: channel 0: window 1966080 sent adjust 98304
debug2: channel 0: window 1974326 sent adjust 90058
debug2: channel 0: window 1990090 sent adjust 74294
debug2: channel 0: window 1974838 sent adjust 89546
debug2: channel 0: window 1966080 sent adjust 98304
debug2: channel 0: window 1990090 sent adjust 74294
debug2: channel 0: window 1974838 sent adjust 89546
debug2: channel 0: window 1966080 sent adjust 98304
debug2: channel 0: window 1990266 sent adjust 74118
debug2: channel 0: window 1974662 sent adjust 89722
debug2: channel 0: window 1966080 sent adjust 98304
debug2: channel 0: window 1997656 sent adjust 66728
debug2: channel 0: window 1967272 sent adjust 97112
debug2: channel 0: window 1966080 sent adjust 98304
debug2: channel 0: window 1966080 sent adjust 98304
debug2: channel 0: window 1966080 sent adjust 98304
debug2: channel 0: window 1990330 sent adjust 74054
debug2: channel 0: window 1974598 sent adjust 89786
debug2: channel 0: window 1966080 sent adjust 98304
debug2: channel 0: window 1966080 sent adjust 98304
debug2: channel 0: window 1990330 sent adjust 74054
debug2: channel 0: window 1974598 sent adjust 89786
debug2: channel 0: window 1966080 sent adjust 98304
debug2: channel 0: window 1990602 sent adjust 73782
debug2: channel 0: window 1974326 sent adjust 90058
debug2: channel 0: window 1966080 sent adjust 98304
debug2: channel 0: window 1966080 sent adjust 98304
debug2: channel 0: window 1966080 sent adjust 98304
debug2: channel 0: window 1966080 sent adjust 98304
debug2: channel 0: window 1966680 sent adjust 97704
debug2: channel 0: window 1966080 sent adjust 98304
debug2: channel 0: window 1998248 sent adjust 66136
debug2: channel 0: window 1974942 sent adjust 89442
debug2: channel 0: window 1966112 sent adjust 98272
debug2: channel 0: window 1989954 sent adjust 74430
debug2: channel 0: window 1974974 sent adjust 89410
debug2: channel 0: window 1966080 sent adjust 98304
debug2: channel 0: window 1990730 sent adjust 73654
debug2: channel 0: window 1989554 sent adjust 74830
debug2: channel 0: window 1975374 sent adjust 89010
debug2: channel 0: window 1966080 sent adjust 98304
debug2: channel 0: window 1998072 sent adjust 66312
debug2: channel 0: window 1966856 sent adjust 97528
debug2: channel 0: window 1966080 sent adjust 98304
debug2: channel 0: window 1966080 sent adjust 98304
debug2: channel 0: window 1998072 sent adjust 66312
debug2: channel 0: window 1966856 sent adjust 97528
debug2: channel 0: window 1990866 sent adjust 73518
debug2: channel 0: window 1973286 sent adjust 91098
debug2: channel 0: window 1991642 sent adjust 72742
debug2: channel 0: window 1966080 sent adjust 98304
debug2: channel 0: window 1966080 sent adjust 98304
debug2: channel 0: window 1973286 sent adjust 91098
debug2: channel 0: window 1991642 sent adjust 72742
debug2: channel 0: window 1966080 sent adjust 98304
debug2: channel 0: window 1973886 sent adjust 90498
debug2: channel 0: window 1991042 sent adjust 73342
debug2: channel 0: window 1966080 sent adjust 98304
debug2: channel 0: window 1982180 sent adjust 82204
debug2: channel 0: window 1991186 sent adjust 73198
debug2: channel 0: window 1966080 sent adjust 98304
debug2: channel 0: window 1998392 sent adjust 65992
debug2: channel 0: window 1966536 sent adjust 97848
debug2: channel 0: window 1990746 sent adjust 73638
debug2: channel 0: window 1966080 sent adjust 98304
debug2: channel 0: window 1973726 sent adjust 90658
debug2: channel 0: window 1991202 sent adjust 73182
debug2: channel 0: window 1966080 sent adjust 98304
debug2: channel 0: window 1966080 sent adjust 98304
debug2: channel 0: window 1990802 sent adjust 73582
debug2: channel 0: window 1966080 sent adjust 98304
debug2: channel 0: window 1966080 sent adjust 98304
debug2: channel 0: window 1966080 sent adjust 98304
debug2: channel 0: window 1973790 sent adjust 90594
debug2: channel 0: window 1966648 sent adjust 97736
debug2: channel 0: window 1966080 sent adjust 98304
debug2: channel 0: window 1966080 sent adjust 98304
debug2: channel 0: window 1998280 sent adjust 66104
debug2: channel 0: window 1966648 sent adjust 97736
debug2: channel 0: window 1966080 sent adjust 98304
debug2: channel 0: window 1998280 sent adjust 66104
debug2: channel 0: window 1966808 sent adjust 97576
debug2: channel 0: window 1974302 sent adjust 90082
debug2: channel 0: window 1998336 sent adjust 66048
debug2: channel 0: window 1966592 sent adjust 97792
debug2: channel 0: window 1966080 sent adjust 98304
debug2: channel 0: window 1966080 sent adjust 98304
debug2: channel 0: window 1990778 sent adjust 73606
debug2: channel 0: window 1965536 sent adjust 98848
debug2: channel 0: window 1966624 sent adjust 97760
debug2: channel 0: window 1966080 sent adjust 98304
debug2: channel 0: window 1966080 sent adjust 98304
debug2: channel 0: window 1990258 sent adjust 74126
debug2: channel 0: window 1974670 sent adjust 89714
debug2: channel 0: window 1966080 sent adjust 98304
debug2: channel 0: window 1966080 sent adjust 98304
debug2: channel 0: window 1966080 sent adjust 98304
debug2: channel 0: window 1998536 sent adjust 65848
debug2: channel 0: window 1966392 sent adjust 97992
debug2: channel 0: window 1966080 sent adjust 98304
debug2: channel 0: window 1998536 sent adjust 65848
debug2: channel 0: window 1966392 sent adjust 97992
debug2: channel 0: window 1982780 sent adjust 81604
debug2: channel 0: window 1981836 sent adjust 82548
debug2: channel 0: window 1991314 sent adjust 73070
debug2: channel 0: window 1966080 sent adjust 98304
debug2: channel 0: window 1981996 sent adjust 82388
debug2: channel 0: window 1966608 sent adjust 97776
debug2: channel 0: window 1966080 sent adjust 98304
debug2: channel 0: window 1998320 sent adjust 66064
debug2: channel 0: window 1966608 sent adjust 97776
debug2: channel 0: window 1966080 sent adjust 98304
debug2: channel 0: window 1966080 sent adjust 98304
debug2: channel 0: window 1990250 sent adjust 74134
debug2: channel 0: window 1974678 sent adjust 89706
debug2: channel 0: window 1966080 sent adjust 98304
debug2: channel 0: window 1966080 sent adjust 98304
debug2: channel 0: window 1990250 sent adjust 74134
debug2: channel 0: window 1974678 sent adjust 89706
debug2: channel 0: window 1966080 sent adjust 98304
debug2: channel 0: window 1966080 sent adjust 98304
debug2: channel 0: window 1966080 sent adjust 98304
debug2: channel 0: window 1990250 sent adjust 74134
debug2: channel 0: window 1983236 sent adjust 81148
debug2: channel 0: window 1966080 sent adjust 98304
debug2: channel 0: window 1966080 sent adjust 98304
debug2: channel 0: window 1998392 sent adjust 65992
debug2: channel 0: window 1966536 sent adjust 97848
debug2: channel 0: window 1966080 sent adjust 98304
debug2: channel 0: window 1990794 sent adjust 73590
debug2: channel 0: window 1965576 sent adjust 98808
debug2: channel 0: window 1974814 sent adjust 89570
debug2: channel 0: window 1966080 sent adjust 98304
debug2: channel 0: window 1990114 sent adjust 74270
debug2: channel 0: window 1974814 sent adjust 89570
debug2: channel 0: window 1966080 sent adjust 98304
debug2: channel 0: window 1990114 sent adjust 74270
debug2: channel 0: window 1974814 sent adjust 89570
debug2: channel 0: window 1966080 sent adjust 98304
debug2: channel 0: window 1990114 sent adjust 74270
debug2: channel 0: window 1975006 sent adjust 89378
debug2: channel 0: window 1966080 sent adjust 98304
debug2: channel 0: window 1982516 sent adjust 81868
debug2: channel 0: window 1980956 sent adjust 83428
debug2: channel 0: window 1983972 sent adjust 80412
debug2: channel 0: window 1966080 sent adjust 98304
debug2: channel 0: window 1966080 sent adjust 98304
debug2: channel 0: window 1982044 sent adjust 82340
debug2: channel 0: window 1982884 sent adjust 81500
debug2: channel 0: window 1982604 sent adjust 81780
debug2: channel 0: window 1998288 sent adjust 66096
debug2: channel 0: window 1966640 sent adjust 97744
debug2: channel 0: window 1966080 sent adjust 98304
debug2: channel 0: window 1966080 sent adjust 98304
debug2: channel 0: window 1966080 sent adjust 98304
debug2: channel 0: window 1998464 sent adjust 65920
debug2: channel 0: window 1966464 sent adjust 97920
debug2: channel 0: window 1966080 sent adjust 98304
debug2: channel 0: window 1998464 sent adjust 65920
debug2: channel 0: window 1966464 sent adjust 97920
debug2: channel 0: window 1966080 sent adjust 98304
debug2: channel 0: window 1998464 sent adjust 65920
debug2: channel 0: window 1966464 sent adjust 97920
debug2: channel 0: window 1982764 sent adjust 81620
debug2: channel 0: window 1981972 sent adjust 82412
debug2: channel 0: window 1982956 sent adjust 81428
debug2: channel 0: window 1966080 sent adjust 98304
debug2: channel 0: window 1998408 sent adjust 65976
debug2: channel 0: window 1966520 sent adjust 97864
debug2: channel 0: window 1966080 sent adjust 98304
debug2: channel 0: window 1966080 sent adjust 98304
debug2: channel 0: window 1998408 sent adjust 65976
debug2: channel 0: window 1966520 sent adjust 97864
debug2: channel 0: window 1966080 sent adjust 98304
debug2: channel 0: window 1966080 sent adjust 98304
debug2: channel 0: window 1966080 sent adjust 98304
debug2: channel 0: window 1982164 sent adjust 82220
debug2: channel 0: window 1983068 sent adjust 81316
debug2: channel 0: window 1966080 sent adjust 98304
debug2: channel 0: window 1966080 sent adjust 98304
debug2: channel 0: window 1981860 sent adjust 82524
debug2: channel 0: window 1983068 sent adjust 81316
debug2: channel 0: window 1966080 sent adjust 98304
debug2: channel 0: window 1981860 sent adjust 82524
debug2: channel 0: window 1983068 sent adjust 81316
debug2: channel 0: window 1966080 sent adjust 98304
debug2: channel 0: window 1998544 sent adjust 65840
debug2: channel 0: window 1966384 sent adjust 98000
debug2: channel 0: window 1966080 sent adjust 98304
debug2: channel 0: window 1998544 sent adjust 65840
debug2: channel 0: window 1966384 sent adjust 98000
debug2: channel 0: window 1974574 sent adjust 89810
debug2: channel 0: window 1997016 sent adjust 67368
debug2: channel 0: window 1967912 sent adjust 96472
debug2: channel 0: window 1966080 sent adjust 98304
debug2: channel 0: window 1966080 sent adjust 98304
debug2: channel 0: window 1966080 sent adjust 98304
debug2: channel 0: window 1974414 sent adjust 89970
debug2: channel 0: window 1981716 sent adjust 82668
debug2: channel 0: window 1983212 sent adjust 81172
debug2: channel 0: window 1966080 sent adjust 98304
debug2: channel 0: window 1989186 sent adjust 75198
debug2: channel 0: window 1975742 sent adjust 88642
debug2: channel 0: window 1966080 sent adjust 98304
debug2: channel 0: window 1966080 sent adjust 98304
debug2: channel 0: window 1982020 sent adjust 82364
debug2: channel 0: window 1982908 sent adjust 81476
debug2: channel 0: window 1966080 sent adjust 98304
debug2: channel 0: window 1982020 sent adjust 82364
debug2: channel 0: window 1982908 sent adjust 81476
debug2: channel 0: window 1966080 sent adjust 98304
debug2: channel 0: window 1982020 sent adjust 82364
debug2: channel 0: window 1991402 sent adjust 72982
debug2: channel 0: window 1990690 sent adjust 73694
debug2: channel 0: window 1966080 sent adjust 98304
debug2: channel 0: window 1966080 sent adjust 98304
debug2: channel 0: window 1966080 sent adjust 98304
debug2: channel 0: window 1966080 sent adjust 98304
debug2: channel 0: window 1990178 sent adjust 74206
debug2: channel 0: window 1974750 sent adjust 89634
debug2: channel 0: window 1966080 sent adjust 98304
debug2: channel 0: window 1974454 sent adjust 89930
debug2: channel 0: window 1990682 sent adjust 73702
debug2: channel 0: window 1965536 sent adjust 98848
debug2: channel 0: window 1966624 sent adjust 97760
debug2: channel 0: window 1966080 sent adjust 98304
debug2: channel 0: window 1966080 sent adjust 98304
debug2: channel 0: window 1998304 sent adjust 66080
debug2: channel 0: window 1966624 sent adjust 97760
debug2: channel 0: window 1966080 sent adjust 98304
debug2: channel 0: window 1998304 sent adjust 66080
debug2: channel 0: window 1966624 sent adjust 97760
debug2: channel 0: window 1990866 sent adjust 73518
debug2: channel 0: window 1973518 sent adjust 90866
debug2: channel 0: window 1991410 sent adjust 72974
debug2: channel 0: window 1966080 sent adjust 98304
debug2: channel 0: window 1966080 sent adjust 98304
debug2: channel 0: window 1966080 sent adjust 98304
debug2: channel 0: window 1982604 sent adjust 81780
debug2: channel 0: window 1990658 sent adjust 73726
debug2: channel 0: window 1998288 sent adjust 66096
debug2: channel 0: window 1966640 sent adjust 97744
debug2: channel 0: window 1982532 sent adjust 81852
debug2: channel 0: window 1981836 sent adjust 82548
debug2: channel 0: window 1983124 sent adjust 81260
debug2: channel 0: window 1966080 sent adjust 98304
debug2: channel 0: window 1997104 sent adjust 67280
debug2: channel 0: window 1967824 sent adjust 96560
debug2: channel 0: window 1966080 sent adjust 98304
debug2: channel 0: window 1974390 sent adjust 89994
debug2: channel 0: window 1989098 sent adjust 75286
debug2: channel 0: window 1984044 sent adjust 80340
debug2: channel 0: window 1966080 sent adjust 98304
debug2: channel 0: window 1998256 sent adjust 66128
debug2: channel 0: window 1966672 sent adjust 97712
debug2: channel 0: window 1966080 sent adjust 98304
debug2: channel 0: window 1998256 sent adjust 66128
debug2: channel 0: window 1966672 sent adjust 97712
debug2: channel 0: window 1966080 sent adjust 98304
debug2: channel 0: window 1974462 sent adjust 89922
debug2: channel 0: window 1997824 sent adjust 66560
debug2: channel 0: window 1967104 sent adjust 97280
debug2: channel 0: window 1966080 sent adjust 98304
debug2: channel 0: window 1966080 sent adjust 98304
debug2: channel 0: window 1966080 sent adjust 98304
debug2: channel 0: window 1990226 sent adjust 74158
debug2: channel 0: window 1974702 sent adjust 89682
debug2: channel 0: window 1966080 sent adjust 98304
debug2: channel 0: window 1966080 sent adjust 98304
debug2: channel 0: window 1973942 sent adjust 90442
debug2: channel 0: window 1990986 sent adjust 73398
debug2: channel 0: window 1966080 sent adjust 98304
debug2: channel 0: window 1966080 sent adjust 98304
debug2: channel 0: window 1966080 sent adjust 98304
debug2: channel 0: window 1966080 sent adjust 98304
debug2: channel 0: window 1966080 sent adjust 98304
debug2: channel 0: window 1990466 sent adjust 73918
debug2: channel 0: window 1974462 sent adjust 89922
debug2: channel 0: window 1966080 sent adjust 98304
debug2: channel 0: window 1990466 sent adjust 73918
debug2: channel 0: window 1974462 sent adjust 89922
debug2: channel 0: window 1966080 sent adjust 98304
debug2: channel 0: window 1966080 sent adjust 98304
debug2: channel 0: window 1966080 sent adjust 98304
debug2: channel 0: window 1989666 sent adjust 74718
debug2: channel 0: window 1975262 sent adjust 89122
debug2: channel 0: window 1966080 sent adjust 98304
debug2: channel 0: window 1966080 sent adjust 98304
debug2: channel 0: window 1966080 sent adjust 98304
debug2: channel 0: window 1973910 sent adjust 90474
debug2: channel 0: window 1991018 sent adjust 73366
debug2: channel 0: window 1966080 sent adjust 98304
debug2: channel 0: window 1966080 sent adjust 98304
debug2: channel 0: window 1966080 sent adjust 98304
debug2: channel 0: window 1966080 sent adjust 98304
debug2: channel 0: window 1966080 sent adjust 98304
debug2: channel 0: window 1966080 sent adjust 98304
debug2: channel 0: window 1966080 sent adjust 98304
debug2: channel 0: window 1975142 sent adjust 89242
debug2: channel 0: window 1974302 sent adjust 90082
debug2: channel 0: window 1981564 sent adjust 82820
debug2: channel 0: window 1983364 sent adjust 81020
debug2: channel 0: window 1966080 sent adjust 98304
debug2: channel 0: window 1997376 sent adjust 67008
debug2: channel 0: window 1967552 sent adjust 96832
debug2: channel 0: window 1966080 sent adjust 98304
debug2: channel 0: window 1966080 sent adjust 98304
debug2: channel 0: window 1966080 sent adjust 98304
debug2: channel 0: window 1997376 sent adjust 67008
debug2: channel 0: window 1967552 sent adjust 96832
debug2: channel 0: window 1966080 sent adjust 98304
debug2: channel 0: window 1966080 sent adjust 98304
debug2: channel 0: window 1989394 sent adjust 74990
debug2: channel 0: window 1975534 sent adjust 88850
debug2: channel 0: window 1966080 sent adjust 98304
debug2: channel 0: window 1966080 sent adjust 98304
debug2: channel 0: window 1981564 sent adjust 82820
debug2: channel 0: window 1983364 sent adjust 81020
debug2: channel 0: window 1966080 sent adjust 98304
debug2: channel 0: window 1981564 sent adjust 82820
debug2: channel 0: window 1983364 sent adjust 81020
debug2: channel 0: window 1966080 sent adjust 98304
debug2: channel 0: window 1990626 sent adjust 73758
debug2: channel 0: window 1974302 sent adjust 90082
debug2: channel 0: window 1966080 sent adjust 98304
debug2: channel 0: window 1966080 sent adjust 98304
debug2: channel 0: window 1966080 sent adjust 98304
debug2: channel 0: window 1966080 sent adjust 98304
debug2: channel 0: window 1966080 sent adjust 98304
debug2: channel 0: window 1966080 sent adjust 98304
debug2: channel 0: window 1966080 sent adjust 98304
debug2: channel 0: window 1966080 sent adjust 98304
debug2: channel 0: window 1981564 sent adjust 82820
debug2: channel 0: window 1983364 sent adjust 81020
debug2: channel 0: window 1966080 sent adjust 98304
debug2: channel 0: window 1983268 sent adjust 81116
debug2: channel 0: window 1966080 sent adjust 98304
debug2: channel 0: window 1966080 sent adjust 98304
debug2: channel 0: window 1966080 sent adjust 98304
debug2: channel 0: window 1974350 sent adjust 90034
debug2: channel 0: window 1973390 sent adjust 90994
debug2: channel 0: window 1991538 sent adjust 72846
debug2: channel 0: window 1966080 sent adjust 98304
debug2: channel 0: window 1973390 sent adjust 90994
debug2: channel 0: window 1991538 sent adjust 72846
debug2: channel 0: window 1966080 sent adjust 98304
debug2: channel 0: window 1973390 sent adjust 90994
debug2: channel 0: window 1991538 sent adjust 72846
debug2: channel 0: window 1966080 sent adjust 98304
debug2: channel 0: window 1973390 sent adjust 90994
debug2: channel 0: window 1991538 sent adjust 72846
debug2: channel 0: window 1966080 sent adjust 98304
debug2: channel 0: window 1982748 sent adjust 81636
debug2: channel 0: window 1963024 sent adjust 101360
debug2: channel 0: window 1969136 sent adjust 95248
debug2: channel 0: window 1966080 sent adjust 98304
debug2: channel 0: window 1966080 sent adjust 98304
debug2: channel 0: window 1966080 sent adjust 98304
debug2: channel 0: window 1989490 sent adjust 74894
debug2: channel 0: window 1975438 sent adjust 88946
debug2: channel 0: window 1966080 sent adjust 98304
debug2: channel 0: window 1990858 sent adjust 73526
debug2: channel 0: window 1990170 sent adjust 74214
debug2: channel 0: window 1974758 sent adjust 89626
debug2: channel 0: window 1966080 sent adjust 98304
debug2: channel 0: window 1990170 sent adjust 74214
debug2: channel 0: window 1974758 sent adjust 89626
debug2: channel 0: window 1966080 sent adjust 98304
debug2: channel 0: window 1990170 sent adjust 74214
debug2: channel 0: window 1974758 sent adjust 89626
debug2: channel 0: window 1974454 sent adjust 89930
debug2: channel 0: window 1981796 sent adjust 82588
debug2: channel 0: window 1983132 sent adjust 81252
debug2: channel 0: window 1966080 sent adjust 98304
debug2: channel 0: window 1981796 sent adjust 82588
debug2: channel 0: window 1983132 sent adjust 81252
debug2: channel 0: window 1982588 sent adjust 81796
debug2: channel 0: window 1981956 sent adjust 82428
debug2: channel 0: window 1982972 sent adjust 81412
debug2: channel 0: window 1966144 sent adjust 98240
debug2: channel 0: window 1966080 sent adjust 98304
debug2: channel 0: window 1966080 sent adjust 98304
debug2: channel 0: window 1981892 sent adjust 82492
debug2: channel 0: window 1983036 sent adjust 81348
debug2: channel 0: window 1966080 sent adjust 98304
debug2: channel 0: window 1966080 sent adjust 98304
debug2: channel 0: window 1966080 sent adjust 98304
debug2: channel 0: window 1973902 sent adjust 90482
debug2: channel 0: window 1991026 sent adjust 73358
debug2: channel 0: window 1966080 sent adjust 98304
debug2: channel 0: window 1973902 sent adjust 90482
debug2: channel 0: window 1991026 sent adjust 73358
debug2: channel 0: window 1990938 sent adjust 73446
debug2: channel 0: window 1966080 sent adjust 98304
debug2: channel 0: window 1990698 sent adjust 73686
debug2: channel 0: window 1998336 sent adjust 66048
debug2: channel 0: window 1966592 sent adjust 97792
debug2: channel 0: window 1966080 sent adjust 98304
debug2: channel 0: window 1998336 sent adjust 66048
debug2: channel 0: window 1966592 sent adjust 97792
debug2: channel 0: window 1966080 sent adjust 98304
debug2: channel 0: window 1966080 sent adjust 98304
debug2: channel 0: window 1988594 sent adjust 75790
debug2: channel 0: window 1976334 sent adjust 88050
debug2: channel 0: window 1966080 sent adjust 98304
debug2: channel 0: window 1966080 sent adjust 98304
debug2: channel 0: window 1966080 sent adjust 98304
debug2: channel 0: window 1982140 sent adjust 82244
debug2: channel 0: window 1982788 sent adjust 81596
debug2: channel 0: window 1966080 sent adjust 98304
debug2: channel 0: window 1966080 sent adjust 98304
debug2: channel 0: window 1966080 sent adjust 98304
debug2: channel 0: window 1982140 sent adjust 82244
debug2: channel 0: window 1991386 sent adjust 72998
debug2: channel 0: window 1966080 sent adjust 98304
debug2: channel 0: window 1998400 sent adjust 65984
debug2: channel 0: window 1966528 sent adjust 97856
debug2: channel 0: window 1966080 sent adjust 98304
debug2: channel 0: window 1966080 sent adjust 98304
debug2: channel 0: window 1990250 sent adjust 74134
debug2: channel 0: window 1974678 sent adjust 89706
debug2: channel 0: window 1990842 sent adjust 73542
debug2: channel 0: window 1965488 sent adjust 98896
debug2: channel 0: window 1966672 sent adjust 97712
debug2: channel 0: window 1966080 sent adjust 98304
debug2: channel 0: window 1998256 sent adjust 66128
debug2: channel 0: window 1966672 sent adjust 97712
debug2: channel 0: window 1966080 sent adjust 98304
debug2: channel 0: window 1998256 sent adjust 66128
debug2: channel 0: window 1966672 sent adjust 97712
debug2: channel 0: window 1966080 sent adjust 98304
debug2: channel 0: window 1974494 sent adjust 89890
debug2: channel 0: window 1989842 sent adjust 74542
debug2: channel 0: window 1975086 sent adjust 89298
debug2: channel 0: window 1966080 sent adjust 98304
debug2: channel 0: window 1966080 sent adjust 98304
debug2: channel 0: window 1966080 sent adjust 98304
debug2: channel 0: window 1998440 sent adjust 65944
debug2: channel 0: window 1966488 sent adjust 97896
debug2: channel 0: window 1966080 sent adjust 98304
debug2: channel 0: window 1998440 sent adjust 65944
debug2: channel 0: window 1966488 sent adjust 97896
debug2: channel 0: window 1974502 sent adjust 89882
debug2: channel 0: window 1966080 sent adjust 98304
debug2: channel 0: window 1966080 sent adjust 98304
debug2: channel 0: window 1982012 sent adjust 82372
debug2: channel 0: window 1982916 sent adjust 81468
debug2: channel 0: window 1966080 sent adjust 98304
debug2: channel 0: window 1982012 sent adjust 82372
debug2: channel 0: window 1982916 sent adjust 81468
debug2: channel 0: window 1974454 sent adjust 89930
debug2: channel 0: window 1973638 sent adjust 90746
debug2: channel 0: window 1991290 sent adjust 73094
debug2: channel 0: window 1966080 sent adjust 98304
debug2: channel 0: window 1973638 sent adjust 90746
debug2: channel 0: window 1991290 sent adjust 73094
debug2: channel 0: window 1966080 sent adjust 98304
debug2: channel 0: window 1996928 sent adjust 67456
debug2: channel 0: window 1968152 sent adjust 96232
debug2: channel 0: window 1966080 sent adjust 98304
debug2: channel 0: window 1966080 sent adjust 98304
debug2: channel 0: window 1966080 sent adjust 98304
debug2: channel 0: window 1981900 sent adjust 82484
debug2: channel 0: window 1983028 sent adjust 81356
debug2: channel 0: window 1966080 sent adjust 98304
debug2: channel 0: window 1990826 sent adjust 73558
debug2: channel 0: window 1965576 sent adjust 98808
debug2: channel 0: window 1966584 sent adjust 97800
debug2: channel 0: window 1966080 sent adjust 98304
debug2: channel 0: window 1966080 sent adjust 98304
debug2: channel 0: window 1998344 sent adjust 66040
debug2: channel 0: window 1966584 sent adjust 97800
debug2: channel 0: window 1966080 sent adjust 98304
debug2: channel 0: window 1998344 sent adjust 66040
debug2: channel 0: window 1966584 sent adjust 97800
debug2: channel 0: window 1982676 sent adjust 81708
debug2: channel 0: window 1990122 sent adjust 74262
debug2: channel 0: window 1974806 sent adjust 89578
debug2: channel 0: window 1966080 sent adjust 98304
debug2: channel 0: window 1990122 sent adjust 74262
debug2: channel 0: window 1974806 sent adjust 89578
debug2: channel 0: window 1966080 sent adjust 98304
debug2: channel 0: window 1966080 sent adjust 98304
debug2: channel 0: window 1974454 sent adjust 89930
debug2: channel 0: window 1981900 sent adjust 82484
debug2: channel 0: window 1983028 sent adjust 81356
debug2: channel 0: window 1966080 sent adjust 98304
debug2: channel 0: window 1981900 sent adjust 82484
debug2: channel 0: window 1983028 sent adjust 81356
debug2: channel 0: window 1966080 sent adjust 98304
debug2: channel 0: window 1966080 sent adjust 98304
debug2: channel 0: window 1989298 sent adjust 75086
debug2: channel 0: window 1975630 sent adjust 88754
debug2: channel 0: window 1966080 sent adjust 98304
debug2: channel 0: window 1966080 sent adjust 98304
debug2: channel 0: window 1973878 sent adjust 90506
debug2: channel 0: window 1991050 sent adjust 73334
debug2: channel 0: window 1966080 sent adjust 98304
debug2: channel 0: window 1990474 sent adjust 73910
debug2: channel 0: window 1974454 sent adjust 89930
debug2: channel 0: window 1966080 sent adjust 98304
debug2: channel 0: window 1990474 sent adjust 73910
debug2: channel 0: window 1974454 sent adjust 89930
debug2: channel 0: window 1966080 sent adjust 98304
debug2: channel 0: window 1990474 sent adjust 73910
debug2: channel 0: window 1974454 sent adjust 89930
debug2: channel 0: window 1966080 sent adjust 98304
debug2: channel 0: window 1966080 sent adjust 98304
debug2: channel 0: window 1966624 sent adjust 97760
debug2: channel 0: window 1998304 sent adjust 66080
debug2: channel 0: window 1966624 sent adjust 97760
debug2: channel 0: window 1966080 sent adjust 98304
debug2: channel 0: window 1966080 sent adjust 98304
debug2: channel 0: window 1998304 sent adjust 66080
debug2: channel 0: window 1966624 sent adjust 97760
debug2: channel 0: window 1966080 sent adjust 98304
debug2: channel 0: window 1966080 sent adjust 98304
debug2: channel 0: window 1998304 sent adjust 66080
debug2: channel 0: window 1966624 sent adjust 97760
debug2: channel 0: window 1966080 sent adjust 98304
debug2: channel 0: window 1998304 sent adjust 66080
debug2: channel 0: window 1966888 sent adjust 97496
debug2: channel 0: window 1982500 sent adjust 81884
debug2: channel 0: window 1981620 sent adjust 82764
debug2: channel 0: window 1983308 sent adjust 81076
debug2: channel 0: window 1966080 sent adjust 98304
debug2: channel 0: window 1981620 sent adjust 82764
debug2: channel 0: window 1983308 sent adjust 81076
debug2: channel 0: window 1974390 sent adjust 89994
debug2: channel 0: window 1979236 sent adjust 85148
debug2: channel 0: window 1985692 sent adjust 78692
debug2: channel 0: window 1966144 sent adjust 98240
debug2: channel 0: window 1966080 sent adjust 98304
debug2: channel 0: window 1966080 sent adjust 98304
debug2: channel 0: window 1973790 sent adjust 90594
debug2: channel 0: window 1991138 sent adjust 73246
debug2: channel 0: window 1966192 sent adjust 98192
debug2: channel 0: window 1966080 sent adjust 98304
debug2: channel 0: window 1990706 sent adjust 73678
debug2: channel 0: window 1966080 sent adjust 98304
debug2: channel 0: window 1966080 sent adjust 98304
debug2: channel 0: window 1966080 sent adjust 98304
debug2: channel 0: window 1981820 sent adjust 82564
debug2: channel 0: window 1983108 sent adjust 81276
debug2: channel 0: window 1966216 sent adjust 98168
debug2: channel 0: window 1990170 sent adjust 74214
debug2: channel 0: window 1974758 sent adjust 89626
debug2: channel 0: window 1966080 sent adjust 98304
debug2: channel 0: window 1998368 sent adjust 66016
debug2: channel 0: window 1966560 sent adjust 97824
debug2: channel 0: window 1966080 sent adjust 98304
debug2: channel 0: window 1966080 sent adjust 98304
debug2: channel 0: window 1973910 sent adjust 90474
debug2: channel 0: window 1991018 sent adjust 73366
debug2: channel 0: window 1966080 sent adjust 98304
debug2: channel 0: window 1966080 sent adjust 98304
debug2: channel 0: window 1981684 sent adjust 82700
debug2: channel 0: window 1983244 sent adjust 81140
debug2: channel 0: window 1966080 sent adjust 98304
debug2: channel 0: window 1966080 sent adjust 98304
debug2: channel 0: window 1981684 sent adjust 82700
debug2: channel 0: window 1983244 sent adjust 81140
debug2: channel 0: window 1966472 sent adjust 97912
debug2: channel 0: window 1998320 sent adjust 66064
debug2: channel 0: window 1983020 sent adjust 81364
debug2: channel 0: window 1966080 sent adjust 98304
debug2: channel 0: window 1966080 sent adjust 98304
debug2: channel 0: window 1981908 sent adjust 82476
debug2: channel 0: window 1974918 sent adjust 89466
debug2: channel 0: window 1966112 sent adjust 98272
debug2: channel 0: window 1990114 sent adjust 74270
debug2: channel 0: window 1974814 sent adjust 89570
debug2: channel 0: window 1966080 sent adjust 98304
debug2: channel 0: window 1990114 sent adjust 74270
debug2: channel 0: window 1974814 sent adjust 89570
debug2: channel 0: window 1966080 sent adjust 98304
debug2: channel 0: window 1966080 sent adjust 98304
debug2: channel 0: window 1990114 sent adjust 74270
debug2: channel 0: window 1966792 sent adjust 97592
debug2: channel 0: window 1966080 sent adjust 98304
debug2: channel 0: window 1990722 sent adjust 73662
debug2: channel 0: window 1981388 sent adjust 82996
debug2: channel 0: window 1983540 sent adjust 80844
debug2: channel 0: window 1966080 sent adjust 98304
debug2: channel 0: window 1966080 sent adjust 98304
debug2: channel 0: window 1973494 sent adjust 90890
debug2: channel 0: window 1991434 sent adjust 72950
debug2: channel 0: window 1990802 sent adjust 73582
debug2: channel 0: window 1982492 sent adjust 81892
debug2: channel 0: window 1966080 sent adjust 98304
debug2: channel 0: window 1982500 sent adjust 81884
debug2: channel 0: window 1981972 sent adjust 82412
debug2: channel 0: window 1982988 sent adjust 81396
debug2: channel 0: window 1966080 sent adjust 98304
debug2: channel 0: window 1990178 sent adjust 74206
debug2: channel 0: window 1983004 sent adjust 81380
debug2: channel 0: window 1966080 sent adjust 98304
debug2: channel 0: window 1981924 sent adjust 82460
debug2: channel 0: window 1983004 sent adjust 81380
debug2: channel 0: window 1966080 sent adjust 98304
debug2: channel 0: window 1966080 sent adjust 98304
debug2: channel 0: window 1973902 sent adjust 90482
debug2: channel 0: window 1991026 sent adjust 73358
debug2: channel 0: window 1966080 sent adjust 98304
debug2: channel 0: window 1966080 sent adjust 98304
debug2: channel 0: window 1998544 sent adjust 65840
debug2: channel 0: window 1966384 sent adjust 98000
debug2: channel 0: window 1966080 sent adjust 98304
debug2: channel 0: window 1966080 sent adjust 98304
debug2: channel 0: window 1998544 sent adjust 65840
debug2: channel 0: window 1983084 sent adjust 81300
debug2: channel 0: window 1966080 sent adjust 98304
debug2: channel 0: window 1966080 sent adjust 98304
debug2: channel 0: window 1990210 sent adjust 74174
debug2: channel 0: window 1966616 sent adjust 97768
debug2: channel 0: window 1966080 sent adjust 98304
debug2: channel 0: window 1966080 sent adjust 98304
debug2: channel 0: window 1981996 sent adjust 82388
debug2: channel 0: window 1982932 sent adjust 81452
debug2: channel 0: window 1966080 sent adjust 98304
debug2: channel 0: window 1990250 sent adjust 74134
debug2: channel 0: window 1974678 sent adjust 89706
debug2: channel 0: window 1966080 sent adjust 98304
debug2: channel 0: window 1990250 sent adjust 74134
debug2: channel 0: window 1974678 sent adjust 89706
debug2: channel 0: window 1990898 sent adjust 73486
debug2: channel 0: window 1965432 sent adjust 98952
debug2: channel 0: window 1966728 sent adjust 97656
debug2: channel 0: window 1966080 sent adjust 98304
debug2: channel 0: window 1966176 sent adjust 98208
debug2: channel 0: window 1966080 sent adjust 98304
debug2: channel 0: window 1998104 sent adjust 66280
debug2: channel 0: window 1966824 sent adjust 97560
debug2: channel 0: window 1966080 sent adjust 98304
debug2: channel 0: window 1966080 sent adjust 98304
debug2: channel 0: window 1989754 sent adjust 74630
debug2: channel 0: window 1975174 sent adjust 89210
debug2: channel 0: window 1966256 sent adjust 98128
debug2: channel 0: window 1966080 sent adjust 98304
debug2: channel 0: window 1982516 sent adjust 81868
debug2: channel 0: window 1966080 sent adjust 98304
debug2: channel 0: window 1966080 sent adjust 98304
debug2: channel 0: window 1966080 sent adjust 98304
debug2: channel 0: window 1990090 sent adjust 74294
debug2: channel 0: window 1991322 sent adjust 73062
debug2: channel 0: window 1982492 sent adjust 81892
