Command line invocation:
    /Applications/Xcode.app/Contents/Developer/usr/bin/xcodebuild test -scheme BicTerm -destination "platform=iOS Simulator,id=732CE8E1-F9EF-4020-BF93-5BA1AA365B0E" -derivedDataPath /Users/richard/code/BicTerm/.build-artifacts/DerivedData/g12-app -resultBundlePath /Users/richard/code/BicTerm/.build-artifacts/xcresults/g12-final-full-iphone.xcresult -parallel-testing-enabled NO "-only-testing:BicTermUITests"

Resolve Package Graph


Resolved source packages:
  swift-crypto: https://github.com/apple/swift-crypto.git @ 4.5.2
  swift-system: https://github.com/apple/swift-system.git @ 1.8.1
  swift-nio: https://github.com/apple/swift-nio.git @ 2.102.0
  swift-asn1: https://github.com/apple/swift-asn1.git @ 1.7.2
  BicTermCore: /Users/richard/code/BicTerm/BicTermCore
  SwiftTerm: /Users/richard/code/BicTerm/Vendor/SwiftTerm
  SymbolKit: https://github.com/swiftlang/swift-docc-symbolkit @ 1.0.0
  swift-collections: https://github.com/apple/swift-collections.git @ 1.6.0
  swift-atomics: https://github.com/apple/swift-atomics.git @ 1.3.1
  swift-argument-parser: https://github.com/apple/swift-argument-parser @ 1.8.2
  swift-nio-ssh: /Users/richard/code/BicTerm/Vendor/swift-nio-ssh @ local
  SwiftDocCPlugin: https://github.com/apple/swift-docc-plugin @ 1.5.0

Writing result bundle at path:
	/Users/richard/code/BicTerm/.build-artifacts/xcresults/g12-final-full-iphone.xcresult

ComputePackagePrebuildTargetDependencyGraph

Prepare packages

Compile plug-in “SwiftTermBuildInfoPlugin” in package “swiftterm”
[debug]: Compiling plugin to executable at /Users/richard/code/BicTerm/.build-artifacts/DerivedData/g12-app/Build/Products/PluginExecutables/SwiftTermBuildInfoPlugin
[debug]: Using compiler /Applications/Xcode.app/Contents/Developer/Toolchains/XcodeDefault.xctoolchain/usr/bin/swiftc
[debug]: Plugin compilation output directory '/Users/richard/code/BicTerm/.build-artifacts/DerivedData/g12-app/Build/Products/PluginExecutables'
[debug]: Computed hash of plugin compilation inputs: a89582677f16616d3ae07a046f0d81e39cf426cc338b7a282fc0e8a9a3a779ee


Apply build tool plug-in “SwiftTermBuildInfoPlugin” to target “SwiftTerm” in package “swiftterm”

Process build tool plug-in results
package: <IDESwiftPackageCore.IDESwiftPackage:0x98c378600 path:'/Users/richard/code/BicTerm/Vendor/SwiftTerm'>
    target: SwiftTerm
        prebuildCommandOutputPaths: []
        buildCommands: [SwiftPM.SPMCustomBuildCommand(displayName: Optional("Generate SwiftTerm build information"), executable: "/${BUILD_DIR}/${CONFIGURATION}/SwiftTermBuildInfoGenerator", arguments: ["/Users/richard/code/BicTerm/Vendor/SwiftTerm", "/Users/richard/code/BicTerm/.build-artifacts/DerivedData/g12-app/Build/Intermediates.noindex/BuildToolPluginIntermediates/swiftterm.output/SwiftTerm/SwiftTermBuildInfoPlugin/Generated/SwiftTermBuildInfo.swift"], environment: [:], workingDir: nil, inputPaths: [SwiftPM.SPMAbsolutePath(absolutePath: <AbsolutePath:"/Users/richard/code/BicTerm/.build-artifacts/DerivedData/g12-app/Build/Intermediates.noindex/BuildToolPluginIntermediates/swiftterm.output/SwiftTerm/SwiftTermBuildInfoPlugin/build-info-trigger">)], pluginOutputDir: SwiftPM.SPMAbsolutePath(absolutePath: <AbsolutePath:"/Users/richard/code/BicTerm/.build-artifacts/DerivedData/g12-app/Build/Intermediates.noindex/BuildToolPluginIntermediates/swiftterm.output/SwiftTerm/SwiftTermBuildInfoPlugin">), outputPaths: ["/Users/richard/code/BicTerm/.build-artifacts/DerivedData/g12-app/Build/Intermediates.noindex/BuildToolPluginIntermediates/swiftterm.output/SwiftTerm/SwiftTermBuildInfoPlugin/Generated/SwiftTermBuildInfo.swift"], sandboxProfile: Optional(SwiftPM.SPMSandboxProfile(strictness: Basics.Sandbox.Strictness.writableTemporaryDirectory, writableDirectories: [<AbsolutePath:"/Users/richard/code/BicTerm/.build-artifacts/DerivedData/g12-app/Build/Intermediates.noindex/BuildToolPluginIntermediates/swiftterm.output/SwiftTerm/SwiftTermBuildInfoPlugin">], readOnlyDirectories: [<AbsolutePath:"/Users/richard/code/BicTerm/Vendor/SwiftTerm">])))]
        allDerivedOutputPaths: [SwiftPM.SPMAbsolutePath(absolutePath: <AbsolutePath:"/Users/richard/code/BicTerm/.build-artifacts/DerivedData/g12-app/Build/Intermediates.noindex/BuildToolPluginIntermediates/swiftterm.output/SwiftTerm/SwiftTermBuildInfoPlugin/Generated/SwiftTermBuildInfo.swift">)]

CreateBuildRequest

SendProjectDescription

CreateBuildOperation

ComputeTargetDependencyGraph
note: Building targets in dependency order
note: Target dependency graph (47 targets)
    Target 'BicTermUITests' in project 'BicTerm'
        ➜ Explicit dependency on target 'BicTerm' in project 'BicTerm'
    Target 'BicTermTests' in project 'BicTerm'
        ➜ Explicit dependency on target 'BicTerm' in project 'BicTerm'
    Target 'BicTerm' in project 'BicTerm'
        ➜ Implicit dependency on target 'CoderTunnel' in project 'BicTerm' via options '-framework CoderTunnel' in build setting 'OTHER_LDFLAGS'
        ➜ Explicit dependency on target 'BicTermCore' in project 'BicTermCore'
        ➜ Explicit dependency on target 'SwiftTerm' in project 'SwiftTerm'
    Target 'SwiftTerm' in project 'SwiftTerm'
        ➜ Explicit dependency on target 'SwiftTerm' in project 'SwiftTerm'
        ➜ Explicit dependency on target 'SwiftTerm_SwiftTerm' in project 'SwiftTerm'
        ➜ Explicit dependency on target 'SwiftTermBuildInfoGenerator' in project 'SwiftTerm'
        ➜ Explicit dependency on target 'SwiftTermBuildInfoPlugin' in project 'SwiftTerm'
    Target 'SwiftTerm' in project 'SwiftTerm'
        ➜ Explicit dependency on target 'SwiftTerm_SwiftTerm' in project 'SwiftTerm'
        ➜ Explicit dependency on target 'SwiftTermBuildInfoGenerator' in project 'SwiftTerm'
        ➜ Explicit dependency on target 'SwiftTermBuildInfoPlugin' in project 'SwiftTerm'
    Target 'SwiftTermBuildInfoGenerator' in project 'SwiftTerm' (no dependencies)
    Target 'SwiftTerm_SwiftTerm' in project 'SwiftTerm'
        ➜ Explicit dependency on target 'SwiftTermBuildInfoPlugin' in project 'SwiftTerm'
    Target 'SwiftTermBuildInfoPlugin' in project 'SwiftTerm'
        ➜ Explicit dependency on target 'SwiftTermBuildInfoGenerator' in project 'SwiftTerm'
    Target 'SwiftTermBuildInfoGenerator' in project 'SwiftTerm' (no dependencies)
    Target 'CoderTunnel' in project 'BicTerm'
        ➜ Explicit dependency on target 'BicTermCore' in project 'BicTermCore'
    Target 'BicTermCore' in project 'BicTermCore'
        ➜ Explicit dependency on target 'BicTermCore' in project 'BicTermCore'
        ➜ Explicit dependency on target 'CBcryptPBKDF' in project 'BicTermCore'
        ➜ Explicit dependency on target 'NIOSSH' in project 'swift-nio-ssh'
        ➜ Explicit dependency on target 'NIOCore' in project 'swift-nio'
        ➜ Explicit dependency on target 'NIOPosix' in project 'swift-nio'
    Target 'BicTermCore' in project 'BicTermCore'
        ➜ Explicit dependency on target 'CBcryptPBKDF' in project 'BicTermCore'
        ➜ Explicit dependency on target 'NIOSSH' in project 'swift-nio-ssh'
        ➜ Explicit dependency on target 'NIOCore' in project 'swift-nio'
        ➜ Explicit dependency on target 'NIOPosix' in project 'swift-nio'
    Target 'NIOPosix' in project 'swift-nio'
        ➜ Explicit dependency on target 'NIOPosix' in project 'swift-nio'
        ➜ Explicit dependency on target 'swift-nio_NIOPosix' in project 'swift-nio'
        ➜ Explicit dependency on target 'CNIOOpenBSD' in project 'swift-nio'
        ➜ Explicit dependency on target 'CNIOLinux' in project 'swift-nio'
        ➜ Explicit dependency on target 'CNIODarwin' in project 'swift-nio'
        ➜ Explicit dependency on target 'CNIOWindows' in project 'swift-nio'
        ➜ Explicit dependency on target 'CNIOAtomics' in project 'swift-nio'
        ➜ Explicit dependency on target 'NIOConcurrencyHelpers' in project 'swift-nio'
        ➜ Explicit dependency on target '_NIOBase64' in project 'swift-nio'
        ➜ Explicit dependency on target 'CNIOFreeBSD' in project 'swift-nio'
        ➜ Explicit dependency on target 'CNIOWASI' in project 'swift-nio'
        ➜ Explicit dependency on target '_NIODataStructures' in project 'swift-nio'
        ➜ Explicit dependency on target 'NIOCore' in project 'swift-nio'
        ➜ Explicit dependency on target 'CNIOPosix' in project 'swift-nio'
        ➜ Explicit dependency on target 'DequeModule' in project 'swift-collections'
        ➜ Explicit dependency on target 'Atomics' in project 'swift-atomics'
    Target 'NIOSSH' in project 'swift-nio-ssh'
        ➜ Explicit dependency on target 'NIOSSH' in project 'swift-nio-ssh'
        ➜ Explicit dependency on target 'NIOCore' in project 'swift-nio'
        ➜ Explicit dependency on target 'NIOConcurrencyHelpers' in project 'swift-nio'
        ➜ Explicit dependency on target 'NIOFoundationCompat' in project 'swift-nio'
        ➜ Explicit dependency on target 'Crypto' in project 'swift-crypto'
        ➜ Explicit dependency on target 'Atomics' in project 'swift-atomics'
    Target 'NIOSSH' in project 'swift-nio-ssh'
        ➜ Explicit dependency on target 'NIOCore' in project 'swift-nio'
        ➜ Explicit dependency on target 'NIOConcurrencyHelpers' in project 'swift-nio'
        ➜ Explicit dependency on target 'NIOFoundationCompat' in project 'swift-nio'
        ➜ Explicit dependency on target 'Crypto' in project 'swift-crypto'
        ➜ Explicit dependency on target 'Atomics' in project 'swift-atomics'
    Target 'Crypto' in project 'swift-crypto'
        ➜ Explicit dependency on target 'Crypto' in project 'swift-crypto'
        ➜ Explicit dependency on target 'swift-crypto_Crypto' in project 'swift-crypto'
    Target 'Crypto' in project 'swift-crypto'
        ➜ Explicit dependency on target 'swift-crypto_Crypto' in project 'swift-crypto'
    Target 'swift-crypto_Crypto' in project 'swift-crypto' (no dependencies)
    Target 'NIOFoundationCompat' in project 'swift-nio'
        ➜ Explicit dependency on target 'NIOFoundationCompat' in project 'swift-nio'
        ➜ Explicit dependency on target 'CNIOAtomics' in project 'swift-nio'
        ➜ Explicit dependency on target 'NIOConcurrencyHelpers' in project 'swift-nio'
        ➜ Explicit dependency on target '_NIOBase64' in project 'swift-nio'
        ➜ Explicit dependency on target 'CNIOOpenBSD' in project 'swift-nio'
        ➜ Explicit dependency on target 'CNIOFreeBSD' in project 'swift-nio'
        ➜ Explicit dependency on target 'CNIODarwin' in project 'swift-nio'
        ➜ Explicit dependency on target 'CNIOLinux' in project 'swift-nio'
        ➜ Explicit dependency on target 'CNIOWindows' in project 'swift-nio'
        ➜ Explicit dependency on target 'CNIOWASI' in project 'swift-nio'
        ➜ Explicit dependency on target '_NIODataStructures' in project 'swift-nio'
        ➜ Explicit dependency on target 'NIOCore' in project 'swift-nio'
        ➜ Explicit dependency on target 'NIOEmbedded' in project 'swift-nio'
        ➜ Explicit dependency on target 'CNIOPosix' in project 'swift-nio'
        ➜ Explicit dependency on target 'NIOPosix' in project 'swift-nio'
        ➜ Explicit dependency on target 'NIO' in project 'swift-nio'
        ➜ Explicit dependency on target 'NIOFoundationEssentialsCompat' in project 'swift-nio'
        ➜ Explicit dependency on target 'DequeModule' in project 'swift-collections'
        ➜ Explicit dependency on target 'Atomics' in project 'swift-atomics'
    Target 'NIOFoundationCompat' in project 'swift-nio'
        ➜ Explicit dependency on target 'CNIOAtomics' in project 'swift-nio'
        ➜ Explicit dependency on target 'NIOConcurrencyHelpers' in project 'swift-nio'
        ➜ Explicit dependency on target '_NIOBase64' in project 'swift-nio'
        ➜ Explicit dependency on target 'CNIOOpenBSD' in project 'swift-nio'
        ➜ Explicit dependency on target 'CNIOFreeBSD' in project 'swift-nio'
        ➜ Explicit dependency on target 'CNIODarwin' in project 'swift-nio'
        ➜ Explicit dependency on target 'CNIOLinux' in project 'swift-nio'
        ➜ Explicit dependency on target 'CNIOWindows' in project 'swift-nio'
        ➜ Explicit dependency on target 'CNIOWASI' in project 'swift-nio'
        ➜ Explicit dependency on target '_NIODataStructures' in project 'swift-nio'
        ➜ Explicit dependency on target 'NIOCore' in project 'swift-nio'
        ➜ Explicit dependency on target 'NIOEmbedded' in project 'swift-nio'
        ➜ Explicit dependency on target 'CNIOPosix' in project 'swift-nio'
        ➜ Explicit dependency on target 'NIOPosix' in project 'swift-nio'
        ➜ Explicit dependency on target 'NIO' in project 'swift-nio'
        ➜ Explicit dependency on target 'NIOFoundationEssentialsCompat' in project 'swift-nio'
        ➜ Explicit dependency on target 'DequeModule' in project 'swift-collections'
        ➜ Explicit dependency on target 'Atomics' in project 'swift-atomics'
    Target 'NIOFoundationEssentialsCompat' in project 'swift-nio'
        ➜ Explicit dependency on target 'CNIOAtomics' in project 'swift-nio'
        ➜ Explicit dependency on target 'NIOConcurrencyHelpers' in project 'swift-nio'
        ➜ Explicit dependency on target '_NIOBase64' in project 'swift-nio'
        ➜ Explicit dependency on target 'CNIOOpenBSD' in project 'swift-nio'
        ➜ Explicit dependency on target 'CNIOFreeBSD' in project 'swift-nio'
        ➜ Explicit dependency on target 'CNIODarwin' in project 'swift-nio'
        ➜ Explicit dependency on target 'CNIOLinux' in project 'swift-nio'
        ➜ Explicit dependency on target 'CNIOWindows' in project 'swift-nio'
        ➜ Explicit dependency on target 'CNIOWASI' in project 'swift-nio'
        ➜ Explicit dependency on target '_NIODataStructures' in project 'swift-nio'
        ➜ Explicit dependency on target 'NIOCore' in project 'swift-nio'
        ➜ Explicit dependency on target 'DequeModule' in project 'swift-collections'
        ➜ Explicit dependency on target 'Atomics' in project 'swift-atomics'
    Target 'NIO' in project 'swift-nio'
        ➜ Explicit dependency on target 'CNIOAtomics' in project 'swift-nio'
        ➜ Explicit dependency on target 'NIOConcurrencyHelpers' in project 'swift-nio'
        ➜ Explicit dependency on target '_NIOBase64' in project 'swift-nio'
        ➜ Explicit dependency on target 'CNIOOpenBSD' in project 'swift-nio'
        ➜ Explicit dependency on target 'CNIOFreeBSD' in project 'swift-nio'
        ➜ Explicit dependency on target 'CNIODarwin' in project 'swift-nio'
        ➜ Explicit dependency on target 'CNIOLinux' in project 'swift-nio'
        ➜ Explicit dependency on target 'CNIOWindows' in project 'swift-nio'
        ➜ Explicit dependency on target 'CNIOWASI' in project 'swift-nio'
        ➜ Explicit dependency on target '_NIODataStructures' in project 'swift-nio'
        ➜ Explicit dependency on target 'NIOCore' in project 'swift-nio'
        ➜ Explicit dependency on target 'NIOEmbedded' in project 'swift-nio'
        ➜ Explicit dependency on target 'CNIOPosix' in project 'swift-nio'
        ➜ Explicit dependency on target 'NIOPosix' in project 'swift-nio'
        ➜ Explicit dependency on target 'DequeModule' in project 'swift-collections'
        ➜ Explicit dependency on target 'Atomics' in project 'swift-atomics'
    Target 'NIOPosix' in project 'swift-nio'
        ➜ Explicit dependency on target 'swift-nio_NIOPosix' in project 'swift-nio'
        ➜ Explicit dependency on target 'CNIOOpenBSD' in project 'swift-nio'
        ➜ Explicit dependency on target 'CNIOLinux' in project 'swift-nio'
        ➜ Explicit dependency on target 'CNIODarwin' in project 'swift-nio'
        ➜ Explicit dependency on target 'CNIOWindows' in project 'swift-nio'
        ➜ Explicit dependency on target 'CNIOAtomics' in project 'swift-nio'
        ➜ Explicit dependency on target 'NIOConcurrencyHelpers' in project 'swift-nio'
        ➜ Explicit dependency on target '_NIOBase64' in project 'swift-nio'
        ➜ Explicit dependency on target 'CNIOFreeBSD' in project 'swift-nio'
        ➜ Explicit dependency on target 'CNIOWASI' in project 'swift-nio'
        ➜ Explicit dependency on target '_NIODataStructures' in project 'swift-nio'
        ➜ Explicit dependency on target 'NIOCore' in project 'swift-nio'
        ➜ Explicit dependency on target 'CNIOPosix' in project 'swift-nio'
        ➜ Explicit dependency on target 'DequeModule' in project 'swift-collections'
        ➜ Explicit dependency on target 'Atomics' in project 'swift-atomics'
    Target 'swift-nio_NIOPosix' in project 'swift-nio' (no dependencies)
    Target 'CNIOPosix' in project 'swift-nio' (no dependencies)
    Target 'NIOEmbedded' in project 'swift-nio'
        ➜ Explicit dependency on target 'CNIOAtomics' in project 'swift-nio'
        ➜ Explicit dependency on target 'NIOConcurrencyHelpers' in project 'swift-nio'
        ➜ Explicit dependency on target '_NIOBase64' in project 'swift-nio'
        ➜ Explicit dependency on target 'CNIOOpenBSD' in project 'swift-nio'
        ➜ Explicit dependency on target 'CNIOFreeBSD' in project 'swift-nio'
        ➜ Explicit dependency on target 'CNIODarwin' in project 'swift-nio'
        ➜ Explicit dependency on target 'CNIOLinux' in project 'swift-nio'
        ➜ Explicit dependency on target 'CNIOWindows' in project 'swift-nio'
        ➜ Explicit dependency on target 'CNIOWASI' in project 'swift-nio'
        ➜ Explicit dependency on target '_NIODataStructures' in project 'swift-nio'
        ➜ Explicit dependency on target 'NIOCore' in project 'swift-nio'
        ➜ Explicit dependency on target 'DequeModule' in project 'swift-collections'
        ➜ Explicit dependency on target 'Atomics' in project 'swift-atomics'
    Target 'NIOConcurrencyHelpers' in project 'swift-nio'
        ➜ Explicit dependency on target 'NIOConcurrencyHelpers' in project 'swift-nio'
        ➜ Explicit dependency on target 'CNIOAtomics' in project 'swift-nio'
    Target 'NIOCore' in project 'swift-nio'
        ➜ Explicit dependency on target 'NIOCore' in project 'swift-nio'
        ➜ Explicit dependency on target 'CNIOAtomics' in project 'swift-nio'
        ➜ Explicit dependency on target 'NIOConcurrencyHelpers' in project 'swift-nio'
        ➜ Explicit dependency on target '_NIOBase64' in project 'swift-nio'
        ➜ Explicit dependency on target 'CNIOOpenBSD' in project 'swift-nio'
        ➜ Explicit dependency on target 'CNIOFreeBSD' in project 'swift-nio'
        ➜ Explicit dependency on target 'CNIODarwin' in project 'swift-nio'
        ➜ Explicit dependency on target 'CNIOLinux' in project 'swift-nio'
        ➜ Explicit dependency on target 'CNIOWindows' in project 'swift-nio'
        ➜ Explicit dependency on target 'CNIOWASI' in project 'swift-nio'
        ➜ Explicit dependency on target '_NIODataStructures' in project 'swift-nio'
        ➜ Explicit dependency on target 'DequeModule' in project 'swift-collections'
        ➜ Explicit dependency on target 'Atomics' in project 'swift-atomics'
    Target 'NIOCore' in project 'swift-nio'
        ➜ Explicit dependency on target 'CNIOAtomics' in project 'swift-nio'
        ➜ Explicit dependency on target 'NIOConcurrencyHelpers' in project 'swift-nio'
        ➜ Explicit dependency on target '_NIOBase64' in project 'swift-nio'
        ➜ Explicit dependency on target 'CNIOOpenBSD' in project 'swift-nio'
        ➜ Explicit dependency on target 'CNIOFreeBSD' in project 'swift-nio'
        ➜ Explicit dependency on target 'CNIODarwin' in project 'swift-nio'
        ➜ Explicit dependency on target 'CNIOLinux' in project 'swift-nio'
        ➜ Explicit dependency on target 'CNIOWindows' in project 'swift-nio'
        ➜ Explicit dependency on target 'CNIOWASI' in project 'swift-nio'
        ➜ Explicit dependency on target '_NIODataStructures' in project 'swift-nio'
        ➜ Explicit dependency on target 'DequeModule' in project 'swift-collections'
        ➜ Explicit dependency on target 'Atomics' in project 'swift-atomics'
    Target 'Atomics' in project 'swift-atomics'
        ➜ Explicit dependency on target 'Atomics' in project 'swift-atomics'
        ➜ Explicit dependency on target '_AtomicsShims' in project 'swift-atomics'
    Target 'Atomics' in project 'swift-atomics'
        ➜ Explicit dependency on target '_AtomicsShims' in project 'swift-atomics'
    Target '_AtomicsShims' in project 'swift-atomics' (no dependencies)
    Target 'DequeModule' in project 'swift-collections'
        ➜ Explicit dependency on target 'DequeModule' in project 'swift-collections'
        ➜ Explicit dependency on target 'InternalCollectionsUtilities' in project 'swift-collections'
        ➜ Explicit dependency on target 'ContainersPreview' in project 'swift-collections'
    Target 'DequeModule' in project 'swift-collections'
        ➜ Explicit dependency on target 'InternalCollectionsUtilities' in project 'swift-collections'
        ➜ Explicit dependency on target 'ContainersPreview' in project 'swift-collections'
    Target 'ContainersPreview' in project 'swift-collections'
        ➜ Explicit dependency on target 'InternalCollectionsUtilities' in project 'swift-collections'
    Target 'InternalCollectionsUtilities' in project 'swift-collections' (no dependencies)
    Target '_NIODataStructures' in project 'swift-nio' (no dependencies)
    Target 'CNIOWASI' in project 'swift-nio' (no dependencies)
    Target 'CNIOWindows' in project 'swift-nio' (no dependencies)
    Target 'CNIOLinux' in project 'swift-nio' (no dependencies)
    Target 'CNIODarwin' in project 'swift-nio' (no dependencies)
    Target 'CNIOFreeBSD' in project 'swift-nio' (no dependencies)
    Target 'CNIOOpenBSD' in project 'swift-nio' (no dependencies)
    Target '_NIOBase64' in project 'swift-nio' (no dependencies)
    Target 'NIOConcurrencyHelpers' in project 'swift-nio'
        ➜ Explicit dependency on target 'CNIOAtomics' in project 'swift-nio'
    Target 'CNIOAtomics' in project 'swift-nio' (no dependencies)
    Target 'CBcryptPBKDF' in project 'BicTermCore' (no dependencies)

GatherProvisioningInputs

CreateBuildDescription

ClangStatCache /Applications/Xcode.app/Contents/Developer/Toolchains/XcodeDefault.xctoolchain/usr/bin/clang-stat-cache /Applications/Xcode.app/Contents/Developer/Platforms/iPhoneSimulator.platform/Developer/SDKs/iPhoneSimulator26.5.sdk /Users/richard/code/BicTerm/.build-artifacts/DerivedData/g12-app/SDKStatCaches.noindex/iphonesimulator26.5-23F81a-688ef53f1462e2c8f657fdc38a81448f6cfe768891a92b912361537c460fe42b.sdkstatcache
    cd /Users/richard/code/BicTerm/BicTerm.xcodeproj
    /Applications/Xcode.app/Contents/Developer/Toolchains/XcodeDefault.xctoolchain/usr/bin/clang-stat-cache /Applications/Xcode.app/Contents/Developer/Platforms/iPhoneSimulator.platform/Developer/SDKs/iPhoneSimulator26.5.sdk -o /Users/richard/code/BicTerm/.build-artifacts/DerivedData/g12-app/SDKStatCaches.noindex/iphonesimulator26.5-23F81a-688ef53f1462e2c8f657fdc38a81448f6cfe768891a92b912361537c460fe42b.sdkstatcache

ClangStatCache /Applications/Xcode.app/Contents/Developer/Toolchains/XcodeDefault.xctoolchain/usr/bin/clang-stat-cache /Applications/Xcode.app/Contents/Developer/Platforms/MacOSX.platform/Developer/SDKs/MacOSX26.5.sdk /Users/richard/code/BicTerm/.build-artifacts/DerivedData/g12-app/SDKStatCaches.noindex/macosx26.5-25F70-688ef53f1462e2c8f657fdc38a81448fe082c4a02f00227109f4ed75e425c832.sdkstatcache
    cd /Users/richard/code/BicTerm/BicTerm.xcodeproj
    /Applications/Xcode.app/Contents/Developer/Toolchains/XcodeDefault.xctoolchain/usr/bin/clang-stat-cache /Applications/Xcode.app/Contents/Developer/Platforms/MacOSX.platform/Developer/SDKs/MacOSX26.5.sdk -o /Users/richard/code/BicTerm/.build-artifacts/DerivedData/g12-app/SDKStatCaches.noindex/macosx26.5-25F70-688ef53f1462e2c8f657fdc38a81448fe082c4a02f00227109f4ed75e425c832.sdkstatcache

ProcessInfoPlistFile /Users/richard/code/BicTerm/.build-artifacts/DerivedData/g12-app/Build/Products/Debug-iphonesimulator/SwiftTerm_SwiftTerm.bundle/Info.plist /Users/richard/code/BicTerm/.build-artifacts/DerivedData/g12-app/Build/Intermediates.noindex/SwiftTerm.build/Debug-iphonesimulator/SwiftTerm_SwiftTerm.build/empty-SwiftTerm_SwiftTerm.plist (in target 'SwiftTerm_SwiftTerm' from project 'SwiftTerm')
    cd /Users/richard/code/BicTerm/Vendor/SwiftTerm
    builtin-infoPlistUtility /Users/richard/code/BicTerm/.build-artifacts/DerivedData/g12-app/Build/Intermediates.noindex/SwiftTerm.build/Debug-iphonesimulator/SwiftTerm_SwiftTerm.build/empty-SwiftTerm_SwiftTerm.plist -producttype com.apple.product-type.bundle -expandbuildsettings -format binary -platform iphonesimulator -o /Users/richard/code/BicTerm/.build-artifacts/DerivedData/g12-app/Build/Products/Debug-iphonesimulator/SwiftTerm_SwiftTerm.bundle/Info.plist

CustomTask Generate\ SwiftTerm\ build\ information ca20a6128b458f0f5ef503a6af9d9d8c (in target 'SwiftTerm' from project 'SwiftTerm')
    cd /Users/richard/code/BicTerm/Vendor/SwiftTerm
    export ACTION\=build
    export AD_HOC_CODE_SIGNING_ALLOWED\=YES
    export ALLOW_BUILD_REQUEST_OVERRIDES\=NO
    export ALLOW_TARGET_PLATFORM_SPECIALIZATION\=NO
    export ALTERNATE_GROUP\=staff
    export ALTERNATE_MODE\=u+w,go-w,a+rX
    export ALTERNATE_OWNER\=richard
    export ALTERNATIVE_DISTRIBUTION_WEB\=NO
    export ALWAYS_EMBED_SWIFT_STANDARD_LIBRARIES\=NO
    export ALWAYS_SEARCH_USER_PATHS\=YES
    export ALWAYS_USE_SEPARATE_HEADERMAPS\=NO
    export APPLICATION_EXTENSION_API_ONLY\=NO
    export APPLY_RULES_IN_COPY_FILES\=NO
    export APPLY_RULES_IN_COPY_HEADERS\=NO
    export APP_SHORTCUTS_ENABLE_FLEXIBLE_MATCHING\=YES
    export ARCHS\=arm64
    export ARCHS_BASE\=arm64
    export ARCHS_STANDARD\=arm64\ x86_64
    export ARCHS_STANDARD_32_64_BIT\=arm64\ x86_64
    export ARCHS_STANDARD_64_BIT\=arm64\ x86_64
    export ARCHS_STANDARD_INCLUDING_64_BIT\=arm64\ x86_64
    export ARCHS_UNIVERSAL_IPHONE_OS\=arm64\ x86_64
    export ASSETCATALOG_FILTER_FOR_DEVICE_MODEL\=iPhone18,1
    export ASSETCATALOG_FILTER_FOR_DEVICE_OS_VERSION\=26.5
    export ASSETCATALOG_FILTER_FOR_THINNING_DEVICE_CONFIGURATION\=iPhone18,1
    export AUTOMATICALLY_MERGE_DEPENDENCIES\=NO
    export AUTOMATION_APPLE_EVENTS\=NO
    export AVAILABLE_PLATFORMS\=android\ appletvos\ appletvsimulator\ driverkit\ freebsd\ iphoneos\ iphonesimulator\ linux\ macosx\ none\ openbsd\ qnx\ watchos\ watchsimulator\ webassembly\ xros\ xrsimulator
    export BUILD_ACTIVE_RESOURCES_ONLY\=YES
    export BUILD_COMPONENTS\=headers\ build
    export BUILD_DIR\=/Users/richard/code/BicTerm/.build-artifacts/DerivedData/g12-app/Build/Products
    export BUILD_LIBRARY_FOR_DISTRIBUTION\=NO
    export BUILD_ONLY_KNOWN_LOCALIZATIONS\=NO
    export BUILD_ROOT\=/Users/richard/code/BicTerm/.build-artifacts/DerivedData/g12-app/Build/Products
    export BUILD_STYLE\=
    export BUILD_VARIANTS\=normal
    export BUILT_PRODUCTS_DIR\=/Users/richard/code/BicTerm/.build-artifacts/DerivedData/g12-app/Build/Products/Debug-iphonesimulator
    export BUNDLE_CONTENTS_FOLDER_PATH_deep\=Contents/
    export BUNDLE_EXECUTABLE_FOLDER_NAME_deep\=MacOS
    export BUNDLE_EXTENSIONS_FOLDER_PATH\=Extensions
    export BUNDLE_FORMAT\=shallow
    export BUNDLE_FRAMEWORKS_FOLDER_PATH\=Frameworks
    export BUNDLE_PLUGINS_FOLDER_PATH\=PlugIns
    export BUNDLE_PRIVATE_HEADERS_FOLDER_PATH\=PrivateHeaders
    export BUNDLE_PUBLIC_HEADERS_FOLDER_PATH\=Headers
    export CACHE_ROOT\=/var/folders/hy/m79bdqfj21g6ndt8hbtf0c6w0000gn/C/com.apple.DeveloperTools/26.6-17F113/Xcode
    export CCHROOT\=/var/folders/hy/m79bdqfj21g6ndt8hbtf0c6w0000gn/C/com.apple.DeveloperTools/26.6-17F113/Xcode
    export CHMOD\=/bin/chmod
    export CHOWN\=chown
    export CLANG_CACHE_FINE_GRAINED_OUTPUTS\=YES
    export CLANG_COVERAGE_MAPPING_LINKER_ARGS\=NO
    export CLANG_ENABLE_EXPLICIT_MODULES\=YES
    export CLANG_ENABLE_MODULES\=YES
    export CLANG_ENABLE_OBJC_ARC\=YES
    export CLANG_MODULES_BUILD_SESSION_FILE\=/Users/richard/code/BicTerm/.build-artifacts/DerivedData/g12-app/ModuleCache.noindex/Session.modulevalidation
    export CLASS_FILE_DIR\=/Users/richard/code/BicTerm/.build-artifacts/DerivedData/g12-app/Build/Intermediates.noindex/SwiftTerm.build/Debug-iphonesimulator/SwiftTerm.build/JavaClasses
    export CLEAN_PRECOMPS\=YES
    export CLONE_HEADERS\=NO
    export CODESIGNING_FOLDER_PATH\=/Users/richard/code/BicTerm/.build-artifacts/DerivedData/g12-app/Build/Products/Debug-iphonesimulator/SwiftTerm.o
    export CODE_SIGNING_ALLOWED\=NO
    export CODE_SIGNING_REQUIRED\=NO
    export CODE_SIGN_CONTEXT_CLASS\=XCiPhoneSimulatorCodeSignContext
    export CODE_SIGN_INJECT_BASE_ENTITLEMENTS\=YES
    export COLOR_DIAGNOSTICS\=NO
    export COMBINE_HIDPI_IMAGES\=NO
    export COMPILATION_CACHE_CAS_PATH\=/Users/richard/code/BicTerm/.build-artifacts/DerivedData/g12-app/CompilationCache.noindex
    export COMPILATION_CACHE_KEEP_CAS_DIRECTORY\=YES
    export COMPILER_INDEX_STORE_ENABLE\=Default
    export COMPILER_WORKING_DIRECTORY\=/Users/richard/code/BicTerm/BicTerm.xcodeproj
    export COMPOSITE_SDK_DIRS\=/Users/richard/code/BicTerm/.build-artifacts/DerivedData/g12-app/Build/Intermediates.noindex/CompositeSDKs
    export COMPRESS_PNG_FILES\=YES
    export CONFIGURATION\=Debug
    export CONFIGURATION_BUILD_DIR\=/Users/richard/code/BicTerm/.build-artifacts/DerivedData/g12-app/Build/Products/Debug-iphonesimulator
    export CONFIGURATION_TEMP_DIR\=/Users/richard/code/BicTerm/.build-artifacts/DerivedData/g12-app/Build/Intermediates.noindex/SwiftTerm.build/Debug-iphonesimulator
    export COPYING_PRESERVES_HFS_DATA\=NO
    export COPY_HEADERS_RUN_UNIFDEF\=NO
    export COPY_PHASE_STRIP\=NO
    export COREML_CODEGEN_LANGUAGE\=Swift
    export COREML_COMPILER_CONTAINER\=swift-package
    export CORRESPONDING_DEVICE_PLATFORM_DIR\=/Applications/Xcode.app/Contents/Developer/Platforms/iPhoneOS.platform
    export CORRESPONDING_DEVICE_PLATFORM_NAME\=iphoneos
    export CORRESPONDING_DEVICE_SDK_DIR\=/Applications/Xcode.app/Contents/Developer/Platforms/iPhoneOS.platform/Developer/SDKs/iPhoneOS26.5.sdk
    export CORRESPONDING_DEVICE_SDK_NAME\=iphoneos26.5
    export CP\=/bin/cp
    export CREATE_INFOPLIST_SECTION_IN_BINARY\=NO
    export CURRENT_ARCH\=undefined_arch
    export CURRENT_VARIANT\=normal
    export DEAD_CODE_STRIPPING\=NO
    export DEBUGGING_SYMBOLS\=YES
    export DEBUG_INFORMATION_FORMAT\=dwarf
    export DEBUG_INFORMATION_VERSION\=compiler-default
    export DEFAULT_COMPILER\=com.apple.compilers.llvm.clang.1_0
    export DEFAULT_DEXT_INSTALL_PATH\=/System/Library/DriverExtensions
    export DEFAULT_KEXT_INSTALL_PATH\=/System/Library/Extensions
    export DEFINES_MODULE\=YES
    export DEPLOYMENT_LOCATION\=NO
    export DEPLOYMENT_POSTPROCESSING\=NO
    export DEPLOYMENT_TARGET_SETTING_NAME\=IPHONEOS_DEPLOYMENT_TARGET
    export DEPLOYMENT_TARGET_SUGGESTED_VALUES\=12.0\ 12.1\ 12.2\ 12.3\ 12.4\ 13.0\ 13.1\ 13.2\ 13.3\ 13.4\ 13.5\ 13.6\ 14.0\ 14.1\ 14.2\ 14.3\ 14.4\ 14.5\ 14.6\ 14.7\ 15.0\ 15.1\ 15.2\ 15.3\ 15.4\ 15.5\ 15.6\ 16.0\ 16.1\ 16.2\ 16.3\ 16.4\ 16.5\ 16.6\ 17.0\ 17.1\ 17.2\ 17.3\ 17.4\ 17.5\ 17.6\ 18.0\ 18.1\ 18.2\ 18.3\ 18.4\ 18.5\ 18.6\ 26.0\ 26.2\ 26.3\ 26.4\ 26.5
    export DERIVED_FILES_DIR\=/Users/richard/code/BicTerm/.build-artifacts/DerivedData/g12-app/Build/Intermediates.noindex/SwiftTerm.build/Debug-iphonesimulator/SwiftTerm.build/DerivedSources
    export DERIVED_FILE_DIR\=/Users/richard/code/BicTerm/.build-artifacts/DerivedData/g12-app/Build/Intermediates.noindex/SwiftTerm.build/Debug-iphonesimulator/SwiftTerm.build/DerivedSources
    export DERIVED_SOURCES_DIR\=/Users/richard/code/BicTerm/.build-artifacts/DerivedData/g12-app/Build/Intermediates.noindex/SwiftTerm.build/Debug-iphonesimulator/SwiftTerm.build/DerivedSources
    export DEVELOPER_APPLICATIONS_DIR\=/Applications/Xcode.app/Contents/Developer/Applications
    export DEVELOPER_BIN_DIR\=/Applications/Xcode.app/Contents/Developer/usr/bin
    export DEVELOPER_DIR\=/Applications/Xcode.app/Contents/Developer
    export DEVELOPER_FRAMEWORKS_DIR\=/Applications/Xcode.app/Contents/Developer/Library/Frameworks
    export DEVELOPER_FRAMEWORKS_DIR_QUOTED\=/Applications/Xcode.app/Contents/Developer/Library/Frameworks
    export DEVELOPER_LIBRARY_DIR\=/Applications/Xcode.app/Contents/Developer/Library
    export DEVELOPER_SDK_DIR\=/Applications/Xcode.app/Contents/Developer/Platforms/MacOSX.platform/Developer/SDKs
    export DEVELOPER_TOOLS_DIR\=/Applications/Xcode.app/Contents/Developer/Tools
    export DEVELOPER_USR_DIR\=/Applications/Xcode.app/Contents/Developer/usr
    export DEVELOPMENT_LANGUAGE\=en
    export DIAGNOSE_MISSING_TARGET_DEPENDENCIES\=YES
    export DIFF\=/usr/bin/diff
    export DONT_GENERATE_INFOPLIST_FILE\=NO
    export DSTROOT\=/tmp/SwiftTerm.dst
    export DT_TOOLCHAIN_DIR\=/Applications/Xcode.app/Contents/Developer/Toolchains/XcodeDefault.xctoolchain
    export DUMP_DEPENDENCIES\=NO
    export DUMP_DEPENDENCIES_OUTPUT_PATH\=/Users/richard/code/BicTerm/.build-artifacts/DerivedData/g12-app/Build/Intermediates.noindex/SwiftTerm.build/Debug-iphonesimulator/SwiftTerm.build/SwiftTerm-BuildDependencyInfo.json
    export DWARF_DSYM_FILE_NAME\=SwiftTerm.o.dSYM
    export DWARF_DSYM_FILE_SHOULD_ACCOMPANY_PRODUCT\=NO
    export DWARF_DSYM_FOLDER_PATH\=/Users/richard/code/BicTerm/.build-artifacts/DerivedData/g12-app/Build/Products/Debug-iphonesimulator
    export DYLIB_INSTALL_NAME_BASE\=@rpath
    export DYNAMIC_LIBRARY_EXTENSION\=dylib
    export EAGER_COMPILATION_ALLOW_SCRIPTS\=NO
    export EAGER_LINKING\=NO
    export EFFECTIVE_PLATFORM_NAME\=-iphonesimulator
    export EFFECTIVE_SWIFT_VERSION\=5
    export EMBEDDED_CONTENT_CONTAINS_SWIFT\=NO
    export EMBED_ASSET_PACKS_IN_PRODUCT_BUNDLE\=NO
    export ENABLE_APP_SANDBOX\=NO
    export ENABLE_CODE_COVERAGE\=YES
    export ENABLE_COHORT_ARCHS\=NO
    export ENABLE_CPLUSPLUS_BOUNDS_SAFE_BUFFERS\=NO
    export ENABLE_C_BOUNDS_SAFETY\=NO
    export ENABLE_DEFAULT_HEADER_SEARCH_PATHS\=YES
    export ENABLE_DEFAULT_SEARCH_PATHS\=YES
    export ENABLE_ENHANCED_SECURITY\=NO
    export ENABLE_HARDENED_RUNTIME\=NO
    export ENABLE_HEADER_DEPENDENCIES\=YES
    export ENABLE_INCOMING_NETWORK_CONNECTIONS\=NO
    export ENABLE_NS_ASSERTIONS\=YES
    export ENABLE_ON_DEMAND_RESOURCES\=NO
    export ENABLE_OUTGOING_NETWORK_CONNECTIONS\=NO
    export ENABLE_POINTER_AUTHENTICATION\=NO
    export ENABLE_PREVIEWS\=NO
    export ENABLE_RESOURCE_ACCESS_AUDIO_INPUT\=NO
    export ENABLE_RESOURCE_ACCESS_BLUETOOTH\=NO
    export ENABLE_RESOURCE_ACCESS_CALENDARS\=NO
    export ENABLE_RESOURCE_ACCESS_CAMERA\=NO
    export ENABLE_RESOURCE_ACCESS_CONTACTS\=NO
    export ENABLE_RESOURCE_ACCESS_LOCATION\=NO
    export ENABLE_RESOURCE_ACCESS_PHOTO_LIBRARY\=NO
    export ENABLE_RESOURCE_ACCESS_PRINTING\=NO
    export ENABLE_RESOURCE_ACCESS_USB\=NO
    export ENABLE_SDK_IMPORTS\=NO
    export ENABLE_SECURITY_COMPILER_WARNINGS\=NO
    export ENABLE_TESTABILITY\=YES
    export ENABLE_TESTING_SEARCH_PATHS\=YES
    export ENABLE_USER_SCRIPT_SANDBOXING\=NO
    export ENABLE_XOJIT_PREVIEWS\=YES
    export ENFORCE_VALID_ARCHS\=YES
    export ENTITLEMENTS_DESTINATION\=__entitlements
    export ENTITLEMENTS_REQUIRED\=NO
    export EXCLUDED_INSTALLSRC_SUBDIRECTORY_PATTERNS\=.DS_Store\ .svn\ .git\ .hg\ CVS
    export EXCLUDED_RECURSIVE_SEARCH_PATH_SUBDIRECTORIES\=\*.nib\ \*.lproj\ \*.framework\ \*.gch\ \*.xcode\*\ \*.xcassets\ \*.icon\ \(\*\)\ .DS_Store\ CVS\ .svn\ .git\ .hg\ \*.pbproj\ \*.pbxproj
    export EXECUTABLE_EXTENSION\=o
    export EXECUTABLE_NAME\=SwiftTerm.o
    export EXECUTABLE_PATH\=SwiftTerm.o
    export EXECUTABLE_SUFFIX\=.o
    export FILE_LIST\=/Users/richard/code/BicTerm/.build-artifacts/DerivedData/g12-app/Build/Intermediates.noindex/SwiftTerm.build/Debug-iphonesimulator/SwiftTerm.build/Objects/LinkFileList
    export FIXED_FILES_DIR\=/Users/richard/code/BicTerm/.build-artifacts/DerivedData/g12-app/Build/Intermediates.noindex/SwiftTerm.build/Debug-iphonesimulator/SwiftTerm.build/FixedFiles
    export FRAMEWORK_FLAG_PREFIX\=-framework
    export FRAMEWORK_SEARCH_PATHS\=/Users/richard/code/BicTerm/.build-artifacts/DerivedData/g12-app/Build/Products/Debug-iphonesimulator\ 
    export FRAMEWORK_VERSION\=A
    export FULL_PRODUCT_NAME\=SwiftTerm.o
    export FUSE_BUILD_PHASES\=YES
    export FUSE_BUILD_SCRIPT_PHASES\=NO
    export GCC3_VERSION\=3.3
    export GCC_INLINES_ARE_PRIVATE_EXTERN\=YES
    export GCC_OBJC_LEGACY_DISPATCH\=YES
    export GCC_OPTIMIZATION_LEVEL\=0
    export GCC_PFE_FILE_C_DIALECTS\=c\ objective-c\ c++\ objective-c++
    export GCC_PREPROCESSOR_DEFINITIONS\=\ SWIFT_PACKAGE\ DEBUG\=1
    export GCC_TREAT_WARNINGS_AS_ERRORS\=NO
    export GCC_VERSION\=com.apple.compilers.llvm.clang.1_0
    export GCC_VERSION_IDENTIFIER\=com_apple_compilers_llvm_clang_1_0
    export GCC_WARN_64_TO_32_BIT_CONVERSION\=NO
    export GENERATED_MODULEMAP_DIR\=/Users/richard/code/BicTerm/.build-artifacts/DerivedData/g12-app/Build/Intermediates.noindex/GeneratedModuleMaps-iphonesimulator
    export GENERATE_INFOPLIST_FILE\=NO
    export GENERATE_INTERMEDIATE_TEXT_BASED_STUBS\=YES
    export GENERATE_MASTER_OBJECT_FILE\=NO
    export GENERATE_PKGINFO_FILE\=NO
    export GENERATE_PRELINK_OBJECT_FILE\=NO
    export GENERATE_PROFILING_CODE\=NO
    export GENERATE_RESOURCE_ACCESSORS\=YES
    export GENERATE_TEXT_BASED_STUBS\=NO
    export GID\=20
    export GROUP\=staff
    export HEADERMAP_INCLUDES_FLAT_ENTRIES_FOR_TARGET_BEING_BUILT\=YES
    export HEADERMAP_INCLUDES_FRAMEWORK_ENTRIES_FOR_ALL_PRODUCT_TYPES\=YES
    export HEADERMAP_INCLUDES_FRAMEWORK_ENTRIES_FOR_TARGETS_NOT_BEING_BUILT\=YES
    export HEADERMAP_INCLUDES_NONPUBLIC_NONPRIVATE_HEADERS\=YES
    export HEADERMAP_INCLUDES_PROJECT_HEADERS\=YES
    export HEADERMAP_USES_FRAMEWORK_PREFIX_ENTRIES\=YES
    export HEADERMAP_USES_VFS\=YES
    export HEADER_SEARCH_PATHS\=/Users/richard/code/BicTerm/.build-artifacts/DerivedData/g12-app/Build/Products/Debug-iphonesimulator/include\ 
    export HOME\=/Users/richard
    export HOST_ARCH\=arm64
    export HOST_PLATFORM\=macosx
    export ICONV\=/usr/bin/iconv
    export IMPLICIT_DEPENDENCY_DOMAIN\=default
    export INDEX_STORE_COMPRESS\=NO
    export INDEX_STORE_ONLY_PROJECT_FILES\=NO
    export INFOPLIST_ENABLE_CFBUNDLEICONS_MERGE\=YES
    export INFOPLIST_EXPAND_BUILD_SETTINGS\=YES
    export INFOPLIST_OUTPUT_FORMAT\=binary
    export INFOPLIST_PREPROCESS\=NO
    export INLINE_PRIVATE_FRAMEWORKS\=NO
    export INSTALLAPI_IGNORE_SKIP_INSTALL\=YES
    export INSTALLHDRS_COPY_PHASE\=NO
    export INSTALLHDRS_SCRIPT_PHASE\=NO
    export INSTALL_DIR\=/tmp/SwiftTerm.dst/Users/richard/Objects
    export INSTALL_GROUP\=staff
    export INSTALL_MODE_FLAG\=u+w,go-w,a+rX
    export INSTALL_OWNER\=richard
    export INSTALL_PATH\=/Users/richard/Objects
    export INSTALL_ROOT\=/tmp/SwiftTerm.dst
    export IPHONEOS_DEPLOYMENT_TARGET\=14.0
    export IS_UNOPTIMIZED_BUILD\=YES
    export JAVAC_DEFAULT_FLAGS\=-J-Xms64m\ -J-XX:NewSize\=4M\ -J-Dfile.encoding\=UTF8
    export JAVA_APP_STUB\=/System/Library/Frameworks/JavaVM.framework/Resources/MacOS/JavaApplicationStub
    export JAVA_ARCHIVE_CLASSES\=YES
    export JAVA_ARCHIVE_TYPE\=JAR
    export JAVA_COMPILER\=/usr/bin/javac
    export JAVA_FRAMEWORK_RESOURCES_DIRS\=Resources
    export JAVA_JAR_FLAGS\=cv
    export JAVA_SOURCE_SUBDIR\=.
    export JAVA_USE_DEPENDENCIES\=YES
    export JAVA_ZIP_FLAGS\=-urg
    export JIKES_DEFAULT_FLAGS\=+E\ +OLDCSO
    export KEEP_PRIVATE_EXTERNS\=NO
    export LD_DEPENDENCY_INFO_FILE\=/Users/richard/code/BicTerm/.build-artifacts/DerivedData/g12-app/Build/Intermediates.noindex/SwiftTerm.build/Debug-iphonesimulator/SwiftTerm.build/Objects-normal/undefined_arch/SwiftTerm_dependency_info.dat
    export LD_EXPORT_SYMBOLS\=YES
    export LD_GENERATE_MAP_FILE\=NO
    export LD_MAP_FILE_PATH\=/Users/richard/code/BicTerm/.build-artifacts/DerivedData/g12-app/Build/Intermediates.noindex/SwiftTerm.build/Debug-iphonesimulator/SwiftTerm.build/SwiftTerm-LinkMap-normal-undefined_arch.txt
    export LD_NO_PIE\=NO
    export LD_QUOTE_LINKER_ARGUMENTS_FOR_COMPILER_DRIVER\=YES
    export LD_SHARED_CACHE_ELIGIBLE\=Automatic
    export LD_WARN_DUPLICATE_LIBRARIES\=NO
    export LD_WARN_UNUSED_DYLIBS\=NO
    export LEGACY_DEVELOPER_DIR\=/Applications/Xcode.app/Contents/PlugIns/Xcode3Core.ideplugin/Contents/SharedSupport/Developer
    export LEX\=lex
    export LIBRARY_DEXT_INSTALL_PATH\=/Library/DriverExtensions
    export LIBRARY_FLAG_NOSPACE\=YES
    export LIBRARY_FLAG_PREFIX\=-l
    export LIBRARY_KEXT_INSTALL_PATH\=/Library/Extensions
    export LIBRARY_SEARCH_PATHS\=/Users/richard/code/BicTerm/.build-artifacts/DerivedData/g12-app/Build/Products/Debug-iphonesimulator\ \ \ /Applications/Xcode.app/Contents/Developer/Platforms/iPhoneSimulator.platform/Developer/usr/lib
    export LINKER_DISPLAYS_MANGLED_NAMES\=NO
    export LINK_FILE_LIST_normal_arm64\=/Users/richard/code/BicTerm/.build-artifacts/DerivedData/g12-app/Build/Intermediates.noindex/SwiftTerm.build/Debug-iphonesimulator/SwiftTerm.build/Objects-normal/arm64/SwiftTerm.LinkFileList
    export LINK_OBJC_RUNTIME\=YES
    export LINK_WITH_STANDARD_LIBRARIES\=NO
    export LLVM_TARGET_TRIPLE_OS_VERSION\=ios14.0
    export LLVM_TARGET_TRIPLE_SUFFIX\=-simulator
    export LLVM_TARGET_TRIPLE_VENDOR\=apple
    export LM_AUX_CONST_METADATA_LIST_PATH_normal_arm64\=/Users/richard/code/BicTerm/.build-artifacts/DerivedData/g12-app/Build/Intermediates.noindex/SwiftTerm.build/Debug-iphonesimulator/SwiftTerm.build/Objects-normal/arm64/SwiftTerm.SwiftConstValuesFileList
    export LOCALIZATION_EXPORT_SUPPORTED\=YES
    export LOCALIZATION_PREFERS_STRING_CATALOGS\=NO
    export LOCALIZED_STRING_CODE_COMMENTS\=NO
    export LOCALIZED_STRING_MACRO_NAMES\=NSLocalizedString\ CFCopyLocalizedString
    export LOCALIZED_STRING_SWIFTUI_SUPPORT\=YES
    export LOCAL_ADMIN_APPS_DIR\=/Applications/Utilities
    export LOCAL_APPS_DIR\=/Applications
    export LOCAL_DEVELOPER_DIR\=/Library/Developer
    export LOCAL_LIBRARY_DIR\=/Library
    export LOCROOT\=/Users/richard/code/BicTerm/Vendor/SwiftTerm
    export LOCSYMROOT\=/Users/richard/code/BicTerm/Vendor/SwiftTerm
    export MACH_O_TYPE\=mh_object
    export MAC_OS_X_PRODUCT_BUILD_VERSION\=25G83
    export MAC_OS_X_VERSION_ACTUAL\=260602
    export MAC_OS_X_VERSION_MAJOR\=260000
    export MAC_OS_X_VERSION_MINOR\=260600
    export MAKE_MERGEABLE\=NO
    export MERGEABLE_LIBRARY\=NO
    export MERGED_BINARY_TYPE\=none
    export MERGE_LINKED_LIBRARIES\=NO
    export METAL_LIBRARY_FILE_BASE\=default
    export METAL_LIBRARY_OUTPUT_DIR\=/Users/richard/code/BicTerm/.build-artifacts/DerivedData/g12-app/Build/Products/Debug-iphonesimulator/
    export MODULEMAP_FILE_CONTENTS\=module\ SwiftTerm\ \{'
'header\ \"SwiftTerm-Swift.h\"'
'export\ \*'
'\}
    export MODULEMAP_PATH\=/Users/richard/code/BicTerm/.build-artifacts/DerivedData/g12-app/Build/Intermediates.noindex/GeneratedModuleMaps-iphonesimulator/SwiftTerm.modulemap
    export MODULE_CACHE_DIR\=/Users/richard/code/BicTerm/.build-artifacts/DerivedData/g12-app/ModuleCache.noindex
    export NATIVE_ARCH\=arm64
    export NATIVE_ARCH_32_BIT\=arm
    export NATIVE_ARCH_64_BIT\=arm64
    export NATIVE_ARCH_ACTUAL\=arm64
    export NO_COMMON\=YES
    export OBJC_ABI_VERSION\=2
    export OBJECT_FILE_DIR\=/Users/richard/code/BicTerm/.build-artifacts/DerivedData/g12-app/Build/Intermediates.noindex/SwiftTerm.build/Debug-iphonesimulator/SwiftTerm.build/Objects
    export OBJECT_FILE_DIR_normal\=/Users/richard/code/BicTerm/.build-artifacts/DerivedData/g12-app/Build/Intermediates.noindex/SwiftTerm.build/Debug-iphonesimulator/SwiftTerm.build/Objects-normal
    export OBJROOT\=/Users/richard/code/BicTerm/.build-artifacts/DerivedData/g12-app/Build/Intermediates.noindex
    export ONLY_ACTIVE_ARCH\=YES
    export OS\=MACOS
    export OSAC\=/usr/bin/osacompile
    export OTHER_CFLAGS\=\ -DXcode
    export OTHER_CPLUSPLUSFLAGS\=\ -DXcode
    export OTHER_SWIFT_FLAGS\=\ -DXcode\ -plugin-path\ /Applications/Xcode.app/Contents/Developer/Toolchains/XcodeDefault.xctoolchain/usr/lib/swift/host/plugins/testing
    export PACKAGE_RESOURCE_BUNDLE_NAME\=SwiftTerm_SwiftTerm
    export PACKAGE_RESOURCE_TARGET_KIND\=regular
    export PACKAGE_TYPE\=com.apple.package-type.mach-o-objfile
    export PASCAL_STRINGS\=YES
    export PATH\=/Applications/Xcode.app/Contents/SharedFrameworks/SwiftBuild.framework/Versions/A/PlugIns/SWBBuildService.bundle/Contents/PlugIns/SWBUniversalPlatformPlugin.bundle/Contents/Frameworks/SWBUniversalPlatform.framework/Resources:/var/run/com.apple.security.cryptexd/mnt/com.apple.MobileAsset.MetalToolchain-v17.6.109.0.ozHyXD/Metal.xctoolchain/usr/bin:/var/run/com.apple.security.cryptexd/mnt/com.apple.MobileAsset.MetalToolchain-v17.6.109.0.ozHyXD/Metal.xctoolchain/usr/local/bin:/var/run/com.apple.security.cryptexd/mnt/com.apple.MobileAsset.MetalToolchain-v17.6.109.0.ozHyXD/Metal.xctoolchain/usr/libexec:/Applications/Xcode.app/Contents/Developer/Toolchains/XcodeDefault.xctoolchain/usr/bin:/Applications/Xcode.app/Contents/Developer/Toolchains/XcodeDefault.xctoolchain/usr/local/bin:/Applications/Xcode.app/Contents/Developer/Toolchains/XcodeDefault.xctoolchain/usr/libexec:/Applications/Xcode.app/Contents/Developer/Platforms/iPhoneSimulator.platform/usr/bin:/Applications/Xcode.app/Contents/Developer/Platforms/iPhoneSimulator.platform/usr/local/bin:/Applications/Xcode.app/Contents/Developer/Platforms/iPhoneSimulator.platform/Developer/usr/bin:/Applications/Xcode.app/Contents/Developer/Platforms/iPhoneSimulator.platform/Developer/usr/local/bin:/Applications/Xcode.app/Contents/Developer/usr/bin:/Applications/Xcode.app/Contents/Developer/usr/local/bin:/Users/richard/.opencode/bin:/Users/richard/.bun/bin:/Users/richard/.local/bin:/opt/homebrew/opt/ruby/bin:/Users/richard/.pyenv/shims:/Users/richard/.krew/bin:/opt/homebrew/bin:/Users/richard/.nvm/versions/node/v22.22.0/bin:/usr/local/bin:/opt/local/bin:/opt/local/sbin:/System/Cryptexes/App/usr/bin:/usr/bin:/bin:/usr/sbin:/sbin:/var/run/com.apple.security.cryptexd/codex.system/bootstrap/usr/local/bin:/var/run/com.apple.security.cryptexd/codex.system/bootstrap/usr/bin:/var/run/com.apple.security.cryptexd/codex.system/bootstrap/usr/appleinternal/bin:/pkg/env/global/bin:/Library/Apple/usr/bin:/usr/local/MacGPG2/bin:/usr/local/share/dotnet:/Library/Frameworks/Mono.framework/Versions/Current/Commands:/Users/richard/.cargo/bin:/Users/richard/go/bin:/opt/homebrew/opt/go/libexec/bin:/Users/richard/.lmstudio/bin
    export PATH_PREFIXES_EXCLUDED_FROM_HEADER_DEPENDENCIES\=/usr/include\ /usr/local/include\ /System/Library/Frameworks\ /System/Library/PrivateFrameworks\ /Applications/Xcode.app/Contents/Developer/Headers\ /Applications/Xcode.app/Contents/Developer/SDKs\ /Applications/Xcode.app/Contents/Developer/Platforms
    export PER_ARCH_MODULE_FILE_DIR\=/Users/richard/code/BicTerm/.build-artifacts/DerivedData/g12-app/Build/Intermediates.noindex/SwiftTerm.build/Debug-iphonesimulator/SwiftTerm.build/Objects-normal/undefined_arch
    export PER_ARCH_OBJECT_FILE_DIR\=/Users/richard/code/BicTerm/.build-artifacts/DerivedData/g12-app/Build/Intermediates.noindex/SwiftTerm.build/Debug-iphonesimulator/SwiftTerm.build/Objects-normal/undefined_arch
    export PER_VARIANT_OBJECT_FILE_DIR\=/Users/richard/code/BicTerm/.build-artifacts/DerivedData/g12-app/Build/Intermediates.noindex/SwiftTerm.build/Debug-iphonesimulator/SwiftTerm.build/Objects-normal
    export PKGINFO_FILE_PATH\=/Users/richard/code/BicTerm/.build-artifacts/DerivedData/g12-app/Build/Intermediates.noindex/SwiftTerm.build/Debug-iphonesimulator/SwiftTerm.build/PkgInfo
    export PLATFORM_DEVELOPER_APPLICATIONS_DIR\=/Applications/Xcode.app/Contents/Developer/Platforms/iPhoneSimulator.platform/Developer/Applications
    export PLATFORM_DEVELOPER_BIN_DIR\=/Applications/Xcode.app/Contents/Developer/Platforms/iPhoneSimulator.platform/Developer/usr/bin
    export PLATFORM_DEVELOPER_LIBRARY_DIR\=/Applications/Xcode.app/Contents/Developer/Platforms/iPhoneSimulator.platform/Developer/Library
    export PLATFORM_DEVELOPER_SDK_DIR\=/Applications/Xcode.app/Contents/Developer/Platforms/iPhoneSimulator.platform/Developer/SDKs
    export PLATFORM_DEVELOPER_TOOLS_DIR\=/Applications/Xcode.app/Contents/Developer/Platforms/iPhoneSimulator.platform/Developer/Tools
    export PLATFORM_DEVELOPER_USR_DIR\=/Applications/Xcode.app/Contents/Developer/Platforms/iPhoneSimulator.platform/Developer/usr
    export PLATFORM_DIR\=/Applications/Xcode.app/Contents/Developer/Platforms/iPhoneSimulator.platform
    export PLATFORM_DISPLAY_NAME\=iOS\ Simulator
    export PLATFORM_FAMILY_NAME\=iOS
    export PLATFORM_NAME\=iphonesimulator
    export PLATFORM_PREFERRED_ARCH\=x86_64
    export PLATFORM_PRODUCT_BUILD_VERSION\=23F81a
    export PLATFORM_REQUIRES_SWIFT_AUTOLINK_EXTRACT\=NO
    export PLATFORM_REQUIRES_SWIFT_MODULEWRAP\=NO
    export PLATFORM_USES_DSYMS\=YES
    export PLIST_FILE_OUTPUT_FORMAT\=binary
    export PRECOMPS_INCLUDE_HEADERS_FROM_BUILT_PRODUCTS_DIR\=YES
    export PRECOMP_DESTINATION_DIR\=/Users/richard/code/BicTerm/.build-artifacts/DerivedData/g12-app/Build/Intermediates.noindex/SwiftTerm.build/Debug-iphonesimulator/SwiftTerm.build/PrefixHeaders
    export PRIVATE_HEADERS_FOLDER_PATH\=/usr/local/include
    export PROCESSED_INFOPLIST_PATH\=/Users/richard/code/BicTerm/.build-artifacts/DerivedData/g12-app/Build/Intermediates.noindex/SwiftTerm.build/Debug-iphonesimulator/SwiftTerm.build/Objects-normal/undefined_arch/Processed-Info.plist
    export PRODUCT_BUNDLE_IDENTIFIER\=swiftterm.SwiftTerm
    export PRODUCT_MODULE_NAME\=SwiftTerm
    export PRODUCT_NAME\=SwiftTerm
    export PRODUCT_SETTINGS_PATH\=
    export PRODUCT_TYPE\=com.apple.product-type.objfile
    export PROFILING_CODE\=NO
    export PROJECT\=SwiftTerm
    export PROJECT_DERIVED_FILE_DIR\=/Users/richard/code/BicTerm/.build-artifacts/DerivedData/g12-app/Build/Intermediates.noindex/SwiftTerm.build/DerivedSources
    export PROJECT_DIR\=/Users/richard/code/BicTerm/Vendor/SwiftTerm
    export PROJECT_FILE_PATH\=/Users/richard/code/BicTerm/Vendor/SwiftTerm/Package.swift
    export PROJECT_GUID\=PACKAGE:/Users/richard/code/BicTerm/Vendor/SwiftTerm
    export PROJECT_NAME\=SwiftTerm
    export PROJECT_TEMP_DIR\=/Users/richard/code/BicTerm/.build-artifacts/DerivedData/g12-app/Build/Intermediates.noindex/SwiftTerm.build
    export PROJECT_TEMP_ROOT\=/Users/richard/code/BicTerm/.build-artifacts/DerivedData/g12-app/Build/Intermediates.noindex
    export PUBLIC_HEADERS_FOLDER_PATH\=/usr/local/include
    export RECOMMENDED_IPHONEOS_DEPLOYMENT_TARGET\=15.0
    export RECURSIVE_SEARCH_PATHS_FOLLOW_SYMLINKS\=YES
    export REMOVE_CVS_FROM_RESOURCES\=YES
    export REMOVE_GIT_FROM_RESOURCES\=YES
    export REMOVE_HEADERS_FROM_EMBEDDED_BUNDLES\=YES
    export REMOVE_HG_FROM_RESOURCES\=YES
    export REMOVE_STATIC_EXECUTABLES_FROM_EMBEDDED_BUNDLES\=YES
    export REMOVE_SVN_FROM_RESOURCES\=YES
    export RESCHEDULE_INDEPENDENT_HEADERS_PHASES\=YES
    export REZ_COLLECTOR_DIR\=/Users/richard/code/BicTerm/.build-artifacts/DerivedData/g12-app/Build/Intermediates.noindex/SwiftTerm.build/Debug-iphonesimulator/SwiftTerm.build/ResourceManagerResources
    export REZ_EXECUTABLE\=YES
    export REZ_OBJECTS_DIR\=/Users/richard/code/BicTerm/.build-artifacts/DerivedData/g12-app/Build/Intermediates.noindex/SwiftTerm.build/Debug-iphonesimulator/SwiftTerm.build/ResourceManagerResources/Objects
    export REZ_SEARCH_PATHS\=/Users/richard/code/BicTerm/.build-artifacts/DerivedData/g12-app/Build/Products/Debug-iphonesimulator\ 
    export RPATH_ORIGIN\=@loader_path
    export RUNTIME_EXCEPTION_ALLOW_DYLD_ENVIRONMENT_VARIABLES\=NO
    export RUNTIME_EXCEPTION_ALLOW_JIT\=NO
    export RUNTIME_EXCEPTION_ALLOW_UNSIGNED_EXECUTABLE_MEMORY\=NO
    export RUNTIME_EXCEPTION_DEBUGGING_TOOL\=NO
    export RUNTIME_EXCEPTION_DISABLE_EXECUTABLE_PAGE_PROTECTION\=NO
    export RUNTIME_EXCEPTION_DISABLE_LIBRARY_VALIDATION\=NO
    export SCANNING_PCM_KEEP_CACHE_DIRECTORY\=YES
    export SCAN_ALL_SOURCE_FILES_FOR_INCLUDES\=NO
    export SDKROOT\=/Applications/Xcode.app/Contents/Developer/Platforms/iPhoneSimulator.platform/Developer/SDKs/iPhoneSimulator26.5.sdk
    export SDK_DIR\=/Applications/Xcode.app/Contents/Developer/Platforms/iPhoneSimulator.platform/Developer/SDKs/iPhoneSimulator26.5.sdk
    export SDK_DIR_iphonesimulator\=/Applications/Xcode.app/Contents/Developer/Platforms/iPhoneSimulator.platform/Developer/SDKs/iPhoneSimulator26.5.sdk
    export SDK_DIR_iphonesimulator26_5\=/Applications/Xcode.app/Contents/Developer/Platforms/iPhoneSimulator.platform/Developer/SDKs/iPhoneSimulator26.5.sdk
    export SDK_NAME\=iphonesimulator26.5
    export SDK_NAMES\=iphonesimulator26.5
    export SDK_PRODUCT_BUILD_VERSION\=23F81a
    export SDK_STAT_CACHE_DIR\=/Users/richard/code/BicTerm/.build-artifacts/DerivedData/g12-app
    export SDK_STAT_CACHE_ENABLE\=YES
    export SDK_STAT_CACHE_PATH\=/Users/richard/code/BicTerm/.build-artifacts/DerivedData/g12-app/SDKStatCaches.noindex/iphonesimulator26.5-23F81a-688ef53f1462e2c8f657fdc38a81448f6cfe768891a92b912361537c460fe42b.sdkstatcache
    export SDK_VERSION\=26.5
    export SDK_VERSION_ACTUAL\=260500
    export SDK_VERSION_MAJOR\=260000
    export SDK_VERSION_MINOR\=260500
    export SED\=/usr/bin/sed
    export SEPARATE_STRIP\=NO
    export SEPARATE_SYMBOL_EDIT\=NO
    export SET_DIR_MODE_OWNER_GROUP\=YES
    export SET_FILE_MODE_OWNER_GROUP\=NO
    export SHALLOW_BUNDLE\=NO
    export SHARED_DERIVED_FILE_DIR\=/Users/richard/code/BicTerm/.build-artifacts/DerivedData/g12-app/Build/Products/Debug-iphonesimulator/DerivedSources
    export SHARED_PRECOMPS_DIR\=/Users/richard/code/BicTerm/.build-artifacts/DerivedData/g12-app/Build/Intermediates.noindex/PrecompiledHeaders
    export SKIP_INSTALL\=YES
    export SKIP_MERGEABLE_LIBRARY_BUNDLE_HOOK\=NO
    export SOURCE_ROOT\=/Users/richard/code/BicTerm/Vendor/SwiftTerm
    export SRCROOT\=/Users/richard/code/BicTerm/Vendor/SwiftTerm
    export STRINGSDATA_DIR\=/Users/richard/code/BicTerm/.build-artifacts/DerivedData/g12-app/Build/Intermediates.noindex/SwiftTerm.build/Debug-iphonesimulator/SwiftTerm.build/Objects-normal/undefined_arch
    export STRINGSDATA_ROOT\=/Users/richard/code/BicTerm/.build-artifacts/DerivedData/g12-app/Build/Intermediates.noindex/SwiftTerm.build/Debug-iphonesimulator/SwiftTerm.build
    export STRINGS_FILE_INFOPLIST_RENAME\=YES
    export STRINGS_FILE_OUTPUT_ENCODING\=binary
    export STRING_CATALOG_GENERATE_SYMBOLS\=NO
    export STRIP_BITCODE_FROM_COPIED_FILES\=NO
    export STRIP_INSTALLED_PRODUCT\=NO
    export STRIP_STYLE\=debugging
    export STRIP_SWIFT_SYMBOLS\=YES
    export SUPPORTED_DEVICE_FAMILIES\=1,2
    export SUPPORTED_PLATFORMS\=android\ appletvos\ appletvsimulator\ driverkit\ freebsd\ iphoneos\ iphonesimulator\ linux\ macosx\ none\ openbsd\ qnx\ watchos\ watchsimulator\ webassembly\ xros\ xrsimulator
    export SUPPORTS_MACCATALYST\=NO
    export SUPPORTS_TEXT_BASED_API\=NO
    export SUPPRESS_WARNINGS\=NO
    export SWIFT_ACTIVE_COMPILATION_CONDITIONS\=\ SWIFT_PACKAGE\ DEBUG\ SWIFT_MODULE_RESOURCE_BUNDLE_AVAILABLE
    export SWIFT_EMIT_CONST_VALUE_PROTOCOLS\=AnyResolverProviding\ AppEntity\ AppEnum\ AppExtension\ AppIntent\ AppIntentsPackage\ AppShortcutProviding\ AppShortcutsProvider\ DynamicOptionsProvider\ EntityQuery\ ExtensionPointDefining\ IntentValueQuery\ Resolver\ TransientEntity\ _AssistantIntentsProvider\ _GenerativeFunctionExtractable\ _IntentValueRepresentable
    export SWIFT_EMIT_LOC_STRINGS\=NO
    export SWIFT_ENABLE_BARE_SLASH_REGEX\=NO
    export SWIFT_ENABLE_EXPLICIT_MODULES\=YES
    export SWIFT_INSTALL_OBJC_HEADER\=NO
    export SWIFT_OBJC_INTERFACE_HEADER_DIR\=/Users/richard/code/BicTerm/.build-artifacts/DerivedData/g12-app/Build/Intermediates.noindex/GeneratedModuleMaps-iphonesimulator
    export SWIFT_OBJC_INTERFACE_HEADER_NAME\=SwiftTerm-Swift.h
    export SWIFT_OPTIMIZATION_LEVEL\=-Onone
    export SWIFT_PACKAGE_NAME\=swiftterm
    export SWIFT_PLATFORM_TARGET_PREFIX\=ios
    export SWIFT_RESPONSE_FILE_PATH_normal_arm64\=/Users/richard/code/BicTerm/.build-artifacts/DerivedData/g12-app/Build/Intermediates.noindex/SwiftTerm.build/Debug-iphonesimulator/SwiftTerm.build/Objects-normal/arm64/SwiftTerm.SwiftFileList
    export SWIFT_VERSION\=5
    export SYMROOT\=/Users/richard/code/BicTerm/.build-artifacts/DerivedData/g12-app/Build/Products
    export SYSTEM_ADMIN_APPS_DIR\=/Applications/Utilities
    export SYSTEM_APPS_DIR\=/Applications
    export SYSTEM_CORE_SERVICES_DIR\=/System/Library/CoreServices
    export SYSTEM_DEMOS_DIR\=/Applications/Extras
    export SYSTEM_DEVELOPER_APPS_DIR\=/Applications/Xcode.app/Contents/Developer/Applications
    export SYSTEM_DEVELOPER_BIN_DIR\=/Applications/Xcode.app/Contents/Developer/usr/bin
    export SYSTEM_DEVELOPER_DEMOS_DIR\=/Applications/Xcode.app/Contents/Developer/Applications/Utilities/Built\ Examples
    export SYSTEM_DEVELOPER_DIR\=/Applications/Xcode.app/Contents/Developer
    export SYSTEM_DEVELOPER_DOC_DIR\=/Applications/Xcode.app/Contents/Developer/ADC\ Reference\ Library
    export SYSTEM_DEVELOPER_GRAPHICS_TOOLS_DIR\=/Applications/Xcode.app/Contents/Developer/Applications/Graphics\ Tools
    export SYSTEM_DEVELOPER_JAVA_TOOLS_DIR\=/Applications/Xcode.app/Contents/Developer/Applications/Java\ Tools
    export SYSTEM_DEVELOPER_PERFORMANCE_TOOLS_DIR\=/Applications/Xcode.app/Contents/Developer/Applications/Performance\ Tools
    export SYSTEM_DEVELOPER_RELEASENOTES_DIR\=/Applications/Xcode.app/Contents/Developer/ADC\ Reference\ Library/releasenotes
    export SYSTEM_DEVELOPER_TOOLS\=/Applications/Xcode.app/Contents/Developer/Tools
    export SYSTEM_DEVELOPER_TOOLS_DOC_DIR\=/Applications/Xcode.app/Contents/Developer/ADC\ Reference\ Library/documentation/DeveloperTools
    export SYSTEM_DEVELOPER_TOOLS_RELEASENOTES_DIR\=/Applications/Xcode.app/Contents/Developer/ADC\ Reference\ Library/releasenotes/DeveloperTools
    export SYSTEM_DEVELOPER_USR_DIR\=/Applications/Xcode.app/Contents/Developer/usr
    export SYSTEM_DEVELOPER_UTILITIES_DIR\=/Applications/Xcode.app/Contents/Developer/Applications/Utilities
    export SYSTEM_DEXT_INSTALL_PATH\=/System/Library/DriverExtensions
    export SYSTEM_DOCUMENTATION_DIR\=/Library/Documentation
    export SYSTEM_FRAMEWORK_SEARCH_PATHS\=\ \ /Applications/Xcode.app/Contents/Developer/Platforms/iPhoneSimulator.platform/Developer/Library/Frameworks\ /Applications/Xcode.app/Contents/Developer/Platforms/iPhoneSimulator.platform/Developer/SDKs/iPhoneSimulator26.5.sdk/Developer/Library/Frameworks
    export SYSTEM_KEXT_INSTALL_PATH\=/System/Library/Extensions
    export SYSTEM_LIBRARY_DIR\=/System/Library
    export TAPI_DEMANGLE\=YES
    export TAPI_DYLIB_INSTALL_NAME\=SwiftTerm
    export TAPI_ENABLE_PROJECT_HEADERS\=NO
    export TAPI_LANGUAGE\=objective-c
    export TAPI_LANGUAGE_STANDARD\=compiler-default
    export TAPI_USE_SRCROOT\=YES
    export TAPI_VERIFY_MODE\=Pedantic
    export TARGETED_DEVICE_FAMILY\=1,2,3,4,6,7
    export TARGETNAME\=SwiftTerm
    export TARGET_BUILD_DIR\=/Users/richard/code/BicTerm/.build-artifacts/DerivedData/g12-app/Build/Products/Debug-iphonesimulator
    export TARGET_DEVICE_IDENTIFIER\=732CE8E1-F9EF-4020-BF93-5BA1AA365B0E
    export TARGET_DEVICE_MODEL\=iPhone18,1
    export TARGET_DEVICE_OS_VERSION\=26.5
    export TARGET_DEVICE_PLATFORM_NAME\=iphonesimulator
    export TARGET_NAME\=SwiftTerm
    export TARGET_TEMP_DIR\=/Users/richard/code/BicTerm/.build-artifacts/DerivedData/g12-app/Build/Intermediates.noindex/SwiftTerm.build/Debug-iphonesimulator/SwiftTerm.build
    export TEMP_DIR\=/Users/richard/code/BicTerm/.build-artifacts/DerivedData/g12-app/Build/Intermediates.noindex/SwiftTerm.build/Debug-iphonesimulator/SwiftTerm.build
    export TEMP_FILES_DIR\=/Users/richard/code/BicTerm/.build-artifacts/DerivedData/g12-app/Build/Intermediates.noindex/SwiftTerm.build/Debug-iphonesimulator/SwiftTerm.build
    export TEMP_FILE_DIR\=/Users/richard/code/BicTerm/.build-artifacts/DerivedData/g12-app/Build/Intermediates.noindex/SwiftTerm.build/Debug-iphonesimulator/SwiftTerm.build
    export TEMP_ROOT\=/Users/richard/code/BicTerm/.build-artifacts/DerivedData/g12-app/Build/Intermediates.noindex
    export TEMP_SANDBOX_DIR\=/Users/richard/code/BicTerm/.build-artifacts/DerivedData/g12-app/Build/Intermediates.noindex/TemporaryTaskSandboxes
    export TEST_FRAMEWORK_SEARCH_PATHS\=\ /Applications/Xcode.app/Contents/Developer/Platforms/iPhoneSimulator.platform/Developer/Library/Frameworks\ /Applications/Xcode.app/Contents/Developer/Platforms/iPhoneSimulator.platform/Developer/SDKs/iPhoneSimulator26.5.sdk/Developer/Library/Frameworks
    export TEST_LIBRARY_SEARCH_PATHS\=\ /Applications/Xcode.app/Contents/Developer/Platforms/iPhoneSimulator.platform/Developer/usr/lib
    export TOOLCHAINS\=com.apple.dt.toolchain.Metal.32023.883\ com.apple.dt.toolchain.XcodeDefault
    export TOOLCHAIN_DIR\=/var/run/com.apple.security.cryptexd/mnt/com.apple.MobileAsset.MetalToolchain-v17.6.109.0.ozHyXD/Metal.xctoolchain
    export TOOLCHAIN_VERSION\=32023.883
    export TREAT_MISSING_BASELINES_AS_TEST_FAILURES\=NO
    export TREAT_MISSING_SCRIPT_PHASE_OUTPUTS_AS_ERRORS\=NO
    export UID\=501
    export UNINSTALLED_PRODUCTS_DIR\=/Users/richard/code/BicTerm/.build-artifacts/DerivedData/g12-app/Build/Intermediates.noindex/UninstalledProducts
    export UNSTRIPPED_PRODUCT\=NO
    export USER\=richard
    export USER_APPS_DIR\=/Users/richard/Applications
    export USER_LIBRARY_DIR\=/Users/richard/Library
    export USE_DYNAMIC_NO_PIC\=YES
    export USE_HEADERMAP\=NO
    export USE_HEADER_SYMLINKS\=NO
    export VALIDATE_DEVELOPMENT_ASSET_PATHS\=YES_ERROR
    export VALIDATE_PRODUCT\=NO
    export VALID_ARCHS\=arm64\ x86_64
    export VERBOSE_PBXCP\=NO
    export VERSION_INFO_BUILDER\=richard
    export VERSION_INFO_FILE\=SwiftTerm_vers.c
    export VERSION_INFO_STRING\=\"@\(\#\)PROGRAM:SwiftTerm\ \ PROJECT:SwiftTerm-\"
    export WORKSPACE_DIR\=/Users/richard/code/BicTerm/BicTerm.xcodeproj
    export WRAP_ASSET_PACKS_IN_SEPARATE_DIRECTORIES\=NO
    export XCODE_APP_SUPPORT_DIR\=/Applications/Xcode.app/Contents/Developer/Library/Xcode
    export XCODE_PRODUCT_BUILD_VERSION\=17F113
    export XCODE_VERSION_ACTUAL\=2660
    export XCODE_VERSION_MAJOR\=2600
    export XCODE_VERSION_MINOR\=2660
    export XPCSERVICES_FOLDER_PATH\=/XPCServices
    export YACC\=yacc
    export _DISCOVER_COMMAND_LINE_LINKER_INPUTS\=YES
    export _DISCOVER_COMMAND_LINE_LINKER_INPUTS_INCLUDE_WL\=YES
    export _LD_MULTIARCH\=YES
    export __DIAGNOSE_DEPRECATED_ARCHS\=YES
    export __ORIGINAL_SDK_DEFINED_LLVM_TARGET_TRIPLE_SYS\=ios
    export arch\=undefined_arch
    export variant\=normal
    /usr/bin/sandbox-exec -p \(version\ 1\)'
'\(deny\ default\)'
'\(import\ \"system.sb\"\)'
'\(allow\ file-read\*\)'
'\(allow\ process\*\)'
'\(allow\ mach-lookup\ \(global-name\ \"com.apple.lsd.mapdb\"\)\)'
'\(allow\ mach-lookup\ \(global-name\ \"com.apple.mobileassetd.v2\"\)\)'
'\(allow\ file-write\*'
'\ \ \ \ \(subpath\ \"/private/tmp\"\)'
'\ \ \ \ \(subpath\ \"/private/var/tmp\"\)'
'\ \ \ \ \(subpath\ \"/Users/richard/code/BicTerm/.scratch/tmp\"\)'
'\ \ \ \ \(subpath\ \"/private/var/folders/hy/m79bdqfj21g6ndt8hbtf0c6w0000gn/T\"\)'
'\ \ \ \ \(subpath\ \"/private/var/folders/hy/m79bdqfj21g6ndt8hbtf0c6w0000gn/C\"\)'
'\)'
'\(deny\ file-write\*'
'\ \ \ \ \(subpath\ \"/Users/richard/code/BicTerm/Vendor/SwiftTerm\"\)'
'\)'
'\(allow\ file-write\*'
'\ \ \ \ \(subpath\ \"/Users/richard/code/BicTerm/.build-artifacts/DerivedData/g12-app/Build/Intermediates.noindex/BuildToolPluginIntermediates/swiftterm.output/SwiftTerm/SwiftTermBuildInfoPlugin\"\)'
'\ \ \ \ \(subpath\ \"/Users/richard/code/.TemporaryItems/folders.501/TemporaryItems\"\)'
'\)'
' //Users/richard/code/BicTerm/.build-artifacts/DerivedData/g12-app/Build/Products/Debug/SwiftTermBuildInfoGenerator /Users/richard/code/BicTerm/Vendor/SwiftTerm /Users/richard/code/BicTerm/.build-artifacts/DerivedData/g12-app/Build/Intermediates.noindex/BuildToolPluginIntermediates/swiftterm.output/SwiftTerm/SwiftTermBuildInfoPlugin/Generated/SwiftTermBuildInfo.swift

ProcessInfoPlistFile /Users/richard/code/BicTerm/.build-artifacts/DerivedData/g12-app/Build/Products/Debug-iphonesimulator/swift-nio_NIOPosix.bundle/Info.plist /Users/richard/code/BicTerm/.build-artifacts/DerivedData/g12-app/Build/Intermediates.noindex/swift-nio.build/Debug-iphonesimulator/swift-nio_NIOPosix.build/empty-swift-nio_NIOPosix.plist (in target 'swift-nio_NIOPosix' from project 'swift-nio')
    cd /Users/richard/code/BicTerm/.build-artifacts/DerivedData/g12-app/SourcePackages/checkouts/swift-nio
    builtin-infoPlistUtility /Users/richard/code/BicTerm/.build-artifacts/DerivedData/g12-app/Build/Intermediates.noindex/swift-nio.build/Debug-iphonesimulator/swift-nio_NIOPosix.build/empty-swift-nio_NIOPosix.plist -producttype com.apple.product-type.bundle -expandbuildsettings -format binary -platform iphonesimulator -o /Users/richard/code/BicTerm/.build-artifacts/DerivedData/g12-app/Build/Products/Debug-iphonesimulator/swift-nio_NIOPosix.bundle/Info.plist

ProcessInfoPlistFile /Users/richard/code/BicTerm/.build-artifacts/DerivedData/g12-app/Build/Products/Debug-iphonesimulator/swift-crypto_Crypto.bundle/Info.plist /Users/richard/code/BicTerm/.build-artifacts/DerivedData/g12-app/Build/Intermediates.noindex/swift-crypto.build/Debug-iphonesimulator/swift-crypto_Crypto.build/empty-swift-crypto_Crypto.plist (in target 'swift-crypto_Crypto' from project 'swift-crypto')
    cd /Users/richard/code/BicTerm/.build-artifacts/DerivedData/g12-app/SourcePackages/checkouts/swift-crypto
    builtin-infoPlistUtility /Users/richard/code/BicTerm/.build-artifacts/DerivedData/g12-app/Build/Intermediates.noindex/swift-crypto.build/Debug-iphonesimulator/swift-crypto_Crypto.build/empty-swift-crypto_Crypto.plist -producttype com.apple.product-type.bundle -expandbuildsettings -format binary -platform iphonesimulator -o /Users/richard/code/BicTerm/.build-artifacts/DerivedData/g12-app/Build/Products/Debug-iphonesimulator/swift-crypto_Crypto.bundle/Info.plist

ProcessInfoPlistFile /Users/richard/code/BicTerm/.build-artifacts/DerivedData/g12-app/Build/Products/Debug-iphonesimulator/CoderTunnel.framework/Info.plist /Users/richard/code/BicTerm/.build-artifacts/DerivedData/g12-app/Build/Intermediates.noindex/BicTerm.build/Debug-iphonesimulator/CoderTunnel.build/empty-CoderTunnel.plist (in target 'CoderTunnel' from project 'BicTerm')
    cd /Users/richard/code/BicTerm
    builtin-infoPlistUtility /Users/richard/code/BicTerm/.build-artifacts/DerivedData/g12-app/Build/Intermediates.noindex/BicTerm.build/Debug-iphonesimulator/CoderTunnel.build/empty-CoderTunnel.plist -producttype com.apple.product-type.framework -expandbuildsettings -format binary -platform iphonesimulator -o /Users/richard/code/BicTerm/.build-artifacts/DerivedData/g12-app/Build/Products/Debug-iphonesimulator/CoderTunnel.framework/Info.plist

ProcessInfoPlistFile /Users/richard/code/BicTerm/.build-artifacts/DerivedData/g12-app/Build/Products/Debug-iphonesimulator/BicTerm.app/Info.plist /Users/richard/code/BicTerm/.build-artifacts/DerivedData/g12-app/Build/Intermediates.noindex/BicTerm.build/Debug-iphonesimulator/BicTerm.build/empty-BicTerm.plist (in target 'BicTerm' from project 'BicTerm')
    cd /Users/richard/code/BicTerm
    builtin-infoPlistUtility /Users/richard/code/BicTerm/.build-artifacts/DerivedData/g12-app/Build/Intermediates.noindex/BicTerm.build/Debug-iphonesimulator/BicTerm.build/empty-BicTerm.plist -producttype com.apple.product-type.application -genpkginfo /Users/richard/code/BicTerm/.build-artifacts/DerivedData/g12-app/Build/Products/Debug-iphonesimulator/BicTerm.app/PkgInfo -expandbuildsettings -format binary -platform iphonesimulator -additionalcontentfile /Users/richard/code/BicTerm/.build-artifacts/DerivedData/g12-app/Build/Intermediates.noindex/BicTerm.build/Debug-iphonesimulator/BicTerm.build/assetcatalog_generated_info.plist -scanforprivacyfile /Users/richard/code/BicTerm/.build-artifacts/DerivedData/g12-app/Build/Products/Debug-iphonesimulator/BicTerm.app/SwiftTerm_SwiftTerm.bundle -scanforprivacyfile /Users/richard/code/BicTerm/.build-artifacts/DerivedData/g12-app/Build/Products/Debug-iphonesimulator/BicTerm.app/swift-crypto_Crypto.bundle -scanforprivacyfile /Users/richard/code/BicTerm/.build-artifacts/DerivedData/g12-app/Build/Products/Debug-iphonesimulator/BicTerm.app/swift-nio_NIOPosix.bundle -o /Users/richard/code/BicTerm/.build-artifacts/DerivedData/g12-app/Build/Products/Debug-iphonesimulator/BicTerm.app/Info.plist

CopySwiftLibs /Users/richard/code/BicTerm/.build-artifacts/DerivedData/g12-app/Build/Products/Debug-iphonesimulator/BicTerm.app (in target 'BicTerm' from project 'BicTerm')
    cd /Users/richard/code/BicTerm
    builtin-swiftStdLibTool --copy --verbose --sign - --scan-executable /Users/richard/code/BicTerm/.build-artifacts/DerivedData/g12-app/Build/Products/Debug-iphonesimulator/BicTerm.app/BicTerm.debug.dylib --scan-folder /Users/richard/code/BicTerm/.build-artifacts/DerivedData/g12-app/Build/Products/Debug-iphonesimulator/BicTerm.app/Frameworks --scan-folder /Users/richard/code/BicTerm/.build-artifacts/DerivedData/g12-app/Build/Products/Debug-iphonesimulator/BicTerm.app/PlugIns --scan-folder /Users/richard/code/BicTerm/.build-artifacts/DerivedData/g12-app/Build/Products/Debug-iphonesimulator/BicTerm.app/SystemExtensions --scan-folder /Users/richard/code/BicTerm/.build-artifacts/DerivedData/g12-app/Build/Products/Debug-iphonesimulator/BicTerm.app/Extensions --platform iphonesimulator --toolchain /var/run/com.apple.security.cryptexd/mnt/com.apple.MobileAsset.MetalToolchain-v17.6.109.0.ozHyXD/Metal.xctoolchain --toolchain /Applications/Xcode.app/Contents/Developer/Toolchains/XcodeDefault.xctoolchain --destination /Users/richard/code/BicTerm/.build-artifacts/DerivedData/g12-app/Build/Products/Debug-iphonesimulator/BicTerm.app/Frameworks --strip-bitcode --strip-bitcode-tool /Applications/Xcode.app/Contents/Developer/Toolchains/XcodeDefault.xctoolchain/usr/bin/bitcode_strip --emit-dependency-info /Users/richard/code/BicTerm/.build-artifacts/DerivedData/g12-app/Build/Intermediates.noindex/BicTerm.build/Debug-iphonesimulator/BicTerm.build/SwiftStdLibToolInputDependencies.dep --filter-for-swift-os

ProcessInfoPlistFile /Users/richard/code/BicTerm/.build-artifacts/DerivedData/g12-app/Build/Products/Debug-iphonesimulator/BicTerm.app/PlugIns/BicTermTests.xctest/Info.plist /Users/richard/code/BicTerm/.build-artifacts/DerivedData/g12-app/Build/Intermediates.noindex/BicTerm.build/Debug-iphonesimulator/BicTermTests.build/empty-BicTermTests.plist (in target 'BicTermTests' from project 'BicTerm')
    cd /Users/richard/code/BicTerm
    builtin-infoPlistUtility /Users/richard/code/BicTerm/.build-artifacts/DerivedData/g12-app/Build/Intermediates.noindex/BicTerm.build/Debug-iphonesimulator/BicTermTests.build/empty-BicTermTests.plist -producttype com.apple.product-type.bundle.unit-test -expandbuildsettings -format binary -platform iphonesimulator -scanforprivacyfile /Users/richard/code/BicTerm/.build-artifacts/DerivedData/g12-app/Build/Products/Debug-iphonesimulator/BicTerm.app/PlugIns/BicTermTests.xctest/SwiftTerm_SwiftTerm.bundle -scanforprivacyfile /Users/richard/code/BicTerm/.build-artifacts/DerivedData/g12-app/Build/Products/Debug-iphonesimulator/BicTerm.app/PlugIns/BicTermTests.xctest/swift-crypto_Crypto.bundle -scanforprivacyfile /Users/richard/code/BicTerm/.build-artifacts/DerivedData/g12-app/Build/Products/Debug-iphonesimulator/BicTerm.app/PlugIns/BicTermTests.xctest/swift-nio_NIOPosix.bundle -o /Users/richard/code/BicTerm/.build-artifacts/DerivedData/g12-app/Build/Products/Debug-iphonesimulator/BicTerm.app/PlugIns/BicTermTests.xctest/Info.plist

CopySwiftLibs /Users/richard/code/BicTerm/.build-artifacts/DerivedData/g12-app/Build/Products/Debug-iphonesimulator/BicTerm.app/PlugIns/BicTermTests.xctest (in target 'BicTermTests' from project 'BicTerm')
    cd /Users/richard/code/BicTerm
    builtin-swiftStdLibTool --copy --verbose --sign - --scan-executable /Users/richard/code/BicTerm/.build-artifacts/DerivedData/g12-app/Build/Products/Debug-iphonesimulator/BicTerm.app/PlugIns/BicTermTests.xctest/BicTermTests --scan-folder /Users/richard/code/BicTerm/.build-artifacts/DerivedData/g12-app/Build/Products/Debug-iphonesimulator/BicTerm.app/PlugIns/BicTermTests.xctest/Frameworks --scan-folder /Users/richard/code/BicTerm/.build-artifacts/DerivedData/g12-app/Build/Products/Debug-iphonesimulator/BicTerm.app/PlugIns/BicTermTests.xctest/PlugIns --scan-folder /Users/richard/code/BicTerm/.build-artifacts/DerivedData/g12-app/Build/Products/Debug-iphonesimulator/BicTerm.app/PlugIns/BicTermTests.xctest/SystemExtensions --scan-folder /Users/richard/code/BicTerm/.build-artifacts/DerivedData/g12-app/Build/Products/Debug-iphonesimulator/BicTerm.app/PlugIns/BicTermTests.xctest/Extensions --platform iphonesimulator --toolchain /var/run/com.apple.security.cryptexd/mnt/com.apple.MobileAsset.MetalToolchain-v17.6.109.0.ozHyXD/Metal.xctoolchain --toolchain /Applications/Xcode.app/Contents/Developer/Toolchains/XcodeDefault.xctoolchain --destination /Users/richard/code/BicTerm/.build-artifacts/DerivedData/g12-app/Build/Products/Debug-iphonesimulator/BicTerm.app/PlugIns/BicTermTests.xctest/Frameworks --strip-bitcode --scan-executable /Applications/Xcode.app/Contents/Developer/Platforms/iPhoneSimulator.platform/Developer/usr/lib/libXCTestSwiftSupport.dylib --strip-bitcode-tool /Applications/Xcode.app/Contents/Developer/Toolchains/XcodeDefault.xctoolchain/usr/bin/bitcode_strip --emit-dependency-info /Users/richard/code/BicTerm/.build-artifacts/DerivedData/g12-app/Build/Intermediates.noindex/BicTerm.build/Debug-iphonesimulator/BicTermTests.build/SwiftStdLibToolInputDependencies.dep --filter-for-swift-os

ProcessInfoPlistFile /Users/richard/code/BicTerm/.build-artifacts/DerivedData/g12-app/Build/Products/Debug-iphonesimulator/BicTermUITests-Runner.app/PlugIns/BicTermUITests.xctest/Info.plist /Users/richard/code/BicTerm/.build-artifacts/DerivedData/g12-app/Build/Intermediates.noindex/BicTerm.build/Debug-iphonesimulator/BicTermUITests.build/empty-BicTermUITests.plist (in target 'BicTermUITests' from project 'BicTerm')
    cd /Users/richard/code/BicTerm
    builtin-infoPlistUtility /Users/richard/code/BicTerm/.build-artifacts/DerivedData/g12-app/Build/Intermediates.noindex/BicTerm.build/Debug-iphonesimulator/BicTermUITests.build/empty-BicTermUITests.plist -producttype com.apple.product-type.bundle.ui-testing -expandbuildsettings -format binary -platform iphonesimulator -additionalcontentfile /Users/richard/code/BicTerm/.build-artifacts/DerivedData/g12-app/Build/Intermediates.noindex/BicTerm.build/Debug-iphonesimulator/BicTermUITests.build/ProductTypeInfoPlistAdditions.plist -o /Users/richard/code/BicTerm/.build-artifacts/DerivedData/g12-app/Build/Products/Debug-iphonesimulator/BicTermUITests-Runner.app/PlugIns/BicTermUITests.xctest/Info.plist

CopySwiftLibs /Users/richard/code/BicTerm/.build-artifacts/DerivedData/g12-app/Build/Products/Debug-iphonesimulator/BicTermUITests-Runner.app/PlugIns/BicTermUITests.xctest (in target 'BicTermUITests' from project 'BicTerm')
    cd /Users/richard/code/BicTerm
    builtin-swiftStdLibTool --copy --verbose --sign - --scan-executable /Users/richard/code/BicTerm/.build-artifacts/DerivedData/g12-app/Build/Products/Debug-iphonesimulator/BicTermUITests-Runner.app/PlugIns/BicTermUITests.xctest/BicTermUITests --scan-folder /Users/richard/code/BicTerm/.build-artifacts/DerivedData/g12-app/Build/Products/Debug-iphonesimulator/BicTermUITests-Runner.app/PlugIns/BicTermUITests.xctest/Frameworks --scan-folder /Users/richard/code/BicTerm/.build-artifacts/DerivedData/g12-app/Build/Products/Debug-iphonesimulator/BicTermUITests-Runner.app/PlugIns/BicTermUITests.xctest/PlugIns --scan-folder /Users/richard/code/BicTerm/.build-artifacts/DerivedData/g12-app/Build/Products/Debug-iphonesimulator/BicTermUITests-Runner.app/PlugIns/BicTermUITests.xctest/SystemExtensions --scan-folder /Users/richard/code/BicTerm/.build-artifacts/DerivedData/g12-app/Build/Products/Debug-iphonesimulator/BicTermUITests-Runner.app/PlugIns/BicTermUITests.xctest/Extensions --platform iphonesimulator --toolchain /var/run/com.apple.security.cryptexd/mnt/com.apple.MobileAsset.MetalToolchain-v17.6.109.0.ozHyXD/Metal.xctoolchain --toolchain /Applications/Xcode.app/Contents/Developer/Toolchains/XcodeDefault.xctoolchain --destination /Users/richard/code/BicTerm/.build-artifacts/DerivedData/g12-app/Build/Products/Debug-iphonesimulator/BicTermUITests-Runner.app/PlugIns/BicTermUITests.xctest/Frameworks --strip-bitcode --scan-executable /Applications/Xcode.app/Contents/Developer/Platforms/iPhoneSimulator.platform/Developer/usr/lib/libXCTestSwiftSupport.dylib --strip-bitcode-tool /Applications/Xcode.app/Contents/Developer/Toolchains/XcodeDefault.xctoolchain/usr/bin/bitcode_strip --emit-dependency-info /Users/richard/code/BicTerm/.build-artifacts/DerivedData/g12-app/Build/Intermediates.noindex/BicTerm.build/Debug-iphonesimulator/BicTermUITests.build/SwiftStdLibToolInputDependencies.dep --filter-for-swift-os

2026-09-08 22:10:43.956243-0600 BicTermUITests-Runner[14070:29845885] [Default] Running tests...
2026-09-08 22:10:44.000154-0600 BicTermUITests-Runner[14070:29845928] [General] Failed to send CA Event for app launch measurements for ca_event_type: 0 event_name: com.apple.app_launch_measurement.FirstFramePresentationMetric
    t =      nans Interface orientation changed to Portrait
Test Suite 'All tests' started at 2026-09-08 22:10:44.666.
Test Suite 'BicTermUITests.xctest' started at 2026-09-08 22:10:44.667.
Test Suite 'AppShellUITests' started at 2026-09-08 22:10:44.667.
Test Case '-[BicTermUITests.AppShellUITests testAppLaunchesAndHasWindows]' started.
    t =     0.00s Start Test at 2026-09-08 22:10:44.668
    t =     0.02s Set Up
    t =     0.02s Open com.bicterm.app
    t =     0.02s     Launch com.bicterm.app
2026-09-08 22:10:44.729 xcodebuild[13956:29844560] [MT] IDELaunchParametersSnapshot: The operation couldn’t be completed. (DebuggerLLDB.DebuggerVersionStore.StoreError error 0.)
2026-09-08 22:10:44.729 xcodebuild[13956:29844560] [MT] IDELaunchParametersSnapshot: no debugger version
2026-09-08 22:10:44.714377-0600 BicTermUITests-Runner[14070:29845926] [General] Failed to send CA Event for app launch measurements for ca_event_type: 1 event_name: com.apple.app_launch_measurement.ExtendedLaunchMetrics
objc[14070]: Class UIAccessibilityLoaderWebShared is implemented in both /Library/Developer/CoreSimulator/Volumes/iOS_23F77/Library/Developer/CoreSimulator/Profiles/Runtimes/iOS 26.5.simruntime/Contents/Resources/RuntimeRoot/System/Library/AccessibilityBundles/WebCore.axbundle/WebCore (0x109edc310) and /Library/Developer/CoreSimulator/Volumes/iOS_23F77/Library/Developer/CoreSimulator/Profiles/Runtimes/iOS 26.5.simruntime/Contents/Resources/RuntimeRoot/System/Library/AccessibilityBundles/WebKit.axbundle/WebKit (0x1087c4398). This may cause spurious casting failures and mysterious crashes. One of the duplicates must be removed or renamed.
    t =     0.67s         Setting up automation session
    t =     1.59s         Wait for com.bicterm.app to idle
    t =     3.12s Get number of matches for: Descendants matching type Window
    t =     3.17s Tear Down
Test Case '-[BicTermUITests.AppShellUITests testAppLaunchesAndHasWindows]' passed (3.388 seconds).
Test Suite 'AppShellUITests' passed at 2026-09-08 22:10:48.056.
	 Executed 1 test, with 0 failures (0 unexpected) in 3.388 (3.389) seconds
Test Suite 'CoderAgentPickerUITests' started at 2026-09-08 22:10:48.057.
Test Case '-[BicTermUITests.CoderAgentPickerUITests testDormantWorkspaceShowsActionRequiredWithoutMutation]' started.
    t =     0.00s Start Test at 2026-09-08 22:10:48.058
    t =     0.02s Set Up
    t =     0.02s Open com.bicterm.app
    t =     0.02s     Launch com.bicterm.app
    t =     0.03s         Terminate com.bicterm.app:14078
2026-09-08 22:10:49.157 xcodebuild[13956:29844560] [MT] IDELaunchParametersSnapshot: The operation couldn’t be completed. (DebuggerLLDB.DebuggerVersionStore.StoreError error 0.)
2026-09-08 22:10:49.157 xcodebuild[13956:29844560] [MT] IDELaunchParametersSnapshot: no debugger version
    t =     1.31s         Setting up automation session
    t =     2.18s         Wait for com.bicterm.app to idle
    t =     3.76s Tap "open-settings" Button
    t =     3.76s     Wait for com.bicterm.app to idle
    t =     3.76s     Find the "open-settings" Button
    t =     3.82s     Check for interrupting elements affecting "open-settings" Button
    t =     3.85s     Synthesize event
    t =     4.15s     Wait for com.bicterm.app to idle
    t =     5.02s Waiting 5.0s for "settings-coder-servers" Button to exist
    t =     6.07s     Checking `Expect predicate `existsNoRetry == 1` for object "settings-coder-servers" Button`
    t =     6.08s         Checking existence of `"settings-coder-servers" Button`
    t =     6.12s Tap "settings-coder-servers" Button
    t =     6.12s     Wait for com.bicterm.app to idle
    t =     6.12s     Find the "settings-coder-servers" Button
    t =     6.15s     Check for interrupting elements affecting "settings-coder-servers" Button
    t =     6.18s     Synthesize event
    t =     6.46s     Wait for com.bicterm.app to idle
    t =     7.27s Waiting 5.0s for "Coder Servers" NavigationBar to exist
    t =     8.32s     Checking `Expect predicate `existsNoRetry == 1` for object "Coder Servers" NavigationBar`
    t =     8.33s         Checking existence of `"Coder Servers" NavigationBar`
    t =     8.38s Tap "add-coder-server" Button
    t =     8.38s     Wait for com.bicterm.app to idle
    t =     8.38s     Find the "add-coder-server" Button
    t =     8.40s     Check for interrupting elements affecting "add-coder-server" Button
    t =     8.43s     Synthesize event
    t =     8.77s     Wait for com.bicterm.app to idle
    t =     9.60s Waiting 5.0s for "Add Coder Server" NavigationBar to exist
    t =    10.66s     Checking `Expect predicate `existsNoRetry == 1` for object "Add Coder Server" NavigationBar`
    t =    10.67s         Checking existence of `"Add Coder Server" NavigationBar`
    t =    10.72s Find the "coder-server-name" TextField
    t =    10.76s Tap "coder-server-name" TextField
    t =    10.76s     Wait for com.bicterm.app to idle
    t =    10.77s     Find the "coder-server-name" TextField
    t =    10.79s     Check for interrupting elements affecting "coder-server-name" TextField
    t =    10.83s     Synthesize event
    t =    11.11s     Wait for com.bicterm.app to idle
    t =    11.24s Find the "coder-server-name" TextField
    t =    11.33s Type 'Fixture Server' into "coder-server-name" TextField
    t =    11.33s     Wait for com.bicterm.app to idle
    t =    11.62s     Find the "coder-server-name" TextField
    t =    11.67s     Check for interrupting elements affecting "coder-server-name" TextField
    t =    11.71s     Synthesize event
    t =    12.15s     Wait for com.bicterm.app to idle
    t =    12.17s Find the "coder-server-url" TextField
    t =    12.22s Tap "coder-server-url" TextField
    t =    12.22s     Wait for com.bicterm.app to idle
    t =    12.23s     Find the "coder-server-url" TextField
    t =    12.27s     Check for interrupting elements affecting "coder-server-url" TextField
    t =    12.31s     Synthesize event
    t =    12.60s     Wait for com.bicterm.app to idle
    t =    12.93s Find the "coder-server-url" TextField
    t =    12.97s Type 'https://coder.exam...' into "coder-server-url" TextField
    t =    12.97s     Wait for com.bicterm.app to idle
    t =    12.97s     Find the "coder-server-url" TextField
    t =    13.02s     Check for interrupting elements affecting "coder-server-url" TextField
    t =    13.06s     Synthesize event
    t =    13.68s     Wait for com.bicterm.app to idle
    t =    13.68s Find the "coder-server-token" SecureTextField
    t =    13.73s Tap "coder-server-token" SecureTextField
    t =    13.73s     Wait for com.bicterm.app to idle
    t =    13.74s     Find the "coder-server-token" SecureTextField
    t =    13.78s     Check for interrupting elements affecting "coder-server-token" SecureTextField
    t =    13.82s     Synthesize event
    t =    14.12s     Wait for com.bicterm.app to idle
    t =    14.43s Find the "coder-server-token" SecureTextField
    t =    14.49s Type '...' into "coder-server-token" SecureTextField
    t =    14.49s     Wait for com.bicterm.app to idle
    t =    14.49s     Find the "coder-server-token" SecureTextField
    t =    14.53s     Check for interrupting elements affecting "coder-server-token" SecureTextField
    t =    14.57s     Synthesize event
    t =    15.42s     Wait for com.bicterm.app to idle
    t =    15.42s Type '<redacted>' into "coder-server-token" SecureTextField
    t =    15.42s     Wait for com.bicterm.app to idle
    t =    15.42s     Find the "coder-server-token" SecureTextField
    t =    15.47s     Check for interrupting elements affecting "coder-server-token" SecureTextField
    t =    15.51s     Synthesize event
    t =    15.86s     Wait for com.bicterm.app to idle
    t =    15.86s Tap "coder-server-validate-save" Button
    t =    15.86s     Wait for com.bicterm.app to idle
    t =    15.86s     Find the "coder-server-validate-save" Button
    t =    15.91s     Check for interrupting elements affecting "coder-server-validate-save" Button
    t =    15.95s     Synthesize event
    t =    16.24s     Wait for com.bicterm.app to idle
    t =    17.19s Waiting 10.0s for "coder-server-Fixture-Server" Button to exist
    t =    18.24s     Checking `Expect predicate `existsNoRetry == 1` for object "coder-server-Fixture-Server" Button`
    t =    18.24s         Checking existence of `"coder-server-Fixture-Server" Button`
    t =    18.27s Tap Button (Element at index 0)
    t =    18.27s     Wait for com.bicterm.app to idle
    t =    18.27s     Find the Button (Element at index 0)
    t =    18.29s     Check for interrupting elements affecting "BackButton" Button
    t =    18.32s     Synthesize event
    t =    18.62s     Wait for com.bicterm.app to idle
    t =    18.95s Waiting 5.0s for Button (Element at index 0) to exist
    t =    19.99s     Checking `Expect predicate `existsNoRetry == 1` for object Button (Element at index 0)`
    t =    20.00s         Checking existence of `Button (Element at index 0)`
    t =    20.03s Tap Button (Element at index 0)
    t =    20.03s     Wait for com.bicterm.app to idle
    t =    20.03s     Find the Button (Element at index 0)
    t =    20.06s     Check for interrupting elements affecting "BackButton" Button
    t =    20.09s     Synthesize event
    t =    20.38s     Wait for com.bicterm.app to idle
    t =    21.20s Waiting 15.0s for "add-connection" Button to exist
    t =    22.26s     Checking `Expect predicate `existsNoRetry == 1` for object "add-connection" Button`
    t =    22.26s         Checking existence of `"add-connection" Button`
    t =    22.29s Tap "add-connection" Button
    t =    22.29s     Wait for com.bicterm.app to idle
    t =    22.29s     Find the "add-connection" Button
    t =    22.31s     Check for interrupting elements affecting "add-connection" Button
    t =    22.34s     Synthesize event
    t =    22.64s     Wait for com.bicterm.app to idle
    t =    23.50s Waiting 10.0s for "field-name" TextField to exist
    t =    24.56s     Checking `Expect predicate `existsNoRetry == 1` for object "field-name" TextField`
    t =    24.56s         Checking existence of `"field-name" TextField`
    t =    24.65s Find the "field-name" TextField
    t =    24.72s Tap "field-name" TextField
    t =    24.72s     Wait for com.bicterm.app to idle
    t =    24.73s     Find the "field-name" TextField
    t =    24.79s     Check for interrupting elements affecting "field-name" TextField
    t =    24.85s     Synthesize event
    t =    25.14s     Wait for com.bicterm.app to idle
    t =    25.45s Find the "field-name" TextField
    t =    25.53s Type 'Dormant Case' into "field-name" TextField
    t =    25.53s     Wait for com.bicterm.app to idle
    t =    25.53s     Find the "field-name" TextField
    t =    25.60s     Check for interrupting elements affecting "field-name" TextField
    t =    25.68s     Synthesize event
    t =    26.08s     Wait for com.bicterm.app to idle
    t =    26.15s Tap "protocol-picker" Button
    t =    26.15s     Wait for com.bicterm.app to idle
    t =    26.15s     Find the "protocol-picker" Button
    t =    26.24s     Check for interrupting elements affecting "protocol-picker" Button
    t =    26.31s     Synthesize event
    t =    26.61s     Wait for com.bicterm.app to idle
    t =    27.89s Waiting 5.0s for "Coder" Button to exist
    t =    28.94s     Checking `Expect predicate `existsNoRetry == 1` for object "Coder" Button`
    t =    28.95s         Checking existence of `"Coder" Button`
    t =    29.03s Tap "Coder" Button
    t =    29.03s     Wait for com.bicterm.app to idle
    t =    29.03s     Find the "Coder" Button
    t =    29.10s     Check for interrupting elements affecting "Coder" Button
    t =    29.17s     Synthesize event
    t =    29.47s     Wait for com.bicterm.app to idle
    t =    31.07s Find the "field-host" TextField
    t =    31.14s Tap "field-host" TextField
    t =    31.14s     Wait for com.bicterm.app to idle
    t =    31.15s     Find the "field-host" TextField
    t =    31.20s     Check for interrupting elements affecting "field-host" TextField
    t =    31.26s     Synthesize event
    t =    31.56s     Wait for com.bicterm.app to idle
    t =    31.83s Find the "field-host" TextField
    t =    31.91s Type 'coder.example.com' into "field-host" TextField
    t =    31.91s     Wait for com.bicterm.app to idle
    t =    31.91s     Find the "field-host" TextField
    t =    31.98s     Check for interrupting elements affecting "field-host" TextField
    t =    32.05s     Synthesize event
    t =    32.53s     Wait for com.bicterm.app to idle
    t =    32.53s Find the "field-username" TextField
    t =    32.62s Tap "field-username" TextField
    t =    32.62s     Wait for com.bicterm.app to idle
    t =    32.62s     Find the "field-username" TextField
    t =    32.70s     Check for interrupting elements affecting "field-username" TextField
    t =    32.77s     Synthesize event
    t =    33.06s     Wait for com.bicterm.app to idle
    t =    33.36s Find the "field-username" TextField
    t =    33.44s Type 'user' into "field-username" TextField
    t =    33.44s     Wait for com.bicterm.app to idle
    t =    33.44s     Find the "field-username" TextField
    t =    33.52s     Check for interrupting elements affecting "field-username" TextField
    t =    33.59s     Synthesize event
    t =    33.86s     Wait for com.bicterm.app to idle
    t =    34.05s Waiting 2.0s for "Done" Button to exist
    t =    35.09s     Checking `Expect predicate `existsNoRetry == 1` for object "Done" Button`
    t =    35.10s         Checking existence of `"Done" Button`
    t =    35.18s Tap "Done" Button
    t =    35.18s     Wait for com.bicterm.app to idle
    t =    35.18s     Find the "Done" Button
    t =    35.26s     Check for interrupting elements affecting "Done" Button
    t =    35.34s     Synthesize event
    t =    35.63s     Wait for com.bicterm.app to idle
    t =    36.42s Checking existence of `"coder-server-picker" Button`
    t =    36.48s Find the "coder-server-picker" Button
    t =    36.55s Tap "coder-server-picker" Button
    t =    36.55s     Wait for com.bicterm.app to idle
    t =    36.56s     Find the "coder-server-picker" Button
    t =    36.62s     Check for interrupting elements affecting "coder-server-picker" Button
    t =    36.68s     Synthesize event
    t =    36.98s     Wait for com.bicterm.app to idle
    t =    38.15s Waiting 5.0s for "Fixture Server" Button to exist
    t =    39.19s     Checking `Expect predicate `existsNoRetry == 1` for object "Fixture Server" Button`
    t =    39.19s         Checking existence of `"Fixture Server" Button`
    t =    39.26s Tap "Fixture Server" Button
    t =    39.26s     Wait for com.bicterm.app to idle
    t =    39.27s     Find the "Fixture Server" Button
    t =    39.34s     Check for interrupting elements affecting "Fixture Server" Button
    t =    39.40s     Synthesize event
    t =    39.69s     Wait for com.bicterm.app to idle
    t =    41.18s Waiting 10.0s for "coder-workspace-Running-Dev" Button to exist
    t =    42.22s     Checking `Expect predicate `existsNoRetry == 1` for object "coder-workspace-Running-Dev" Button`
    t =    42.23s         Checking existence of `"coder-workspace-Running-Dev" Button`
    t =    42.29s Tap "coder-workspace-Running-Dev" Button
    t =    42.29s     Wait for com.bicterm.app to idle
    t =    42.30s     Find the "coder-workspace-Running-Dev" Button
    t =    42.36s     Check for interrupting elements affecting "coder-workspace-Running-Dev" Button
    t =    42.42s     Synthesize event
    t =    42.72s     Wait for com.bicterm.app to idle
    t =    42.72s Waiting 2.0s for "Done" Button to exist
    t =    43.76s     Checking `Expect predicate `existsNoRetry == 1` for object "Done" Button`
    t =    43.76s         Checking existence of `"Done" Button`
    t =    43.82s         Capturing element debug description
    t =    44.72s     Checking `Expect predicate `existsNoRetry == 1` for object "Done" Button`
    t =    44.72s         Checking existence of `"Done" Button`
    t =    44.79s         Capturing element debug description
    t =    44.79s     Checking existence of `"Done" Button`
    t =    44.85s Collecting debug information to assist test failure triage
    t =    44.85s     Requesting snapshot of accessibility hierarchy for app with pid 14085
    t =    44.96s Checking existence of `"return" Button`
    t =    45.02s Checking existence of `"done" Button`
    t =    45.08s Checking existence of `Keyboard (First Match)`
    t =    45.20s Checking existence of `"coder-start-policy-toggle" Switch`
    t =    45.26s Swipe up Target Application 'com.bicterm.app'
    t =    45.26s     Wait for com.bicterm.app to idle
    t =    45.27s     Find the Target Application 'com.bicterm.app'
    t =    45.32s     Check for interrupting elements affecting "BicTerm" Application
    t =    45.38s     Synthesize event
    t =    45.80s     Wait for com.bicterm.app to idle
    t =    46.93s Checking existence of `"coder-start-policy-toggle" Switch`
    t =    47.00s Find the "coder-start-policy-toggle" Switch
    t =    47.08s Waiting 5.0s for "coder-start-policy-toggle" Switch to exist
    t =    48.14s     Checking `Expect predicate `existsNoRetry == 1` for object "coder-start-policy-toggle" Switch`
    t =    48.14s         Checking existence of `"coder-start-policy-toggle" Switch`
    t =    48.21s Checking existence of `Switch (First Match)`
    t =    48.32s Tap Switch (First Match)
    t =    48.32s     Wait for com.bicterm.app to idle
    t =    48.32s     Find the Switch (First Match)
    t =    48.44s     Check for interrupting elements affecting "0" Switch
    t =    48.50s     Synthesize event
    t =    48.80s     Wait for com.bicterm.app to idle
    t =    49.50s Waiting 5.0s for "coder-start-policy-confirm" Button to exist
    t =    50.54s     Checking `Expect predicate `existsNoRetry == 1` for object "coder-start-policy-confirm" Button`
    t =    50.55s         Checking existence of `"coder-start-policy-confirm" Button`
    t =    50.63s Waiting 2.0s for "coder-start-policy-confirm" Button to exist
    t =    51.67s     Checking `Expect predicate `existsNoRetry == 1` for object "coder-start-policy-confirm" Button`
    t =    51.68s         Checking existence of `"coder-start-policy-confirm" Button`
    t =    51.75s Tap "coder-start-policy-confirm" Button
    t =    51.75s     Wait for com.bicterm.app to idle
    t =    51.76s     Find the "coder-start-policy-confirm" Button
    t =    51.83s     Check for interrupting elements affecting "coder-start-policy-confirm" Button
    t =    51.90s     Synthesize event
    t =    52.19s     Wait for com.bicterm.app to idle
    t =    52.55s Waiting 2.0s for "Done" Button to exist
    t =    53.58s     Checking `Expect predicate `existsNoRetry == 1` for object "Done" Button`
    t =    53.58s         Checking existence of `"Done" Button`
    t =    53.65s         Capturing element debug description
    t =    54.56s     Checking `Expect predicate `existsNoRetry == 1` for object "Done" Button`
    t =    54.56s         Checking existence of `"Done" Button`
    t =    54.63s         Capturing element debug description
    t =    54.63s     Checking existence of `"Done" Button`
    t =    54.69s Collecting debug information to assist test failure triage
    t =    54.69s     Requesting snapshot of accessibility hierarchy for app with pid 14085
    t =    54.81s Checking existence of `"return" Button`
    t =    54.87s Checking existence of `"done" Button`
    t =    54.94s Checking existence of `Keyboard (First Match)`
    t =    55.07s Swipe down Target Application 'com.bicterm.app'
    t =    55.08s     Wait for com.bicterm.app to idle
    t =    55.08s     Find the Target Application 'com.bicterm.app'
    t =    55.13s     Check for interrupting elements affecting "BicTerm" Application
    t =    55.20s     Synthesize event
    t =    55.61s     Wait for com.bicterm.app to idle
    t =    56.27s Checking existence of `"key-selector" Button`
    t =    56.33s Find the "key-selector" Button
    t =    56.41s Tap "key-selector" Button
    t =    56.41s     Wait for com.bicterm.app to idle
    t =    56.41s     Find the "key-selector" Button
    t =    56.47s     Check for interrupting elements affecting "key-selector" Button
    t =    56.53s     Synthesize event
    t =    56.83s     Wait for com.bicterm.app to idle
    t =    57.59s Waiting 5.0s for "key-Fixture-Ed25519" Button to exist
    t =    58.64s     Checking `Expect predicate `existsNoRetry == 1` for object "key-Fixture-Ed25519" Button`
    t =    58.64s         Checking existence of `"key-Fixture-Ed25519" Button`
    t =    58.69s Tap "key-Fixture-Ed25519" Button
    t =    58.69s     Wait for com.bicterm.app to idle
    t =    58.70s     Find the "key-Fixture-Ed25519" Button
    t =    58.74s     Check for interrupting elements affecting "key-Fixture-Ed25519" Button
    t =    58.78s     Synthesize event
    t =    59.08s     Wait for com.bicterm.app to idle
    t =    59.90s Checking existence of `"save-editor" Button`
    t =    59.97s Find the "save-editor" Button
    t =    60.05s Find the "save-editor" Button
    t =    60.12s Tap "save-editor" Button
    t =    60.12s     Wait for com.bicterm.app to idle
    t =    60.12s     Find the "save-editor" Button
    t =    60.19s     Check for interrupting elements affecting "save-editor" Button
    t =    60.26s     Synthesize event
    t =    60.56s     Wait for com.bicterm.app to idle
    t =    61.03s Checking existence of `"connection-Dormant-Case" Button`
    t =    61.07s Checking existence of `"connection-Dormant-Case" Button`
    t =    61.11s Terminate com.bicterm.app:14085
    t =    62.16s Open com.bicterm.app
    t =    62.16s     Launch com.bicterm.app
2026-09-08 22:11:50.221 xcodebuild[13956:29844560] [MT] IDELaunchParametersSnapshot: The operation couldn’t be completed. (DebuggerLLDB.DebuggerVersionStore.StoreError error 0.)
2026-09-08 22:11:50.221 xcodebuild[13956:29844560] [MT] IDELaunchParametersSnapshot: no debugger version
    t =    62.37s         Setting up automation session
    t =    63.23s         Wait for com.bicterm.app to idle
    t =    64.83s Checking existence of `"connection-Dormant-Case" Button`
    t =    64.90s Waiting 10.0s for "connection-Dormant-Case" Button to exist
    t =    65.92s     Checking `Expect predicate `existsNoRetry == 1` for object "connection-Dormant-Case" Button`
    t =    65.93s         Checking existence of `"connection-Dormant-Case" Button`
    t =    65.97s Checking existence of `"connection-Dormant-Case" Button`
    t =    66.01s Find the "connection-Dormant-Case" Button
    t =    66.06s Swipe left "connection-Dormant-Case" Button
    t =    66.06s     Wait for com.bicterm.app to idle
    t =    66.07s     Find the "connection-Dormant-Case" Button
    t =    66.11s     Check for interrupting elements affecting "connection-Dormant-Case" Button
    t =    66.14s     Synthesize event
    t =    66.60s     Wait for com.bicterm.app to idle
    t =    67.25s Waiting 5.0s for "connect-Dormant-Case" Button to exist
    t =    68.31s     Checking `Expect predicate `existsNoRetry == 1` for object "connect-Dormant-Case" Button`
    t =    68.31s         Checking existence of `"connect-Dormant-Case" Button`
    t =    68.36s Find the "connect-Dormant-Case" Button
    t =    68.42s Tap "connect-Dormant-Case" Button
    t =    68.42s     Wait for com.bicterm.app to idle
    t =    68.42s     Find the "connect-Dormant-Case" Button
    t =    68.46s     Check for interrupting elements affecting "connect-Dormant-Case" Button
    t =    68.50s     Synthesize event
    t =    68.78s     Wait for com.bicterm.app to idle
    t =    69.78s Waiting 10.0s for "coder-action-required-message" StaticText to exist
    t =    70.85s     Checking `Expect predicate `existsNoRetry == 1` for object "coder-action-required-message" StaticText`
    t =    70.85s         Checking existence of `"coder-action-required-message" StaticText`
    t =    70.90s Find the "coder-action-required-message" StaticText
    t =    70.93s Waiting 5.0s for "coder-start-post-count" StaticText to exist
    t =    71.97s     Checking `Expect predicate `existsNoRetry == 1` for object "coder-start-post-count" StaticText`
    t =    71.98s         Checking existence of `"coder-start-post-count" StaticText`
    t =    72.02s Find the "coder-start-post-count" StaticText
    t =    72.05s Checking existence of `Window (First Match)`
    t =    72.06s Find the Window (First Match)
    t =    72.17s Added attachment named 'dormant-action-required'
    t =    72.17s Find the "coder-action-required-close" Button
    t =    72.22s Tap "coder-action-required-close" Button
    t =    72.22s     Wait for com.bicterm.app to idle
    t =    72.22s     Find the "coder-action-required-close" Button
    t =    72.26s     Check for interrupting elements affecting "coder-action-required-close" Button
    t =    72.30s     Synthesize event
    t =    72.59s     Wait for com.bicterm.app to idle
    t =    72.97s Tear Down
Test Case '-[BicTermUITests.CoderAgentPickerUITests testDormantWorkspaceShowsActionRequiredWithoutMutation]' passed (73.417 seconds).
Test Case '-[BicTermUITests.CoderAgentPickerUITests testParameterMismatchShowsActionRequiredWithoutStart]' started.
    t =     0.00s Start Test at 2026-09-08 22:12:01.475
    t =     0.02s Set Up
    t =     0.02s Open com.bicterm.app
    t =     0.02s     Launch com.bicterm.app
    t =     0.02s         Terminate com.bicterm.app:14193
2026-09-08 22:12:02.550 xcodebuild[13956:29844560] [MT] IDELaunchParametersSnapshot: The operation couldn’t be completed. (DebuggerLLDB.DebuggerVersionStore.StoreError error 0.)
2026-09-08 22:12:02.550 xcodebuild[13956:29844560] [MT] IDELaunchParametersSnapshot: no debugger version
    t =     1.28s         Setting up automation session
    t =     2.19s         Wait for com.bicterm.app to idle
    t =     3.76s Tap "open-settings" Button
    t =     3.76s     Wait for com.bicterm.app to idle
    t =     3.76s     Find the "open-settings" Button
    t =     3.82s     Check for interrupting elements affecting "open-settings" Button
    t =     3.85s     Synthesize event
    t =     4.15s     Wait for com.bicterm.app to idle
    t =     4.97s Waiting 5.0s for "settings-coder-servers" Button to exist
    t =     5.99s     Checking `Expect predicate `existsNoRetry == 1` for object "settings-coder-servers" Button`
    t =     5.99s         Checking existence of `"settings-coder-servers" Button`
    t =     6.03s Tap "settings-coder-servers" Button
    t =     6.03s     Wait for com.bicterm.app to idle
    t =     6.03s     Find the "settings-coder-servers" Button
    t =     6.06s     Check for interrupting elements affecting "settings-coder-servers" Button
    t =     6.09s     Synthesize event
    t =     6.38s     Wait for com.bicterm.app to idle
    t =     7.18s Waiting 5.0s for "Coder Servers" NavigationBar to exist
    t =     8.22s     Checking `Expect predicate `existsNoRetry == 1` for object "Coder Servers" NavigationBar`
    t =     8.22s         Checking existence of `"Coder Servers" NavigationBar`
    t =     8.25s Tap "add-coder-server" Button
    t =     8.25s     Wait for com.bicterm.app to idle
    t =     8.26s     Find the "add-coder-server" Button
    t =     8.28s     Check for interrupting elements affecting "add-coder-server" Button
    t =     8.30s     Synthesize event
    t =     8.60s     Wait for com.bicterm.app to idle
    t =     9.44s Waiting 5.0s for "Add Coder Server" NavigationBar to exist
    t =    10.49s     Checking `Expect predicate `existsNoRetry == 1` for object "Add Coder Server" NavigationBar`
    t =    10.49s         Checking existence of `"Add Coder Server" NavigationBar`
    t =    10.53s Find the "coder-server-name" TextField
    t =    10.57s Tap "coder-server-name" TextField
    t =    10.57s     Wait for com.bicterm.app to idle
    t =    10.57s     Find the "coder-server-name" TextField
    t =    10.60s     Check for interrupting elements affecting "coder-server-name" TextField
    t =    10.63s     Synthesize event
    t =    10.93s     Wait for com.bicterm.app to idle
    t =    11.01s Find the "coder-server-name" TextField
    t =    11.09s Type 'Fixture Server' into "coder-server-name" TextField
    t =    11.09s     Wait for com.bicterm.app to idle
    t =    11.38s     Find the "coder-server-name" TextField
    t =    11.43s     Check for interrupting elements affecting "coder-server-name" TextField
    t =    11.47s     Synthesize event
    t =    11.91s     Wait for com.bicterm.app to idle
    t =    11.93s Find the "coder-server-url" TextField
    t =    11.99s Tap "coder-server-url" TextField
    t =    11.99s     Wait for com.bicterm.app to idle
    t =    11.99s     Find the "coder-server-url" TextField
    t =    12.04s     Check for interrupting elements affecting "coder-server-url" TextField
    t =    12.09s     Synthesize event
    t =    12.39s     Wait for com.bicterm.app to idle
    t =    12.71s Find the "coder-server-url" TextField
    t =    12.75s Type 'https://coder.exam...' into "coder-server-url" TextField
    t =    12.75s     Wait for com.bicterm.app to idle
    t =    12.75s     Find the "coder-server-url" TextField
    t =    12.80s     Check for interrupting elements affecting "coder-server-url" TextField
    t =    12.84s     Synthesize event
    t =    13.46s     Wait for com.bicterm.app to idle
    t =    13.46s Find the "coder-server-token" SecureTextField
    t =    13.52s Tap "coder-server-token" SecureTextField
    t =    13.52s     Wait for com.bicterm.app to idle
    t =    13.53s     Find the "coder-server-token" SecureTextField
    t =    13.57s     Check for interrupting elements affecting "coder-server-token" SecureTextField
    t =    13.61s     Synthesize event
    t =    13.90s     Wait for com.bicterm.app to idle
    t =    14.21s Find the "coder-server-token" SecureTextField
    t =    14.26s Type '...' into "coder-server-token" SecureTextField
    t =    14.26s     Wait for com.bicterm.app to idle
    t =    14.26s     Find the "coder-server-token" SecureTextField
    t =    14.30s     Check for interrupting elements affecting "coder-server-token" SecureTextField
    t =    14.35s     Synthesize event
    t =    15.19s     Wait for com.bicterm.app to idle
    t =    15.20s Type '<redacted>' into "coder-server-token" SecureTextField
    t =    15.20s     Wait for com.bicterm.app to idle
    t =    15.20s     Find the "coder-server-token" SecureTextField
    t =    15.24s     Check for interrupting elements affecting "coder-server-token" SecureTextField
    t =    15.28s     Synthesize event
    t =    15.64s     Wait for com.bicterm.app to idle
    t =    15.64s Tap "coder-server-validate-save" Button
    t =    15.64s     Wait for com.bicterm.app to idle
    t =    15.64s     Find the "coder-server-validate-save" Button
    t =    15.69s     Check for interrupting elements affecting "coder-server-validate-save" Button
    t =    15.73s     Synthesize event
    t =    16.01s     Wait for com.bicterm.app to idle
    t =    16.95s Waiting 10.0s for "coder-server-Fixture-Server" Button to exist
    t =    17.98s     Checking `Expect predicate `existsNoRetry == 1` for object "coder-server-Fixture-Server" Button`
    t =    17.98s         Checking existence of `"coder-server-Fixture-Server" Button`
    t =    18.01s Tap Button (Element at index 0)
    t =    18.01s     Wait for com.bicterm.app to idle
    t =    18.01s     Find the Button (Element at index 0)
    t =    18.04s     Check for interrupting elements affecting "BackButton" Button
    t =    18.06s     Synthesize event
    t =    18.36s     Wait for com.bicterm.app to idle
    t =    18.69s Waiting 5.0s for Button (Element at index 0) to exist
    t =    19.72s     Checking `Expect predicate `existsNoRetry == 1` for object Button (Element at index 0)`
    t =    19.72s         Checking existence of `Button (Element at index 0)`
    t =    19.76s Tap Button (Element at index 0)
    t =    19.76s     Wait for com.bicterm.app to idle
    t =    19.76s     Find the Button (Element at index 0)
    t =    19.79s     Check for interrupting elements affecting "BackButton" Button
    t =    19.82s     Synthesize event
    t =    20.11s     Wait for com.bicterm.app to idle
    t =    20.92s Waiting 15.0s for "add-connection" Button to exist
    t =    21.96s     Checking `Expect predicate `existsNoRetry == 1` for object "add-connection" Button`
    t =    21.96s         Checking existence of `"add-connection" Button`
    t =    21.99s Tap "add-connection" Button
    t =    21.99s     Wait for com.bicterm.app to idle
    t =    21.99s     Find the "add-connection" Button
    t =    22.01s     Check for interrupting elements affecting "add-connection" Button
    t =    22.04s     Synthesize event
    t =    22.34s     Wait for com.bicterm.app to idle
    t =    23.32s Waiting 10.0s for "field-name" TextField to exist
    t =    24.36s     Checking `Expect predicate `existsNoRetry == 1` for object "field-name" TextField`
    t =    24.36s         Checking existence of `"field-name" TextField`
    t =    24.46s Find the "field-name" TextField
    t =    24.53s Tap "field-name" TextField
    t =    24.53s     Wait for com.bicterm.app to idle
    t =    24.53s     Find the "field-name" TextField
    t =    24.59s     Check for interrupting elements affecting "field-name" TextField
    t =    24.65s     Synthesize event
    t =    24.94s     Wait for com.bicterm.app to idle
    t =    25.23s Find the "field-name" TextField
    t =    25.31s Type 'Param Case' into "field-name" TextField
    t =    25.31s     Wait for com.bicterm.app to idle
    t =    25.31s     Find the "field-name" TextField
    t =    25.39s     Check for interrupting elements affecting "field-name" TextField
    t =    25.46s     Synthesize event
    t =    25.83s     Wait for com.bicterm.app to idle
    t =    25.93s Tap "protocol-picker" Button
    t =    25.93s     Wait for com.bicterm.app to idle
    t =    25.93s     Find the "protocol-picker" Button
    t =    26.02s     Check for interrupting elements affecting "protocol-picker" Button
    t =    26.09s     Synthesize event
    t =    26.38s     Wait for com.bicterm.app to idle
    t =    27.67s Waiting 5.0s for "Coder" Button to exist
    t =    28.71s     Checking `Expect predicate `existsNoRetry == 1` for object "Coder" Button`
    t =    28.71s         Checking existence of `"Coder" Button`
    t =    28.79s Tap "Coder" Button
    t =    28.79s     Wait for com.bicterm.app to idle
    t =    28.79s     Find the "Coder" Button
    t =    28.87s     Check for interrupting elements affecting "Coder" Button
    t =    28.94s     Synthesize event
    t =    29.24s     Wait for com.bicterm.app to idle
    t =    30.83s Find the "field-host" TextField
    t =    30.91s Tap "field-host" TextField
    t =    30.91s     Wait for com.bicterm.app to idle
    t =    30.91s     Find the "field-host" TextField
    t =    30.97s     Check for interrupting elements affecting "field-host" TextField
    t =    31.03s     Synthesize event
    t =    31.33s     Wait for com.bicterm.app to idle
    t =    31.60s Find the "field-host" TextField
    t =    31.67s Type 'coder.example.com' into "field-host" TextField
    t =    31.67s     Wait for com.bicterm.app to idle
    t =    31.67s     Find the "field-host" TextField
    t =    31.74s     Check for interrupting elements affecting "field-host" TextField
    t =    31.82s     Synthesize event
    t =    32.30s     Wait for com.bicterm.app to idle
    t =    32.30s Find the "field-username" TextField
    t =    32.39s Tap "field-username" TextField
    t =    32.39s     Wait for com.bicterm.app to idle
    t =    32.39s     Find the "field-username" TextField
    t =    32.47s     Check for interrupting elements affecting "field-username" TextField
    t =    32.54s     Synthesize event
    t =    32.84s     Wait for com.bicterm.app to idle
    t =    33.15s Find the "field-username" TextField
    t =    33.23s Type 'user' into "field-username" TextField
    t =    33.23s     Wait for com.bicterm.app to idle
    t =    33.23s     Find the "field-username" TextField
    t =    33.31s     Check for interrupting elements affecting "field-username" TextField
    t =    33.38s     Synthesize event
    t =    33.65s     Wait for com.bicterm.app to idle
    t =    33.84s Waiting 2.0s for "Done" Button to exist
    t =    34.88s     Checking `Expect predicate `existsNoRetry == 1` for object "Done" Button`
    t =    34.88s         Checking existence of `"Done" Button`
    t =    34.96s Tap "Done" Button
    t =    34.96s     Wait for com.bicterm.app to idle
    t =    34.96s     Find the "Done" Button
    t =    35.04s     Check for interrupting elements affecting "Done" Button
    t =    35.11s     Synthesize event
    t =    35.41s     Wait for com.bicterm.app to idle
    t =    36.20s Checking existence of `"coder-server-picker" Button`
    t =    36.26s Find the "coder-server-picker" Button
    t =    36.34s Tap "coder-server-picker" Button
    t =    36.34s     Wait for com.bicterm.app to idle
    t =    36.34s     Find the "coder-server-picker" Button
    t =    36.40s     Check for interrupting elements affecting "coder-server-picker" Button
    t =    36.46s     Synthesize event
    t =    36.75s     Wait for com.bicterm.app to idle
    t =    37.93s Waiting 5.0s for "Fixture Server" Button to exist
    t =    38.97s     Checking `Expect predicate `existsNoRetry == 1` for object "Fixture Server" Button`
    t =    38.97s         Checking existence of `"Fixture Server" Button`
    t =    39.04s Tap "Fixture Server" Button
    t =    39.04s     Wait for com.bicterm.app to idle
    t =    39.05s     Find the "Fixture Server" Button
    t =    39.11s     Check for interrupting elements affecting "Fixture Server" Button
    t =    39.18s     Synthesize event
    t =    39.46s     Wait for com.bicterm.app to idle
    t =    40.97s Waiting 10.0s for "coder-workspace-Running-Dev" Button to exist
    t =    42.01s     Checking `Expect predicate `existsNoRetry == 1` for object "coder-workspace-Running-Dev" Button`
    t =    42.01s         Checking existence of `"coder-workspace-Running-Dev" Button`
    t =    42.08s Tap "coder-workspace-Running-Dev" Button
    t =    42.08s     Wait for com.bicterm.app to idle
    t =    42.08s     Find the "coder-workspace-Running-Dev" Button
    t =    42.14s     Check for interrupting elements affecting "coder-workspace-Running-Dev" Button
    t =    42.21s     Synthesize event
    t =    42.50s     Wait for com.bicterm.app to idle
    t =    42.51s Waiting 2.0s for "Done" Button to exist
    t =    43.54s     Checking `Expect predicate `existsNoRetry == 1` for object "Done" Button`
    t =    43.54s         Checking existence of `"Done" Button`
    t =    43.61s         Capturing element debug description
    t =    44.51s     Checking `Expect predicate `existsNoRetry == 1` for object "Done" Button`
    t =    44.51s         Checking existence of `"Done" Button`
    t =    44.57s         Capturing element debug description
    t =    44.57s     Checking existence of `"Done" Button`
    t =    44.63s Collecting debug information to assist test failure triage
    t =    44.63s     Requesting snapshot of accessibility hierarchy for app with pid 14221
    t =    44.74s Checking existence of `"return" Button`
    t =    44.81s Checking existence of `"done" Button`
    t =    44.87s Checking existence of `Keyboard (First Match)`
    t =    44.99s Checking existence of `"coder-start-policy-toggle" Switch`
    t =    45.06s Swipe up Target Application 'com.bicterm.app'
    t =    45.06s     Wait for com.bicterm.app to idle
    t =    45.06s     Find the Target Application 'com.bicterm.app'
    t =    45.12s     Check for interrupting elements affecting "BicTerm" Application
    t =    45.18s     Synthesize event
    t =    45.59s     Wait for com.bicterm.app to idle
    t =    46.72s Checking existence of `"coder-start-policy-toggle" Switch`
    t =    46.80s Find the "coder-start-policy-toggle" Switch
    t =    46.87s Waiting 5.0s for "coder-start-policy-toggle" Switch to exist
    t =    47.91s     Checking `Expect predicate `existsNoRetry == 1` for object "coder-start-policy-toggle" Switch`
    t =    47.91s         Checking existence of `"coder-start-policy-toggle" Switch`
    t =    47.97s Checking existence of `Switch (First Match)`
    t =    48.09s Tap Switch (First Match)
    t =    48.09s     Wait for com.bicterm.app to idle
    t =    48.09s     Find the Switch (First Match)
    t =    48.21s     Check for interrupting elements affecting "0" Switch
    t =    48.27s     Synthesize event
    t =    48.56s     Wait for com.bicterm.app to idle
    t =    49.06s Waiting 5.0s for "coder-start-policy-confirm" Button to exist
    t =    50.11s     Checking `Expect predicate `existsNoRetry == 1` for object "coder-start-policy-confirm" Button`
    t =    50.11s         Checking existence of `"coder-start-policy-confirm" Button`
    t =    50.19s Waiting 2.0s for "coder-start-policy-confirm" Button to exist
    t =    51.24s     Checking `Expect predicate `existsNoRetry == 1` for object "coder-start-policy-confirm" Button`
    t =    51.24s         Checking existence of `"coder-start-policy-confirm" Button`
    t =    51.31s Tap "coder-start-policy-confirm" Button
    t =    51.31s     Wait for com.bicterm.app to idle
    t =    51.32s     Find the "coder-start-policy-confirm" Button
    t =    51.39s     Check for interrupting elements affecting "coder-start-policy-confirm" Button
    t =    51.46s     Synthesize event
    t =    51.76s     Wait for com.bicterm.app to idle
    t =    52.12s Waiting 2.0s for "Done" Button to exist
    t =    53.13s     Checking `Expect predicate `existsNoRetry == 1` for object "Done" Button`
    t =    53.14s         Checking existence of `"Done" Button`
    t =    53.21s         Capturing element debug description
    t =    54.12s     Checking `Expect predicate `existsNoRetry == 1` for object "Done" Button`
    t =    54.12s         Checking existence of `"Done" Button`
    t =    54.19s         Capturing element debug description
    t =    54.19s     Checking existence of `"Done" Button`
    t =    54.25s Collecting debug information to assist test failure triage
    t =    54.26s     Requesting snapshot of accessibility hierarchy for app with pid 14221
    t =    54.37s Checking existence of `"return" Button`
    t =    54.43s Checking existence of `"done" Button`
    t =    54.50s Checking existence of `Keyboard (First Match)`
    t =    54.63s Swipe down Target Application 'com.bicterm.app'
    t =    54.63s     Wait for com.bicterm.app to idle
    t =    54.63s     Find the Target Application 'com.bicterm.app'
    t =    54.69s     Check for interrupting elements affecting "BicTerm" Application
    t =    54.75s     Synthesize event
    t =    55.18s     Wait for com.bicterm.app to idle
    t =    55.87s Checking existence of `"key-selector" Button`
    t =    55.93s Find the "key-selector" Button
    t =    56.01s Tap "key-selector" Button
    t =    56.01s     Wait for com.bicterm.app to idle
    t =    56.01s     Find the "key-selector" Button
    t =    56.07s     Check for interrupting elements affecting "key-selector" Button
    t =    56.13s     Synthesize event
    t =    56.43s     Wait for com.bicterm.app to idle
    t =    57.20s Waiting 5.0s for "key-Fixture-Ed25519" Button to exist
    t =    58.26s     Checking `Expect predicate `existsNoRetry == 1` for object "key-Fixture-Ed25519" Button`
    t =    58.26s         Checking existence of `"key-Fixture-Ed25519" Button`
    t =    58.31s Tap "key-Fixture-Ed25519" Button
    t =    58.31s     Wait for com.bicterm.app to idle
    t =    58.31s     Find the "key-Fixture-Ed25519" Button
    t =    58.35s     Check for interrupting elements affecting "key-Fixture-Ed25519" Button
    t =    58.40s     Synthesize event
    t =    58.69s     Wait for com.bicterm.app to idle
    t =    59.54s Checking existence of `"save-editor" Button`
    t =    59.62s Find the "save-editor" Button
    t =    59.70s Find the "save-editor" Button
    t =    59.76s Tap "save-editor" Button
    t =    59.76s     Wait for com.bicterm.app to idle
    t =    59.76s     Find the "save-editor" Button
    t =    59.83s     Check for interrupting elements affecting "save-editor" Button
    t =    59.89s     Synthesize event
    t =    60.19s     Wait for com.bicterm.app to idle
    t =    60.65s Checking existence of `"connection-Param-Case" Button`
    t =    60.70s Checking existence of `"connection-Param-Case" Button`
    t =    60.74s Terminate com.bicterm.app:14221
    t =    61.80s Open com.bicterm.app
    t =    61.80s     Launch com.bicterm.app
2026-09-08 22:13:03.273 xcodebuild[13956:29844560] [MT] IDELaunchParametersSnapshot: The operation couldn’t be completed. (DebuggerLLDB.DebuggerVersionStore.StoreError error 0.)
2026-09-08 22:13:03.273 xcodebuild[13956:29844560] [MT] IDELaunchParametersSnapshot: no debugger version
    t =    62.00s         Setting up automation session
    t =    62.89s         Wait for com.bicterm.app to idle
    t =    64.43s Checking existence of `"connection-Param-Case" Button`
    t =    64.50s Waiting 10.0s for "connection-Param-Case" Button to exist
    t =    65.52s     Checking `Expect predicate `existsNoRetry == 1` for object "connection-Param-Case" Button`
    t =    65.52s         Checking existence of `"connection-Param-Case" Button`
    t =    65.57s Checking existence of `"connection-Param-Case" Button`
    t =    65.61s Find the "connection-Param-Case" Button
    t =    65.66s Swipe left "connection-Param-Case" Button
    t =    65.66s     Wait for com.bicterm.app to idle
    t =    65.66s     Find the "connection-Param-Case" Button
    t =    65.70s     Check for interrupting elements affecting "connection-Param-Case" Button
    t =    65.73s     Synthesize event
    t =    66.20s     Wait for com.bicterm.app to idle
    t =    66.85s Waiting 5.0s for "connect-Param-Case" Button to exist
    t =    67.90s     Checking `Expect predicate `existsNoRetry == 1` for object "connect-Param-Case" Button`
    t =    67.90s         Checking existence of `"connect-Param-Case" Button`
    t =    67.95s Find the "connect-Param-Case" Button
    t =    68.00s Tap "connect-Param-Case" Button
    t =    68.00s     Wait for com.bicterm.app to idle
    t =    68.01s     Find the "connect-Param-Case" Button
    t =    68.05s     Check for interrupting elements affecting "connect-Param-Case" Button
    t =    68.08s     Synthesize event
    t =    68.37s     Wait for com.bicterm.app to idle
    t =    69.37s Waiting 10.0s for "coder-action-required-message" StaticText to exist
    t =    70.42s     Checking `Expect predicate `existsNoRetry == 1` for object "coder-action-required-message" StaticText`
    t =    70.42s         Checking existence of `"coder-action-required-message" StaticText`
    t =    70.47s Find the "coder-action-required-message" StaticText
    t =    70.51s Waiting 5.0s for "coder-start-post-count" StaticText to exist
    t =    71.56s     Checking `Expect predicate `existsNoRetry == 1` for object "coder-start-post-count" StaticText`
    t =    71.56s         Checking existence of `"coder-start-post-count" StaticText`
    t =    71.59s Find the "coder-start-post-count" StaticText
    t =    71.63s Checking existence of `Window (First Match)`
    t =    71.63s Find the Window (First Match)
    t =    71.75s Added attachment named 'parameter-mismatch'
    t =    71.75s Find the "coder-action-required-close" Button
    t =    71.80s Tap "coder-action-required-close" Button
    t =    71.80s     Wait for com.bicterm.app to idle
    t =    71.80s     Find the "coder-action-required-close" Button
    t =    71.84s     Check for interrupting elements affecting "coder-action-required-close" Button
    t =    71.88s     Synthesize event
    t =    72.17s     Wait for com.bicterm.app to idle
    t =    72.54s Tear Down
Test Case '-[BicTermUITests.CoderAgentPickerUITests testParameterMismatchShowsActionRequiredWithoutStart]' passed (72.956 seconds).
Test Case '-[BicTermUITests.CoderAgentPickerUITests testPolicyOnStartsExactlyOnceAndConnectsAfterReady]' started.
    t =     0.00s Start Test at 2026-09-08 22:13:14.432
    t =     0.02s Set Up
    t =     0.02s Open com.bicterm.app
    t =     0.02s     Launch com.bicterm.app
    t =     0.02s         Terminate com.bicterm.app:14326
2026-09-08 22:13:15.513 xcodebuild[13956:29844560] [MT] IDELaunchParametersSnapshot: The operation couldn’t be completed. (DebuggerLLDB.DebuggerVersionStore.StoreError error 0.)
2026-09-08 22:13:15.513 xcodebuild[13956:29844560] [MT] IDELaunchParametersSnapshot: no debugger version
    t =     1.30s         Setting up automation session
    t =     2.15s         Wait for com.bicterm.app to idle
    t =     3.74s Tap "open-settings" Button
    t =     3.75s     Wait for com.bicterm.app to idle
    t =     3.75s     Find the "open-settings" Button
    t =     3.80s     Check for interrupting elements affecting "open-settings" Button
    t =     3.83s     Synthesize event
    t =     4.12s     Wait for com.bicterm.app to idle
    t =     4.98s Waiting 5.0s for "settings-coder-servers" Button to exist
    t =     6.00s     Checking `Expect predicate `existsNoRetry == 1` for object "settings-coder-servers" Button`
    t =     6.00s         Checking existence of `"settings-coder-servers" Button`
    t =     6.04s Tap "settings-coder-servers" Button
    t =     6.04s     Wait for com.bicterm.app to idle
    t =     6.04s     Find the "settings-coder-servers" Button
    t =     6.07s     Check for interrupting elements affecting "settings-coder-servers" Button
    t =     6.10s     Synthesize event
    t =     6.40s     Wait for com.bicterm.app to idle
    t =     7.19s Waiting 5.0s for "Coder Servers" NavigationBar to exist
    t =     8.23s     Checking `Expect predicate `existsNoRetry == 1` for object "Coder Servers" NavigationBar`
    t =     8.23s         Checking existence of `"Coder Servers" NavigationBar`
    t =     8.26s Tap "add-coder-server" Button
    t =     8.26s     Wait for com.bicterm.app to idle
    t =     8.26s     Find the "add-coder-server" Button
    t =     8.29s     Check for interrupting elements affecting "add-coder-server" Button
    t =     8.31s     Synthesize event
    t =     8.61s     Wait for com.bicterm.app to idle
    t =     9.48s Waiting 5.0s for "Add Coder Server" NavigationBar to exist
    t =    10.52s     Checking `Expect predicate `existsNoRetry == 1` for object "Add Coder Server" NavigationBar`
    t =    10.52s         Checking existence of `"Add Coder Server" NavigationBar`
    t =    10.57s Find the "coder-server-name" TextField
    t =    10.61s Tap "coder-server-name" TextField
    t =    10.61s     Wait for com.bicterm.app to idle
    t =    10.61s     Find the "coder-server-name" TextField
    t =    10.64s     Check for interrupting elements affecting "coder-server-name" TextField
    t =    10.67s     Synthesize event
    t =    10.96s     Wait for com.bicterm.app to idle
    t =    11.06s Find the "coder-server-name" TextField
    t =    11.14s Type 'Fixture Server' into "coder-server-name" TextField
    t =    11.14s     Wait for com.bicterm.app to idle
    t =    11.43s     Find the "coder-server-name" TextField
    t =    11.48s     Check for interrupting elements affecting "coder-server-name" TextField
    t =    11.52s     Synthesize event
    t =    11.95s     Wait for com.bicterm.app to idle
    t =    11.97s Find the "coder-server-url" TextField
    t =    12.03s Tap "coder-server-url" TextField
    t =    12.03s     Wait for com.bicterm.app to idle
    t =    12.03s     Find the "coder-server-url" TextField
    t =    12.08s     Check for interrupting elements affecting "coder-server-url" TextField
    t =    12.12s     Synthesize event
    t =    12.41s     Wait for com.bicterm.app to idle
    t =    12.72s Find the "coder-server-url" TextField
    t =    12.77s Type 'https://coder.exam...' into "coder-server-url" TextField
    t =    12.77s     Wait for com.bicterm.app to idle
    t =    12.78s     Find the "coder-server-url" TextField
    t =    12.82s     Check for interrupting elements affecting "coder-server-url" TextField
    t =    12.86s     Synthesize event
    t =    13.48s     Wait for com.bicterm.app to idle
    t =    13.48s Find the "coder-server-token" SecureTextField
    t =    13.54s Tap "coder-server-token" SecureTextField
    t =    13.54s     Wait for com.bicterm.app to idle
    t =    13.54s     Find the "coder-server-token" SecureTextField
    t =    13.58s     Check for interrupting elements affecting "coder-server-token" SecureTextField
    t =    13.62s     Synthesize event
    t =    13.92s     Wait for com.bicterm.app to idle
    t =    14.22s Find the "coder-server-token" SecureTextField
    t =    14.26s Type '...' into "coder-server-token" SecureTextField
    t =    14.26s     Wait for com.bicterm.app to idle
    t =    14.27s     Find the "coder-server-token" SecureTextField
    t =    14.31s     Check for interrupting elements affecting "coder-server-token" SecureTextField
    t =    14.35s     Synthesize event
    t =    15.20s     Wait for com.bicterm.app to idle
    t =    15.21s Type '<redacted>' into "coder-server-token" SecureTextField
    t =    15.21s     Wait for com.bicterm.app to idle
    t =    15.21s     Find the "coder-server-token" SecureTextField
    t =    15.25s     Check for interrupting elements affecting "coder-server-token" SecureTextField
    t =    15.29s     Synthesize event
    t =    15.64s     Wait for com.bicterm.app to idle
    t =    15.64s Tap "coder-server-validate-save" Button
    t =    15.64s     Wait for com.bicterm.app to idle
    t =    15.64s     Find the "coder-server-validate-save" Button
    t =    15.69s     Check for interrupting elements affecting "coder-server-validate-save" Button
    t =    15.73s     Synthesize event
    t =    16.01s     Wait for com.bicterm.app to idle
    t =    16.94s Waiting 10.0s for "coder-server-Fixture-Server" Button to exist
    t =    17.97s     Checking `Expect predicate `existsNoRetry == 1` for object "coder-server-Fixture-Server" Button`
    t =    17.97s         Checking existence of `"coder-server-Fixture-Server" Button`
    t =    17.99s Tap Button (Element at index 0)
    t =    17.99s     Wait for com.bicterm.app to idle
    t =    18.00s     Find the Button (Element at index 0)
    t =    18.02s     Check for interrupting elements affecting "BackButton" Button
    t =    18.05s     Synthesize event
    t =    18.35s     Wait for com.bicterm.app to idle
    t =    18.68s Waiting 5.0s for Button (Element at index 0) to exist
    t =    19.70s     Checking `Expect predicate `existsNoRetry == 1` for object Button (Element at index 0)`
    t =    19.70s         Checking existence of `Button (Element at index 0)`
    t =    19.74s Tap Button (Element at index 0)
    t =    19.74s     Wait for com.bicterm.app to idle
    t =    19.74s     Find the Button (Element at index 0)
    t =    19.77s     Check for interrupting elements affecting "BackButton" Button
    t =    19.80s     Synthesize event
    t =    20.10s     Wait for com.bicterm.app to idle
    t =    20.91s Waiting 15.0s for "add-connection" Button to exist
    t =    21.95s     Checking `Expect predicate `existsNoRetry == 1` for object "add-connection" Button`
    t =    21.95s         Checking existence of `"add-connection" Button`
    t =    21.98s Tap "add-connection" Button
    t =    21.98s     Wait for com.bicterm.app to idle
    t =    21.98s     Find the "add-connection" Button
    t =    22.00s     Check for interrupting elements affecting "add-connection" Button
    t =    22.03s     Synthesize event
    t =    22.33s     Wait for com.bicterm.app to idle
    t =    23.16s Waiting 10.0s for "field-name" TextField to exist
    t =    24.18s     Checking `Expect predicate `existsNoRetry == 1` for object "field-name" TextField`
    t =    24.18s         Checking existence of `"field-name" TextField`
    t =    24.27s Find the "field-name" TextField
    t =    24.34s Tap "field-name" TextField
    t =    24.34s     Wait for com.bicterm.app to idle
    t =    24.35s     Find the "field-name" TextField
    t =    24.40s     Check for interrupting elements affecting "field-name" TextField
    t =    24.46s     Synthesize event
    t =    24.75s     Wait for com.bicterm.app to idle
    t =    25.05s Find the "field-name" TextField
    t =    25.12s Type 'Policy On' into "field-name" TextField
    t =    25.12s     Wait for com.bicterm.app to idle
    t =    25.13s     Find the "field-name" TextField
    t =    25.20s     Check for interrupting elements affecting "field-name" TextField
    t =    25.27s     Synthesize event
    t =    25.63s     Wait for com.bicterm.app to idle
    t =    25.74s Tap "protocol-picker" Button
    t =    25.74s     Wait for com.bicterm.app to idle
    t =    25.74s     Find the "protocol-picker" Button
    t =    25.83s     Check for interrupting elements affecting "protocol-picker" Button
    t =    25.90s     Synthesize event
    t =    26.20s     Wait for com.bicterm.app to idle
    t =    27.49s Waiting 5.0s for "Coder" Button to exist
    t =    28.56s     Checking `Expect predicate `existsNoRetry == 1` for object "Coder" Button`
    t =    28.56s         Checking existence of `"Coder" Button`
    t =    28.64s Tap "Coder" Button
    t =    28.64s     Wait for com.bicterm.app to idle
    t =    28.65s     Find the "Coder" Button
    t =    28.72s     Check for interrupting elements affecting "Coder" Button
    t =    28.79s     Synthesize event
    t =    29.08s     Wait for com.bicterm.app to idle
    t =    30.68s Find the "field-host" TextField
    t =    30.75s Tap "field-host" TextField
    t =    30.75s     Wait for com.bicterm.app to idle
    t =    30.75s     Find the "field-host" TextField
    t =    30.81s     Check for interrupting elements affecting "field-host" TextField
    t =    30.87s     Synthesize event
    t =    31.17s     Wait for com.bicterm.app to idle
    t =    31.44s Find the "field-host" TextField
    t =    31.52s Type 'coder.example.com' into "field-host" TextField
    t =    31.52s     Wait for com.bicterm.app to idle
    t =    31.52s     Find the "field-host" TextField
    t =    31.59s     Check for interrupting elements affecting "field-host" TextField
    t =    31.66s     Synthesize event
    t =    32.15s     Wait for com.bicterm.app to idle
    t =    32.15s Find the "field-username" TextField
    t =    32.24s Tap "field-username" TextField
    t =    32.24s     Wait for com.bicterm.app to idle
    t =    32.24s     Find the "field-username" TextField
    t =    32.32s     Check for interrupting elements affecting "field-username" TextField
    t =    32.39s     Synthesize event
    t =    32.69s     Wait for com.bicterm.app to idle
    t =    32.99s Find the "field-username" TextField
    t =    33.07s Type 'user' into "field-username" TextField
    t =    33.07s     Wait for com.bicterm.app to idle
    t =    33.07s     Find the "field-username" TextField
    t =    33.15s     Check for interrupting elements affecting "field-username" TextField
    t =    33.22s     Synthesize event
    t =    33.48s     Wait for com.bicterm.app to idle
    t =    33.68s Waiting 2.0s for "Done" Button to exist
    t =    34.72s     Checking `Expect predicate `existsNoRetry == 1` for object "Done" Button`
    t =    34.72s         Checking existence of `"Done" Button`
    t =    34.80s Tap "Done" Button
    t =    34.80s     Wait for com.bicterm.app to idle
    t =    34.80s     Find the "Done" Button
    t =    34.88s     Check for interrupting elements affecting "Done" Button
    t =    34.95s     Synthesize event
    t =    35.24s     Wait for com.bicterm.app to idle
    t =    36.05s Checking existence of `"coder-server-picker" Button`
    t =    36.11s Find the "coder-server-picker" Button
    t =    36.19s Tap "coder-server-picker" Button
    t =    36.19s     Wait for com.bicterm.app to idle
    t =    36.19s     Find the "coder-server-picker" Button
    t =    36.26s     Check for interrupting elements affecting "coder-server-picker" Button
    t =    36.32s     Synthesize event
    t =    36.62s     Wait for com.bicterm.app to idle
    t =    37.81s Waiting 5.0s for "Fixture Server" Button to exist
    t =    38.84s     Checking `Expect predicate `existsNoRetry == 1` for object "Fixture Server" Button`
    t =    38.85s         Checking existence of `"Fixture Server" Button`
    t =    38.92s Tap "Fixture Server" Button
    t =    38.92s     Wait for com.bicterm.app to idle
    t =    38.92s     Find the "Fixture Server" Button
    t =    38.99s     Check for interrupting elements affecting "Fixture Server" Button
    t =    39.05s     Synthesize event
    t =    39.35s     Wait for com.bicterm.app to idle
    t =    40.84s Waiting 10.0s for "coder-workspace-Running-Dev" Button to exist
    t =    41.88s     Checking `Expect predicate `existsNoRetry == 1` for object "coder-workspace-Running-Dev" Button`
    t =    41.88s         Checking existence of `"coder-workspace-Running-Dev" Button`
    t =    41.95s Tap "coder-workspace-Running-Dev" Button
    t =    41.95s     Wait for com.bicterm.app to idle
    t =    41.95s     Find the "coder-workspace-Running-Dev" Button
    t =    42.01s     Check for interrupting elements affecting "coder-workspace-Running-Dev" Button
    t =    42.07s     Synthesize event
    t =    42.37s     Wait for com.bicterm.app to idle
    t =    42.37s Waiting 2.0s for "Done" Button to exist
    t =    43.40s     Checking `Expect predicate `existsNoRetry == 1` for object "Done" Button`
    t =    43.40s         Checking existence of `"Done" Button`
    t =    43.47s         Capturing element debug description
    t =    44.38s     Checking `Expect predicate `existsNoRetry == 1` for object "Done" Button`
    t =    44.38s         Checking existence of `"Done" Button`
    t =    44.45s         Capturing element debug description
    t =    44.45s     Checking existence of `"Done" Button`
    t =    44.51s Collecting debug information to assist test failure triage
    t =    44.51s     Requesting snapshot of accessibility hierarchy for app with pid 14349
    t =    44.62s Checking existence of `"return" Button`
    t =    44.69s Checking existence of `"done" Button`
    t =    44.75s Checking existence of `Keyboard (First Match)`
    t =    44.88s Checking existence of `"coder-start-policy-toggle" Switch`
    t =    44.94s Swipe up Target Application 'com.bicterm.app'
    t =    44.94s     Wait for com.bicterm.app to idle
    t =    44.94s     Find the Target Application 'com.bicterm.app'
    t =    45.00s     Check for interrupting elements affecting "BicTerm" Application
    t =    45.06s     Synthesize event
    t =    45.49s     Wait for com.bicterm.app to idle
    t =    46.59s Checking existence of `"coder-start-policy-toggle" Switch`
    t =    46.66s Find the "coder-start-policy-toggle" Switch
    t =    46.73s Waiting 5.0s for "coder-start-policy-toggle" Switch to exist
    t =    47.77s     Checking `Expect predicate `existsNoRetry == 1` for object "coder-start-policy-toggle" Switch`
    t =    47.77s         Checking existence of `"coder-start-policy-toggle" Switch`
    t =    47.83s Checking existence of `Switch (First Match)`
    t =    47.95s Tap Switch (First Match)
    t =    47.95s     Wait for com.bicterm.app to idle
    t =    47.95s     Find the Switch (First Match)
    t =    48.06s     Check for interrupting elements affecting "0" Switch
    t =    48.12s     Synthesize event
    t =    48.42s     Wait for com.bicterm.app to idle
    t =    48.90s Waiting 5.0s for "coder-start-policy-confirm" Button to exist
    t =    49.95s     Checking `Expect predicate `existsNoRetry == 1` for object "coder-start-policy-confirm" Button`
    t =    49.95s         Checking existence of `"coder-start-policy-confirm" Button`
    t =    50.04s Waiting 2.0s for "coder-start-policy-confirm" Button to exist
    t =    51.08s     Checking `Expect predicate `existsNoRetry == 1` for object "coder-start-policy-confirm" Button`
    t =    51.08s         Checking existence of `"coder-start-policy-confirm" Button`
    t =    51.15s Tap "coder-start-policy-confirm" Button
    t =    51.15s     Wait for com.bicterm.app to idle
    t =    51.16s     Find the "coder-start-policy-confirm" Button
    t =    51.23s     Check for interrupting elements affecting "coder-start-policy-confirm" Button
    t =    51.30s     Synthesize event
    t =    51.60s     Wait for com.bicterm.app to idle
    t =    51.96s Waiting 2.0s for "Done" Button to exist
    t =    53.00s     Checking `Expect predicate `existsNoRetry == 1` for object "Done" Button`
    t =    53.00s         Checking existence of `"Done" Button`
    t =    53.07s         Capturing element debug description
    t =    53.97s     Checking `Expect predicate `existsNoRetry == 1` for object "Done" Button`
    t =    53.97s         Checking existence of `"Done" Button`
    t =    54.04s         Capturing element debug description
    t =    54.04s     Checking existence of `"Done" Button`
    t =    54.10s Collecting debug information to assist test failure triage
    t =    54.10s     Requesting snapshot of accessibility hierarchy for app with pid 14349
    t =    54.22s Checking existence of `"return" Button`
    t =    54.28s Checking existence of `"done" Button`
    t =    54.35s Checking existence of `Keyboard (First Match)`
    t =    54.48s Swipe down Target Application 'com.bicterm.app'
    t =    54.48s     Wait for com.bicterm.app to idle
    t =    54.48s     Find the Target Application 'com.bicterm.app'
    t =    54.54s     Check for interrupting elements affecting "BicTerm" Application
    t =    54.60s     Synthesize event
    t =    55.02s     Wait for com.bicterm.app to idle
    t =    55.64s Checking existence of `"key-selector" Button`
    t =    55.70s Find the "key-selector" Button
    t =    55.78s Tap "key-selector" Button
    t =    55.78s     Wait for com.bicterm.app to idle
    t =    55.78s     Find the "key-selector" Button
    t =    55.85s     Check for interrupting elements affecting "key-selector" Button
    t =    55.91s     Synthesize event
    t =    56.20s     Wait for com.bicterm.app to idle
    t =    56.98s Waiting 5.0s for "key-Fixture-Ed25519" Button to exist
    t =    58.04s     Checking `Expect predicate `existsNoRetry == 1` for object "key-Fixture-Ed25519" Button`
    t =    58.04s         Checking existence of `"key-Fixture-Ed25519" Button`
    t =    58.09s Tap "key-Fixture-Ed25519" Button
    t =    58.09s     Wait for com.bicterm.app to idle
    t =    58.09s     Find the "key-Fixture-Ed25519" Button
    t =    58.13s     Check for interrupting elements affecting "key-Fixture-Ed25519" Button
    t =    58.17s     Synthesize event
    t =    58.47s     Wait for com.bicterm.app to idle
    t =    59.29s Checking existence of `"save-editor" Button`
    t =    59.36s Find the "save-editor" Button
    t =    59.44s Find the "save-editor" Button
    t =    59.50s Tap "save-editor" Button
    t =    59.50s     Wait for com.bicterm.app to idle
    t =    59.51s     Find the "save-editor" Button
    t =    59.57s     Check for interrupting elements affecting "save-editor" Button
    t =    59.63s     Synthesize event
    t =    59.93s     Wait for com.bicterm.app to idle
    t =    60.41s Checking existence of `"connection-Policy-On" Button`
    t =    60.45s Checking existence of `"connection-Policy-On" Button`
    t =    60.49s Terminate com.bicterm.app:14349
    t =    61.54s Open com.bicterm.app
    t =    61.54s     Launch com.bicterm.app
2026-09-08 22:14:15.973 xcodebuild[13956:29844560] [MT] IDELaunchParametersSnapshot: The operation couldn’t be completed. (DebuggerLLDB.DebuggerVersionStore.StoreError error 0.)
2026-09-08 22:14:15.973 xcodebuild[13956:29844560] [MT] IDELaunchParametersSnapshot: no debugger version
    t =    61.75s         Setting up automation session
    t =    62.60s         Wait for com.bicterm.app to idle
    t =    64.21s Checking existence of `"connection-Policy-On" Button`
    t =    64.28s Waiting 10.0s for "connection-Policy-On" Button to exist
    t =    65.32s     Checking `Expect predicate `existsNoRetry == 1` for object "connection-Policy-On" Button`
    t =    65.32s         Checking existence of `"connection-Policy-On" Button`
    t =    65.36s Checking existence of `"connection-Policy-On" Button`
    t =    65.40s Find the "connection-Policy-On" Button
    t =    65.45s Swipe left "connection-Policy-On" Button
    t =    65.45s     Wait for com.bicterm.app to idle
    t =    65.46s     Find the "connection-Policy-On" Button
    t =    65.50s     Check for interrupting elements affecting "connection-Policy-On" Button
    t =    65.53s     Synthesize event
    t =    65.99s     Wait for com.bicterm.app to idle
    t =    66.64s Waiting 5.0s for "connect-Policy-On" Button to exist
    t =    67.70s     Checking `Expect predicate `existsNoRetry == 1` for object "connect-Policy-On" Button`
    t =    67.70s         Checking existence of `"connect-Policy-On" Button`
    t =    67.75s Find the "connect-Policy-On" Button
    t =    67.81s Tap "connect-Policy-On" Button
    t =    67.81s     Wait for com.bicterm.app to idle
    t =    67.81s     Find the "connect-Policy-On" Button
    t =    67.86s     Check for interrupting elements affecting "connect-Policy-On" Button
    t =    67.89s     Synthesize event
    t =    68.18s     Wait for com.bicterm.app to idle
    t =    69.18s Waiting 10.0s for "coder-start-layer-build" StaticText to exist
    t =    70.24s     Checking `Expect predicate `existsNoRetry == 1` for object "coder-start-layer-build" StaticText`
    t =    70.24s         Checking existence of `"coder-start-layer-build" StaticText`
    t =    70.29s Waiting 5.0s for "coder-start-layer-agent-lifecycle" StaticText to exist
    t =    71.34s     Checking `Expect predicate `existsNoRetry == 1` for object "coder-start-layer-agent-lifecycle" StaticText`
    t =    71.34s         Checking existence of `"coder-start-layer-agent-lifecycle" StaticText`
    t =    71.38s Waiting 5.0s for "coder-start-post-count" StaticText to exist
    t =    72.42s     Checking `Expect predicate `existsNoRetry == 1` for object "coder-start-post-count" StaticText`
    t =    72.42s         Checking existence of `"coder-start-post-count" StaticText`
    t =    72.46s Find the "coder-start-post-count" StaticText
    t =    72.49s Checking existence of `Window (First Match)`
    t =    72.50s Find the Window (First Match)
    t =    72.62s Added attachment named 'policy-layered-progress'
    t =    72.62s Waiting 30.0s for "terminalView" Any to exist
    t =    73.65s     Checking `Expect predicate `existsNoRetry == 1` for object "terminalView" Any`
    t =    73.66s         Checking existence of `"terminalView" Any`
    t =    73.79s         Capturing element debug description
    t =    74.72s     Checking `Expect predicate `existsNoRetry == 1` for object "terminalView" Any`
    t =    74.72s         Checking existence of `"terminalView" Any`
    t =    74.84s         Capturing element debug description
    t =    75.65s     Checking `Expect predicate `existsNoRetry == 1` for object "terminalView" Any`
    t =    75.66s         Checking existence of `"terminalView" Any`
    t =    75.79s         Capturing element debug description
    t =    76.62s     Checking `Expect predicate `existsNoRetry == 1` for object "terminalView" Any`
    t =    76.62s         Checking existence of `"terminalView" Any`
    t =    76.75s         Capturing element debug description
    t =    77.68s     Checking `Expect predicate `existsNoRetry == 1` for object "terminalView" Any`
    t =    77.68s         Checking existence of `"terminalView" Any`
    t =    77.81s         Capturing element debug description
    t =    78.63s     Checking `Expect predicate `existsNoRetry == 1` for object "terminalView" Any`
    t =    78.63s         Checking existence of `"terminalView" Any`
    t =    78.77s         Capturing element debug description
    t =    79.70s     Checking `Expect predicate `existsNoRetry == 1` for object "terminalView" Any`
    t =    79.70s         Checking existence of `"terminalView" Any`
    t =    79.83s         Capturing element debug description
    t =    80.67s     Checking `Expect predicate `existsNoRetry == 1` for object "terminalView" Any`
    t =    80.67s         Checking existence of `"terminalView" Any`
    t =    80.80s         Capturing element debug description
    t =    81.63s     Checking `Expect predicate `existsNoRetry == 1` for object "terminalView" Any`
    t =    81.63s         Checking existence of `"terminalView" Any`
    t =    81.67s Tear Down
Test Case '-[BicTermUITests.CoderAgentPickerUITests testPolicyOnStartsExactlyOnceAndConnectsAfterReady]' passed (82.113 seconds).
Test Case '-[BicTermUITests.CoderAgentPickerUITests testSessionInfoShowsPathWorkspaceAgentAndServerVersion]' started.
    t =     0.00s Start Test at 2026-09-08 22:14:36.546
    t =     0.02s Set Up
    t =     0.02s Open com.bicterm.app
    t =     0.02s     Launch com.bicterm.app
    t =     0.02s         Terminate com.bicterm.app:14453
2026-09-08 22:14:37.635 xcodebuild[13956:29844560] [MT] IDELaunchParametersSnapshot: The operation couldn’t be completed. (DebuggerLLDB.DebuggerVersionStore.StoreError error 0.)
2026-09-08 22:14:37.635 xcodebuild[13956:29844560] [MT] IDELaunchParametersSnapshot: no debugger version
    t =     1.30s         Setting up automation session
    t =     2.16s         Wait for com.bicterm.app to idle
    t =     3.75s Tap "open-settings" Button
    t =     3.75s     Wait for com.bicterm.app to idle
    t =     3.75s     Find the "open-settings" Button
    t =     3.81s     Check for interrupting elements affecting "open-settings" Button
    t =     3.84s     Synthesize event
    t =     4.13s     Wait for com.bicterm.app to idle
    t =     4.93s Waiting 5.0s for "settings-coder-servers" Button to exist
    t =     5.99s     Checking `Expect predicate `existsNoRetry == 1` for object "settings-coder-servers" Button`
    t =     5.99s         Checking existence of `"settings-coder-servers" Button`
    t =     6.03s Tap "settings-coder-servers" Button
    t =     6.03s     Wait for com.bicterm.app to idle
    t =     6.03s     Find the "settings-coder-servers" Button
    t =     6.06s     Check for interrupting elements affecting "settings-coder-servers" Button
    t =     6.09s     Synthesize event
    t =     6.38s     Wait for com.bicterm.app to idle
    t =     7.18s Waiting 5.0s for "Coder Servers" NavigationBar to exist
    t =     8.21s     Checking `Expect predicate `existsNoRetry == 1` for object "Coder Servers" NavigationBar`
    t =     8.21s         Checking existence of `"Coder Servers" NavigationBar`
    t =     8.23s Tap "add-coder-server" Button
    t =     8.23s     Wait for com.bicterm.app to idle
    t =     8.23s     Find the "add-coder-server" Button
    t =     8.25s     Check for interrupting elements affecting "add-coder-server" Button
    t =     8.28s     Synthesize event
    t =     8.58s     Wait for com.bicterm.app to idle
    t =     9.41s Waiting 5.0s for "Add Coder Server" NavigationBar to exist
    t =    10.46s     Checking `Expect predicate `existsNoRetry == 1` for object "Add Coder Server" NavigationBar`
    t =    10.46s         Checking existence of `"Add Coder Server" NavigationBar`
    t =    10.50s Find the "coder-server-name" TextField
    t =    10.54s Tap "coder-server-name" TextField
    t =    10.54s     Wait for com.bicterm.app to idle
    t =    10.54s     Find the "coder-server-name" TextField
    t =    10.57s     Check for interrupting elements affecting "coder-server-name" TextField
    t =    10.60s     Synthesize event
    t =    10.89s     Wait for com.bicterm.app to idle
    t =    10.99s Find the "coder-server-name" TextField
    t =    11.07s Type 'Fixture Server' into "coder-server-name" TextField
    t =    11.07s     Wait for com.bicterm.app to idle
    t =    11.36s     Find the "coder-server-name" TextField
    t =    11.41s     Check for interrupting elements affecting "coder-server-name" TextField
    t =    11.45s     Synthesize event
    t =    11.89s     Wait for com.bicterm.app to idle
    t =    11.91s Find the "coder-server-url" TextField
    t =    11.97s Tap "coder-server-url" TextField
    t =    11.97s     Wait for com.bicterm.app to idle
    t =    11.97s     Find the "coder-server-url" TextField
    t =    12.02s     Check for interrupting elements affecting "coder-server-url" TextField
    t =    12.06s     Synthesize event
    t =    12.35s     Wait for com.bicterm.app to idle
    t =    12.67s Find the "coder-server-url" TextField
    t =    12.72s Type 'https://coder.exam...' into "coder-server-url" TextField
    t =    12.72s     Wait for com.bicterm.app to idle
    t =    12.72s     Find the "coder-server-url" TextField
    t =    12.76s     Check for interrupting elements affecting "coder-server-url" TextField
    t =    12.80s     Synthesize event
    t =    13.42s     Wait for com.bicterm.app to idle
    t =    13.42s Find the "coder-server-token" SecureTextField
    t =    13.48s Tap "coder-server-token" SecureTextField
    t =    13.48s     Wait for com.bicterm.app to idle
    t =    13.48s     Find the "coder-server-token" SecureTextField
    t =    13.52s     Check for interrupting elements affecting "coder-server-token" SecureTextField
    t =    13.57s     Synthesize event
    t =    13.85s     Wait for com.bicterm.app to idle
    t =    14.15s Find the "coder-server-token" SecureTextField
    t =    14.20s Type '...' into "coder-server-token" SecureTextField
    t =    14.20s     Wait for com.bicterm.app to idle
    t =    14.20s     Find the "coder-server-token" SecureTextField
    t =    14.24s     Check for interrupting elements affecting "coder-server-token" SecureTextField
    t =    14.29s     Synthesize event
    t =    15.13s     Wait for com.bicterm.app to idle
    t =    15.13s Type '<redacted>' into "coder-server-token" SecureTextField
    t =    15.13s     Wait for com.bicterm.app to idle
    t =    15.14s     Find the "coder-server-token" SecureTextField
    t =    15.18s     Check for interrupting elements affecting "coder-server-token" SecureTextField
    t =    15.22s     Synthesize event
    t =    15.57s     Wait for com.bicterm.app to idle
    t =    15.58s Tap "coder-server-validate-save" Button
    t =    15.58s     Wait for com.bicterm.app to idle
    t =    15.58s     Find the "coder-server-validate-save" Button
    t =    15.62s     Check for interrupting elements affecting "coder-server-validate-save" Button
    t =    15.67s     Synthesize event
    t =    15.96s     Wait for com.bicterm.app to idle
    t =    16.88s Waiting 10.0s for "coder-server-Fixture-Server" Button to exist
    t =    17.92s     Checking `Expect predicate `existsNoRetry == 1` for object "coder-server-Fixture-Server" Button`
    t =    17.92s         Checking existence of `"coder-server-Fixture-Server" Button`
    t =    17.95s Tap Button (Element at index 0)
    t =    17.95s     Wait for com.bicterm.app to idle
    t =    17.95s     Find the Button (Element at index 0)
    t =    17.98s     Check for interrupting elements affecting "BackButton" Button
    t =    18.00s     Synthesize event
    t =    18.31s     Wait for com.bicterm.app to idle
    t =    18.63s Waiting 5.0s for Button (Element at index 0) to exist
    t =    19.68s     Checking `Expect predicate `existsNoRetry == 1` for object Button (Element at index 0)`
    t =    19.68s         Checking existence of `Button (Element at index 0)`
    t =    19.71s Tap Button (Element at index 0)
    t =    19.71s     Wait for com.bicterm.app to idle
    t =    19.71s     Find the Button (Element at index 0)
    t =    19.74s     Check for interrupting elements affecting "BackButton" Button
    t =    19.77s     Synthesize event
    t =    20.07s     Wait for com.bicterm.app to idle
    t =    20.88s Waiting 15.0s for "add-connection" Button to exist
    t =    21.93s     Checking `Expect predicate `existsNoRetry == 1` for object "add-connection" Button`
    t =    21.93s         Checking existence of `"add-connection" Button`
    t =    21.96s Tap "add-connection" Button
    t =    21.96s     Wait for com.bicterm.app to idle
    t =    21.96s     Find the "add-connection" Button
    t =    21.99s     Check for interrupting elements affecting "add-connection" Button
    t =    22.01s     Synthesize event
    t =    22.32s     Wait for com.bicterm.app to idle
    t =    23.25s Waiting 10.0s for "field-name" TextField to exist
    t =    24.30s     Checking `Expect predicate `existsNoRetry == 1` for object "field-name" TextField`
    t =    24.30s         Checking existence of `"field-name" TextField`
    t =    24.40s Find the "field-name" TextField
    t =    24.48s Tap "field-name" TextField
    t =    24.48s     Wait for com.bicterm.app to idle
    t =    24.48s     Find the "field-name" TextField
    t =    24.54s     Check for interrupting elements affecting "field-name" TextField
    t =    24.60s     Synthesize event
    t =    24.90s     Wait for com.bicterm.app to idle
    t =    25.21s Find the "field-name" TextField
    t =    25.29s Type 'Info Case' into "field-name" TextField
    t =    25.29s     Wait for com.bicterm.app to idle
    t =    25.29s     Find the "field-name" TextField
    t =    25.36s     Check for interrupting elements affecting "field-name" TextField
    t =    25.43s     Synthesize event
    t =    25.78s     Wait for com.bicterm.app to idle
    t =    25.90s Tap "protocol-picker" Button
    t =    25.90s     Wait for com.bicterm.app to idle
    t =    25.90s     Find the "protocol-picker" Button
    t =    25.99s     Check for interrupting elements affecting "protocol-picker" Button
    t =    26.06s     Synthesize event
    t =    26.35s     Wait for com.bicterm.app to idle
    t =    27.63s Waiting 5.0s for "Coder" Button to exist
    t =    28.67s     Checking `Expect predicate `existsNoRetry == 1` for object "Coder" Button`
    t =    28.67s         Checking existence of `"Coder" Button`
    t =    28.76s Tap "Coder" Button
    t =    28.76s     Wait for com.bicterm.app to idle
    t =    28.76s     Find the "Coder" Button
    t =    28.84s     Check for interrupting elements affecting "Coder" Button
    t =    28.92s     Synthesize event
    t =    29.21s     Wait for com.bicterm.app to idle
    t =    30.80s Find the "field-host" TextField
    t =    30.88s Tap "field-host" TextField
    t =    30.88s     Wait for com.bicterm.app to idle
    t =    30.88s     Find the "field-host" TextField
    t =    30.94s     Check for interrupting elements affecting "field-host" TextField
    t =    31.00s     Synthesize event
    t =    31.29s     Wait for com.bicterm.app to idle
    t =    31.57s Find the "field-host" TextField
    t =    31.65s Type 'coder.example.com' into "field-host" TextField
    t =    31.65s     Wait for com.bicterm.app to idle
    t =    31.65s     Find the "field-host" TextField
    t =    31.73s     Check for interrupting elements affecting "field-host" TextField
    t =    31.80s     Synthesize event
    t =    32.28s     Wait for com.bicterm.app to idle
    t =    32.29s Find the "field-username" TextField
    t =    32.37s Tap "field-username" TextField
    t =    32.37s     Wait for com.bicterm.app to idle
    t =    32.38s     Find the "field-username" TextField
    t =    32.45s     Check for interrupting elements affecting "field-username" TextField
    t =    32.52s     Synthesize event
    t =    32.81s     Wait for com.bicterm.app to idle
    t =    33.11s Find the "field-username" TextField
    t =    33.20s Type 'user' into "field-username" TextField
    t =    33.20s     Wait for com.bicterm.app to idle
    t =    33.20s     Find the "field-username" TextField
    t =    33.28s     Check for interrupting elements affecting "field-username" TextField
    t =    33.35s     Synthesize event
    t =    33.61s     Wait for com.bicterm.app to idle
    t =    33.81s Waiting 2.0s for "Done" Button to exist
    t =    34.84s     Checking `Expect predicate `existsNoRetry == 1` for object "Done" Button`
    t =    34.84s         Checking existence of `"Done" Button`
    t =    34.92s Tap "Done" Button
    t =    34.92s     Wait for com.bicterm.app to idle
    t =    34.93s     Find the "Done" Button
    t =    35.01s     Check for interrupting elements affecting "Done" Button
    t =    35.08s     Synthesize event
    t =    35.37s     Wait for com.bicterm.app to idle
    t =    36.17s Checking existence of `"coder-server-picker" Button`
    t =    36.23s Find the "coder-server-picker" Button
    t =    36.31s Tap "coder-server-picker" Button
    t =    36.31s     Wait for com.bicterm.app to idle
    t =    36.32s     Find the "coder-server-picker" Button
    t =    36.38s     Check for interrupting elements affecting "coder-server-picker" Button
    t =    36.45s     Synthesize event
    t =    36.74s     Wait for com.bicterm.app to idle
    t =    37.94s Waiting 5.0s for "Fixture Server" Button to exist
    t =    38.98s     Checking `Expect predicate `existsNoRetry == 1` for object "Fixture Server" Button`
    t =    38.98s         Checking existence of `"Fixture Server" Button`
    t =    39.04s Tap "Fixture Server" Button
    t =    39.04s     Wait for com.bicterm.app to idle
    t =    39.04s     Find the "Fixture Server" Button
    t =    39.11s     Check for interrupting elements affecting "Fixture Server" Button
    t =    39.17s     Synthesize event
    t =    39.46s     Wait for com.bicterm.app to idle
    t =    40.96s Waiting 10.0s for "coder-workspace-Running-Dev" Button to exist
    t =    41.99s     Checking `Expect predicate `existsNoRetry == 1` for object "coder-workspace-Running-Dev" Button`
    t =    41.99s         Checking existence of `"coder-workspace-Running-Dev" Button`
    t =    42.06s Tap "coder-workspace-Running-Dev" Button
    t =    42.06s     Wait for com.bicterm.app to idle
    t =    42.06s     Find the "coder-workspace-Running-Dev" Button
    t =    42.13s     Check for interrupting elements affecting "coder-workspace-Running-Dev" Button
    t =    42.19s     Synthesize event
    t =    42.49s     Wait for com.bicterm.app to idle
    t =    42.49s Waiting 2.0s for "Done" Button to exist
    t =    43.51s     Checking `Expect predicate `existsNoRetry == 1` for object "Done" Button`
    t =    43.51s         Checking existence of `"Done" Button`
    t =    43.59s         Capturing element debug description
    t =    44.49s     Checking `Expect predicate `existsNoRetry == 1` for object "Done" Button`
    t =    44.49s         Checking existence of `"Done" Button`
    t =    44.56s         Capturing element debug description
    t =    44.56s     Checking existence of `"Done" Button`
    t =    44.62s Collecting debug information to assist test failure triage
    t =    44.62s     Requesting snapshot of accessibility hierarchy for app with pid 14495
    t =    44.73s Checking existence of `"return" Button`
    t =    44.80s Checking existence of `"done" Button`
    t =    44.86s Checking existence of `Keyboard (First Match)`
    t =    44.99s Swipe down Target Application 'com.bicterm.app'
    t =    44.99s     Wait for com.bicterm.app to idle
    t =    44.99s     Find the Target Application 'com.bicterm.app'
    t =    45.05s     Check for interrupting elements affecting "BicTerm" Application
    t =    45.10s     Synthesize event
    t =    45.53s     Wait for com.bicterm.app to idle
    t =    45.90s Checking existence of `"key-selector" Button`
    t =    45.96s Find the "key-selector" Button
    t =    46.04s Tap "key-selector" Button
    t =    46.04s     Wait for com.bicterm.app to idle
    t =    46.04s     Find the "key-selector" Button
    t =    46.10s     Check for interrupting elements affecting "key-selector" Button
    t =    46.16s     Synthesize event
    t =    46.45s     Wait for com.bicterm.app to idle
    t =    47.21s Waiting 5.0s for "key-Fixture-Ed25519" Button to exist
    t =    48.26s     Checking `Expect predicate `existsNoRetry == 1` for object "key-Fixture-Ed25519" Button`
    t =    48.27s         Checking existence of `"key-Fixture-Ed25519" Button`
    t =    48.31s Tap "key-Fixture-Ed25519" Button
    t =    48.31s     Wait for com.bicterm.app to idle
    t =    48.32s     Find the "key-Fixture-Ed25519" Button
    t =    48.36s     Check for interrupting elements affecting "key-Fixture-Ed25519" Button
    t =    48.40s     Synthesize event
    t =    48.69s     Wait for com.bicterm.app to idle
    t =    49.54s Checking existence of `"save-editor" Button`
    t =    49.60s Find the "save-editor" Button
    t =    49.69s Find the "save-editor" Button
    t =    49.76s Tap "save-editor" Button
    t =    49.76s     Wait for com.bicterm.app to idle
    t =    49.76s     Find the "save-editor" Button
    t =    49.83s     Check for interrupting elements affecting "save-editor" Button
    t =    49.89s     Synthesize event
    t =    50.19s     Wait for com.bicterm.app to idle
    t =    50.65s Checking existence of `"connection-Info-Case" Button`
    t =    50.69s Checking existence of `"connection-Info-Case" Button`
    t =    50.73s Terminate com.bicterm.app:14495
    t =    51.80s Open com.bicterm.app
    t =    51.80s     Launch com.bicterm.app
2026-09-08 22:15:28.346 xcodebuild[13956:29844560] [MT] IDELaunchParametersSnapshot: The operation couldn’t be completed. (DebuggerLLDB.DebuggerVersionStore.StoreError error 0.)
2026-09-08 22:15:28.346 xcodebuild[13956:29844560] [MT] IDELaunchParametersSnapshot: no debugger version
    t =    52.01s         Setting up automation session
    t =    52.86s         Wait for com.bicterm.app to idle
    t =    54.47s Checking existence of `"connection-Info-Case" Button`
    t =    54.54s Waiting 10.0s for "connection-Info-Case" Button to exist
    t =    55.57s     Checking `Expect predicate `existsNoRetry == 1` for object "connection-Info-Case" Button`
    t =    55.57s         Checking existence of `"connection-Info-Case" Button`
    t =    55.62s Checking existence of `"connection-Info-Case" Button`
    t =    55.66s Find the "connection-Info-Case" Button
    t =    55.72s Swipe left "connection-Info-Case" Button
    t =    55.72s     Wait for com.bicterm.app to idle
    t =    55.72s     Find the "connection-Info-Case" Button
    t =    55.76s     Check for interrupting elements affecting "connection-Info-Case" Button
    t =    55.79s     Synthesize event
    t =    56.26s     Wait for com.bicterm.app to idle
    t =    56.92s Waiting 5.0s for "connect-Info-Case" Button to exist
    t =    57.98s     Checking `Expect predicate `existsNoRetry == 1` for object "connect-Info-Case" Button`
    t =    57.98s         Checking existence of `"connect-Info-Case" Button`
    t =    58.03s Find the "connect-Info-Case" Button
    t =    58.09s Tap "connect-Info-Case" Button
    t =    58.09s     Wait for com.bicterm.app to idle
    t =    58.09s     Find the "connect-Info-Case" Button
    t =    58.13s     Check for interrupting elements affecting "connect-Info-Case" Button
    t =    58.17s     Synthesize event
    t =    58.47s     Wait for com.bicterm.app to idle
    t =    60.47s Waiting 20.0s for "terminalView" Any to exist
    t =    61.51s     Checking `Expect predicate `existsNoRetry == 1` for object "terminalView" Any`
    t =    61.51s         Checking existence of `"terminalView" Any`
    t =    61.56s Waiting 5.0s for "scene-coder-info" Button to exist
    t =    62.58s     Checking `Expect predicate `existsNoRetry == 1` for object "scene-coder-info" Button`
    t =    62.59s         Checking existence of `"scene-coder-info" Button`
    t =    62.65s Tap "scene-coder-info" Button
    t =    62.65s     Wait for com.bicterm.app to idle
    t =    62.65s     Find the "scene-coder-info" Button
    t =    62.70s     Check for interrupting elements affecting "scene-coder-info" Button
    t =    62.74s     Synthesize event
    t =    63.03s     Wait for com.bicterm.app to idle
    t =    63.73s Waiting 5.0s for "coder-info-path" StaticText to exist
    t =    64.76s     Checking `Expect predicate `existsNoRetry == 1` for object "coder-info-path" StaticText`
    t =    64.77s         Checking existence of `"coder-info-path" StaticText`
    t =    64.83s Find the "coder-info-path" StaticText
    t =    64.87s Waiting 5.0s for "coder-info-server" StaticText to exist
    t =    65.90s     Checking `Expect predicate `existsNoRetry == 1` for object "coder-info-server" StaticText`
    t =    65.91s         Checking existence of `"coder-info-server" StaticText`
    t =    65.96s Find the "coder-info-server" StaticText
    t =    66.00s Waiting 5.0s for "coder-info-workspace" StaticText to exist
    t =    67.02s     Checking `Expect predicate `existsNoRetry == 1` for object "coder-info-workspace" StaticText`
    t =    67.02s         Checking existence of `"coder-info-workspace" StaticText`
    t =    67.07s Waiting 5.0s for "coder-info-agent" StaticText to exist
    t =    68.13s     Checking `Expect predicate `existsNoRetry == 1` for object "coder-info-agent" StaticText`
    t =    68.13s         Checking existence of `"coder-info-agent" StaticText`
    t =    68.18s Press Target Application 'com.bicterm.app'[0.50, 0.48] for 0.1 seconds, then drag to Target Application 'com.bicterm.app'[0.50, 0.25] with velocity of 500.00 pixels per second, and then hold for 0.0 seconds 
    t =    68.18s     Wait for com.bicterm.app to idle
    t =    68.18s     Find the Target Application 'com.bicterm.app'
    t =    68.22s     Check for interrupting elements affecting "BicTerm" Application
    t =    68.26s     Synthesize event
    t =    68.26s         Find the Target Application 'com.bicterm.app'
    t =    68.30s         Find the Target Application 'com.bicterm.app'
    t =    68.34s         Find the Target Application 'com.bicterm.app'
    t =    68.38s         Find the Target Application 'com.bicterm.app'
    t =    68.42s         Find the Target Application 'com.bicterm.app'
    t =    69.16s     Wait for com.bicterm.app to idle
    t =    69.86s Checking existence of `Window (First Match)`
    t =    69.86s Find the Window (First Match)
    t =    69.97s Added attachment named 'session-diagnostics'
    t =    69.97s Tear Down
Test Case '-[BicTermUITests.CoderAgentPickerUITests testSessionInfoShowsPathWorkspaceAgentAndServerVersion]' passed (70.285 seconds).
Test Case '-[BicTermUITests.CoderAgentPickerUITests testStoppedWorkspacePolicyOffShowsNotConnectableAndSendsNoStart]' started.
    t =     0.00s Start Test at 2026-09-08 22:15:46.832
    t =     0.02s Set Up
    t =     0.02s Open com.bicterm.app
    t =     0.03s     Launch com.bicterm.app
    t =     0.03s         Terminate com.bicterm.app:14583
2026-09-08 22:15:47.930 xcodebuild[13956:29844560] [MT] IDELaunchParametersSnapshot: The operation couldn’t be completed. (DebuggerLLDB.DebuggerVersionStore.StoreError error 0.)
2026-09-08 22:15:47.931 xcodebuild[13956:29844560] [MT] IDELaunchParametersSnapshot: no debugger version
    t =     1.31s         Setting up automation session
    t =     2.17s         Wait for com.bicterm.app to idle
    t =     3.75s Tap "open-settings" Button
    t =     3.75s     Wait for com.bicterm.app to idle
    t =     3.76s     Find the "open-settings" Button
    t =     3.81s     Check for interrupting elements affecting "open-settings" Button
    t =     3.84s     Synthesize event
    t =     4.13s     Wait for com.bicterm.app to idle
    t =     4.99s Waiting 5.0s for "settings-coder-servers" Button to exist
    t =     6.01s     Checking `Expect predicate `existsNoRetry == 1` for object "settings-coder-servers" Button`
    t =     6.01s         Checking existence of `"settings-coder-servers" Button`
    t =     6.05s Tap "settings-coder-servers" Button
    t =     6.05s     Wait for com.bicterm.app to idle
    t =     6.06s     Find the "settings-coder-servers" Button
    t =     6.09s     Check for interrupting elements affecting "settings-coder-servers" Button
    t =     6.12s     Synthesize event
    t =     6.41s     Wait for com.bicterm.app to idle
    t =     7.20s Waiting 5.0s for "Coder Servers" NavigationBar to exist
    t =     8.24s     Checking `Expect predicate `existsNoRetry == 1` for object "Coder Servers" NavigationBar`
    t =     8.24s         Checking existence of `"Coder Servers" NavigationBar`
    t =     8.27s Tap "add-coder-server" Button
    t =     8.27s     Wait for com.bicterm.app to idle
    t =     8.27s     Find the "add-coder-server" Button
    t =     8.29s     Check for interrupting elements affecting "add-coder-server" Button
    t =     8.32s     Synthesize event
    t =     8.62s     Wait for com.bicterm.app to idle
    t =     9.48s Waiting 5.0s for "Add Coder Server" NavigationBar to exist
    t =    10.50s     Checking `Expect predicate `existsNoRetry == 1` for object "Add Coder Server" NavigationBar`
    t =    10.50s         Checking existence of `"Add Coder Server" NavigationBar`
    t =    10.54s Find the "coder-server-name" TextField
    t =    10.58s Tap "coder-server-name" TextField
    t =    10.58s     Wait for com.bicterm.app to idle
    t =    10.58s     Find the "coder-server-name" TextField
    t =    10.61s     Check for interrupting elements affecting "coder-server-name" TextField
    t =    10.64s     Synthesize event
    t =    10.93s     Wait for com.bicterm.app to idle
    t =    11.02s Find the "coder-server-name" TextField
    t =    11.10s Type 'Fixture Server' into "coder-server-name" TextField
    t =    11.10s     Wait for com.bicterm.app to idle
    t =    11.39s     Find the "coder-server-name" TextField
    t =    11.44s     Check for interrupting elements affecting "coder-server-name" TextField
    t =    11.48s     Synthesize event
    t =    11.92s     Wait for com.bicterm.app to idle
    t =    11.93s Find the "coder-server-url" TextField
    t =    11.99s Tap "coder-server-url" TextField
    t =    11.99s     Wait for com.bicterm.app to idle
    t =    11.99s     Find the "coder-server-url" TextField
    t =    12.04s     Check for interrupting elements affecting "coder-server-url" TextField
    t =    12.08s     Synthesize event
    t =    12.38s     Wait for com.bicterm.app to idle
    t =    12.69s Find the "coder-server-url" TextField
    t =    12.74s Type 'https://coder.exam...' into "coder-server-url" TextField
    t =    12.74s     Wait for com.bicterm.app to idle
    t =    12.74s     Find the "coder-server-url" TextField
    t =    12.78s     Check for interrupting elements affecting "coder-server-url" TextField
    t =    12.83s     Synthesize event
    t =    13.45s     Wait for com.bicterm.app to idle
    t =    13.45s Find the "coder-server-token" SecureTextField
    t =    13.51s Tap "coder-server-token" SecureTextField
    t =    13.51s     Wait for com.bicterm.app to idle
    t =    13.51s     Find the "coder-server-token" SecureTextField
    t =    13.55s     Check for interrupting elements affecting "coder-server-token" SecureTextField
    t =    13.59s     Synthesize event
    t =    13.89s     Wait for com.bicterm.app to idle
    t =    14.19s Find the "coder-server-token" SecureTextField
    t =    14.24s Type '...' into "coder-server-token" SecureTextField
    t =    14.24s     Wait for com.bicterm.app to idle
    t =    14.25s     Find the "coder-server-token" SecureTextField
    t =    14.29s     Check for interrupting elements affecting "coder-server-token" SecureTextField
    t =    14.33s     Synthesize event
    t =    15.18s     Wait for com.bicterm.app to idle
    t =    15.19s Type '<redacted>' into "coder-server-token" SecureTextField
    t =    15.19s     Wait for com.bicterm.app to idle
    t =    15.19s     Find the "coder-server-token" SecureTextField
    t =    15.23s     Check for interrupting elements affecting "coder-server-token" SecureTextField
    t =    15.27s     Synthesize event
    t =    15.63s     Wait for com.bicterm.app to idle
    t =    15.63s Tap "coder-server-validate-save" Button
    t =    15.63s     Wait for com.bicterm.app to idle
    t =    15.63s     Find the "coder-server-validate-save" Button
    t =    15.67s     Check for interrupting elements affecting "coder-server-validate-save" Button
    t =    15.71s     Synthesize event
    t =    16.01s     Wait for com.bicterm.app to idle
    t =    16.93s Waiting 10.0s for "coder-server-Fixture-Server" Button to exist
    t =    17.99s     Checking `Expect predicate `existsNoRetry == 1` for object "coder-server-Fixture-Server" Button`
    t =    17.99s         Checking existence of `"coder-server-Fixture-Server" Button`
    t =    18.02s Tap Button (Element at index 0)
    t =    18.02s     Wait for com.bicterm.app to idle
    t =    18.02s     Find the Button (Element at index 0)
    t =    18.05s     Check for interrupting elements affecting "BackButton" Button
    t =    18.08s     Synthesize event
    t =    18.38s     Wait for com.bicterm.app to idle
    t =    18.71s Waiting 5.0s for Button (Element at index 0) to exist
    t =    19.74s     Checking `Expect predicate `existsNoRetry == 1` for object Button (Element at index 0)`
    t =    19.74s         Checking existence of `Button (Element at index 0)`
    t =    19.77s Tap Button (Element at index 0)
    t =    19.77s     Wait for com.bicterm.app to idle
    t =    19.77s     Find the Button (Element at index 0)
    t =    19.80s     Check for interrupting elements affecting "BackButton" Button
    t =    19.83s     Synthesize event
    t =    20.13s     Wait for com.bicterm.app to idle
    t =    20.93s Waiting 15.0s for "add-connection" Button to exist
    t =    21.96s     Checking `Expect predicate `existsNoRetry == 1` for object "add-connection" Button`
    t =    21.96s         Checking existence of `"add-connection" Button`
    t =    21.99s Tap "add-connection" Button
    t =    21.99s     Wait for com.bicterm.app to idle
    t =    21.99s     Find the "add-connection" Button
    t =    22.01s     Check for interrupting elements affecting "add-connection" Button
    t =    22.04s     Synthesize event
    t =    22.33s     Wait for com.bicterm.app to idle
    t =    23.24s Waiting 10.0s for "field-name" TextField to exist
    t =    24.26s     Checking `Expect predicate `existsNoRetry == 1` for object "field-name" TextField`
    t =    24.26s         Checking existence of `"field-name" TextField`
    t =    24.36s Find the "field-name" TextField
    t =    24.42s Tap "field-name" TextField
    t =    24.42s     Wait for com.bicterm.app to idle
    t =    24.43s     Find the "field-name" TextField
    t =    24.48s     Check for interrupting elements affecting "field-name" TextField
    t =    24.54s     Synthesize event
    t =    24.83s     Wait for com.bicterm.app to idle
    t =    25.16s Find the "field-name" TextField
    t =    25.24s Type 'Policy Off' into "field-name" TextField
    t =    25.24s     Wait for com.bicterm.app to idle
    t =    25.24s     Find the "field-name" TextField
    t =    25.32s     Check for interrupting elements affecting "field-name" TextField
    t =    25.39s     Synthesize event
    t =    25.76s     Wait for com.bicterm.app to idle
    t =    25.86s Tap "protocol-picker" Button
    t =    25.86s     Wait for com.bicterm.app to idle
    t =    25.86s     Find the "protocol-picker" Button
    t =    25.95s     Check for interrupting elements affecting "protocol-picker" Button
    t =    26.02s     Synthesize event
    t =    26.31s     Wait for com.bicterm.app to idle
    t =    27.58s Waiting 5.0s for "Coder" Button to exist
    t =    28.62s     Checking `Expect predicate `existsNoRetry == 1` for object "Coder" Button`
    t =    28.63s         Checking existence of `"Coder" Button`
    t =    28.71s Tap "Coder" Button
    t =    28.71s     Wait for com.bicterm.app to idle
    t =    28.71s     Find the "Coder" Button
    t =    28.79s     Check for interrupting elements affecting "Coder" Button
    t =    28.86s     Synthesize event
    t =    29.15s     Wait for com.bicterm.app to idle
    t =    30.74s Find the "field-host" TextField
    t =    30.81s Tap "field-host" TextField
    t =    30.81s     Wait for com.bicterm.app to idle
    t =    30.81s     Find the "field-host" TextField
    t =    30.87s     Check for interrupting elements affecting "field-host" TextField
    t =    30.93s     Synthesize event
    t =    31.23s     Wait for com.bicterm.app to idle
    t =    31.50s Find the "field-host" TextField
    t =    31.57s Type 'coder.example.com' into "field-host" TextField
    t =    31.57s     Wait for com.bicterm.app to idle
    t =    31.58s     Find the "field-host" TextField
    t =    31.65s     Check for interrupting elements affecting "field-host" TextField
    t =    31.72s     Synthesize event
    t =    32.21s     Wait for com.bicterm.app to idle
    t =    32.21s Find the "field-username" TextField
    t =    32.30s Tap "field-username" TextField
    t =    32.30s     Wait for com.bicterm.app to idle
    t =    32.30s     Find the "field-username" TextField
    t =    32.37s     Check for interrupting elements affecting "field-username" TextField
    t =    32.44s     Synthesize event
    t =    32.74s     Wait for com.bicterm.app to idle
    t =    33.05s Find the "field-username" TextField
    t =    33.14s Type 'user' into "field-username" TextField
    t =    33.14s     Wait for com.bicterm.app to idle
    t =    33.14s     Find the "field-username" TextField
    t =    33.21s     Check for interrupting elements affecting "field-username" TextField
    t =    33.28s     Synthesize event
    t =    33.55s     Wait for com.bicterm.app to idle
    t =    33.74s Waiting 2.0s for "Done" Button to exist
    t =    34.78s     Checking `Expect predicate `existsNoRetry == 1` for object "Done" Button`
    t =    34.78s         Checking existence of `"Done" Button`
    t =    34.86s Tap "Done" Button
    t =    34.86s     Wait for com.bicterm.app to idle
    t =    34.86s     Find the "Done" Button
    t =    34.94s     Check for interrupting elements affecting "Done" Button
    t =    35.01s     Synthesize event
    t =    35.30s     Wait for com.bicterm.app to idle
    t =    36.09s Checking existence of `"coder-server-picker" Button`
    t =    36.15s Find the "coder-server-picker" Button
    t =    36.23s Tap "coder-server-picker" Button
    t =    36.23s     Wait for com.bicterm.app to idle
    t =    36.23s     Find the "coder-server-picker" Button
    t =    36.30s     Check for interrupting elements affecting "coder-server-picker" Button
    t =    36.36s     Synthesize event
    t =    36.66s     Wait for com.bicterm.app to idle
    t =    37.85s Waiting 5.0s for "Fixture Server" Button to exist
    t =    38.90s     Checking `Expect predicate `existsNoRetry == 1` for object "Fixture Server" Button`
    t =    38.90s         Checking existence of `"Fixture Server" Button`
    t =    38.97s Tap "Fixture Server" Button
    t =    38.97s     Wait for com.bicterm.app to idle
    t =    38.97s     Find the "Fixture Server" Button
    t =    39.04s     Check for interrupting elements affecting "Fixture Server" Button
    t =    39.10s     Synthesize event
    t =    39.40s     Wait for com.bicterm.app to idle
    t =    40.89s Waiting 10.0s for "coder-workspace-Running-Dev" Button to exist
    t =    41.90s     Checking `Expect predicate `existsNoRetry == 1` for object "coder-workspace-Running-Dev" Button`
    t =    41.90s         Checking existence of `"coder-workspace-Running-Dev" Button`
    t =    41.97s Tap "coder-workspace-Running-Dev" Button
    t =    41.97s     Wait for com.bicterm.app to idle
    t =    41.97s     Find the "coder-workspace-Running-Dev" Button
    t =    42.03s     Check for interrupting elements affecting "coder-workspace-Running-Dev" Button
    t =    42.09s     Synthesize event
    t =    42.39s     Wait for com.bicterm.app to idle
    t =    42.39s Waiting 2.0s for "Done" Button to exist
    t =    43.42s     Checking `Expect predicate `existsNoRetry == 1` for object "Done" Button`
    t =    43.43s         Checking existence of `"Done" Button`
    t =    43.49s         Capturing element debug description
    t =    44.40s     Checking `Expect predicate `existsNoRetry == 1` for object "Done" Button`
    t =    44.40s         Checking existence of `"Done" Button`
    t =    44.46s         Capturing element debug description
    t =    44.46s     Checking existence of `"Done" Button`
    t =    44.52s Collecting debug information to assist test failure triage
    t =    44.52s     Requesting snapshot of accessibility hierarchy for app with pid 14624
    t =    44.64s Checking existence of `"return" Button`
    t =    44.70s Checking existence of `"done" Button`
    t =    44.76s Checking existence of `Keyboard (First Match)`
    t =    44.89s Swipe down Target Application 'com.bicterm.app'
    t =    44.89s     Wait for com.bicterm.app to idle
    t =    44.89s     Find the Target Application 'com.bicterm.app'
    t =    44.95s     Check for interrupting elements affecting "BicTerm" Application
    t =    45.01s     Synthesize event
    t =    45.43s     Wait for com.bicterm.app to idle
    t =    45.80s Checking existence of `"key-selector" Button`
    t =    45.86s Find the "key-selector" Button
    t =    45.94s Tap "key-selector" Button
    t =    45.94s     Wait for com.bicterm.app to idle
    t =    45.94s     Find the "key-selector" Button
    t =    46.01s     Check for interrupting elements affecting "key-selector" Button
    t =    46.07s     Synthesize event
    t =    46.36s     Wait for com.bicterm.app to idle
    t =    47.11s Waiting 5.0s for "key-Fixture-Ed25519" Button to exist
    t =    48.16s     Checking `Expect predicate `existsNoRetry == 1` for object "key-Fixture-Ed25519" Button`
    t =    48.16s         Checking existence of `"key-Fixture-Ed25519" Button`
    t =    48.21s Tap "key-Fixture-Ed25519" Button
    t =    48.21s     Wait for com.bicterm.app to idle
    t =    48.22s     Find the "key-Fixture-Ed25519" Button
    t =    48.26s     Check for interrupting elements affecting "key-Fixture-Ed25519" Button
    t =    48.30s     Synthesize event
    t =    48.60s     Wait for com.bicterm.app to idle
    t =    49.42s Checking existence of `"save-editor" Button`
    t =    49.49s Find the "save-editor" Button
    t =    49.58s Find the "save-editor" Button
    t =    49.64s Tap "save-editor" Button
    t =    49.64s     Wait for com.bicterm.app to idle
    t =    49.65s     Find the "save-editor" Button
    t =    49.72s     Check for interrupting elements affecting "save-editor" Button
    t =    49.78s     Synthesize event
    t =    50.08s     Wait for com.bicterm.app to idle
    t =    50.51s Checking existence of `"connection-Policy-Off" Button`
    t =    50.55s Checking existence of `"connection-Policy-Off" Button`
    t =    50.59s Terminate com.bicterm.app:14624
    t =    51.67s Open com.bicterm.app
    t =    51.67s     Launch com.bicterm.app
2026-09-08 22:16:38.500 xcodebuild[13956:29844560] [MT] IDELaunchParametersSnapshot: The operation couldn’t be completed. (DebuggerLLDB.DebuggerVersionStore.StoreError error 0.)
2026-09-08 22:16:38.500 xcodebuild[13956:29844560] [MT] IDELaunchParametersSnapshot: no debugger version
    t =    51.88s         Setting up automation session
    t =    52.76s         Wait for com.bicterm.app to idle
    t =    54.33s Checking existence of `"connection-Policy-Off" Button`
    t =    54.42s Waiting 10.0s for "connection-Policy-Off" Button to exist
    t =    55.44s     Checking `Expect predicate `existsNoRetry == 1` for object "connection-Policy-Off" Button`
    t =    55.45s         Checking existence of `"connection-Policy-Off" Button`
    t =    55.49s Checking existence of `"connection-Policy-Off" Button`
    t =    55.53s Find the "connection-Policy-Off" Button
    t =    55.58s Swipe left "connection-Policy-Off" Button
    t =    55.58s     Wait for com.bicterm.app to idle
    t =    55.59s     Find the "connection-Policy-Off" Button
    t =    55.63s     Check for interrupting elements affecting "connection-Policy-Off" Button
    t =    55.66s     Synthesize event
    t =    56.13s     Wait for com.bicterm.app to idle
    t =    56.79s Waiting 5.0s for "connect-Policy-Off" Button to exist
    t =    57.83s     Checking `Expect predicate `existsNoRetry == 1` for object "connect-Policy-Off" Button`
    t =    57.83s         Checking existence of `"connect-Policy-Off" Button`
    t =    57.88s Find the "connect-Policy-Off" Button
    t =    57.94s Tap "connect-Policy-Off" Button
    t =    57.94s     Wait for com.bicterm.app to idle
    t =    57.94s     Find the "connect-Policy-Off" Button
    t =    57.99s     Check for interrupting elements affecting "connect-Policy-Off" Button
    t =    58.02s     Synthesize event
    t =    58.31s     Wait for com.bicterm.app to idle
    t =    59.30s Waiting 10.0s for "coder-not-connectable-message" StaticText to exist
    t =    60.34s     Checking `Expect predicate `existsNoRetry == 1` for object "coder-not-connectable-message" StaticText`
    t =    60.34s         Checking existence of `"coder-not-connectable-message" StaticText`
    t =    60.39s Find the "coder-not-connectable-message" StaticText
    t =    60.43s Waiting 5.0s for "coder-start-post-count" StaticText to exist
    t =    61.46s     Checking `Expect predicate `existsNoRetry == 1` for object "coder-start-post-count" StaticText`
    t =    61.46s         Checking existence of `"coder-start-post-count" StaticText`
    t =    61.50s Find the "coder-start-post-count" StaticText
    t =    61.54s Checking existence of `Window (First Match)`
    t =    61.54s Find the Window (First Match)
    t =    61.65s Added attachment named 'policy-off-not-connectable'
    t =    61.65s Find the "coder-not-connectable-close" Button
    t =    61.70s Tap "coder-not-connectable-close" Button
    t =    61.70s     Wait for com.bicterm.app to idle
    t =    61.70s     Find the "coder-not-connectable-close" Button
    t =    61.74s     Check for interrupting elements affecting "coder-not-connectable-close" Button
    t =    61.78s     Synthesize event
    t =    62.08s     Wait for com.bicterm.app to idle
    t =    62.45s Tear Down
Test Case '-[BicTermUITests.CoderAgentPickerUITests testStoppedWorkspacePolicyOffShowsNotConnectableAndSendsNoStart]' passed (62.846 seconds).
Test Case '-[BicTermUITests.CoderAgentPickerUITests testTwoAgentWorkspaceShowsPickerAndPersistsChoice]' started.
    t =     0.00s Start Test at 2026-09-08 22:16:49.679
    t =     0.02s Set Up
    t =     0.03s Open com.bicterm.app
    t =     0.03s     Launch com.bicterm.app
    t =     0.03s         Terminate com.bicterm.app:14708
2026-09-08 22:16:50.746 xcodebuild[13956:29844560] [MT] IDELaunchParametersSnapshot: The operation couldn’t be completed. (DebuggerLLDB.DebuggerVersionStore.StoreError error 0.)
2026-09-08 22:16:50.747 xcodebuild[13956:29844560] [MT] IDELaunchParametersSnapshot: no debugger version
    t =     1.28s         Setting up automation session
    t =     2.15s         Wait for com.bicterm.app to idle
    t =     3.73s Tap "open-settings" Button
    t =     3.73s     Wait for com.bicterm.app to idle
    t =     3.74s     Find the "open-settings" Button
    t =     3.80s     Check for interrupting elements affecting "open-settings" Button
    t =     3.82s     Synthesize event
    t =     4.12s     Wait for com.bicterm.app to idle
    t =     4.99s Waiting 5.0s for "settings-coder-servers" Button to exist
    t =     6.05s     Checking `Expect predicate `existsNoRetry == 1` for object "settings-coder-servers" Button`
    t =     6.05s         Checking existence of `"settings-coder-servers" Button`
    t =     6.09s Tap "settings-coder-servers" Button
    t =     6.09s     Wait for com.bicterm.app to idle
    t =     6.10s     Find the "settings-coder-servers" Button
    t =     6.12s     Check for interrupting elements affecting "settings-coder-servers" Button
    t =     6.15s     Synthesize event
    t =     6.45s     Wait for com.bicterm.app to idle
    t =     7.24s Waiting 5.0s for "Coder Servers" NavigationBar to exist
    t =     8.30s     Checking `Expect predicate `existsNoRetry == 1` for object "Coder Servers" NavigationBar`
    t =     8.30s         Checking existence of `"Coder Servers" NavigationBar`
    t =     8.32s Tap "add-coder-server" Button
    t =     8.32s     Wait for com.bicterm.app to idle
    t =     8.33s     Find the "add-coder-server" Button
    t =     8.35s     Check for interrupting elements affecting "add-coder-server" Button
    t =     8.38s     Synthesize event
    t =     8.68s     Wait for com.bicterm.app to idle
    t =     9.51s Waiting 5.0s for "Add Coder Server" NavigationBar to exist
    t =    10.55s     Checking `Expect predicate `existsNoRetry == 1` for object "Add Coder Server" NavigationBar`
    t =    10.55s         Checking existence of `"Add Coder Server" NavigationBar`
    t =    10.60s Find the "coder-server-name" TextField
    t =    10.64s Tap "coder-server-name" TextField
    t =    10.64s     Wait for com.bicterm.app to idle
    t =    10.64s     Find the "coder-server-name" TextField
    t =    10.67s     Check for interrupting elements affecting "coder-server-name" TextField
    t =    10.70s     Synthesize event
    t =    11.00s     Wait for com.bicterm.app to idle
    t =    11.10s Find the "coder-server-name" TextField
    t =    11.19s Type 'Fixture Server' into "coder-server-name" TextField
    t =    11.19s     Wait for com.bicterm.app to idle
    t =    11.47s     Find the "coder-server-name" TextField
    t =    11.52s     Check for interrupting elements affecting "coder-server-name" TextField
    t =    11.56s     Synthesize event
    t =    12.00s     Wait for com.bicterm.app to idle
    t =    12.02s Find the "coder-server-url" TextField
    t =    12.08s Tap "coder-server-url" TextField
    t =    12.08s     Wait for com.bicterm.app to idle
    t =    12.08s     Find the "coder-server-url" TextField
    t =    12.12s     Check for interrupting elements affecting "coder-server-url" TextField
    t =    12.16s     Synthesize event
    t =    12.46s     Wait for com.bicterm.app to idle
    t =    12.78s Find the "coder-server-url" TextField
    t =    12.83s Type 'https://coder.exam...' into "coder-server-url" TextField
    t =    12.83s     Wait for com.bicterm.app to idle
    t =    12.83s     Find the "coder-server-url" TextField
    t =    12.87s     Check for interrupting elements affecting "coder-server-url" TextField
    t =    12.91s     Synthesize event
    t =    13.54s     Wait for com.bicterm.app to idle
    t =    13.54s Find the "coder-server-token" SecureTextField
    t =    13.59s Tap "coder-server-token" SecureTextField
    t =    13.59s     Wait for com.bicterm.app to idle
    t =    13.59s     Find the "coder-server-token" SecureTextField
    t =    13.64s     Check for interrupting elements affecting "coder-server-token" SecureTextField
    t =    13.68s     Synthesize event
    t =    13.97s     Wait for com.bicterm.app to idle
    t =    14.28s Find the "coder-server-token" SecureTextField
    t =    14.33s Type '...' into "coder-server-token" SecureTextField
    t =    14.33s     Wait for com.bicterm.app to idle
    t =    14.33s     Find the "coder-server-token" SecureTextField
    t =    14.37s     Check for interrupting elements affecting "coder-server-token" SecureTextField
    t =    14.41s     Synthesize event
    t =    15.27s     Wait for com.bicterm.app to idle
    t =    15.27s Type '<redacted>' into "coder-server-token" SecureTextField
    t =    15.27s     Wait for com.bicterm.app to idle
    t =    15.27s     Find the "coder-server-token" SecureTextField
    t =    15.31s     Check for interrupting elements affecting "coder-server-token" SecureTextField
    t =    15.36s     Synthesize event
    t =    15.71s     Wait for com.bicterm.app to idle
    t =    15.71s Tap "coder-server-validate-save" Button
    t =    15.71s     Wait for com.bicterm.app to idle
    t =    15.72s     Find the "coder-server-validate-save" Button
    t =    15.76s     Check for interrupting elements affecting "coder-server-validate-save" Button
    t =    15.80s     Synthesize event
    t =    16.09s     Wait for com.bicterm.app to idle
    t =    17.02s Waiting 10.0s for "coder-server-Fixture-Server" Button to exist
    t =    18.05s     Checking `Expect predicate `existsNoRetry == 1` for object "coder-server-Fixture-Server" Button`
    t =    18.05s         Checking existence of `"coder-server-Fixture-Server" Button`
    t =    18.08s Tap Button (Element at index 0)
    t =    18.08s     Wait for com.bicterm.app to idle
    t =    18.08s     Find the Button (Element at index 0)
    t =    18.10s     Check for interrupting elements affecting "BackButton" Button
    t =    18.13s     Synthesize event
    t =    18.43s     Wait for com.bicterm.app to idle
    t =    18.76s Waiting 5.0s for Button (Element at index 0) to exist
    t =    19.79s     Checking `Expect predicate `existsNoRetry == 1` for object Button (Element at index 0)`
    t =    19.80s         Checking existence of `Button (Element at index 0)`
    t =    19.83s Tap Button (Element at index 0)
    t =    19.83s     Wait for com.bicterm.app to idle
    t =    19.83s     Find the Button (Element at index 0)
    t =    19.86s     Check for interrupting elements affecting "BackButton" Button
    t =    19.89s     Synthesize event
    t =    20.18s     Wait for com.bicterm.app to idle
    t =    21.00s Waiting 15.0s for "add-connection" Button to exist
    t =    22.04s     Checking `Expect predicate `existsNoRetry == 1` for object "add-connection" Button`
    t =    22.04s         Checking existence of `"add-connection" Button`
    t =    22.07s Tap "add-connection" Button
    t =    22.07s     Wait for com.bicterm.app to idle
    t =    22.08s     Find the "add-connection" Button
    t =    22.10s     Check for interrupting elements affecting "add-connection" Button
    t =    22.13s     Synthesize event
    t =    22.43s     Wait for com.bicterm.app to idle
    t =    23.37s Waiting 10.0s for "field-name" TextField to exist
    t =    24.42s     Checking `Expect predicate `existsNoRetry == 1` for object "field-name" TextField`
    t =    24.42s         Checking existence of `"field-name" TextField`
    t =    24.52s Find the "field-name" TextField
    t =    24.59s Tap "field-name" TextField
    t =    24.59s     Wait for com.bicterm.app to idle
    t =    24.60s     Find the "field-name" TextField
    t =    24.66s     Check for interrupting elements affecting "field-name" TextField
    t =    24.72s     Synthesize event
    t =    25.01s     Wait for com.bicterm.app to idle
    t =    25.31s Find the "field-name" TextField
    t =    25.39s Type 'Multi Agent' into "field-name" TextField
    t =    25.39s     Wait for com.bicterm.app to idle
    t =    25.39s     Find the "field-name" TextField
    t =    25.46s     Check for interrupting elements affecting "field-name" TextField
    t =    25.54s     Synthesize event
    t =    25.92s     Wait for com.bicterm.app to idle
    t =    26.00s Tap "protocol-picker" Button
    t =    26.00s     Wait for com.bicterm.app to idle
    t =    26.00s     Find the "protocol-picker" Button
    t =    26.09s     Check for interrupting elements affecting "protocol-picker" Button
    t =    26.17s     Synthesize event
    t =    26.46s     Wait for com.bicterm.app to idle
    t =    27.74s Waiting 5.0s for "Coder" Button to exist
    t =    28.78s     Checking `Expect predicate `existsNoRetry == 1` for object "Coder" Button`
    t =    28.78s         Checking existence of `"Coder" Button`
    t =    28.86s Tap "Coder" Button
    t =    28.86s     Wait for com.bicterm.app to idle
    t =    28.86s     Find the "Coder" Button
    t =    28.94s     Check for interrupting elements affecting "Coder" Button
    t =    29.01s     Synthesize event
    t =    29.31s     Wait for com.bicterm.app to idle
    t =    30.91s Find the "field-host" TextField
    t =    30.98s Tap "field-host" TextField
    t =    30.98s     Wait for com.bicterm.app to idle
    t =    30.98s     Find the "field-host" TextField
    t =    31.04s     Check for interrupting elements affecting "field-host" TextField
    t =    31.10s     Synthesize event
    t =    31.40s     Wait for com.bicterm.app to idle
    t =    31.67s Find the "field-host" TextField
    t =    31.74s Type 'coder.example.com' into "field-host" TextField
    t =    31.74s     Wait for com.bicterm.app to idle
    t =    31.75s     Find the "field-host" TextField
    t =    31.82s     Check for interrupting elements affecting "field-host" TextField
    t =    31.88s     Synthesize event
    t =    32.37s     Wait for com.bicterm.app to idle
    t =    32.37s Find the "field-username" TextField
    t =    32.46s Tap "field-username" TextField
    t =    32.46s     Wait for com.bicterm.app to idle
    t =    32.46s     Find the "field-username" TextField
    t =    32.53s     Check for interrupting elements affecting "field-username" TextField
    t =    32.60s     Synthesize event
    t =    32.90s     Wait for com.bicterm.app to idle
    t =    33.20s Find the "field-username" TextField
    t =    33.28s Type 'user' into "field-username" TextField
    t =    33.28s     Wait for com.bicterm.app to idle
    t =    33.28s     Find the "field-username" TextField
    t =    33.35s     Check for interrupting elements affecting "field-username" TextField
    t =    33.42s     Synthesize event
    t =    33.69s     Wait for com.bicterm.app to idle
    t =    33.88s Waiting 2.0s for "Done" Button to exist
    t =    34.91s     Checking `Expect predicate `existsNoRetry == 1` for object "Done" Button`
    t =    34.91s         Checking existence of `"Done" Button`
    t =    34.99s Tap "Done" Button
    t =    34.99s     Wait for com.bicterm.app to idle
    t =    34.99s     Find the "Done" Button
    t =    35.07s     Check for interrupting elements affecting "Done" Button
    t =    35.15s     Synthesize event
    t =    35.44s     Wait for com.bicterm.app to idle
    t =    36.24s Checking existence of `"coder-server-picker" Button`
    t =    36.32s Find the "coder-server-picker" Button
    t =    36.40s Tap "coder-server-picker" Button
    t =    36.40s     Wait for com.bicterm.app to idle
    t =    36.40s     Find the "coder-server-picker" Button
    t =    36.46s     Check for interrupting elements affecting "coder-server-picker" Button
    t =    36.52s     Synthesize event
    t =    36.82s     Wait for com.bicterm.app to idle
    t =    38.00s Waiting 5.0s for "Fixture Server" Button to exist
    t =    39.04s     Checking `Expect predicate `existsNoRetry == 1` for object "Fixture Server" Button`
    t =    39.04s         Checking existence of `"Fixture Server" Button`
    t =    39.12s Tap "Fixture Server" Button
    t =    39.12s     Wait for com.bicterm.app to idle
    t =    39.12s     Find the "Fixture Server" Button
    t =    39.19s     Check for interrupting elements affecting "Fixture Server" Button
    t =    39.25s     Synthesize event
    t =    39.54s     Wait for com.bicterm.app to idle
    t =    41.04s Waiting 10.0s for "coder-workspace-Running-Dev" Button to exist
    t =    42.08s     Checking `Expect predicate `existsNoRetry == 1` for object "coder-workspace-Running-Dev" Button`
    t =    42.08s         Checking existence of `"coder-workspace-Running-Dev" Button`
    t =    42.15s Tap "coder-workspace-Running-Dev" Button
    t =    42.15s     Wait for com.bicterm.app to idle
    t =    42.15s     Find the "coder-workspace-Running-Dev" Button
    t =    42.22s     Check for interrupting elements affecting "coder-workspace-Running-Dev" Button
    t =    42.28s     Synthesize event
    t =    42.58s     Wait for com.bicterm.app to idle
    t =    42.58s Checking existence of `"coder-agent-row" Button`
    t =    42.65s Swipe up Target Application 'com.bicterm.app'
    t =    42.65s     Wait for com.bicterm.app to idle
    t =    42.66s     Find the Target Application 'com.bicterm.app'
    t =    42.71s     Check for interrupting elements affecting "BicTerm" Application
    t =    42.77s     Synthesize event
    t =    43.19s     Wait for com.bicterm.app to idle
    t =    44.10s Checking existence of `"coder-agent-row" Button`
    t =    44.17s Find the "coder-agent-row" Button
    t =    44.25s Waiting 5.0s for "coder-agent-row" Button to exist
    t =    45.28s     Checking `Expect predicate `existsNoRetry == 1` for object "coder-agent-row" Button`
    t =    45.28s         Checking existence of `"coder-agent-row" Button`
    t =    45.34s Checking existence of `"connect-button" Button`
    t =    45.40s Find the "connect-button" Button
    t =    45.48s Find the "connect-button" Button
    t =    45.54s Checking existence of `StaticText (First Match)`
    t =    45.66s Tap StaticText (First Match)
    t =    45.66s     Wait for com.bicterm.app to idle
    t =    45.66s     Find the StaticText (First Match)
    t =    45.79s     Check for interrupting elements affecting "Agent" StaticText
    t =    45.85s     Synthesize event
    t =    46.15s     Wait for com.bicterm.app to idle
    t =    46.96s Waiting 5.0s for "coder-agent-main" Button to exist
    t =    47.98s     Checking `Expect predicate `existsNoRetry == 1` for object "coder-agent-main" Button`
    t =    47.98s         Checking existence of `"coder-agent-main" Button`
    t =    48.04s Checking existence of `Window (First Match)`
    t =    48.04s Find the Window (First Match)
    t =    48.15s Added attachment named 'multi-agent-picker'
    t =    48.15s Tap "coder-agent-main" Button
    t =    48.15s     Wait for com.bicterm.app to idle
    t =    48.16s     Find the "coder-agent-main" Button
    t =    48.20s     Check for interrupting elements affecting "coder-agent-main" Button
    t =    48.25s     Synthesize event
    t =    48.54s     Wait for com.bicterm.app to idle
    t =    49.34s Checking existence of `"coder-agent-row" Button`
    t =    49.42s Find the "coder-agent-row" Button
    t =    49.49s Waiting 5.0s for "coder-agent-row" Button to exist
    t =    50.54s     Checking `Expect predicate `existsNoRetry == 1` for object "coder-agent-row" Button`
    t =    50.54s         Checking existence of `"coder-agent-row" Button`
    t =    50.60s Find the "coder-agent-row" Button
    t =    50.67s Checking existence of `Window (First Match)`
    t =    50.67s Find the Window (First Match)
    t =    50.79s Added attachment named 'selected-agent-in-editor'
    t =    50.79s Waiting 2.0s for "Done" Button to exist
    t =    51.85s     Checking `Expect predicate `existsNoRetry == 1` for object "Done" Button`
    t =    51.85s         Checking existence of `"Done" Button`
    t =    51.91s         Capturing element debug description
    t =    52.79s     Checking `Expect predicate `existsNoRetry == 1` for object "Done" Button`
    t =    52.79s         Checking existence of `"Done" Button`
    t =    52.86s         Capturing element debug description
    t =    52.86s     Checking existence of `"Done" Button`
    t =    52.92s Collecting debug information to assist test failure triage
    t =    52.92s     Requesting snapshot of accessibility hierarchy for app with pid 14728
    t =    53.02s Checking existence of `"return" Button`
    t =    53.08s Checking existence of `"done" Button`
    t =    53.14s Checking existence of `Keyboard (First Match)`
    t =    53.26s Swipe down Target Application 'com.bicterm.app'
    t =    53.26s     Wait for com.bicterm.app to idle
    t =    53.26s     Find the Target Application 'com.bicterm.app'
    t =    53.31s     Check for interrupting elements affecting "BicTerm" Application
    t =    53.37s     Synthesize event
    t =    53.79s     Wait for com.bicterm.app to idle
    t =    54.71s Checking existence of `"key-selector" Button`
    t =    54.77s Find the "key-selector" Button
    t =    54.85s Tap "key-selector" Button
    t =    54.85s     Wait for com.bicterm.app to idle
    t =    54.85s     Find the "key-selector" Button
    t =    54.91s     Check for interrupting elements affecting "key-selector" Button
    t =    54.97s     Synthesize event
    t =    55.27s     Wait for com.bicterm.app to idle
    t =    56.02s Waiting 5.0s for "key-Fixture-Ed25519" Button to exist
    t =    57.05s     Checking `Expect predicate `existsNoRetry == 1` for object "key-Fixture-Ed25519" Button`
    t =    57.05s         Checking existence of `"key-Fixture-Ed25519" Button`
    t =    57.10s Tap "key-Fixture-Ed25519" Button
    t =    57.10s     Wait for com.bicterm.app to idle
    t =    57.10s     Find the "key-Fixture-Ed25519" Button
    t =    57.14s     Check for interrupting elements affecting "key-Fixture-Ed25519" Button
    t =    57.18s     Synthesize event
    t =    57.48s     Wait for com.bicterm.app to idle
    t =    58.31s Checking existence of `"connect-button" Button`
    t =    58.38s Swipe up Target Application 'com.bicterm.app'
    t =    58.38s     Wait for com.bicterm.app to idle
    t =    58.38s     Find the Target Application 'com.bicterm.app'
    t =    58.44s     Check for interrupting elements affecting "BicTerm" Application
    t =    58.50s     Synthesize event
    t =    58.91s     Wait for com.bicterm.app to idle
    t =    59.60s Checking existence of `"connect-button" Button`
    t =    59.66s Find the "connect-button" Button
    t =    59.73s Find the "connect-button" Button
    t =    59.79s Tap "connect-button" Button
    t =    59.79s     Wait for com.bicterm.app to idle
    t =    59.79s     Find the "connect-button" Button
    t =    59.86s     Check for interrupting elements affecting "connect-button" Button
    t =    59.92s     Synthesize event
    t =    60.21s     Wait for com.bicterm.app to idle
    t =    60.69s Waiting 20.0s for "terminalView" Any to exist
    t =    61.73s     Checking `Expect predicate `existsNoRetry == 1` for object "terminalView" Any`
    t =    61.73s         Checking existence of `"terminalView" Any`
    t =    61.84s         Capturing element debug description
    t =    62.76s     Checking `Expect predicate `existsNoRetry == 1` for object "terminalView" Any`
    t =    62.77s         Checking existence of `"terminalView" Any`
    t =    62.81s Terminate com.bicterm.app:14728
    t =    63.86s Open com.bicterm.app
    t =    63.86s     Launch com.bicterm.app
2026-09-08 22:17:53.545 xcodebuild[13956:29844560] [MT] IDELaunchParametersSnapshot: The operation couldn’t be completed. (DebuggerLLDB.DebuggerVersionStore.StoreError error 0.)
2026-09-08 22:17:53.545 xcodebuild[13956:29844560] [MT] IDELaunchParametersSnapshot: no debugger version
    t =    64.07s         Setting up automation session
    t =    64.96s         Wait for com.bicterm.app to idle
    t =    66.60s Checking existence of `"connection-Multi-Agent" Button`
    t =    66.66s Checking existence of `"connection-Multi-Agent" Button`
    t =    66.70s Find the "connection-Multi-Agent" Button
    t =    66.75s Swipe left "connection-Multi-Agent" Button
    t =    66.75s     Wait for com.bicterm.app to idle
    t =    66.76s     Find the "connection-Multi-Agent" Button
    t =    66.79s     Check for interrupting elements affecting "connection-Multi-Agent" Button
    t =    66.83s     Synthesize event
    t =    67.30s     Wait for com.bicterm.app to idle
    t =    67.96s Waiting 5.0s for "edit-Multi-Agent" Button to exist
    t =    69.00s     Checking `Expect predicate `existsNoRetry == 1` for object "edit-Multi-Agent" Button`
    t =    69.00s         Checking existence of `"edit-Multi-Agent" Button`
    t =    69.05s Find the "edit-Multi-Agent" Button
    t =    69.10s Tap "edit-Multi-Agent" Button
    t =    69.10s     Wait for com.bicterm.app to idle
    t =    69.11s     Find the "edit-Multi-Agent" Button
    t =    69.15s     Check for interrupting elements affecting "edit-Multi-Agent" Button
    t =    69.19s     Synthesize event
    t =    69.48s     Wait for com.bicterm.app to idle
    t =    70.49s Checking existence of `"coder-agent-row" Button`
    t =    70.60s Swipe up Target Application 'com.bicterm.app'
    t =    70.60s     Wait for com.bicterm.app to idle
    t =    70.61s     Find the Target Application 'com.bicterm.app'
    t =    70.66s     Check for interrupting elements affecting "BicTerm" Application
    t =    70.72s     Synthesize event
    t =    71.14s     Wait for com.bicterm.app to idle
    t =    72.04s Checking existence of `"coder-agent-row" Button`
    t =    72.11s Find the "coder-agent-row" Button
    t =    72.19s Waiting 5.0s for "coder-agent-row" Button to exist
    t =    73.19s     Checking `Expect predicate `existsNoRetry == 1` for object "coder-agent-row" Button`
    t =    73.19s         Checking existence of `"coder-agent-row" Button`
    t =    73.26s Find the "coder-agent-row" Button
    t =    73.33s Checking existence of `StaticText (First Match)`
    t =    73.45s Tap StaticText (First Match)
    t =    73.45s     Wait for com.bicterm.app to idle
    t =    73.45s     Find the StaticText (First Match)
    t =    73.58s     Check for interrupting elements affecting "Agent" StaticText
    t =    73.65s     Synthesize event
    t =    73.94s     Wait for com.bicterm.app to idle
    t =    74.76s Waiting 5.0s for "coder-agent-main" Button to exist
    t =    75.81s     Checking `Expect predicate `existsNoRetry == 1` for object "coder-agent-main" Button`
    t =    75.81s         Checking existence of `"coder-agent-main" Button`
    t =    75.89s Find the "coder-agent-main" Button
    t =    75.93s Tap "coder-agent-picker-cancel" Button
    t =    75.93s     Wait for com.bicterm.app to idle
    t =    75.94s     Find the "coder-agent-picker-cancel" Button
    t =    75.98s     Check for interrupting elements affecting "coder-agent-picker-cancel" Button
    t =    76.03s     Synthesize event
    t =    76.33s     Wait for com.bicterm.app to idle
    t =    77.10s Tear Down
Test Case '-[BicTermUITests.CoderAgentPickerUITests testTwoAgentWorkspaceShowsPickerAndPersistsChoice]' passed (77.565 seconds).
Test Suite 'CoderAgentPickerUITests' passed at 2026-09-08 22:18:07.244.
	 Executed 6 tests, with 0 failures (0 unexpected) in 439.182 (439.187) seconds
Test Suite 'CoderEditorFocusUITests' started at 2026-09-08 22:18:07.245.
Test Case '-[BicTermUITests.CoderEditorFocusUITests testServerRowCenterOpensSavedServerForEditing]' started.
    t =     0.00s Start Test at 2026-09-08 22:18:07.247
    t =     0.02s Set Up
    t =     0.02s Open com.bicterm.app
    t =     0.02s     Launch com.bicterm.app
    t =     0.02s         Terminate com.bicterm.app:14840
2026-09-08 22:18:08.321 xcodebuild[13956:29844560] [MT] IDELaunchParametersSnapshot: The operation couldn’t be completed. (DebuggerLLDB.DebuggerVersionStore.StoreError error 0.)
2026-09-08 22:18:08.321 xcodebuild[13956:29844560] [MT] IDELaunchParametersSnapshot: no debugger version
    t =     1.28s         Setting up automation session
    t =     2.14s         Wait for com.bicterm.app to idle
    t =     3.69s Tap "open-settings" Button
    t =     3.69s     Wait for com.bicterm.app to idle
    t =     3.69s     Find the "open-settings" Button
    t =     3.75s     Check for interrupting elements affecting "open-settings" Button
    t =     3.78s     Synthesize event
    t =     4.08s     Wait for com.bicterm.app to idle
    t =     4.94s Tap "settings-coder-servers" Button
    t =     4.94s     Wait for com.bicterm.app to idle
    t =     4.94s     Find the "settings-coder-servers" Button
    t =     4.98s     Check for interrupting elements affecting "settings-coder-servers" Button
    t =     5.01s     Synthesize event
    t =     5.30s     Wait for com.bicterm.app to idle
    t =     6.10s Tap "add-coder-server" Button
    t =     6.11s     Wait for com.bicterm.app to idle
    t =     6.11s     Find the "add-coder-server" Button
    t =     6.13s     Check for interrupting elements affecting "add-coder-server" Button
    t =     6.16s     Synthesize event
    t =     6.46s     Wait for com.bicterm.app to idle
    t =     7.29s Waiting 5.0s for "coder-server-name" TextField to exist
    t =     8.31s     Checking `Expect predicate `existsNoRetry == 1` for object "coder-server-name" TextField`
    t =     8.31s         Checking existence of `"coder-server-name" TextField`
    t =     8.36s Tap "coder-server-name" TextField
    t =     8.36s     Wait for com.bicterm.app to idle
    t =     8.36s     Find the "coder-server-name" TextField
    t =     8.39s     Check for interrupting elements affecting "coder-server-name" TextField
    t =     8.42s     Synthesize event
    t =     8.71s     Wait for com.bicterm.app to idle
    t =     8.80s Type 'Focus Server' into "coder-server-name" TextField
    t =     8.80s     Wait for com.bicterm.app to idle
    t =     9.18s     Find the "coder-server-name" TextField
    t =     9.25s     Check for interrupting elements affecting "coder-server-name" TextField
    t =     9.30s     Synthesize event
    t =     9.70s     Wait for com.bicterm.app to idle
    t =     9.75s Tap "coder-server-url" TextField
    t =     9.75s     Wait for com.bicterm.app to idle
    t =     9.75s     Find the "coder-server-url" TextField
    t =     9.80s     Check for interrupting elements affecting "coder-server-url" TextField
    t =     9.84s     Synthesize event
    t =    10.14s     Wait for com.bicterm.app to idle
    t =    10.44s Type 'https://coder.exam...' into "coder-server-url" TextField
    t =    10.44s     Wait for com.bicterm.app to idle
    t =    10.45s     Find the "coder-server-url" TextField
    t =    10.49s     Check for interrupting elements affecting "coder-server-url" TextField
    t =    10.54s     Synthesize event
    t =    11.15s     Wait for com.bicterm.app to idle
    t =    11.15s Tap "coder-server-token" SecureTextField
    t =    11.15s     Wait for com.bicterm.app to idle
    t =    11.16s     Find the "coder-server-token" SecureTextField
    t =    11.21s     Check for interrupting elements affecting "coder-server-token" SecureTextField
    t =    11.25s     Synthesize event
    t =    11.54s     Wait for com.bicterm.app to idle
    t =    11.84s Type '<redacted>' into "coder-server-token" SecureTextField
    t =    11.84s     Wait for com.bicterm.app to idle
    t =    11.84s     Find the "coder-server-token" SecureTextField
    t =    11.89s     Check for interrupting elements affecting "coder-server-token" SecureTextField
    t =    11.93s     Synthesize event
    t =    12.35s     Wait for com.bicterm.app to idle
    t =    12.40s Tap "coder-server-validate-save" Button
    t =    12.40s     Wait for com.bicterm.app to idle
    t =    12.40s     Find the "coder-server-validate-save" Button
    t =    12.45s     Check for interrupting elements affecting "coder-server-validate-save" Button
    t =    12.49s     Synthesize event
    t =    12.78s     Wait for com.bicterm.app to idle
    t =    13.69s Waiting 10.0s for "coder-server-Focus-Server" Button to exist
    t =    14.71s     Checking `Expect predicate `existsNoRetry == 1` for object "coder-server-Focus-Server" Button`
    t =    14.71s         Checking existence of `"coder-server-Focus-Server" Button`
    t =    14.74s Tap "coder-server-Focus-Server" Button[0.50, 0.50]
    t =    14.74s     Wait for com.bicterm.app to idle
    t =    14.74s     Find the "coder-server-Focus-Server" Button
    t =    14.77s     Check for interrupting elements affecting "coder-server-Focus-Server" Button
    t =    14.79s     Synthesize event
    t =    14.79s         Find the "coder-server-Focus-Server" Button
    t =    14.82s         Find the "coder-server-Focus-Server" Button
    t =    14.84s         Find the "coder-server-Focus-Server" Button
    t =    15.15s     Wait for com.bicterm.app to idle
    t =    15.89s Waiting 5.0s for "Edit Coder Server" NavigationBar to exist
    t =    16.93s     Checking `Expect predicate `existsNoRetry == 1` for object "Edit Coder Server" NavigationBar`
    t =    16.93s         Checking existence of `"Edit Coder Server" NavigationBar`
    t =    16.98s Find the "coder-server-name" TextField
    t =    17.01s Tear Down
Test Case '-[BicTermUITests.CoderEditorFocusUITests testServerRowCenterOpensSavedServerForEditing]' passed (17.246 seconds).
Test Case '-[BicTermUITests.CoderEditorFocusUITests testServerSelectionRemainsReachableAfterTypingNameAndChangingProtocol]' started.
    t =     0.00s Start Test at 2026-09-08 22:18:24.493
    t =     0.02s Set Up
    t =     0.03s Open com.bicterm.app
    t =     0.03s     Launch com.bicterm.app
    t =     0.03s         Terminate com.bicterm.app:14865
2026-09-08 22:18:25.580 xcodebuild[13956:29844560] [MT] IDELaunchParametersSnapshot: The operation couldn’t be completed. (DebuggerLLDB.DebuggerVersionStore.StoreError error 0.)
2026-09-08 22:18:25.580 xcodebuild[13956:29844560] [MT] IDELaunchParametersSnapshot: no debugger version
    t =     1.30s         Setting up automation session
    t =     2.16s         Wait for com.bicterm.app to idle
    t =     3.78s Tap "open-settings" Button
    t =     3.78s     Wait for com.bicterm.app to idle
    t =     3.79s     Find the "open-settings" Button
    t =     3.85s     Check for interrupting elements affecting "open-settings" Button
    t =     3.88s     Synthesize event
    t =     4.17s     Wait for com.bicterm.app to idle
    t =     4.95s Tap "settings-coder-servers" Button
    t =     4.95s     Wait for com.bicterm.app to idle
    t =     4.96s     Find the "settings-coder-servers" Button
    t =     5.00s     Check for interrupting elements affecting "settings-coder-servers" Button
    t =     5.03s     Synthesize event
    t =     5.33s     Wait for com.bicterm.app to idle
    t =     6.12s Tap "add-coder-server" Button
    t =     6.12s     Wait for com.bicterm.app to idle
    t =     6.12s     Find the "add-coder-server" Button
    t =     6.15s     Check for interrupting elements affecting "add-coder-server" Button
    t =     6.18s     Synthesize event
    t =     6.48s     Wait for com.bicterm.app to idle
    t =     7.31s Waiting 5.0s for "coder-server-name" TextField to exist
    t =     8.33s     Checking `Expect predicate `existsNoRetry == 1` for object "coder-server-name" TextField`
    t =     8.33s         Checking existence of `"coder-server-name" TextField`
    t =     8.38s Tap "coder-server-name" TextField
    t =     8.38s     Wait for com.bicterm.app to idle
    t =     8.38s     Find the "coder-server-name" TextField
    t =     8.40s     Check for interrupting elements affecting "coder-server-name" TextField
    t =     8.43s     Synthesize event
    t =     8.73s     Wait for com.bicterm.app to idle
    t =     8.82s Type 'Focus Server' into "coder-server-name" TextField
    t =     8.82s     Wait for com.bicterm.app to idle
    t =     9.19s     Find the "coder-server-name" TextField
    t =     9.25s     Check for interrupting elements affecting "coder-server-name" TextField
    t =     9.30s     Synthesize event
    t =     9.70s     Wait for com.bicterm.app to idle
    t =     9.77s Tap "coder-server-url" TextField
    t =     9.77s     Wait for com.bicterm.app to idle
    t =     9.77s     Find the "coder-server-url" TextField
    t =     9.82s     Check for interrupting elements affecting "coder-server-url" TextField
    t =     9.87s     Synthesize event
    t =    10.16s     Wait for com.bicterm.app to idle
    t =    10.47s Type 'https://coder.exam...' into "coder-server-url" TextField
    t =    10.47s     Wait for com.bicterm.app to idle
    t =    10.48s     Find the "coder-server-url" TextField
    t =    10.52s     Check for interrupting elements affecting "coder-server-url" TextField
    t =    10.56s     Synthesize event
    t =    11.18s     Wait for com.bicterm.app to idle
    t =    11.18s Tap "coder-server-token" SecureTextField
    t =    11.18s     Wait for com.bicterm.app to idle
    t =    11.19s     Find the "coder-server-token" SecureTextField
    t =    11.23s     Check for interrupting elements affecting "coder-server-token" SecureTextField
    t =    11.27s     Synthesize event
    t =    11.56s     Wait for com.bicterm.app to idle
    t =    11.86s Type '<redacted>' into "coder-server-token" SecureTextField
    t =    11.86s     Wait for com.bicterm.app to idle
    t =    11.87s     Find the "coder-server-token" SecureTextField
    t =    11.91s     Check for interrupting elements affecting "coder-server-token" SecureTextField
    t =    11.96s     Synthesize event
    t =    12.37s     Wait for com.bicterm.app to idle
    t =    12.41s Tap "coder-server-validate-save" Button
    t =    12.41s     Wait for com.bicterm.app to idle
    t =    12.42s     Find the "coder-server-validate-save" Button
    t =    12.46s     Check for interrupting elements affecting "coder-server-validate-save" Button
    t =    12.51s     Synthesize event
    t =    12.80s     Wait for com.bicterm.app to idle
    t =    13.71s Waiting 10.0s for "coder-server-Focus-Server" Button to exist
    t =    14.76s     Checking `Expect predicate `existsNoRetry == 1` for object "coder-server-Focus-Server" Button`
    t =    14.76s         Checking existence of `"coder-server-Focus-Server" Button`
    t =    14.79s Tap Button (Element at index 0)
    t =    14.79s     Wait for com.bicterm.app to idle
    t =    14.80s     Find the Button (Element at index 0)
    t =    14.82s     Check for interrupting elements affecting "BackButton" Button
    t =    14.85s     Synthesize event
    t =    15.15s     Wait for com.bicterm.app to idle
    t =    15.47s Tap Button (Element at index 0)
    t =    15.47s     Wait for com.bicterm.app to idle
    t =    15.48s     Find the Button (Element at index 0)
    t =    15.51s     Check for interrupting elements affecting "BackButton" Button
    t =    15.54s     Synthesize event
    t =    15.83s     Wait for com.bicterm.app to idle
    t =    16.60s Tap "add-connection" Button
    t =    16.61s     Wait for com.bicterm.app to idle
    t =    16.61s     Find the "add-connection" Button
    t =    16.64s     Check for interrupting elements affecting "add-connection" Button
    t =    16.67s     Synthesize event
    t =    16.97s     Wait for com.bicterm.app to idle
    t =    17.64s Waiting 5.0s for "field-name" TextField to exist
    t =    18.69s     Checking `Expect predicate `existsNoRetry == 1` for object "field-name" TextField`
    t =    18.69s         Checking existence of `"field-name" TextField`
    t =    18.79s Tap "field-name" TextField
    t =    18.79s     Wait for com.bicterm.app to idle
    t =    18.79s     Find the "field-name" TextField
    t =    18.85s     Check for interrupting elements affecting "field-name" TextField
    t =    18.92s     Synthesize event
    t =    19.21s     Wait for com.bicterm.app to idle
    t =    19.52s Type 'Focus Connection' into "field-name" TextField
    t =    19.52s     Wait for com.bicterm.app to idle
    t =    19.52s     Find the "field-name" TextField
    t =    19.60s     Check for interrupting elements affecting "field-name" TextField
    t =    19.68s     Synthesize event
    t =    20.15s     Wait for com.bicterm.app to idle
    t =    20.15s Tap "protocol-picker" Button
    t =    20.15s     Wait for com.bicterm.app to idle
    t =    20.16s     Find the "protocol-picker" Button
    t =    20.24s     Check for interrupting elements affecting "protocol-picker" Button
    t =    20.32s     Synthesize event
    t =    20.61s     Wait for com.bicterm.app to idle
    t =    21.89s Tap "Coder" Button
    t =    21.89s     Wait for com.bicterm.app to idle
    t =    21.89s     Find the "Coder" Button
    t =    21.98s     Check for interrupting elements affecting "Coder" Button
    t =    22.05s     Synthesize event
    t =    22.34s     Wait for com.bicterm.app to idle
    t =    23.94s Waiting 5.0s for "coder-server-picker" Button to exist
    t =    24.97s     Checking `Expect predicate `existsNoRetry == 1` for object "coder-server-picker" Button`
    t =    24.97s         Checking existence of `"coder-server-picker" Button`
    t =    25.05s Tap "coder-server-picker" Button
    t =    25.05s     Wait for com.bicterm.app to idle
    t =    25.05s     Find the "coder-server-picker" Button
    t =    25.12s     Check for interrupting elements affecting "coder-server-picker" Button
    t =    25.18s     Synthesize event
    t =    25.48s     Wait for com.bicterm.app to idle
    t =    26.67s Waiting 5.0s for "Focus Server" Button to exist
    t =    27.72s     Checking `Expect predicate `existsNoRetry == 1` for object "Focus Server" Button`
    t =    27.72s         Checking existence of `"Focus Server" Button`
    t =    27.79s Tap "Focus Server" Button
    t =    27.79s     Wait for com.bicterm.app to idle
    t =    27.79s     Find the "Focus Server" Button
    t =    27.85s     Check for interrupting elements affecting "Focus Server" Button
    t =    27.92s     Synthesize event
    t =    28.21s     Wait for com.bicterm.app to idle
    t =    29.69s Waiting 10.0s for "coder-workspace-Running-Dev" Button to exist
    t =    30.73s     Checking `Expect predicate `existsNoRetry == 1` for object "coder-workspace-Running-Dev" Button`
    t =    30.73s         Checking existence of `"coder-workspace-Running-Dev" Button`
    t =    30.80s Tear Down
Test Case '-[BicTermUITests.CoderEditorFocusUITests testServerSelectionRemainsReachableAfterTypingNameAndChangingProtocol]' passed (31.036 seconds).
Test Suite 'CoderEditorFocusUITests' passed at 2026-09-08 22:18:55.530.
	 Executed 2 tests, with 0 failures (0 unexpected) in 48.282 (48.284) seconds
Test Suite 'CoderServersUITests' started at 2026-09-08 22:18:55.531.
Test Case '-[BicTermUITests.CoderServersUITests testAddCoderServerRejectsHTTPAndRequiresHTTPS]' started.
    t =     0.00s Start Test at 2026-09-08 22:18:55.532
    t =     0.02s Set Up
    t =     0.02s Open com.bicterm.app
    t =     0.02s     Launch com.bicterm.app
    t =     0.02s         Terminate com.bicterm.app:14903
2026-09-08 22:18:56.644 xcodebuild[13956:29844560] [MT] IDELaunchParametersSnapshot: The operation couldn’t be completed. (DebuggerLLDB.DebuggerVersionStore.StoreError error 0.)
2026-09-08 22:18:56.644 xcodebuild[13956:29844560] [MT] IDELaunchParametersSnapshot: no debugger version
    t =     1.33s         Setting up automation session
    t =     2.20s         Wait for com.bicterm.app to idle
    t =     3.86s Tap "open-settings" Button
    t =     3.86s     Wait for com.bicterm.app to idle
    t =     3.87s     Find the "open-settings" Button
    t =     3.93s     Check for interrupting elements affecting "open-settings" Button
    t =     3.95s     Synthesize event
    t =     4.26s     Wait for com.bicterm.app to idle
    t =     5.12s Waiting 5.0s for "settings-coder-servers" Button to exist
    t =     6.16s     Checking `Expect predicate `existsNoRetry == 1` for object "settings-coder-servers" Button`
    t =     6.16s         Checking existence of `"settings-coder-servers" Button`
    t =     6.20s Tap "settings-coder-servers" Button
    t =     6.20s     Wait for com.bicterm.app to idle
    t =     6.20s     Find the "settings-coder-servers" Button
    t =     6.23s     Check for interrupting elements affecting "settings-coder-servers" Button
    t =     6.26s     Synthesize event
    t =     6.56s     Wait for com.bicterm.app to idle
    t =     7.35s Waiting 5.0s for "Coder Servers" NavigationBar to exist
    t =     8.38s     Checking `Expect predicate `existsNoRetry == 1` for object "Coder Servers" NavigationBar`
    t =     8.39s         Checking existence of `"Coder Servers" NavigationBar`
    t =     8.43s Tap "add-coder-server" Button
    t =     8.43s     Wait for com.bicterm.app to idle
    t =     8.43s     Find the "add-coder-server" Button
    t =     8.46s     Check for interrupting elements affecting "add-coder-server" Button
    t =     8.48s     Synthesize event
    t =     8.78s     Wait for com.bicterm.app to idle
    t =     9.64s Waiting 5.0s for "Add Coder Server" NavigationBar to exist
    t =    10.66s     Checking `Expect predicate `existsNoRetry == 1` for object "Add Coder Server" NavigationBar`
    t =    10.66s         Checking existence of `"Add Coder Server" NavigationBar`
    t =    10.70s Find the "coder-server-name" TextField
    t =    10.74s Tap "coder-server-name" TextField
    t =    10.74s     Wait for com.bicterm.app to idle
    t =    10.74s     Find the "coder-server-name" TextField
    t =    10.77s     Check for interrupting elements affecting "coder-server-name" TextField
    t =    10.80s     Synthesize event
    t =    11.10s     Wait for com.bicterm.app to idle
    t =    11.19s Find the "coder-server-name" TextField
    t =    11.28s Type 'Local HTTP' into "coder-server-name" TextField
    t =    11.28s     Wait for com.bicterm.app to idle
    t =    11.57s     Find the "coder-server-name" TextField
    t =    11.61s     Check for interrupting elements affecting "coder-server-name" TextField
    t =    11.65s     Synthesize event
    t =    12.02s     Wait for com.bicterm.app to idle
    t =    12.12s Find the "coder-server-url" TextField
    t =    12.17s Tap "coder-server-url" TextField
    t =    12.17s     Wait for com.bicterm.app to idle
    t =    12.18s     Find the "coder-server-url" TextField
    t =    12.22s     Check for interrupting elements affecting "coder-server-url" TextField
    t =    12.26s     Synthesize event
    t =    12.56s     Wait for com.bicterm.app to idle
    t =    12.87s Find the "coder-server-url" TextField
    t =    12.91s Type 'http://127.0.0.1:3...' into "coder-server-url" TextField
    t =    12.92s     Wait for com.bicterm.app to idle
    t =    12.92s     Find the "coder-server-url" TextField
    t =    12.96s     Check for interrupting elements affecting "coder-server-url" TextField
    t =    13.00s     Synthesize event
    t =    13.56s     Wait for com.bicterm.app to idle
    t =    13.56s Waiting 5.0s for "coder-server-url-error" StaticText to exist
    t =    14.61s     Checking `Expect predicate `existsNoRetry == 1` for object "coder-server-url-error" StaticText`
    t =    14.61s         Checking existence of `"coder-server-url-error" StaticText`
    t =    14.65s Find the "coder-server-url-error" StaticText
    t =    14.69s Find the "coder-server-validate-save" Button
    t =    14.73s Tap "coder-server-cancel" Button
    t =    14.73s     Wait for com.bicterm.app to idle
    t =    14.73s     Find the "coder-server-cancel" Button
    t =    14.77s     Check for interrupting elements affecting "coder-server-cancel" Button
    t =    14.81s     Synthesize event
    t =    15.11s     Wait for com.bicterm.app to idle
    t =    15.93s Tap "add-coder-server" Button
    t =    15.93s     Wait for com.bicterm.app to idle
    t =    15.94s     Find the "add-coder-server" Button
    t =    15.96s     Check for interrupting elements affecting "add-coder-server" Button
    t =    15.99s     Synthesize event
    t =    16.29s     Wait for com.bicterm.app to idle
    t =    17.07s Waiting 5.0s for "Add Coder Server" NavigationBar to exist
    t =    18.12s     Checking `Expect predicate `existsNoRetry == 1` for object "Add Coder Server" NavigationBar`
    t =    18.12s         Checking existence of `"Add Coder Server" NavigationBar`
    t =    18.16s Find the "coder-server-name" TextField
    t =    18.20s Tap "coder-server-name" TextField
    t =    18.20s     Wait for com.bicterm.app to idle
    t =    18.21s     Find the "coder-server-name" TextField
    t =    18.24s     Check for interrupting elements affecting "coder-server-name" TextField
    t =    18.27s     Synthesize event
    t =    18.56s     Wait for com.bicterm.app to idle
    t =    18.85s Find the "coder-server-name" TextField
    t =    18.89s Type 'HTTPS Only' into "coder-server-name" TextField
    t =    18.89s     Wait for com.bicterm.app to idle
    t =    18.90s     Find the "coder-server-name" TextField
    t =    18.94s     Check for interrupting elements affecting "coder-server-name" TextField
    t =    18.98s     Synthesize event
    t =    19.34s     Wait for com.bicterm.app to idle
    t =    19.43s Find the "coder-server-url" TextField
    t =    19.49s Tap "coder-server-url" TextField
    t =    19.49s     Wait for com.bicterm.app to idle
    t =    19.49s     Find the "coder-server-url" TextField
    t =    19.54s     Check for interrupting elements affecting "coder-server-url" TextField
    t =    19.58s     Synthesize event
    t =    19.88s     Wait for com.bicterm.app to idle
    t =    20.17s Find the "coder-server-url" TextField
    t =    20.21s Type 'coder.example.com' into "coder-server-url" TextField
    t =    20.21s     Wait for com.bicterm.app to idle
    t =    20.21s     Find the "coder-server-url" TextField
    t =    20.26s     Check for interrupting elements affecting "coder-server-url" TextField
    t =    20.30s     Synthesize event
    t =    20.78s     Wait for com.bicterm.app to idle
    t =    20.79s Checking existence of `"coder-server-url-error" StaticText`
    t =    20.83s Find the "coder-server-token" SecureTextField
    t =    20.89s Tap "coder-server-token" SecureTextField
    t =    20.89s     Wait for com.bicterm.app to idle
    t =    20.89s     Find the "coder-server-token" SecureTextField
    t =    20.94s     Check for interrupting elements affecting "coder-server-token" SecureTextField
    t =    20.98s     Synthesize event
    t =    21.27s     Wait for com.bicterm.app to idle
    t =    21.59s Find the "coder-server-token" SecureTextField
    t =    21.64s Type '...' into "coder-server-token" SecureTextField
    t =    21.64s     Wait for com.bicterm.app to idle
    t =    21.64s     Find the "coder-server-token" SecureTextField
    t =    21.69s     Check for interrupting elements affecting "coder-server-token" SecureTextField
    t =    21.73s     Synthesize event
    t =    22.58s     Wait for com.bicterm.app to idle
    t =    22.58s Type '<redacted>' into "coder-server-token" SecureTextField
    t =    22.58s     Wait for com.bicterm.app to idle
    t =    22.58s     Find the "coder-server-token" SecureTextField
    t =    22.63s     Check for interrupting elements affecting "coder-server-token" SecureTextField
    t =    22.67s     Synthesize event
    t =    22.99s     Wait for com.bicterm.app to idle
    t =    22.99s Find the "coder-server-validate-save" Button
    t =    23.03s Tap "coder-server-cancel" Button
    t =    23.03s     Wait for com.bicterm.app to idle
    t =    23.03s     Find the "coder-server-cancel" Button
    t =    23.08s     Check for interrupting elements affecting "coder-server-cancel" Button
    t =    23.12s     Synthesize event
    t =    23.42s     Wait for com.bicterm.app to idle
    t =    24.25s Tear Down
Test Case '-[BicTermUITests.CoderServersUITests testAddCoderServerRejectsHTTPAndRequiresHTTPS]' passed (24.628 seconds).
Test Case '-[BicTermUITests.CoderServersUITests testCancelLeavesListEmpty]' started.
    t =     0.00s Start Test at 2026-09-08 22:19:20.161
    t =     0.02s Set Up
    t =     0.02s Open com.bicterm.app
    t =     0.02s     Launch com.bicterm.app
    t =     0.02s         Terminate com.bicterm.app:14953
2026-09-08 22:19:21.259 xcodebuild[13956:29844560] [MT] IDELaunchParametersSnapshot: The operation couldn’t be completed. (DebuggerLLDB.DebuggerVersionStore.StoreError error 0.)
2026-09-08 22:19:21.259 xcodebuild[13956:29844560] [MT] IDELaunchParametersSnapshot: no debugger version
    t =     1.31s         Setting up automation session
    t =     2.19s         Wait for com.bicterm.app to idle
    t =     3.81s Tap "open-settings" Button
    t =     3.81s     Wait for com.bicterm.app to idle
    t =     3.81s     Find the "open-settings" Button
    t =     3.87s     Check for interrupting elements affecting "open-settings" Button
    t =     3.90s     Synthesize event
    t =     4.20s     Wait for com.bicterm.app to idle
    t =     5.02s Waiting 5.0s for "settings-coder-servers" Button to exist
    t =     6.04s     Checking `Expect predicate `existsNoRetry == 1` for object "settings-coder-servers" Button`
    t =     6.05s         Checking existence of `"settings-coder-servers" Button`
    t =     6.08s Tap "settings-coder-servers" Button
    t =     6.08s     Wait for com.bicterm.app to idle
    t =     6.09s     Find the "settings-coder-servers" Button
    t =     6.12s     Check for interrupting elements affecting "settings-coder-servers" Button
    t =     6.15s     Synthesize event
    t =     6.44s     Wait for com.bicterm.app to idle
    t =     7.24s Waiting 5.0s for "Coder Servers" NavigationBar to exist
    t =     8.29s     Checking `Expect predicate `existsNoRetry == 1` for object "Coder Servers" NavigationBar`
    t =     8.29s         Checking existence of `"Coder Servers" NavigationBar`
    t =     8.32s Tap "add-coder-server" Button
    t =     8.32s     Wait for com.bicterm.app to idle
    t =     8.32s     Find the "add-coder-server" Button
    t =     8.34s     Check for interrupting elements affecting "add-coder-server" Button
    t =     8.37s     Synthesize event
    t =     8.67s     Wait for com.bicterm.app to idle
    t =     9.51s Waiting 5.0s for "Add Coder Server" NavigationBar to exist
    t =    10.54s     Checking `Expect predicate `existsNoRetry == 1` for object "Add Coder Server" NavigationBar`
    t =    10.54s         Checking existence of `"Add Coder Server" NavigationBar`
    t =    10.59s Find the "coder-server-name" TextField
    t =    10.63s Tap "coder-server-name" TextField
    t =    10.63s     Wait for com.bicterm.app to idle
    t =    10.63s     Find the "coder-server-name" TextField
    t =    10.66s     Check for interrupting elements affecting "coder-server-name" TextField
    t =    10.69s     Synthesize event
    t =    10.98s     Wait for com.bicterm.app to idle
    t =    11.11s Find the "coder-server-name" TextField
    t =    11.19s Type 'Abandoned' into "coder-server-name" TextField
    t =    11.19s     Wait for com.bicterm.app to idle
    t =    11.49s     Find the "coder-server-name" TextField
    t =    11.53s     Check for interrupting elements affecting "coder-server-name" TextField
    t =    11.58s     Synthesize event
    t =    11.93s     Wait for com.bicterm.app to idle
    t =    12.03s Find the "coder-server-url" TextField
    t =    12.09s Tap "coder-server-url" TextField
    t =    12.09s     Wait for com.bicterm.app to idle
    t =    12.09s     Find the "coder-server-url" TextField
    t =    12.14s     Check for interrupting elements affecting "coder-server-url" TextField
    t =    12.18s     Synthesize event
    t =    12.47s     Wait for com.bicterm.app to idle
    t =    12.80s Find the "coder-server-url" TextField
    t =    12.85s Type 'abandoned.example....' into "coder-server-url" TextField
    t =    12.85s     Wait for com.bicterm.app to idle
    t =    12.85s     Find the "coder-server-url" TextField
    t =    12.89s     Check for interrupting elements affecting "coder-server-url" TextField
    t =    12.93s     Synthesize event
    t =    13.48s     Wait for com.bicterm.app to idle
    t =    13.49s Find the "coder-server-token" SecureTextField
    t =    13.54s Tap "coder-server-token" SecureTextField
    t =    13.54s     Wait for com.bicterm.app to idle
    t =    13.54s     Find the "coder-server-token" SecureTextField
    t =    13.58s     Check for interrupting elements affecting "coder-server-token" SecureTextField
    t =    13.63s     Synthesize event
    t =    13.92s     Wait for com.bicterm.app to idle
    t =    14.20s Find the "coder-server-token" SecureTextField
    t =    14.25s Type '...' into "coder-server-token" SecureTextField
    t =    14.25s     Wait for com.bicterm.app to idle
    t =    14.25s     Find the "coder-server-token" SecureTextField
    t =    14.29s     Check for interrupting elements affecting "coder-server-token" SecureTextField
    t =    14.33s     Synthesize event
    t =    15.18s     Wait for com.bicterm.app to idle
    t =    15.19s Type '<redacted>' into "coder-server-token" SecureTextField
    t =    15.19s     Wait for com.bicterm.app to idle
    t =    15.19s     Find the "coder-server-token" SecureTextField
    t =    15.23s     Check for interrupting elements affecting "coder-server-token" SecureTextField
    t =    15.28s     Synthesize event
    t =    15.72s     Wait for com.bicterm.app to idle
    t =    15.73s Tap "coder-server-cancel" Button
    t =    15.73s     Wait for com.bicterm.app to idle
    t =    15.73s     Find the "coder-server-cancel" Button
    t =    15.78s     Check for interrupting elements affecting "coder-server-cancel" Button
    t =    15.82s     Synthesize event
    t =    16.12s     Wait for com.bicterm.app to idle
    t =    16.97s Checking existence of `"coder-server-Abandoned" Button`
    t =    17.00s Tear Down
Test Case '-[BicTermUITests.CoderServersUITests testCancelLeavesListEmpty]' passed (17.349 seconds).
Test Case '-[BicTermUITests.CoderServersUITests testCoderConnectionEditorListsServersAndWorkspaces]' started.
    t =     0.00s Start Test at 2026-09-08 22:19:37.512
    t =     0.02s Set Up
    t =     0.02s Open com.bicterm.app
    t =     0.02s     Launch com.bicterm.app
    t =     0.02s         Terminate com.bicterm.app:14993
2026-09-08 22:19:38.589 xcodebuild[13956:29844560] [MT] IDELaunchParametersSnapshot: The operation couldn’t be completed. (DebuggerLLDB.DebuggerVersionStore.StoreError error 0.)
2026-09-08 22:19:38.589 xcodebuild[13956:29844560] [MT] IDELaunchParametersSnapshot: no debugger version
    t =     1.28s         Setting up automation session
    t =     2.16s         Wait for com.bicterm.app to idle
    t =     3.66s Tap "open-settings" Button
    t =     3.66s     Wait for com.bicterm.app to idle
    t =     3.67s     Find the "open-settings" Button
    t =     3.73s     Check for interrupting elements affecting "open-settings" Button
    t =     3.76s     Synthesize event
    t =     4.06s     Wait for com.bicterm.app to idle
    t =     4.90s Waiting 5.0s for "settings-coder-servers" Button to exist
    t =     5.98s     Checking `Expect predicate `existsNoRetry == 1` for object "settings-coder-servers" Button`
    t =     5.98s         Checking existence of `"settings-coder-servers" Button`
    t =     6.02s Tap "settings-coder-servers" Button
    t =     6.02s     Wait for com.bicterm.app to idle
    t =     6.02s     Find the "settings-coder-servers" Button
    t =     6.05s     Check for interrupting elements affecting "settings-coder-servers" Button
    t =     6.08s     Synthesize event
    t =     6.37s     Wait for com.bicterm.app to idle
    t =     7.17s Waiting 5.0s for "Coder Servers" NavigationBar to exist
    t =     8.21s     Checking `Expect predicate `existsNoRetry == 1` for object "Coder Servers" NavigationBar`
    t =     8.21s         Checking existence of `"Coder Servers" NavigationBar`
    t =     8.24s Tap "add-coder-server" Button
    t =     8.24s     Wait for com.bicterm.app to idle
    t =     8.24s     Find the "add-coder-server" Button
    t =     8.26s     Check for interrupting elements affecting "add-coder-server" Button
    t =     8.28s     Synthesize event
    t =     8.59s     Wait for com.bicterm.app to idle
    t =     9.41s Waiting 5.0s for "Add Coder Server" NavigationBar to exist
    t =    10.43s     Checking `Expect predicate `existsNoRetry == 1` for object "Add Coder Server" NavigationBar`
    t =    10.43s         Checking existence of `"Add Coder Server" NavigationBar`
    t =    10.48s Find the "coder-server-name" TextField
    t =    10.52s Tap "coder-server-name" TextField
    t =    10.52s     Wait for com.bicterm.app to idle
    t =    10.52s     Find the "coder-server-name" TextField
    t =    10.55s     Check for interrupting elements affecting "coder-server-name" TextField
    t =    10.58s     Synthesize event
    t =    10.87s     Wait for com.bicterm.app to idle
    t =    10.98s Find the "coder-server-name" TextField
    t =    11.06s Type 'Fixture Server' into "coder-server-name" TextField
    t =    11.06s     Wait for com.bicterm.app to idle
    t =    11.34s     Find the "coder-server-name" TextField
    t =    11.38s     Check for interrupting elements affecting "coder-server-name" TextField
    t =    11.43s     Synthesize event
    t =    11.86s     Wait for com.bicterm.app to idle
    t =    11.89s Find the "coder-server-url" TextField
    t =    11.95s Tap "coder-server-url" TextField
    t =    11.95s     Wait for com.bicterm.app to idle
    t =    11.95s     Find the "coder-server-url" TextField
    t =    11.99s     Check for interrupting elements affecting "coder-server-url" TextField
    t =    12.04s     Synthesize event
    t =    12.33s     Wait for com.bicterm.app to idle
    t =    12.65s Find the "coder-server-url" TextField
    t =    12.69s Type 'https://coder.exam...' into "coder-server-url" TextField
    t =    12.69s     Wait for com.bicterm.app to idle
    t =    12.69s     Find the "coder-server-url" TextField
    t =    12.73s     Check for interrupting elements affecting "coder-server-url" TextField
    t =    12.77s     Synthesize event
    t =    13.40s     Wait for com.bicterm.app to idle
    t =    13.40s Find the "coder-server-token" SecureTextField
    t =    13.46s Tap "coder-server-token" SecureTextField
    t =    13.46s     Wait for com.bicterm.app to idle
    t =    13.46s     Find the "coder-server-token" SecureTextField
    t =    13.50s     Check for interrupting elements affecting "coder-server-token" SecureTextField
    t =    13.55s     Synthesize event
    t =    13.84s     Wait for com.bicterm.app to idle
    t =    14.14s Find the "coder-server-token" SecureTextField
    t =    14.19s Type '...' into "coder-server-token" SecureTextField
    t =    14.19s     Wait for com.bicterm.app to idle
    t =    14.19s     Find the "coder-server-token" SecureTextField
    t =    14.23s     Check for interrupting elements affecting "coder-server-token" SecureTextField
    t =    14.27s     Synthesize event
    t =    15.13s     Wait for com.bicterm.app to idle
    t =    15.13s Type '<redacted>' into "coder-server-token" SecureTextField
    t =    15.13s     Wait for com.bicterm.app to idle
    t =    15.14s     Find the "coder-server-token" SecureTextField
    t =    15.18s     Check for interrupting elements affecting "coder-server-token" SecureTextField
    t =    15.22s     Synthesize event
    t =    15.58s     Wait for com.bicterm.app to idle
    t =    15.58s Tap "coder-server-validate-save" Button
    t =    15.58s     Wait for com.bicterm.app to idle
    t =    15.58s     Find the "coder-server-validate-save" Button
    t =    15.63s     Check for interrupting elements affecting "coder-server-validate-save" Button
    t =    15.67s     Synthesize event
    t =    15.96s     Wait for com.bicterm.app to idle
    t =    16.89s Waiting 10.0s for "coder-server-Fixture-Server" Button to exist
    t =    17.93s     Checking `Expect predicate `existsNoRetry == 1` for object "coder-server-Fixture-Server" Button`
    t =    17.93s         Checking existence of `"coder-server-Fixture-Server" Button`
    t =    17.96s Waiting 5.0s for Button (Element at index 0) to exist
    t =    19.00s     Checking `Expect predicate `existsNoRetry == 1` for object Button (Element at index 0)`
    t =    19.01s         Checking existence of `Button (Element at index 0)`
    t =    19.03s Tap Button (Element at index 0)
    t =    19.03s     Wait for com.bicterm.app to idle
    t =    19.04s     Find the Button (Element at index 0)
    t =    19.06s     Check for interrupting elements affecting "BackButton" Button
    t =    19.09s     Synthesize event
    t =    19.39s     Wait for com.bicterm.app to idle
    t =    19.73s Waiting 5.0s for Button (Element at index 0) to exist
    t =    20.78s     Checking `Expect predicate `existsNoRetry == 1` for object Button (Element at index 0)`
    t =    20.78s         Checking existence of `Button (Element at index 0)`
    t =    20.81s Tap Button (Element at index 0)
    t =    20.81s     Wait for com.bicterm.app to idle
    t =    20.81s     Find the Button (Element at index 0)
    t =    20.84s     Check for interrupting elements affecting "BackButton" Button
    t =    20.87s     Synthesize event
    t =    21.17s     Wait for com.bicterm.app to idle
    t =    21.97s Waiting 15.0s for "add-connection" Button to exist
    t =    23.02s     Checking `Expect predicate `existsNoRetry == 1` for object "add-connection" Button`
    t =    23.02s         Checking existence of `"add-connection" Button`
    t =    23.05s Tap "add-connection" Button
    t =    23.05s     Wait for com.bicterm.app to idle
    t =    23.05s     Find the "add-connection" Button
    t =    23.07s     Check for interrupting elements affecting "add-connection" Button
    t =    23.10s     Synthesize event
    t =    23.40s     Wait for com.bicterm.app to idle
    t =    24.31s Waiting 10.0s for "field-name" TextField to exist
    t =    25.35s     Checking `Expect predicate `existsNoRetry == 1` for object "field-name" TextField`
    t =    25.35s         Checking existence of `"field-name" TextField`
    t =    25.46s Find the "field-name" TextField
    t =    25.53s Tap "field-name" TextField
    t =    25.53s     Wait for com.bicterm.app to idle
    t =    25.54s     Find the "field-name" TextField
    t =    25.60s     Check for interrupting elements affecting "field-name" TextField
    t =    25.66s     Synthesize event
    t =    25.95s     Wait for com.bicterm.app to idle
    t =    26.24s Find the "field-name" TextField
    t =    26.32s Type 'Coder Connection' into "field-name" TextField
    t =    26.32s     Wait for com.bicterm.app to idle
    t =    26.32s     Find the "field-name" TextField
    t =    26.40s     Check for interrupting elements affecting "field-name" TextField
    t =    26.48s     Synthesize event
    t =    26.95s     Wait for com.bicterm.app to idle
    t =    26.95s Tap "protocol-picker" Button
    t =    26.95s     Wait for com.bicterm.app to idle
    t =    26.95s     Find the "protocol-picker" Button
    t =    27.04s     Check for interrupting elements affecting "protocol-picker" Button
    t =    27.11s     Synthesize event
    t =    27.40s     Wait for com.bicterm.app to idle
    t =    28.67s Waiting 5.0s for "Coder" Button to exist
    t =    29.70s     Checking `Expect predicate `existsNoRetry == 1` for object "Coder" Button`
    t =    29.70s         Checking existence of `"Coder" Button`
    t =    29.78s Tap "Coder" Button
    t =    29.78s     Wait for com.bicterm.app to idle
    t =    29.79s     Find the "Coder" Button
    t =    29.86s     Check for interrupting elements affecting "Coder" Button
    t =    29.93s     Synthesize event
    t =    30.23s     Wait for com.bicterm.app to idle
    t =    31.84s Find the "field-host" TextField
    t =    31.91s Tap "field-host" TextField
    t =    31.91s     Wait for com.bicterm.app to idle
    t =    31.92s     Find the "field-host" TextField
    t =    31.98s     Check for interrupting elements affecting "field-host" TextField
    t =    32.04s     Synthesize event
    t =    32.33s     Wait for com.bicterm.app to idle
    t =    32.60s Find the "field-host" TextField
    t =    32.70s Type 'coder.example.com' into "field-host" TextField
    t =    32.70s     Wait for com.bicterm.app to idle
    t =    32.70s     Find the "field-host" TextField
    t =    32.78s     Check for interrupting elements affecting "field-host" TextField
    t =    32.85s     Synthesize event
    t =    33.34s     Wait for com.bicterm.app to idle
    t =    33.34s Find the "field-username" TextField
    t =    33.43s Tap "field-username" TextField
    t =    33.43s     Wait for com.bicterm.app to idle
    t =    33.43s     Find the "field-username" TextField
    t =    33.51s     Check for interrupting elements affecting "field-username" TextField
    t =    33.58s     Synthesize event
    t =    33.88s     Wait for com.bicterm.app to idle
    t =    34.18s Find the "field-username" TextField
    t =    34.26s Type 'user' into "field-username" TextField
    t =    34.26s     Wait for com.bicterm.app to idle
    t =    34.27s     Find the "field-username" TextField
    t =    34.34s     Check for interrupting elements affecting "field-username" TextField
    t =    34.41s     Synthesize event
    t =    34.68s     Wait for com.bicterm.app to idle
    t =    34.87s Checking existence of `"coder-server-picker" Button`
    t =    34.95s Find the "coder-server-picker" Button
    t =    35.05s Swipe up Target Application 'com.bicterm.app'
    t =    35.05s     Wait for com.bicterm.app to idle
    t =    35.05s     Find the Target Application 'com.bicterm.app'
    t =    35.12s     Check for interrupting elements affecting "BicTerm" Application
    t =    35.19s     Synthesize event
    t =    35.62s     Wait for com.bicterm.app to idle
    t =    35.63s Checking existence of `"coder-server-picker" Button`
    t =    35.70s Find the "coder-server-picker" Button
    t =    35.79s Swipe up Target Application 'com.bicterm.app'
    t =    35.79s     Wait for com.bicterm.app to idle
    t =    35.79s     Find the Target Application 'com.bicterm.app'
    t =    35.85s     Check for interrupting elements affecting "BicTerm" Application
    t =    35.92s     Synthesize event
    t =    36.35s     Wait for com.bicterm.app to idle
    t =    36.36s Checking existence of `"coder-server-picker" Button`
    t =    36.44s Find the "coder-server-picker" Button
    t =    36.52s Swipe up Target Application 'com.bicterm.app'
    t =    36.52s     Wait for com.bicterm.app to idle
    t =    36.53s     Find the Target Application 'com.bicterm.app'
    t =    36.59s     Check for interrupting elements affecting "BicTerm" Application
    t =    36.66s     Synthesize event
    t =    37.08s     Wait for com.bicterm.app to idle
    t =    37.09s Checking existence of `"coder-server-picker" Button`
    t =    37.17s Find the "coder-server-picker" Button
    t =    37.26s Swipe up Target Application 'com.bicterm.app'
    t =    37.26s     Wait for com.bicterm.app to idle
    t =    37.26s     Find the Target Application 'com.bicterm.app'
    t =    37.33s     Check for interrupting elements affecting "BicTerm" Application
    t =    37.40s     Synthesize event
    t =    37.83s     Wait for com.bicterm.app to idle
    t =    37.84s Checking existence of `"coder-server-picker" Button`
    t =    37.92s Find the "coder-server-picker" Button
    t =    38.01s Swipe up Target Application 'com.bicterm.app'
    t =    38.01s     Wait for com.bicterm.app to idle
    t =    38.01s     Find the Target Application 'com.bicterm.app'
    t =    38.07s     Check for interrupting elements affecting "BicTerm" Application
    t =    38.14s     Synthesize event
    t =    38.56s     Wait for com.bicterm.app to idle
    t =    38.57s Checking existence of `"coder-server-picker" Button`
    t =    38.66s Find the "coder-server-picker" Button
    t =    38.75s Tap "coder-server-picker" Button
    t =    38.75s     Wait for com.bicterm.app to idle
    t =    38.75s     Find the "coder-server-picker" Button
    t =    38.83s     Check for interrupting elements affecting "coder-server-picker" Button
    t =    38.90s     Synthesize event
    t =    38.91s         Scroll element to visible
    t =    38.91s         Find the "coder-server-picker" Button
    t =    38.99s         Computed hit point {201, 312.99999999999994} after scrolling to visible
    t =    39.28s     Wait for com.bicterm.app to idle
    t =    40.50s Waiting 5.0s for "Fixture Server" Button to exist
    t =    41.53s     Checking `Expect predicate `existsNoRetry == 1` for object "Fixture Server" Button`
    t =    41.53s         Checking existence of `"Fixture Server" Button`
    t =    41.61s Tap "Fixture Server" Button
    t =    41.61s     Wait for com.bicterm.app to idle
    t =    41.61s     Find the "Fixture Server" Button
    t =    41.69s     Check for interrupting elements affecting "Fixture Server" Button
    t =    41.77s     Synthesize event
    t =    42.07s     Wait for com.bicterm.app to idle
    t =    43.60s Waiting 10.0s for "coder-workspace-Running-Dev" Button to exist
    t =    44.61s     Checking `Expect predicate `existsNoRetry == 1` for object "coder-workspace-Running-Dev" Button`
    t =    44.61s         Checking existence of `"coder-workspace-Running-Dev" Button`
    t =    44.70s Find the "coder-workspace-Running-Dev" Button
    t =    44.78s Checking existence of `"Running" StaticText`
    t =    44.86s Checking existence of `"coder-workspace-Stopped-Old" Button`
    t =    44.94s Find the "coder-workspace-Stopped-Old" Button
    t =    45.02s Checking existence of `"Stopped" StaticText`
    t =    45.10s Tap "coder-workspace-Running-Dev" Button
    t =    45.10s     Wait for com.bicterm.app to idle
    t =    45.11s     Find the "coder-workspace-Running-Dev" Button
    t =    45.19s     Check for interrupting elements affecting "coder-workspace-Running-Dev" Button
    t =    45.26s     Synthesize event
    t =    45.56s     Wait for com.bicterm.app to idle
    t =    45.56s Waiting 2.0s for "Done" Button to exist
    t =    46.58s     Checking `Expect predicate `existsNoRetry == 1` for object "Done" Button`
    t =    46.58s         Checking existence of `"Done" Button`
    t =    46.67s Tap "Done" Button
    t =    46.67s     Wait for com.bicterm.app to idle
    t =    46.67s     Find the "Done" Button
    t =    46.76s     Check for interrupting elements affecting "Done" Button
    t =    46.83s     Synthesize event
    t =    47.13s     Wait for com.bicterm.app to idle
    t =    47.92s Tap "key-selector" Button
    t =    47.92s     Wait for com.bicterm.app to idle
    t =    47.93s     Find the "key-selector" Button
    t =    48.00s     Check for interrupting elements affecting "key-selector" Button
    t =    48.06s     Synthesize event
    t =    48.36s     Wait for com.bicterm.app to idle
    t =    49.11s Waiting 5.0s for "key-Fixture-Ed25519" Button to exist
    t =    50.14s     Checking `Expect predicate `existsNoRetry == 1` for object "key-Fixture-Ed25519" Button`
    t =    50.14s         Checking existence of `"key-Fixture-Ed25519" Button`
    t =    50.20s Tap "key-Fixture-Ed25519" Button
    t =    50.20s     Wait for com.bicterm.app to idle
    t =    50.20s     Find the "key-Fixture-Ed25519" Button
    t =    50.24s     Check for interrupting elements affecting "key-Fixture-Ed25519" Button
    t =    50.29s     Synthesize event
    t =    50.58s     Wait for com.bicterm.app to idle
    t =    51.40s Checking existence of `"connect-button" Button`
    t =    51.48s Swipe up Target Application 'com.bicterm.app'
    t =    51.48s     Wait for com.bicterm.app to idle
    t =    51.48s     Find the Target Application 'com.bicterm.app'
    t =    51.54s     Check for interrupting elements affecting "BicTerm" Application
    t =    51.61s     Synthesize event
    t =    52.03s     Wait for com.bicterm.app to idle
    t =    52.48s Checking existence of `"connect-button" Button`
    t =    52.55s Find the "connect-button" Button
    t =    52.62s Find the "connect-button" Button
    t =    52.69s Tap "connect-button" Button
    t =    52.69s     Wait for com.bicterm.app to idle
    t =    52.69s     Find the "connect-button" Button
    t =    52.76s     Check for interrupting elements affecting "connect-button" Button
    t =    52.82s     Synthesize event
    t =    53.12s     Wait for com.bicterm.app to idle
    t =    53.54s Waiting 20.0s for "terminalView" Any to exist
    t =    54.56s     Checking `Expect predicate `existsNoRetry == 1` for object "terminalView" Any`
    t =    54.56s         Checking existence of `"terminalView" Any`
    t =    54.71s         Capturing element debug description
    t =    55.63s     Checking `Expect predicate `existsNoRetry == 1` for object "terminalView" Any`
    t =    55.63s         Checking existence of `"terminalView" Any`
    t =    55.67s Tear Down
Test Case '-[BicTermUITests.CoderServersUITests testCoderConnectionEditorListsServersAndWorkspaces]' passed (55.924 seconds).
Test Case '-[BicTermUITests.CoderServersUITests testCoderReauthenticateNavigatesToServerEditor]' started.
    t =     0.00s Start Test at 2026-09-08 22:20:33.437
    t =     0.02s Set Up
    t =     0.02s Open com.bicterm.app
    t =     0.02s     Launch com.bicterm.app
    t =     0.02s         Terminate com.bicterm.app:15025
2026-09-08 22:20:34.509 xcodebuild[13956:29844560] [MT] IDELaunchParametersSnapshot: The operation couldn’t be completed. (DebuggerLLDB.DebuggerVersionStore.StoreError error 0.)
2026-09-08 22:20:34.509 xcodebuild[13956:29844560] [MT] IDELaunchParametersSnapshot: no debugger version
    t =     1.28s         Setting up automation session
    t =     2.20s         Wait for com.bicterm.app to idle
    t =     3.73s Tap "open-settings" Button
    t =     3.73s     Wait for com.bicterm.app to idle
    t =     3.73s     Find the "open-settings" Button
    t =     3.80s     Check for interrupting elements affecting "open-settings" Button
    t =     3.83s     Synthesize event
    t =     4.13s     Wait for com.bicterm.app to idle
    t =     4.98s Waiting 5.0s for "settings-coder-servers" Button to exist
    t =     6.03s     Checking `Expect predicate `existsNoRetry == 1` for object "settings-coder-servers" Button`
    t =     6.04s         Checking existence of `"settings-coder-servers" Button`
    t =     6.08s Tap "settings-coder-servers" Button
    t =     6.08s     Wait for com.bicterm.app to idle
    t =     6.08s     Find the "settings-coder-servers" Button
    t =     6.11s     Check for interrupting elements affecting "settings-coder-servers" Button
    t =     6.14s     Synthesize event
    t =     6.44s     Wait for com.bicterm.app to idle
    t =     7.23s Waiting 5.0s for "Coder Servers" NavigationBar to exist
    t =     8.25s     Checking `Expect predicate `existsNoRetry == 1` for object "Coder Servers" NavigationBar`
    t =     8.26s         Checking existence of `"Coder Servers" NavigationBar`
    t =     8.28s Tap "add-coder-server" Button
    t =     8.28s     Wait for com.bicterm.app to idle
    t =     8.28s     Find the "add-coder-server" Button
    t =     8.31s     Check for interrupting elements affecting "add-coder-server" Button
    t =     8.33s     Synthesize event
    t =     8.62s     Wait for com.bicterm.app to idle
    t =     9.48s Waiting 5.0s for "Add Coder Server" NavigationBar to exist
    t =    10.50s     Checking `Expect predicate `existsNoRetry == 1` for object "Add Coder Server" NavigationBar`
    t =    10.50s         Checking existence of `"Add Coder Server" NavigationBar`
    t =    10.55s Find the "coder-server-name" TextField
    t =    10.59s Tap "coder-server-name" TextField
    t =    10.59s     Wait for com.bicterm.app to idle
    t =    10.59s     Find the "coder-server-name" TextField
    t =    10.62s     Check for interrupting elements affecting "coder-server-name" TextField
    t =    10.65s     Synthesize event
    t =    10.95s     Wait for com.bicterm.app to idle
    t =    11.05s Find the "coder-server-name" TextField
    t =    11.13s Type 'Expired Server' into "coder-server-name" TextField
    t =    11.13s     Wait for com.bicterm.app to idle
    t =    11.43s     Find the "coder-server-name" TextField
    t =    11.47s     Check for interrupting elements affecting "coder-server-name" TextField
    t =    11.51s     Synthesize event
    t =    11.94s     Wait for com.bicterm.app to idle
    t =    11.97s Find the "coder-server-url" TextField
    t =    12.03s Tap "coder-server-url" TextField
    t =    12.03s     Wait for com.bicterm.app to idle
    t =    12.03s     Find the "coder-server-url" TextField
    t =    12.08s     Check for interrupting elements affecting "coder-server-url" TextField
    t =    12.12s     Synthesize event
    t =    12.41s     Wait for com.bicterm.app to idle
    t =    12.73s Find the "coder-server-url" TextField
    t =    12.78s Type 'https://coder.exam...' into "coder-server-url" TextField
    t =    12.78s     Wait for com.bicterm.app to idle
    t =    12.78s     Find the "coder-server-url" TextField
    t =    12.82s     Check for interrupting elements affecting "coder-server-url" TextField
    t =    12.86s     Synthesize event
    t =    13.48s     Wait for com.bicterm.app to idle
    t =    13.48s Find the "coder-server-token" SecureTextField
    t =    13.54s Tap "coder-server-token" SecureTextField
    t =    13.54s     Wait for com.bicterm.app to idle
    t =    13.54s     Find the "coder-server-token" SecureTextField
    t =    13.58s     Check for interrupting elements affecting "coder-server-token" SecureTextField
    t =    13.62s     Synthesize event
    t =    13.92s     Wait for com.bicterm.app to idle
    t =    14.22s Find the "coder-server-token" SecureTextField
    t =    14.27s Type '...' into "coder-server-token" SecureTextField
    t =    14.27s     Wait for com.bicterm.app to idle
    t =    14.27s     Find the "coder-server-token" SecureTextField
    t =    14.31s     Check for interrupting elements affecting "coder-server-token" SecureTextField
    t =    14.35s     Synthesize event
    t =    15.21s     Wait for com.bicterm.app to idle
    t =    15.22s Type '<redacted>' into "coder-server-token" SecureTextField
    t =    15.22s     Wait for com.bicterm.app to idle
    t =    15.22s     Find the "coder-server-token" SecureTextField
    t =    15.26s     Check for interrupting elements affecting "coder-server-token" SecureTextField
    t =    15.30s     Synthesize event
    t =    15.72s     Wait for com.bicterm.app to idle
    t =    15.73s Tap "coder-server-validate-save" Button
    t =    15.73s     Wait for com.bicterm.app to idle
    t =    15.73s     Find the "coder-server-validate-save" Button
    t =    15.77s     Check for interrupting elements affecting "coder-server-validate-save" Button
    t =    15.81s     Synthesize event
    t =    16.10s     Wait for com.bicterm.app to idle
    t =    17.01s Waiting 10.0s for "coder-server-Expired-Server" Button to exist
    t =    18.05s     Checking `Expect predicate `existsNoRetry == 1` for object "coder-server-Expired-Server" Button`
    t =    18.06s         Checking existence of `"coder-server-Expired-Server" Button`
    t =    18.08s Waiting 5.0s for Button (Element at index 0) to exist
    t =    19.12s     Checking `Expect predicate `existsNoRetry == 1` for object Button (Element at index 0)`
    t =    19.12s         Checking existence of `Button (Element at index 0)`
    t =    19.15s Tap Button (Element at index 0)
    t =    19.15s     Wait for com.bicterm.app to idle
    t =    19.15s     Find the Button (Element at index 0)
    t =    19.17s     Check for interrupting elements affecting "BackButton" Button
    t =    19.20s     Synthesize event
    t =    19.50s     Wait for com.bicterm.app to idle
    t =    19.83s Waiting 5.0s for Button (Element at index 0) to exist
    t =    20.86s     Checking `Expect predicate `existsNoRetry == 1` for object Button (Element at index 0)`
    t =    20.86s         Checking existence of `Button (Element at index 0)`
    t =    20.89s Tap Button (Element at index 0)
    t =    20.89s     Wait for com.bicterm.app to idle
    t =    20.90s     Find the Button (Element at index 0)
    t =    20.93s     Check for interrupting elements affecting "BackButton" Button
    t =    20.96s     Synthesize event
    t =    21.25s     Wait for com.bicterm.app to idle
    t =    22.06s Terminate com.bicterm.app:15130
    t =    23.11s Open com.bicterm.app
    t =    23.12s     Launch com.bicterm.app
2026-09-08 22:20:56.555 xcodebuild[13956:29844560] [MT] IDELaunchParametersSnapshot: The operation couldn’t be completed. (DebuggerLLDB.DebuggerVersionStore.StoreError error 0.)
2026-09-08 22:20:56.555 xcodebuild[13956:29844560] [MT] IDELaunchParametersSnapshot: no debugger version
    t =    23.33s         Setting up automation session
    t =    24.21s         Wait for com.bicterm.app to idle
    t =    25.81s Waiting 15.0s for "add-connection" Button to exist
    t =    26.85s     Checking `Expect predicate `existsNoRetry == 1` for object "add-connection" Button`
    t =    26.85s         Checking existence of `"add-connection" Button`
    t =    26.91s Tap "add-connection" Button
    t =    26.91s     Wait for com.bicterm.app to idle
    t =    26.91s     Find the "add-connection" Button
    t =    26.94s     Check for interrupting elements affecting "add-connection" Button
    t =    26.97s     Synthesize event
    t =    27.27s     Wait for com.bicterm.app to idle
    t =    28.38s Waiting 10.0s for "field-name" TextField to exist
    t =    29.43s     Checking `Expect predicate `existsNoRetry == 1` for object "field-name" TextField`
    t =    29.44s         Checking existence of `"field-name" TextField`
    t =    29.55s Find the "field-name" TextField
    t =    29.62s Tap "field-name" TextField
    t =    29.63s     Wait for com.bicterm.app to idle
    t =    29.63s     Find the "field-name" TextField
    t =    29.69s     Check for interrupting elements affecting "field-name" TextField
    t =    29.75s     Synthesize event
    t =    30.04s     Wait for com.bicterm.app to idle
    t =    30.19s Find the "field-name" TextField
    t =    30.31s Type 'Expired Connection' into "field-name" TextField
    t =    30.31s     Wait for com.bicterm.app to idle
    t =    30.54s     Find the "field-name" TextField
    t =    30.63s     Check for interrupting elements affecting "field-name" TextField
    t =    30.70s     Synthesize event
    t =    31.20s     Wait for com.bicterm.app to idle
    t =    31.20s Tap "protocol-picker" Button
    t =    31.20s     Wait for com.bicterm.app to idle
    t =    31.21s     Find the "protocol-picker" Button
    t =    31.30s     Check for interrupting elements affecting "protocol-picker" Button
    t =    31.37s     Synthesize event
    t =    31.67s     Wait for com.bicterm.app to idle
    t =    32.98s Waiting 5.0s for "Coder" Button to exist
    t =    34.03s     Checking `Expect predicate `existsNoRetry == 1` for object "Coder" Button`
    t =    34.04s         Checking existence of `"Coder" Button`
    t =    34.13s Tap "Coder" Button
    t =    34.13s     Wait for com.bicterm.app to idle
    t =    34.13s     Find the "Coder" Button
    t =    34.22s     Check for interrupting elements affecting "Coder" Button
    t =    34.29s     Synthesize event
    t =    34.59s     Wait for com.bicterm.app to idle
    t =    36.19s Checking existence of `"coder-server-picker" Button`
    t =    36.28s Find the "coder-server-picker" Button
    t =    36.36s Tap "coder-server-picker" Button
    t =    36.36s     Wait for com.bicterm.app to idle
    t =    36.36s     Find the "coder-server-picker" Button
    t =    36.43s     Check for interrupting elements affecting "coder-server-picker" Button
    t =    36.49s     Synthesize event
    t =    36.79s     Wait for com.bicterm.app to idle
    t =    37.98s Waiting 5.0s for "Expired Server" Button to exist
    t =    39.00s     Checking `Expect predicate `existsNoRetry == 1` for object "Expired Server" Button`
    t =    39.00s         Checking existence of `"Expired Server" Button`
    t =    39.08s Tap "Expired Server" Button
    t =    39.08s     Wait for com.bicterm.app to idle
    t =    39.08s     Find the "Expired Server" Button
    t =    39.15s     Check for interrupting elements affecting "Expired Server" Button
    t =    39.22s     Synthesize event
    t =    39.52s     Wait for com.bicterm.app to idle
    t =    41.01s Checking existence of `"coder-reauthenticate" Button`
    t =    41.08s Find the "coder-reauthenticate" Button
    t =    41.17s Waiting 10.0s for "coder-reauthenticate" Button to exist
    t =    42.20s     Checking `Expect predicate `existsNoRetry == 1` for object "coder-reauthenticate" Button`
    t =    42.20s         Checking existence of `"coder-reauthenticate" Button`
    t =    42.28s Tap "coder-reauthenticate" Button
    t =    42.28s     Wait for com.bicterm.app to idle
    t =    42.29s     Find the "coder-reauthenticate" Button
    t =    42.35s     Check for interrupting elements affecting "coder-reauthenticate" Button
    t =    42.42s     Synthesize event
    t =    42.72s     Wait for com.bicterm.app to idle
    t =    43.45s Waiting 10.0s for "coder-server-name" TextField to exist
    t =    44.47s     Checking `Expect predicate `existsNoRetry == 1` for object "coder-server-name" TextField`
    t =    44.47s         Checking existence of `"coder-server-name" TextField`
    t =    44.57s Find the "coder-server-name" TextField
    t =    44.66s Tear Down
Test Case '-[BicTermUITests.CoderServersUITests testCoderReauthenticateNavigatesToServerEditor]' passed (44.938 seconds).
Test Case '-[BicTermUITests.CoderServersUITests testEmptyStateAndAddServerFlow]' started.
    t =     0.00s Start Test at 2026-09-08 22:21:18.377
    t =     0.02s Set Up
    t =     0.02s Open com.bicterm.app
    t =     0.02s     Launch com.bicterm.app
    t =     0.02s         Terminate com.bicterm.app:15165
2026-09-08 22:21:19.445 xcodebuild[13956:29844560] [MT] IDELaunchParametersSnapshot: The operation couldn’t be completed. (DebuggerLLDB.DebuggerVersionStore.StoreError error 0.)
2026-09-08 22:21:19.445 xcodebuild[13956:29844560] [MT] IDELaunchParametersSnapshot: no debugger version
    t =     1.28s         Setting up automation session
    t =     2.12s         Wait for com.bicterm.app to idle
    t =     3.79s Tap "open-settings" Button
    t =     3.79s     Wait for com.bicterm.app to idle
    t =     3.80s     Find the "open-settings" Button
    t =     3.86s     Check for interrupting elements affecting "open-settings" Button
    t =     3.89s     Synthesize event
    t =     4.19s     Wait for com.bicterm.app to idle
    t =     5.04s Waiting 5.0s for "settings-coder-servers" Button to exist
    t =     6.10s     Checking `Expect predicate `existsNoRetry == 1` for object "settings-coder-servers" Button`
    t =     6.10s         Checking existence of `"settings-coder-servers" Button`
    t =     6.14s Tap "settings-coder-servers" Button
    t =     6.14s     Wait for com.bicterm.app to idle
    t =     6.14s     Find the "settings-coder-servers" Button
    t =     6.17s     Check for interrupting elements affecting "settings-coder-servers" Button
    t =     6.20s     Synthesize event
    t =     6.50s     Wait for com.bicterm.app to idle
    t =     7.29s Waiting 5.0s for "Coder Servers" NavigationBar to exist
    t =     8.34s     Checking `Expect predicate `existsNoRetry == 1` for object "Coder Servers" NavigationBar`
    t =     8.35s         Checking existence of `"Coder Servers" NavigationBar`
    t =     8.37s Waiting 5.0s for "coder-servers-empty" StaticText to exist
    t =     9.41s     Checking `Expect predicate `existsNoRetry == 1` for object "coder-servers-empty" StaticText`
    t =     9.41s         Checking existence of `"coder-servers-empty" StaticText`
    t =     9.44s Tap "add-coder-server" Button
    t =     9.44s     Wait for com.bicterm.app to idle
    t =     9.44s     Find the "add-coder-server" Button
    t =     9.46s     Check for interrupting elements affecting "add-coder-server" Button
    t =     9.49s     Synthesize event
    t =     9.78s     Wait for com.bicterm.app to idle
    t =    10.61s Waiting 5.0s for "Add Coder Server" NavigationBar to exist
    t =    11.64s     Checking `Expect predicate `existsNoRetry == 1` for object "Add Coder Server" NavigationBar`
    t =    11.65s         Checking existence of `"Add Coder Server" NavigationBar`
    t =    11.70s Find the "coder-server-name" TextField
    t =    11.73s Tap "coder-server-name" TextField
    t =    11.73s     Wait for com.bicterm.app to idle
    t =    11.74s     Find the "coder-server-name" TextField
    t =    11.77s     Check for interrupting elements affecting "coder-server-name" TextField
    t =    11.80s     Synthesize event
    t =    12.09s     Wait for com.bicterm.app to idle
    t =    12.19s Find the "coder-server-name" TextField
    t =    12.27s Type 'Preview Server' into "coder-server-name" TextField
    t =    12.27s     Wait for com.bicterm.app to idle
    t =    12.54s     Find the "coder-server-name" TextField
    t =    12.59s     Check for interrupting elements affecting "coder-server-name" TextField
    t =    12.63s     Synthesize event
    t =    13.07s     Wait for com.bicterm.app to idle
    t =    13.08s Find the "coder-server-url" TextField
    t =    13.14s Tap "coder-server-url" TextField
    t =    13.14s     Wait for com.bicterm.app to idle
    t =    13.15s     Find the "coder-server-url" TextField
    t =    13.19s     Check for interrupting elements affecting "coder-server-url" TextField
    t =    13.24s     Synthesize event
    t =    13.53s     Wait for com.bicterm.app to idle
    t =    13.85s Find the "coder-server-url" TextField
    t =    13.89s Type 'preview.example.com' into "coder-server-url" TextField
    t =    13.89s     Wait for com.bicterm.app to idle
    t =    13.90s     Find the "coder-server-url" TextField
    t =    13.94s     Check for interrupting elements affecting "coder-server-url" TextField
    t =    13.98s     Synthesize event
    t =    14.50s     Wait for com.bicterm.app to idle
    t =    14.50s Find the "coder-server-token" SecureTextField
    t =    14.56s Tap "coder-server-token" SecureTextField
    t =    14.56s     Wait for com.bicterm.app to idle
    t =    14.56s     Find the "coder-server-token" SecureTextField
    t =    14.61s     Check for interrupting elements affecting "coder-server-token" SecureTextField
    t =    14.65s     Synthesize event
    t =    14.94s     Wait for com.bicterm.app to idle
    t =    15.25s Find the "coder-server-token" SecureTextField
    t =    15.30s Type '...' into "coder-server-token" SecureTextField
    t =    15.30s     Wait for com.bicterm.app to idle
    t =    15.30s     Find the "coder-server-token" SecureTextField
    t =    15.35s     Check for interrupting elements affecting "coder-server-token" SecureTextField
    t =    15.39s     Synthesize event
    t =    16.24s     Wait for com.bicterm.app to idle
    t =    16.24s Type '<redacted>' into "coder-server-token" SecureTextField
    t =    16.24s     Wait for com.bicterm.app to idle
    t =    16.25s     Find the "coder-server-token" SecureTextField
    t =    16.29s     Check for interrupting elements affecting "coder-server-token" SecureTextField
    t =    16.33s     Synthesize event
    t =    16.75s     Wait for com.bicterm.app to idle
    t =    16.76s Tap "coder-server-validate-save" Button
    t =    16.76s     Wait for com.bicterm.app to idle
    t =    16.76s     Find the "coder-server-validate-save" Button
    t =    16.81s     Check for interrupting elements affecting "coder-server-validate-save" Button
    t =    16.85s     Synthesize event
    t =    17.14s     Wait for com.bicterm.app to idle
    t =    17.40s Waiting 10.0s for "coder-server-validation-error" StaticText to exist
    t =    18.46s     Checking `Expect predicate `existsNoRetry == 1` for object "coder-server-validation-error" StaticText`
    t =    18.46s         Checking existence of `"coder-server-validation-error" StaticText`
    t =    18.50s Tap "coder-server-cancel" Button
    t =    18.50s     Wait for com.bicterm.app to idle
    t =    18.50s     Find the "coder-server-cancel" Button
    t =    18.53s     Check for interrupting elements affecting "coder-server-cancel" Button
    t =    18.57s     Synthesize event
    t =    18.86s     Wait for com.bicterm.app to idle
    t =    19.66s Checking existence of `"coder-server-Preview-Server" Button`
    t =    19.68s Tear Down
Test Case '-[BicTermUITests.CoderServersUITests testEmptyStateAndAddServerFlow]' passed (20.032 seconds).
Test Case '-[BicTermUITests.CoderServersUITests testSuccessfulSaveAndMaskingOnEdit]' started.
    t =     0.00s Start Test at 2026-09-08 22:21:38.410
    t =     0.02s Set Up
    t =     0.02s Open com.bicterm.app
    t =     0.02s     Launch com.bicterm.app
    t =     0.02s         Terminate com.bicterm.app:15197
2026-09-08 22:21:39.525 xcodebuild[13956:29844560] [MT] IDELaunchParametersSnapshot: The operation couldn’t be completed. (DebuggerLLDB.DebuggerVersionStore.StoreError error 0.)
2026-09-08 22:21:39.525 xcodebuild[13956:29844560] [MT] IDELaunchParametersSnapshot: no debugger version
    t =     1.33s         Setting up automation session
    t =     2.19s         Wait for com.bicterm.app to idle
    t =     3.79s Tap "open-settings" Button
    t =     3.79s     Wait for com.bicterm.app to idle
    t =     3.80s     Find the "open-settings" Button
    t =     3.87s     Check for interrupting elements affecting "open-settings" Button
    t =     3.90s     Synthesize event
    t =     4.20s     Wait for com.bicterm.app to idle
    t =     5.02s Waiting 5.0s for "settings-coder-servers" Button to exist
    t =     6.07s     Checking `Expect predicate `existsNoRetry == 1` for object "settings-coder-servers" Button`
    t =     6.07s         Checking existence of `"settings-coder-servers" Button`
    t =     6.11s Tap "settings-coder-servers" Button
    t =     6.11s     Wait for com.bicterm.app to idle
    t =     6.11s     Find the "settings-coder-servers" Button
    t =     6.14s     Check for interrupting elements affecting "settings-coder-servers" Button
    t =     6.17s     Synthesize event
    t =     6.45s     Wait for com.bicterm.app to idle
    t =     7.26s Waiting 5.0s for "Coder Servers" NavigationBar to exist
    t =     8.29s     Checking `Expect predicate `existsNoRetry == 1` for object "Coder Servers" NavigationBar`
    t =     8.29s         Checking existence of `"Coder Servers" NavigationBar`
    t =     8.32s Waiting 5.0s for "coder-servers-empty" StaticText to exist
    t =     9.34s     Checking `Expect predicate `existsNoRetry == 1` for object "coder-servers-empty" StaticText`
    t =     9.35s         Checking existence of `"coder-servers-empty" StaticText`
    t =     9.37s Tap "add-coder-server" Button
    t =     9.37s     Wait for com.bicterm.app to idle
    t =     9.37s     Find the "add-coder-server" Button
    t =     9.39s     Check for interrupting elements affecting "add-coder-server" Button
    t =     9.42s     Synthesize event
    t =     9.72s     Wait for com.bicterm.app to idle
    t =    10.56s Waiting 5.0s for "Add Coder Server" NavigationBar to exist
    t =    11.59s     Checking `Expect predicate `existsNoRetry == 1` for object "Add Coder Server" NavigationBar`
    t =    11.60s         Checking existence of `"Add Coder Server" NavigationBar`
    t =    11.65s Find the "coder-server-name" TextField
    t =    11.68s Tap "coder-server-name" TextField
    t =    11.68s     Wait for com.bicterm.app to idle
    t =    11.69s     Find the "coder-server-name" TextField
    t =    11.71s     Check for interrupting elements affecting "coder-server-name" TextField
    t =    11.75s     Synthesize event
    t =    12.04s     Wait for com.bicterm.app to idle
    t =    12.15s Find the "coder-server-name" TextField
    t =    12.23s Type 'Preview Server' into "coder-server-name" TextField
    t =    12.23s     Wait for com.bicterm.app to idle
    t =    12.53s     Find the "coder-server-name" TextField
    t =    12.57s     Check for interrupting elements affecting "coder-server-name" TextField
    t =    12.61s     Synthesize event
    t =    13.05s     Wait for com.bicterm.app to idle
    t =    13.07s Find the "coder-server-url" TextField
    t =    13.13s Tap "coder-server-url" TextField
    t =    13.13s     Wait for com.bicterm.app to idle
    t =    13.13s     Find the "coder-server-url" TextField
    t =    13.17s     Check for interrupting elements affecting "coder-server-url" TextField
    t =    13.21s     Synthesize event
    t =    13.51s     Wait for com.bicterm.app to idle
    t =    13.82s Find the "coder-server-url" TextField
    t =    13.87s Type 'preview.example.com' into "coder-server-url" TextField
    t =    13.87s     Wait for com.bicterm.app to idle
    t =    13.87s     Find the "coder-server-url" TextField
    t =    13.91s     Check for interrupting elements affecting "coder-server-url" TextField
    t =    13.95s     Synthesize event
    t =    14.47s     Wait for com.bicterm.app to idle
    t =    14.47s Find the "coder-server-token" SecureTextField
    t =    14.52s Tap "coder-server-token" SecureTextField
    t =    14.52s     Wait for com.bicterm.app to idle
    t =    14.53s     Find the "coder-server-token" SecureTextField
    t =    14.57s     Check for interrupting elements affecting "coder-server-token" SecureTextField
    t =    14.61s     Synthesize event
    t =    14.90s     Wait for com.bicterm.app to idle
    t =    15.18s Find the "coder-server-token" SecureTextField
    t =    15.23s Type '...' into "coder-server-token" SecureTextField
    t =    15.23s     Wait for com.bicterm.app to idle
    t =    15.24s     Find the "coder-server-token" SecureTextField
    t =    15.28s     Check for interrupting elements affecting "coder-server-token" SecureTextField
    t =    15.32s     Synthesize event
    t =    16.17s     Wait for com.bicterm.app to idle
    t =    16.17s Type '<redacted>' into "coder-server-token" SecureTextField
    t =    16.17s     Wait for com.bicterm.app to idle
    t =    16.17s     Find the "coder-server-token" SecureTextField
    t =    16.22s     Check for interrupting elements affecting "coder-server-token" SecureTextField
    t =    16.26s     Synthesize event
    t =    16.67s     Wait for com.bicterm.app to idle
    t =    16.67s Tap "coder-server-validate-save" Button
    t =    16.67s     Wait for com.bicterm.app to idle
    t =    16.68s     Find the "coder-server-validate-save" Button
    t =    16.72s     Check for interrupting elements affecting "coder-server-validate-save" Button
    t =    16.76s     Synthesize event
    t =    17.06s     Wait for com.bicterm.app to idle
    t =    17.97s Waiting 10.0s for "coder-server-Preview-Server" Button to exist
    t =    19.01s     Checking `Expect predicate `existsNoRetry == 1` for object "coder-server-Preview-Server" Button`
    t =    19.02s         Checking existence of `"coder-server-Preview-Server" Button`
    t =    19.04s Find the "coder-server-Preview-Server" Button
    t =    19.06s Checking existence of `"Coder Servers" NavigationBar`
    t =    19.08s Checking existence of `"Add Coder Server" NavigationBar`
    t =    19.12s Find the "coder-server-Preview-Server" Button
    t =    19.15s Tap "coder-server-Preview-Server" Button
    t =    19.15s     Wait for com.bicterm.app to idle
    t =    19.15s     Find the "coder-server-Preview-Server" Button
    t =    19.18s     Check for interrupting elements affecting "coder-server-Preview-Server" Button
    t =    19.20s     Synthesize event
    t =    19.50s     Wait for com.bicterm.app to idle
    t =    20.22s Waiting 5.0s for "Edit Coder Server" NavigationBar to exist
    t =    21.29s     Checking `Expect predicate `existsNoRetry == 1` for object "Edit Coder Server" NavigationBar`
    t =    21.30s         Checking existence of `"Edit Coder Server" NavigationBar`
    t =    21.35s Requesting snapshot of accessibility hierarchy for app with pid 15238
    t =    21.51s Requesting snapshot of accessibility hierarchy for app with pid 15238
    t =    21.55s Checking existence of `"coder-token-hint" StaticText`
    t =    21.59s Tap "coder-server-cancel" Button
    t =    21.59s     Wait for com.bicterm.app to idle
    t =    21.59s     Find the "coder-server-cancel" Button
    t =    21.62s     Check for interrupting elements affecting "coder-server-cancel" Button
    t =    21.66s     Synthesize event
    t =    21.96s     Wait for com.bicterm.app to idle
    t =    22.74s Tear Down
Test Case '-[BicTermUITests.CoderServersUITests testSuccessfulSaveAndMaskingOnEdit]' passed (23.111 seconds).
Test Case '-[BicTermUITests.CoderServersUITests testTokenIsMaskedAndNotInAccessibilityTree]' started.
    t =     0.00s Start Test at 2026-09-08 22:22:01.521
    t =     0.02s Set Up
    t =     0.02s Open com.bicterm.app
    t =     0.02s     Launch com.bicterm.app
    t =     0.02s         Terminate com.bicterm.app:15238
2026-09-08 22:22:02.607 xcodebuild[13956:29844560] [MT] IDELaunchParametersSnapshot: The operation couldn’t be completed. (DebuggerLLDB.DebuggerVersionStore.StoreError error 0.)
2026-09-08 22:22:02.607 xcodebuild[13956:29844560] [MT] IDELaunchParametersSnapshot: no debugger version
    t =     1.30s         Setting up automation session
    t =     2.18s         Wait for com.bicterm.app to idle
    t =     3.79s Tap "open-settings" Button
    t =     3.79s     Wait for com.bicterm.app to idle
    t =     3.79s     Find the "open-settings" Button
    t =     3.85s     Check for interrupting elements affecting "open-settings" Button
    t =     3.88s     Synthesize event
    t =     4.18s     Wait for com.bicterm.app to idle
    t =     4.96s Waiting 5.0s for "settings-coder-servers" Button to exist
    t =     6.01s     Checking `Expect predicate `existsNoRetry == 1` for object "settings-coder-servers" Button`
    t =     6.01s         Checking existence of `"settings-coder-servers" Button`
    t =     6.04s Tap "settings-coder-servers" Button
    t =     6.04s     Wait for com.bicterm.app to idle
    t =     6.05s     Find the "settings-coder-servers" Button
    t =     6.08s     Check for interrupting elements affecting "settings-coder-servers" Button
    t =     6.10s     Synthesize event
    t =     6.40s     Wait for com.bicterm.app to idle
    t =     7.20s Waiting 5.0s for "Coder Servers" NavigationBar to exist
    t =     8.25s     Checking `Expect predicate `existsNoRetry == 1` for object "Coder Servers" NavigationBar`
    t =     8.25s         Checking existence of `"Coder Servers" NavigationBar`
    t =     8.28s Tap "add-coder-server" Button
    t =     8.28s     Wait for com.bicterm.app to idle
    t =     8.28s     Find the "add-coder-server" Button
    t =     8.30s     Check for interrupting elements affecting "add-coder-server" Button
    t =     8.33s     Synthesize event
    t =     8.62s     Wait for com.bicterm.app to idle
    t =     9.46s Waiting 5.0s for "Add Coder Server" NavigationBar to exist
    t =    10.53s     Checking `Expect predicate `existsNoRetry == 1` for object "Add Coder Server" NavigationBar`
    t =    10.53s         Checking existence of `"Add Coder Server" NavigationBar`
    t =    10.57s Find the "coder-server-token" SecureTextField
    t =    10.61s Tap "coder-server-token" SecureTextField
    t =    10.61s     Wait for com.bicterm.app to idle
    t =    10.62s     Find the "coder-server-token" SecureTextField
    t =    10.65s     Check for interrupting elements affecting "coder-server-token" SecureTextField
    t =    10.68s     Synthesize event
    t =    10.97s     Wait for com.bicterm.app to idle
    t =    11.02s Find the "coder-server-token" SecureTextField
    t =    11.09s Type '...' into "coder-server-token" SecureTextField
    t =    11.09s     Wait for com.bicterm.app to idle
    t =    11.39s     Find the "coder-server-token" SecureTextField
    t =    11.44s     Check for interrupting elements affecting "coder-server-token" SecureTextField
    t =    11.48s     Synthesize event
    t =    12.33s     Wait for com.bicterm.app to idle
    t =    12.34s Type '<redacted>' into "coder-server-token" SecureTextField
    t =    12.34s     Wait for com.bicterm.app to idle
    t =    12.34s     Find the "coder-server-token" SecureTextField
    t =    12.39s     Check for interrupting elements affecting "coder-server-token" SecureTextField
    t =    12.43s     Synthesize event
    t =    12.91s     Wait for com.bicterm.app to idle
    t =    12.91s Requesting snapshot of accessibility hierarchy for app with pid 15278
    t =    13.19s Requesting snapshot of accessibility hierarchy for app with pid 15278
    t =    13.26s Tap "coder-server-cancel" Button
    t =    13.26s     Wait for com.bicterm.app to idle
    t =    13.26s     Find the "coder-server-cancel" Button
    t =    13.30s     Check for interrupting elements affecting "coder-server-cancel" Button
    t =    13.34s     Synthesize event
    t =    13.65s     Wait for com.bicterm.app to idle
    t =    14.50s Tear Down
Test Case '-[BicTermUITests.CoderServersUITests testTokenIsMaskedAndNotInAccessibilityTree]' passed (14.854 seconds).
Test Suite 'CoderServersUITests' passed at 2026-09-08 22:22:16.376.
	 Executed 7 tests, with 0 failures (0 unexpected) in 200.837 (200.845) seconds
Test Suite 'ConnectionEditorUITests' started at 2026-09-08 22:22:16.376.
Test Case '-[BicTermUITests.ConnectionEditorUITests testChainValidationBlocksSixthHopAndCycle]' started.
    t =     0.00s Start Test at 2026-09-08 22:22:16.377
    t =     0.02s Set Up
    t =     0.02s Open com.bicterm.app
    t =     0.02s     Launch com.bicterm.app
    t =     0.02s         Terminate com.bicterm.app:15278
2026-09-08 22:22:17.491 xcodebuild[13956:29844560] [MT] IDELaunchParametersSnapshot: The operation couldn’t be completed. (DebuggerLLDB.DebuggerVersionStore.StoreError error 0.)
2026-09-08 22:22:17.491 xcodebuild[13956:29844560] [MT] IDELaunchParametersSnapshot: no debugger version
    t =     1.33s         Setting up automation session
    t =     2.20s         Wait for com.bicterm.app to idle
    t =     3.70s Waiting 15.0s for "add-connection" Button to exist
    t =     4.73s     Checking `Expect predicate `existsNoRetry == 1` for object "add-connection" Button`
    t =     4.73s         Checking existence of `"add-connection" Button`
    t =     4.79s Tap "add-connection" Button
    t =     4.79s     Wait for com.bicterm.app to idle
    t =     4.80s     Find the "add-connection" Button
    t =     4.82s     Check for interrupting elements affecting "add-connection" Button
    t =     4.85s     Synthesize event
    t =     5.14s     Wait for com.bicterm.app to idle
    t =     6.17s Waiting 10.0s for "field-name" TextField to exist
    t =     7.20s     Checking `Expect predicate `existsNoRetry == 1` for object "field-name" TextField`
    t =     7.20s         Checking existence of `"field-name" TextField`
    t =     7.30s Tap "field-name" TextField
    t =     7.30s     Wait for com.bicterm.app to idle
    t =     7.30s     Find the "field-name" TextField
    t =     7.36s     Check for interrupting elements affecting "field-name" TextField
    t =     7.42s     Synthesize event
    t =     7.72s     Wait for com.bicterm.app to idle
    t =     8.88s Checking `Expect predicate `hasKeyboardFocus == 1` for object "field-name" TextField`
    t =     8.89s     Find the "field-name" TextField
    t =     8.99s Type 'Hops Galore' into Target Application 'com.bicterm.app'
    t =     8.99s     Wait for com.bicterm.app to idle
    t =     8.99s     Find the Target Application 'com.bicterm.app'
    t =     9.05s     Check for interrupting elements affecting "BicTerm" Application
    t =     9.12s     Synthesize event
    t =     9.12s         Get number of matches for: Elements containing elements matching predicate 'hasKeyboardFocus == 1'
    t =     9.57s     Wait for com.bicterm.app to idle
    t =     9.64s Get number of matches for: Descendants matching type Keyboard
    t =     9.72s Waiting 2.0s for "Done" Button to exist
    t =    10.78s     Checking `Expect predicate `existsNoRetry == 1` for object "Done" Button`
    t =    10.78s         Checking existence of `"Done" Button`
    t =    10.87s Tap "Done" Button
    t =    10.87s     Wait for com.bicterm.app to idle
    t =    10.87s     Find the "Done" Button
    t =    10.95s     Check for interrupting elements affecting "Done" Button
    t =    11.02s     Synthesize event
    t =    11.32s     Wait for com.bicterm.app to idle
    t =    12.12s Tap "field-host" TextField
    t =    12.12s     Wait for com.bicterm.app to idle
    t =    12.13s     Find the "field-host" TextField
    t =    12.19s     Check for interrupting elements affecting "field-host" TextField
    t =    12.25s     Synthesize event
    t =    12.55s     Wait for com.bicterm.app to idle
    t =    13.88s Checking `Expect predicate `hasKeyboardFocus == 1` for object "field-host" TextField`
    t =    13.88s     Find the "field-host" TextField
    t =    13.95s Type '10.1.2.3' into Target Application 'com.bicterm.app'
    t =    13.95s     Wait for com.bicterm.app to idle
    t =    13.96s     Find the Target Application 'com.bicterm.app'
    t =    14.02s     Check for interrupting elements affecting "BicTerm" Application
    t =    14.08s     Synthesize event
    t =    14.09s         Get number of matches for: Elements containing elements matching predicate 'hasKeyboardFocus == 1'
    t =    14.48s     Wait for com.bicterm.app to idle
    t =    14.60s Get number of matches for: Descendants matching type Keyboard
    t =    14.67s Waiting 2.0s for "Done" Button to exist
    t =    15.71s     Checking `Expect predicate `existsNoRetry == 1` for object "Done" Button`
    t =    15.72s         Checking existence of `"Done" Button`
    t =    15.79s Tap "Done" Button
    t =    15.79s     Wait for com.bicterm.app to idle
    t =    15.80s     Find the "Done" Button
    t =    15.87s     Check for interrupting elements affecting "Done" Button
    t =    15.94s     Synthesize event
    t =    16.24s     Wait for com.bicterm.app to idle
    t =    17.04s Tap "field-username" TextField
    t =    17.04s     Wait for com.bicterm.app to idle
    t =    17.04s     Find the "field-username" TextField
    t =    17.11s     Check for interrupting elements affecting "field-username" TextField
    t =    17.17s     Synthesize event
    t =    17.46s     Wait for com.bicterm.app to idle
    t =    18.78s Checking `Expect predicate `hasKeyboardFocus == 1` for object "field-username" TextField`
    t =    18.78s     Find the "field-username" TextField
    t =    18.86s Type 'bob' into Target Application 'com.bicterm.app'
    t =    18.86s     Wait for com.bicterm.app to idle
    t =    18.86s     Find the Target Application 'com.bicterm.app'
    t =    18.92s     Check for interrupting elements affecting "BicTerm" Application
    t =    18.99s     Synthesize event
    t =    18.99s         Get number of matches for: Elements containing elements matching predicate 'hasKeyboardFocus == 1'
    t =    19.30s     Wait for com.bicterm.app to idle
    t =    19.51s Get number of matches for: Descendants matching type Keyboard
    t =    19.58s Waiting 2.0s for "Done" Button to exist
    t =    20.61s     Checking `Expect predicate `existsNoRetry == 1` for object "Done" Button`
    t =    20.61s         Checking existence of `"Done" Button`
    t =    20.69s Tap "Done" Button
    t =    20.69s     Wait for com.bicterm.app to idle
    t =    20.70s     Find the "Done" Button
    t =    20.77s     Check for interrupting elements affecting "Done" Button
    t =    20.84s     Synthesize event
    t =    21.14s     Wait for com.bicterm.app to idle
    t =    21.92s Get number of matches for: Descendants matching type Keyboard
    t =    21.98s Tap "key-selector" Button
    t =    21.98s     Wait for com.bicterm.app to idle
    t =    21.98s     Find the "key-selector" Button
    t =    22.04s     Check for interrupting elements affecting "key-selector" Button
    t =    22.10s     Synthesize event
    t =    22.40s     Wait for com.bicterm.app to idle
    t =    23.15s Waiting 5.0s for "key-Fixture-Ed25519" Button to exist
    t =    24.18s     Checking `Expect predicate `existsNoRetry == 1` for object "key-Fixture-Ed25519" Button`
    t =    24.18s         Checking existence of `"key-Fixture-Ed25519" Button`
    t =    24.23s Tap "key-Fixture-Ed25519" Button
    t =    24.23s     Wait for com.bicterm.app to idle
    t =    24.23s     Find the "key-Fixture-Ed25519" Button
    t =    24.27s     Check for interrupting elements affecting "key-Fixture-Ed25519" Button
    t =    24.32s     Synthesize event
    t =    24.62s     Wait for com.bicterm.app to idle
    t =    25.44s Checking existence of `"add-hop" Button`
    t =    25.52s Find the "add-hop" Button
    t =    25.60s Find the Window (First Match)
    t =    25.61s Find the "add-hop" Button
    t =    25.68s Get number of matches for: Descendants matching type NavigationBar
    t =    25.74s Find the NavigationBar (Element at index 0)
    t =    25.80s Find the NavigationBar (Element at index 1)
    t =    25.87s Tap "add-hop" Button
    t =    25.87s     Wait for com.bicterm.app to idle
    t =    25.87s     Find the "add-hop" Button
    t =    25.94s     Check for interrupting elements affecting "add-hop" Button
    t =    26.00s     Synthesize event
    t =    26.30s     Wait for com.bicterm.app to idle
    t =    27.19s Waiting 10.0s for "hop-field-host" TextField to exist
    t =    28.23s     Checking `Expect predicate `existsNoRetry == 1` for object "hop-field-host" TextField`
    t =    28.23s         Checking existence of `"hop-field-host" TextField`
    t =    28.33s Tap "hop-field-host" TextField
    t =    28.33s     Wait for com.bicterm.app to idle
    t =    28.34s     Find the "hop-field-host" TextField
    t =    28.42s     Check for interrupting elements affecting "hop-field-host" TextField
    t =    28.51s     Synthesize event
    t =    28.81s     Wait for com.bicterm.app to idle
    t =    30.21s Checking `Expect predicate `hasKeyboardFocus == 1` for object "hop-field-host" TextField`
    t =    30.21s     Find the "hop-field-host" TextField
    t =    30.32s Type 'hop1.example.com' into Target Application 'com.bicterm.app'
    t =    30.32s     Wait for com.bicterm.app to idle
    t =    30.32s     Find the Target Application 'com.bicterm.app'
    t =    30.41s     Check for interrupting elements affecting "BicTerm" Application
    t =    30.50s     Synthesize event
    t =    30.50s         Get number of matches for: Elements containing elements matching predicate 'hasKeyboardFocus == 1'
    t =    31.05s     Wait for com.bicterm.app to idle
    t =    31.06s Get number of matches for: Descendants matching type Keyboard
    t =    31.14s Waiting 2.0s for "Done" Button to exist
    t =    32.18s     Checking `Expect predicate `existsNoRetry == 1` for object "Done" Button`
    t =    32.18s         Checking existence of `"Done" Button`
    t =    32.30s Tap "Done" Button
    t =    32.30s     Wait for com.bicterm.app to idle
    t =    32.30s     Find the "Done" Button
    t =    32.40s     Check for interrupting elements affecting "Done" Button
    t =    32.50s     Synthesize event
    t =    32.79s     Wait for com.bicterm.app to idle
    t =    33.59s Tap "hop-field-username" TextField
    t =    33.59s     Wait for com.bicterm.app to idle
    t =    33.59s     Find the "hop-field-username" TextField
    t =    33.68s     Check for interrupting elements affecting "hop-field-username" TextField
    t =    33.76s     Synthesize event
    t =    34.06s     Wait for com.bicterm.app to idle
    t =    35.36s Checking `Expect predicate `hasKeyboardFocus == 1` for object "hop-field-username" TextField`
    t =    35.36s     Find the "hop-field-username" TextField
    t =    35.46s Type 'u1' into Target Application 'com.bicterm.app'
    t =    35.46s     Wait for com.bicterm.app to idle
    t =    35.47s     Find the Target Application 'com.bicterm.app'
    t =    35.55s     Check for interrupting elements affecting "BicTerm" Application
    t =    35.63s     Synthesize event
    t =    35.64s         Get number of matches for: Elements containing elements matching predicate 'hasKeyboardFocus == 1'
    t =    35.95s     Wait for com.bicterm.app to idle
    t =    36.18s Get number of matches for: Descendants matching type Keyboard
    t =    36.27s Waiting 2.0s for "Done" Button to exist
    t =    37.30s     Checking `Expect predicate `existsNoRetry == 1` for object "Done" Button`
    t =    37.30s         Checking existence of `"Done" Button`
    t =    37.40s Tap "Done" Button
    t =    37.40s     Wait for com.bicterm.app to idle
    t =    37.40s     Find the "Done" Button
    t =    37.51s     Check for interrupting elements affecting "Done" Button
    t =    37.60s     Synthesize event
    t =    37.90s     Wait for com.bicterm.app to idle
    t =    38.69s Tap "hop-key-selector" Button
    t =    38.69s     Wait for com.bicterm.app to idle
    t =    38.69s     Find the "hop-key-selector" Button
    t =    38.80s     Check for interrupting elements affecting "hop-key-selector" Button
    t =    38.88s     Synthesize event
    t =    39.17s     Wait for com.bicterm.app to idle
    t =    39.89s Waiting 5.0s for "key-Fixture-Ed25519" Button to exist
    t =    40.93s     Checking `Expect predicate `existsNoRetry == 1` for object "key-Fixture-Ed25519" Button`
    t =    40.93s         Checking existence of `"key-Fixture-Ed25519" Button`
    t =    41.02s Tap "key-Fixture-Ed25519" Button
    t =    41.02s     Wait for com.bicterm.app to idle
    t =    41.02s     Find the "key-Fixture-Ed25519" Button
    t =    41.10s     Check for interrupting elements affecting "key-Fixture-Ed25519" Button
    t =    41.18s     Synthesize event
    t =    41.48s     Wait for com.bicterm.app to idle
    t =    42.29s Waiting 5.0s for "save-hop" Button to exist
    t =    43.33s     Checking `Expect predicate `existsNoRetry == 1` for object "save-hop" Button`
    t =    43.33s         Checking existence of `"save-hop" Button`
    t =    43.43s Tap "save-hop" Button
    t =    43.43s     Wait for com.bicterm.app to idle
    t =    43.43s     Find the "save-hop" Button
    t =    43.52s     Check for interrupting elements affecting "save-hop" Button
    t =    43.60s     Synthesize event
    t =    43.90s     Wait for com.bicterm.app to idle
    t =    45.76s Checking `Expect predicate `exists == 0` for object "hop-field-host" TextField`
    t =    45.76s     Checking existence of `"hop-field-host" TextField`
    t =    46.85s Get number of matches for: Descendants matching type Sheet
    t =    47.32s Checking existence of `"add-hop" Button`
    t =    47.38s Find the "add-hop" Button
    t =    47.45s Find the Window (First Match)
    t =    47.46s Find the "add-hop" Button
    t =    47.53s Get number of matches for: Descendants matching type NavigationBar
    t =    47.58s Find the NavigationBar (Element at index 0)
    t =    47.64s Find the NavigationBar (Element at index 1)
    t =    47.70s Tap "add-hop" Button
    t =    47.70s     Wait for com.bicterm.app to idle
    t =    47.70s     Find the "add-hop" Button
    t =    47.77s     Check for interrupting elements affecting "add-hop" Button
    t =    47.83s     Synthesize event
    t =    48.13s     Wait for com.bicterm.app to idle
    t =    48.92s Waiting 10.0s for "hop-field-host" TextField to exist
    t =    49.95s     Checking `Expect predicate `existsNoRetry == 1` for object "hop-field-host" TextField`
    t =    49.95s         Checking existence of `"hop-field-host" TextField`
    t =    50.06s Tap "hop-field-host" TextField
    t =    50.06s     Wait for com.bicterm.app to idle
    t =    50.07s     Find the "hop-field-host" TextField
    t =    50.16s     Check for interrupting elements affecting "hop-field-host" TextField
    t =    50.25s     Synthesize event
    t =    50.54s     Wait for com.bicterm.app to idle
    t =    51.91s Checking `Expect predicate `hasKeyboardFocus == 1` for object "hop-field-host" TextField`
    t =    51.91s     Find the "hop-field-host" TextField
    t =    52.02s Type 'hop2.example.com' into Target Application 'com.bicterm.app'
    t =    52.02s     Wait for com.bicterm.app to idle
    t =    52.02s     Find the Target Application 'com.bicterm.app'
    t =    52.11s     Check for interrupting elements affecting "BicTerm" Application
    t =    52.20s     Synthesize event
    t =    52.20s         Get number of matches for: Elements containing elements matching predicate 'hasKeyboardFocus == 1'
    t =    52.74s     Wait for com.bicterm.app to idle
    t =    52.75s Get number of matches for: Descendants matching type Keyboard
    t =    52.84s Waiting 2.0s for "Done" Button to exist
    t =    53.89s     Checking `Expect predicate `existsNoRetry == 1` for object "Done" Button`
    t =    53.89s         Checking existence of `"Done" Button`
    t =    54.00s Tap "Done" Button
    t =    54.00s     Wait for com.bicterm.app to idle
    t =    54.00s     Find the "Done" Button
    t =    54.10s     Check for interrupting elements affecting "Done" Button
    t =    54.20s     Synthesize event
    t =    54.50s     Wait for com.bicterm.app to idle
    t =    55.29s Tap "hop-field-username" TextField
    t =    55.29s     Wait for com.bicterm.app to idle
    t =    55.29s     Find the "hop-field-username" TextField
    t =    55.38s     Check for interrupting elements affecting "hop-field-username" TextField
    t =    55.47s     Synthesize event
    t =    55.77s     Wait for com.bicterm.app to idle
    t =    57.06s Checking `Expect predicate `hasKeyboardFocus == 1` for object "hop-field-username" TextField`
    t =    57.06s     Find the "hop-field-username" TextField
    t =    57.16s Type 'u2' into Target Application 'com.bicterm.app'
    t =    57.17s     Wait for com.bicterm.app to idle
    t =    57.17s     Find the Target Application 'com.bicterm.app'
    t =    57.25s     Check for interrupting elements affecting "BicTerm" Application
    t =    57.34s     Synthesize event
    t =    57.34s         Get number of matches for: Elements containing elements matching predicate 'hasKeyboardFocus == 1'
    t =    57.66s     Wait for com.bicterm.app to idle
    t =    57.88s Get number of matches for: Descendants matching type Keyboard
    t =    57.97s Waiting 2.0s for "Done" Button to exist
    t =    59.01s     Checking `Expect predicate `existsNoRetry == 1` for object "Done" Button`
    t =    59.01s         Checking existence of `"Done" Button`
    t =    59.12s Tap "Done" Button
    t =    59.12s     Wait for com.bicterm.app to idle
    t =    59.12s     Find the "Done" Button
    t =    59.22s     Check for interrupting elements affecting "Done" Button
    t =    59.31s     Synthesize event
    t =    59.61s     Wait for com.bicterm.app to idle
    t =    60.40s Tap "hop-key-selector" Button
    t =    60.40s     Wait for com.bicterm.app to idle
    t =    60.41s     Find the "hop-key-selector" Button
    t =    60.50s     Check for interrupting elements affecting "hop-key-selector" Button
    t =    60.59s     Synthesize event
    t =    60.88s     Wait for com.bicterm.app to idle
    t =    61.62s Waiting 5.0s for "key-Fixture-Ed25519" Button to exist
    t =    62.67s     Checking `Expect predicate `existsNoRetry == 1` for object "key-Fixture-Ed25519" Button`
    t =    62.67s         Checking existence of `"key-Fixture-Ed25519" Button`
    t =    62.76s Tap "key-Fixture-Ed25519" Button
    t =    62.76s     Wait for com.bicterm.app to idle
    t =    62.77s     Find the "key-Fixture-Ed25519" Button
    t =    62.85s     Check for interrupting elements affecting "key-Fixture-Ed25519" Button
    t =    62.93s     Synthesize event
    t =    63.22s     Wait for com.bicterm.app to idle
    t =    64.04s Waiting 5.0s for "save-hop" Button to exist
    t =    65.08s     Checking `Expect predicate `existsNoRetry == 1` for object "save-hop" Button`
    t =    65.08s         Checking existence of `"save-hop" Button`
    t =    65.17s Tap "save-hop" Button
    t =    65.18s     Wait for com.bicterm.app to idle
    t =    65.18s     Find the "save-hop" Button
    t =    65.27s     Check for interrupting elements affecting "save-hop" Button
    t =    65.35s     Synthesize event
    t =    65.65s     Wait for com.bicterm.app to idle
    t =    67.51s Checking `Expect predicate `exists == 0` for object "hop-field-host" TextField`
    t =    67.51s     Checking existence of `"hop-field-host" TextField`
    t =    68.61s Get number of matches for: Descendants matching type Sheet
    t =    69.08s Checking existence of `"add-hop" Button`
    t =    69.15s Find the "add-hop" Button
    t =    69.23s Find the Window (First Match)
    t =    69.23s Find the "add-hop" Button
    t =    69.30s Swipe up Target Application 'com.bicterm.app'
    t =    69.30s     Wait for com.bicterm.app to idle
    t =    69.30s     Find the Target Application 'com.bicterm.app'
    t =    69.36s     Check for interrupting elements affecting "BicTerm" Application
    t =    69.42s     Synthesize event
    t =    69.85s     Wait for com.bicterm.app to idle
    t =    70.45s Checking existence of `"add-hop" Button`
    t =    70.52s Find the "add-hop" Button
    t =    70.59s Find the Window (First Match)
    t =    70.60s Find the "add-hop" Button
    t =    70.67s Get number of matches for: Descendants matching type NavigationBar
    t =    70.72s Find the NavigationBar (Element at index 0)
    t =    70.78s Find the NavigationBar (Element at index 1)
    t =    70.84s Tap "add-hop" Button
    t =    70.84s     Wait for com.bicterm.app to idle
    t =    70.84s     Find the "add-hop" Button
    t =    70.90s     Check for interrupting elements affecting "add-hop" Button
    t =    70.97s     Synthesize event
    t =    71.26s     Wait for com.bicterm.app to idle
    t =    71.92s Waiting 10.0s for "hop-field-host" TextField to exist
    t =    72.96s     Checking `Expect predicate `existsNoRetry == 1` for object "hop-field-host" TextField`
    t =    72.96s         Checking existence of `"hop-field-host" TextField`
    t =    73.08s Tap "hop-field-host" TextField
    t =    73.08s     Wait for com.bicterm.app to idle
    t =    73.08s     Find the "hop-field-host" TextField
    t =    73.17s     Check for interrupting elements affecting "hop-field-host" TextField
    t =    73.26s     Synthesize event
    t =    73.56s     Wait for com.bicterm.app to idle
    t =    74.91s Checking `Expect predicate `hasKeyboardFocus == 1` for object "hop-field-host" TextField`
    t =    74.91s     Find the "hop-field-host" TextField
    t =    75.01s Type 'hop3.example.com' into Target Application 'com.bicterm.app'
    t =    75.01s     Wait for com.bicterm.app to idle
    t =    75.02s     Find the Target Application 'com.bicterm.app'
    t =    75.10s     Check for interrupting elements affecting "BicTerm" Application
    t =    75.19s     Synthesize event
    t =    75.19s         Get number of matches for: Elements containing elements matching predicate 'hasKeyboardFocus == 1'
    t =    75.75s     Wait for com.bicterm.app to idle
    t =    75.75s Get number of matches for: Descendants matching type Keyboard
    t =    75.84s Waiting 2.0s for "Done" Button to exist
    t =    76.88s     Checking `Expect predicate `existsNoRetry == 1` for object "Done" Button`
    t =    76.88s         Checking existence of `"Done" Button`
    t =    76.99s Tap "Done" Button
    t =    76.99s     Wait for com.bicterm.app to idle
    t =    77.00s     Find the "Done" Button
    t =    77.10s     Check for interrupting elements affecting "Done" Button
    t =    77.19s     Synthesize event
    t =    77.49s     Wait for com.bicterm.app to idle
    t =    78.29s Tap "hop-field-username" TextField
    t =    78.29s     Wait for com.bicterm.app to idle
    t =    78.29s     Find the "hop-field-username" TextField
    t =    78.39s     Check for interrupting elements affecting "hop-field-username" TextField
    t =    78.48s     Synthesize event
    t =    78.76s     Wait for com.bicterm.app to idle
    t =    80.08s Checking `Expect predicate `hasKeyboardFocus == 1` for object "hop-field-username" TextField`
    t =    80.08s     Find the "hop-field-username" TextField
    t =    80.19s Type 'u3' into Target Application 'com.bicterm.app'
    t =    80.19s     Wait for com.bicterm.app to idle
    t =    80.19s     Find the Target Application 'com.bicterm.app'
    t =    80.27s     Check for interrupting elements affecting "BicTerm" Application
    t =    80.37s     Synthesize event
    t =    80.37s         Get number of matches for: Elements containing elements matching predicate 'hasKeyboardFocus == 1'
    t =    80.69s     Wait for com.bicterm.app to idle
    t =    80.91s Get number of matches for: Descendants matching type Keyboard
    t =    81.00s Waiting 2.0s for "Done" Button to exist
    t =    82.03s     Checking `Expect predicate `existsNoRetry == 1` for object "Done" Button`
    t =    82.03s         Checking existence of `"Done" Button`
    t =    82.14s Tap "Done" Button
    t =    82.14s     Wait for com.bicterm.app to idle
    t =    82.15s     Find the "Done" Button
    t =    82.25s     Check for interrupting elements affecting "Done" Button
    t =    82.35s     Synthesize event
    t =    82.65s     Wait for com.bicterm.app to idle
    t =    83.44s Tap "hop-key-selector" Button
    t =    83.44s     Wait for com.bicterm.app to idle
    t =    83.44s     Find the "hop-key-selector" Button
    t =    83.55s     Check for interrupting elements affecting "hop-key-selector" Button
    t =    83.63s     Synthesize event
    t =    83.92s     Wait for com.bicterm.app to idle
    t =    84.66s Waiting 5.0s for "key-Fixture-Ed25519" Button to exist
    t =    85.73s     Checking `Expect predicate `existsNoRetry == 1` for object "key-Fixture-Ed25519" Button`
    t =    85.73s         Checking existence of `"key-Fixture-Ed25519" Button`
    t =    85.82s Tap "key-Fixture-Ed25519" Button
    t =    85.82s     Wait for com.bicterm.app to idle
    t =    85.82s     Find the "key-Fixture-Ed25519" Button
    t =    85.90s     Check for interrupting elements affecting "key-Fixture-Ed25519" Button
    t =    85.98s     Synthesize event
    t =    86.27s     Wait for com.bicterm.app to idle
    t =    87.07s Waiting 5.0s for "save-hop" Button to exist
    t =    88.09s     Checking `Expect predicate `existsNoRetry == 1` for object "save-hop" Button`
    t =    88.09s         Checking existence of `"save-hop" Button`
    t =    88.18s Tap "save-hop" Button
    t =    88.19s     Wait for com.bicterm.app to idle
    t =    88.19s     Find the "save-hop" Button
    t =    88.28s     Check for interrupting elements affecting "save-hop" Button
    t =    88.36s     Synthesize event
    t =    88.66s     Wait for com.bicterm.app to idle
    t =    90.51s Checking `Expect predicate `exists == 0` for object "hop-field-host" TextField`
    t =    90.51s     Checking existence of `"hop-field-host" TextField`
    t =    91.62s Get number of matches for: Descendants matching type Sheet
    t =    92.10s Checking existence of `"add-hop" Button`
    t =    92.17s Find the "add-hop" Button
    t =    92.25s Find the Window (First Match)
    t =    92.26s Find the "add-hop" Button
    t =    92.33s Get number of matches for: Descendants matching type NavigationBar
    t =    92.38s Find the NavigationBar (Element at index 0)
    t =    92.45s Find the NavigationBar (Element at index 1)
    t =    92.51s Tap "add-hop" Button
    t =    92.51s     Wait for com.bicterm.app to idle
    t =    92.51s     Find the "add-hop" Button
    t =    92.58s     Check for interrupting elements affecting "add-hop" Button
    t =    92.65s     Synthesize event
    t =    92.94s     Wait for com.bicterm.app to idle
    t =    93.69s Waiting 10.0s for "hop-field-host" TextField to exist
    t =    94.73s     Checking `Expect predicate `existsNoRetry == 1` for object "hop-field-host" TextField`
    t =    94.73s         Checking existence of `"hop-field-host" TextField`
    t =    94.85s Tap "hop-field-host" TextField
    t =    94.85s     Wait for com.bicterm.app to idle
    t =    94.85s     Find the "hop-field-host" TextField
    t =    94.94s     Check for interrupting elements affecting "hop-field-host" TextField
    t =    95.03s     Synthesize event
    t =    95.32s     Wait for com.bicterm.app to idle
    t =    96.68s Checking `Expect predicate `hasKeyboardFocus == 1` for object "hop-field-host" TextField`
    t =    96.68s     Find the "hop-field-host" TextField
    t =    96.79s Type 'hop4.example.com' into Target Application 'com.bicterm.app'
    t =    96.79s     Wait for com.bicterm.app to idle
    t =    96.79s     Find the Target Application 'com.bicterm.app'
    t =    96.87s     Check for interrupting elements affecting "BicTerm" Application
    t =    96.96s     Synthesize event
    t =    96.96s         Get number of matches for: Elements containing elements matching predicate 'hasKeyboardFocus == 1'
    t =    97.51s     Wait for com.bicterm.app to idle
    t =    97.51s Get number of matches for: Descendants matching type Keyboard
    t =    97.61s Waiting 2.0s for "Done" Button to exist
    t =    98.66s     Checking `Expect predicate `existsNoRetry == 1` for object "Done" Button`
    t =    98.66s         Checking existence of `"Done" Button`
    t =    98.77s Tap "Done" Button
    t =    98.77s     Wait for com.bicterm.app to idle
    t =    98.77s     Find the "Done" Button
    t =    98.88s     Check for interrupting elements affecting "Done" Button
    t =    98.97s     Synthesize event
    t =    99.26s     Wait for com.bicterm.app to idle
    t =   100.06s Tap "hop-field-username" TextField
    t =   100.06s     Wait for com.bicterm.app to idle
    t =   100.06s     Find the "hop-field-username" TextField
    t =   100.15s     Check for interrupting elements affecting "hop-field-username" TextField
    t =   100.24s     Synthesize event
    t =   100.54s     Wait for com.bicterm.app to idle
    t =   101.83s Checking `Expect predicate `hasKeyboardFocus == 1` for object "hop-field-username" TextField`
    t =   101.83s     Find the "hop-field-username" TextField
    t =   101.94s Type 'u4' into Target Application 'com.bicterm.app'
    t =   101.94s     Wait for com.bicterm.app to idle
    t =   101.95s     Find the Target Application 'com.bicterm.app'
    t =   102.03s     Check for interrupting elements affecting "BicTerm" Application
    t =   102.13s     Synthesize event
    t =   102.13s         Get number of matches for: Elements containing elements matching predicate 'hasKeyboardFocus == 1'
    t =   102.46s     Wait for com.bicterm.app to idle
    t =   102.67s Get number of matches for: Descendants matching type Keyboard
    t =   102.76s Waiting 2.0s for "Done" Button to exist
    t =   103.79s     Checking `Expect predicate `existsNoRetry == 1` for object "Done" Button`
    t =   103.79s         Checking existence of `"Done" Button`
    t =   103.90s Tap "Done" Button
    t =   103.90s     Wait for com.bicterm.app to idle
    t =   103.90s     Find the "Done" Button
    t =   104.01s     Check for interrupting elements affecting "Done" Button
    t =   104.10s     Synthesize event
    t =   104.39s     Wait for com.bicterm.app to idle
    t =   105.19s Tap "hop-key-selector" Button
    t =   105.19s     Wait for com.bicterm.app to idle
    t =   105.19s     Find the "hop-key-selector" Button
    t =   105.29s     Check for interrupting elements affecting "hop-key-selector" Button
    t =   105.38s     Synthesize event
    t =   105.67s     Wait for com.bicterm.app to idle
    t =   106.39s Waiting 5.0s for "key-Fixture-Ed25519" Button to exist
    t =   107.43s     Checking `Expect predicate `existsNoRetry == 1` for object "key-Fixture-Ed25519" Button`
    t =   107.43s         Checking existence of `"key-Fixture-Ed25519" Button`
    t =   107.52s Tap "key-Fixture-Ed25519" Button
    t =   107.52s     Wait for com.bicterm.app to idle
    t =   107.52s     Find the "key-Fixture-Ed25519" Button
    t =   107.61s     Check for interrupting elements affecting "key-Fixture-Ed25519" Button
    t =   107.69s     Synthesize event
    t =   107.98s     Wait for com.bicterm.app to idle
    t =   108.80s Waiting 5.0s for "save-hop" Button to exist
    t =   109.84s     Checking `Expect predicate `existsNoRetry == 1` for object "save-hop" Button`
    t =   109.84s         Checking existence of `"save-hop" Button`
    t =   109.94s Tap "save-hop" Button
    t =   109.94s     Wait for com.bicterm.app to idle
    t =   109.94s     Find the "save-hop" Button
    t =   110.04s     Check for interrupting elements affecting "save-hop" Button
    t =   110.13s     Synthesize event
    t =   110.43s     Wait for com.bicterm.app to idle
    t =   112.28s Checking `Expect predicate `exists == 0` for object "hop-field-host" TextField`
    t =   112.28s     Checking existence of `"hop-field-host" TextField`
    t =   113.36s Get number of matches for: Descendants matching type Sheet
    t =   113.84s Checking existence of `"add-hop" Button`
    t =   113.91s Find the "add-hop" Button
    t =   113.99s Find the Window (First Match)
    t =   114.00s Find the "add-hop" Button
    t =   114.07s Get number of matches for: Descendants matching type NavigationBar
    t =   114.13s Find the NavigationBar (Element at index 0)
    t =   114.20s Find the NavigationBar (Element at index 1)
    t =   114.26s Tap "add-hop" Button
    t =   114.26s     Wait for com.bicterm.app to idle
    t =   114.26s     Find the "add-hop" Button
    t =   114.34s     Check for interrupting elements affecting "add-hop" Button
    t =   114.40s     Synthesize event
    t =   114.69s     Wait for com.bicterm.app to idle
    t =   115.44s Waiting 10.0s for "hop-field-host" TextField to exist
    t =   116.46s     Checking `Expect predicate `existsNoRetry == 1` for object "hop-field-host" TextField`
    t =   116.46s         Checking existence of `"hop-field-host" TextField`
    t =   116.58s Tap "hop-field-host" TextField
    t =   116.58s     Wait for com.bicterm.app to idle
    t =   116.58s     Find the "hop-field-host" TextField
    t =   116.68s     Check for interrupting elements affecting "hop-field-host" TextField
    t =   116.76s     Synthesize event
    t =   117.06s     Wait for com.bicterm.app to idle
    t =   118.43s Checking `Expect predicate `hasKeyboardFocus == 1` for object "hop-field-host" TextField`
    t =   118.43s     Find the "hop-field-host" TextField
    t =   118.54s Type 'hop5.example.com' into Target Application 'com.bicterm.app'
    t =   118.54s     Wait for com.bicterm.app to idle
    t =   118.54s     Find the Target Application 'com.bicterm.app'
    t =   118.63s     Check for interrupting elements affecting "BicTerm" Application
    t =   118.72s     Synthesize event
    t =   118.72s         Get number of matches for: Elements containing elements matching predicate 'hasKeyboardFocus == 1'
    t =   119.28s     Wait for com.bicterm.app to idle
    t =   119.28s Get number of matches for: Descendants matching type Keyboard
    t =   119.38s Waiting 2.0s for "Done" Button to exist
    t =   120.43s     Checking `Expect predicate `existsNoRetry == 1` for object "Done" Button`
    t =   120.43s         Checking existence of `"Done" Button`
    t =   120.53s Tap "Done" Button
    t =   120.53s     Wait for com.bicterm.app to idle
    t =   120.54s     Find the "Done" Button
    t =   120.64s     Check for interrupting elements affecting "Done" Button
    t =   120.73s     Synthesize event
    t =   121.03s     Wait for com.bicterm.app to idle
    t =   121.82s Tap "hop-field-username" TextField
    t =   121.82s     Wait for com.bicterm.app to idle
    t =   121.82s     Find the "hop-field-username" TextField
    t =   121.92s     Check for interrupting elements affecting "hop-field-username" TextField
    t =   122.01s     Synthesize event
    t =   122.30s     Wait for com.bicterm.app to idle
    t =   123.60s Checking `Expect predicate `hasKeyboardFocus == 1` for object "hop-field-username" TextField`
    t =   123.60s     Find the "hop-field-username" TextField
    t =   123.73s Type 'u5' into Target Application 'com.bicterm.app'
    t =   123.73s     Wait for com.bicterm.app to idle
    t =   123.73s     Find the Target Application 'com.bicterm.app'
    t =   123.81s     Check for interrupting elements affecting "BicTerm" Application
    t =   123.90s     Synthesize event
    t =   123.90s         Get number of matches for: Elements containing elements matching predicate 'hasKeyboardFocus == 1'
    t =   124.23s     Wait for com.bicterm.app to idle
    t =   124.44s Get number of matches for: Descendants matching type Keyboard
    t =   124.54s Waiting 2.0s for "Done" Button to exist
    t =   125.57s     Checking `Expect predicate `existsNoRetry == 1` for object "Done" Button`
    t =   125.57s         Checking existence of `"Done" Button`
    t =   125.67s Tap "Done" Button
    t =   125.68s     Wait for com.bicterm.app to idle
    t =   125.68s     Find the "Done" Button
    t =   125.79s     Check for interrupting elements affecting "Done" Button
    t =   125.88s     Synthesize event
    t =   126.18s     Wait for com.bicterm.app to idle
    t =   126.97s Tap "hop-key-selector" Button
    t =   126.97s     Wait for com.bicterm.app to idle
    t =   126.97s     Find the "hop-key-selector" Button
    t =   127.07s     Check for interrupting elements affecting "hop-key-selector" Button
    t =   127.16s     Synthesize event
    t =   127.45s     Wait for com.bicterm.app to idle
    t =   128.17s Waiting 5.0s for "key-Fixture-Ed25519" Button to exist
    t =   129.21s     Checking `Expect predicate `existsNoRetry == 1` for object "key-Fixture-Ed25519" Button`
    t =   129.21s         Checking existence of `"key-Fixture-Ed25519" Button`
    t =   129.31s Tap "key-Fixture-Ed25519" Button
    t =   129.31s     Wait for com.bicterm.app to idle
    t =   129.31s     Find the "key-Fixture-Ed25519" Button
    t =   129.40s     Check for interrupting elements affecting "key-Fixture-Ed25519" Button
    t =   129.48s     Synthesize event
    t =   129.78s     Wait for com.bicterm.app to idle
    t =   130.57s Waiting 5.0s for "save-hop" Button to exist
    t =   131.61s     Checking `Expect predicate `existsNoRetry == 1` for object "save-hop" Button`
    t =   131.61s         Checking existence of `"save-hop" Button`
    t =   131.70s Tap "save-hop" Button
    t =   131.70s     Wait for com.bicterm.app to idle
    t =   131.71s     Find the "save-hop" Button
    t =   131.80s     Check for interrupting elements affecting "save-hop" Button
    t =   131.89s     Synthesize event
    t =   132.19s     Wait for com.bicterm.app to idle
    t =   134.03s Checking `Expect predicate `exists == 0` for object "hop-field-host" TextField`
    t =   134.03s     Checking existence of `"hop-field-host" TextField`
    t =   135.14s Get number of matches for: Descendants matching type Sheet
    t =   135.61s Checking existence of `"add-hop" Button`
    t =   135.69s Find the "add-hop" Button
    t =   135.78s Find the Window (First Match)
    t =   135.79s Find the "add-hop" Button
    t =   135.87s Get number of matches for: Descendants matching type NavigationBar
    t =   135.92s Find the NavigationBar (Element at index 0)
    t =   135.99s Find the NavigationBar (Element at index 1)
    t =   136.05s Find the "add-hop" Button
    t =   136.14s Tap "add-hop" Button
    t =   136.14s     Wait for com.bicterm.app to idle
    t =   136.14s     Find the "add-hop" Button
    t =   136.21s     Check for interrupting elements affecting "add-hop" Button
    t =   136.28s     Synthesize event
    t =   136.57s     Wait for com.bicterm.app to idle
    t =   136.84s Waiting 5.0s for "hop-limit-message" StaticText to exist
    t =   137.88s     Checking `Expect predicate `existsNoRetry == 1` for object "hop-limit-message" StaticText`
    t =   137.88s         Checking existence of `"hop-limit-message" StaticText`
    t =   137.96s Find the "hop-limit-message" StaticText
    t =   138.03s Checking existence of `"hop-field-host" TextField`
    t =   138.09s Checking existence of `"field-host" TextField`
    t =   138.16s Swipe down Target Application 'com.bicterm.app'
    t =   138.16s     Wait for com.bicterm.app to idle
    t =   138.17s     Find the Target Application 'com.bicterm.app'
    t =   138.23s     Check for interrupting elements affecting "BicTerm" Application
    t =   138.29s     Synthesize event
    t =   138.71s     Wait for com.bicterm.app to idle
    t =   139.28s Checking existence of `"field-host" TextField`
    t =   139.35s Find the "field-host" TextField
    t =   139.43s Find the Window (First Match)
    t =   139.43s Find the "field-host" TextField
    t =   139.50s Get number of matches for: Descendants matching type NavigationBar
    t =   139.56s Find the NavigationBar (Element at index 0)
    t =   139.62s Find the NavigationBar (Element at index 1)
    t =   139.68s Tap "field-host" TextField
    t =   139.68s     Wait for com.bicterm.app to idle
    t =   139.68s     Find the "field-host" TextField
    t =   139.74s     Check for interrupting elements affecting "field-host" TextField
    t =   139.81s     Synthesize event
    t =   140.11s     Wait for com.bicterm.app to idle
    t =   141.48s Checking `Expect predicate `hasKeyboardFocus == 1` for object "field-host" TextField`
    t =   141.48s     Find the "field-host" TextField
    t =   141.57s Press "field-host" TextField for 1.1 seconds
    t =   141.57s     Wait for com.bicterm.app to idle
    t =   141.57s     Find the "field-host" TextField
    t =   141.65s     Check for interrupting elements affecting "field-host" TextField
    t =   141.72s     Synthesize event
    t =   143.07s     Wait for com.bicterm.app to idle
    t =   144.14s Waiting 2.0s for "Select All" MenuItem to exist
    t =   145.16s     Checking `Expect predicate `existsNoRetry == 1` for object "Select All" MenuItem`
    t =   145.16s         Checking existence of `"Select All" MenuItem`
    t =   145.25s Tap "Select All" MenuItem
    t =   145.25s     Wait for com.bicterm.app to idle
    t =   145.25s     Find the "Select All" MenuItem
    t =   145.33s     Check for interrupting elements affecting "Select All" MenuItem
    t =   145.41s     Synthesize event
    t =   145.70s     Wait for com.bicterm.app to idle
    t =   146.66s Type 'hop1.example.com' into Target Application 'com.bicterm.app'
    t =   146.66s     Wait for com.bicterm.app to idle
    t =   146.66s     Find the Target Application 'com.bicterm.app'
    t =   146.73s     Check for interrupting elements affecting "BicTerm" Application
    t =   146.80s     Synthesize event
    t =   146.80s         Get number of matches for: Elements containing elements matching predicate 'hasKeyboardFocus == 1'
    t =   147.33s     Wait for com.bicterm.app to idle
    t =   147.38s Get number of matches for: Descendants matching type Keyboard
    t =   147.45s Waiting 2.0s for "Done" Button to exist
    t =   148.49s     Checking `Expect predicate `existsNoRetry == 1` for object "Done" Button`
    t =   148.49s         Checking existence of `"Done" Button`
    t =   148.58s Tap "Done" Button
    t =   148.58s     Wait for com.bicterm.app to idle
    t =   148.58s     Find the "Done" Button
    t =   148.66s     Check for interrupting elements affecting "Done" Button
    t =   148.73s     Synthesize event
    t =   149.03s     Wait for com.bicterm.app to idle
    t =   149.82s Checking existence of `"cycle-warning" StaticText`
    t =   149.90s Swipe up Target Application 'com.bicterm.app'
    t =   149.91s     Wait for com.bicterm.app to idle
    t =   149.91s     Find the Target Application 'com.bicterm.app'
    t =   149.96s     Check for interrupting elements affecting "BicTerm" Application
    t =   150.02s     Synthesize event
    t =   150.45s     Wait for com.bicterm.app to idle
    t =   151.62s Checking existence of `"cycle-warning" StaticText`
    t =   151.69s Find the "cycle-warning" StaticText
    t =   151.77s Find the Window (First Match)
    t =   151.78s Find the "cycle-warning" StaticText
    t =   151.85s Get number of matches for: Descendants matching type NavigationBar
    t =   151.91s Find the NavigationBar (Element at index 0)
    t =   151.97s Find the NavigationBar (Element at index 1)
    t =   152.04s Find the "cycle-warning" StaticText
    t =   152.12s Find the "save-editor" Button
    t =   152.19s Checking existence of `"field-host" TextField`
    t =   152.26s Swipe down Target Application 'com.bicterm.app'
    t =   152.26s     Wait for com.bicterm.app to idle
    t =   152.60s     Find the Target Application 'com.bicterm.app'
    t =   152.66s     Check for interrupting elements affecting "BicTerm" Application
    t =   152.72s     Synthesize event
    t =   153.15s     Wait for com.bicterm.app to idle
    t =   154.26s Checking existence of `"field-host" TextField`
    t =   154.32s Find the "field-host" TextField
    t =   154.40s Find the Window (First Match)
    t =   154.41s Find the "field-host" TextField
    t =   154.48s Get number of matches for: Descendants matching type NavigationBar
    t =   154.54s Find the NavigationBar (Element at index 0)
    t =   154.60s Find the NavigationBar (Element at index 1)
    t =   154.66s Tap "field-host" TextField
    t =   154.66s     Wait for com.bicterm.app to idle
    t =   154.66s     Find the "field-host" TextField
    t =   154.73s     Check for interrupting elements affecting "field-host" TextField
    t =   154.79s     Synthesize event
    t =   155.09s     Wait for com.bicterm.app to idle
    t =   156.38s Checking `Expect predicate `hasKeyboardFocus == 1` for object "field-host" TextField`
    t =   156.38s     Find the "field-host" TextField
    t =   156.47s Press "field-host" TextField for 1.1 seconds
    t =   156.47s     Wait for com.bicterm.app to idle
    t =   156.48s     Find the "field-host" TextField
    t =   156.55s     Check for interrupting elements affecting "field-host" TextField
    t =   156.62s     Synthesize event
    t =   157.96s     Wait for com.bicterm.app to idle
    t =   158.71s Waiting 2.0s for "Select All" MenuItem to exist
    t =   159.75s     Checking `Expect predicate `existsNoRetry == 1` for object "Select All" MenuItem`
    t =   159.75s         Checking existence of `"Select All" MenuItem`
    t =   159.83s Tap "Select All" MenuItem
    t =   159.83s     Wait for com.bicterm.app to idle
    t =   159.84s     Find the "Select All" MenuItem
    t =   159.92s     Check for interrupting elements affecting "Select All" MenuItem
    t =   160.00s     Synthesize event
    t =   160.30s     Wait for com.bicterm.app to idle
    t =   161.22s Type '10.1.2.3' into Target Application 'com.bicterm.app'
    t =   161.22s     Wait for com.bicterm.app to idle
    t =   161.23s     Find the Target Application 'com.bicterm.app'
    t =   161.30s     Check for interrupting elements affecting "BicTerm" Application
    t =   161.37s     Synthesize event
    t =   161.38s         Get number of matches for: Elements containing elements matching predicate 'hasKeyboardFocus == 1'
    t =   161.78s     Wait for com.bicterm.app to idle
    t =   161.97s Get number of matches for: Descendants matching type Keyboard
    t =   162.04s Waiting 2.0s for "Done" Button to exist
    t =   163.07s     Checking `Expect predicate `existsNoRetry == 1` for object "Done" Button`
    t =   163.07s         Checking existence of `"Done" Button`
    t =   163.17s Tap "Done" Button
    t =   163.17s     Wait for com.bicterm.app to idle
    t =   163.17s     Find the "Done" Button
    t =   163.25s     Check for interrupting elements affecting "Done" Button
    t =   163.33s     Synthesize event
    t =   163.62s     Wait for com.bicterm.app to idle
    t =   164.42s Checking existence of `"add-hop" Button`
    t =   164.49s Swipe up Target Application 'com.bicterm.app'
    t =   164.49s     Wait for com.bicterm.app to idle
    t =   164.49s     Find the Target Application 'com.bicterm.app'
    t =   164.54s     Check for interrupting elements affecting "BicTerm" Application
    t =   164.60s     Synthesize event
    t =   165.02s     Wait for com.bicterm.app to idle
    t =   166.04s Checking existence of `"add-hop" Button`
    t =   166.11s Find the "add-hop" Button
    t =   166.19s Find the Window (First Match)
    t =   166.20s Find the "add-hop" Button
    t =   166.27s Get number of matches for: Descendants matching type NavigationBar
    t =   166.32s Find the NavigationBar (Element at index 0)
    t =   166.38s Find the NavigationBar (Element at index 1)
    t =   166.44s Checking existence of `"cycle-warning" StaticText`
    t =   166.51s Find the "save-editor" Button
    t =   166.57s Tap "cancel-editor" Button
    t =   166.57s     Wait for com.bicterm.app to idle
    t =   167.12s     Find the "cancel-editor" Button
    t =   167.18s     Check for interrupting elements affecting "cancel-editor" Button
    t =   167.25s     Synthesize event
    t =   167.55s     Wait for com.bicterm.app to idle
    t =   168.21s Tear Down
Test Case '-[BicTermUITests.ConnectionEditorUITests testChainValidationBlocksSixthHopAndCycle]' passed (168.613 seconds).
Test Case '-[BicTermUITests.ConnectionEditorUITests testCreateAndPersistTwoHopChainConnection]' started.
    t =     0.00s Start Test at 2026-09-08 22:25:04.993
    t =     0.02s Set Up
    t =     0.02s Open com.bicterm.app
    t =     0.02s     Launch com.bicterm.app
    t =     0.02s         Terminate com.bicterm.app:15305
2026-09-08 22:25:06.077 xcodebuild[13956:29844560] [MT] IDELaunchParametersSnapshot: The operation couldn’t be completed. (DebuggerLLDB.DebuggerVersionStore.StoreError error 0.)
2026-09-08 22:25:06.077 xcodebuild[13956:29844560] [MT] IDELaunchParametersSnapshot: no debugger version
    t =     1.29s         Setting up automation session
    t =     2.18s         Wait for com.bicterm.app to idle
    t =     3.70s Waiting 15.0s for "add-connection" Button to exist
    t =     4.74s     Checking `Expect predicate `existsNoRetry == 1` for object "add-connection" Button`
    t =     4.75s         Checking existence of `"add-connection" Button`
    t =     4.80s Tap "add-connection" Button
    t =     4.80s     Wait for com.bicterm.app to idle
    t =     4.81s     Find the "add-connection" Button
    t =     4.83s     Check for interrupting elements affecting "add-connection" Button
    t =     4.86s     Synthesize event
    t =     5.16s     Wait for com.bicterm.app to idle
    t =     6.07s Waiting 10.0s for "field-name" TextField to exist
    t =     7.10s     Checking `Expect predicate `existsNoRetry == 1` for object "field-name" TextField`
    t =     7.11s         Checking existence of `"field-name" TextField`
    t =     7.21s Tap "field-name" TextField
    t =     7.21s     Wait for com.bicterm.app to idle
    t =     7.21s     Find the "field-name" TextField
    t =     7.27s     Check for interrupting elements affecting "field-name" TextField
    t =     7.32s     Synthesize event
    t =     7.62s     Wait for com.bicterm.app to idle
    t =     8.76s Checking `Expect predicate `hasKeyboardFocus == 1` for object "field-name" TextField`
    t =     8.77s     Find the "field-name" TextField
    t =     8.87s Type 'Chain Two Hop' into Target Application 'com.bicterm.app'
    t =     8.87s     Wait for com.bicterm.app to idle
    t =     8.87s     Find the Target Application 'com.bicterm.app'
    t =     8.93s     Check for interrupting elements affecting "BicTerm" Application
    t =     9.00s     Synthesize event
    t =     9.00s         Get number of matches for: Elements containing elements matching predicate 'hasKeyboardFocus == 1'
    t =     9.48s     Wait for com.bicterm.app to idle
    t =     9.52s Get number of matches for: Descendants matching type Keyboard
    t =     9.59s Waiting 2.0s for "Done" Button to exist
    t =    10.63s     Checking `Expect predicate `existsNoRetry == 1` for object "Done" Button`
    t =    10.63s         Checking existence of `"Done" Button`
    t =    10.72s Tap "Done" Button
    t =    10.72s     Wait for com.bicterm.app to idle
    t =    10.72s     Find the "Done" Button
    t =    10.80s     Check for interrupting elements affecting "Done" Button
    t =    10.87s     Synthesize event
    t =    11.17s     Wait for com.bicterm.app to idle
    t =    11.96s Tap "field-host" TextField
    t =    11.96s     Wait for com.bicterm.app to idle
    t =    11.96s     Find the "field-host" TextField
    t =    12.02s     Check for interrupting elements affecting "field-host" TextField
    t =    12.09s     Synthesize event
    t =    12.38s     Wait for com.bicterm.app to idle
    t =    13.67s Checking `Expect predicate `hasKeyboardFocus == 1` for object "field-host" TextField`
    t =    13.67s     Find the "field-host" TextField
    t =    13.76s Type '10.0.0.9' into Target Application 'com.bicterm.app'
    t =    13.76s     Wait for com.bicterm.app to idle
    t =    13.76s     Find the Target Application 'com.bicterm.app'
    t =    13.82s     Check for interrupting elements affecting "BicTerm" Application
    t =    13.89s     Synthesize event
    t =    13.89s         Get number of matches for: Elements containing elements matching predicate 'hasKeyboardFocus == 1'
    t =    14.28s     Wait for com.bicterm.app to idle
    t =    14.40s Get number of matches for: Descendants matching type Keyboard
    t =    14.47s Waiting 2.0s for "Done" Button to exist
    t =    15.51s     Checking `Expect predicate `existsNoRetry == 1` for object "Done" Button`
    t =    15.51s         Checking existence of `"Done" Button`
    t =    15.59s Tap "Done" Button
    t =    15.59s     Wait for com.bicterm.app to idle
    t =    15.60s     Find the "Done" Button
    t =    15.67s     Check for interrupting elements affecting "Done" Button
    t =    15.74s     Synthesize event
    t =    16.04s     Wait for com.bicterm.app to idle
    t =    16.84s Tap "field-username" TextField
    t =    16.84s     Wait for com.bicterm.app to idle
    t =    16.84s     Find the "field-username" TextField
    t =    16.91s     Check for interrupting elements affecting "field-username" TextField
    t =    16.97s     Synthesize event
    t =    17.27s     Wait for com.bicterm.app to idle
    t =    18.59s Checking `Expect predicate `hasKeyboardFocus == 1` for object "field-username" TextField`
    t =    18.59s     Find the "field-username" TextField
    t =    18.67s Type 'alice' into Target Application 'com.bicterm.app'
    t =    18.67s     Wait for com.bicterm.app to idle
    t =    18.67s     Find the Target Application 'com.bicterm.app'
    t =    18.73s     Check for interrupting elements affecting "BicTerm" Application
    t =    18.80s     Synthesize event
    t =    18.80s         Get number of matches for: Elements containing elements matching predicate 'hasKeyboardFocus == 1'
    t =    19.15s     Wait for com.bicterm.app to idle
    t =    19.32s Get number of matches for: Descendants matching type Keyboard
    t =    19.39s Waiting 2.0s for "Done" Button to exist
    t =    20.44s     Checking `Expect predicate `existsNoRetry == 1` for object "Done" Button`
    t =    20.45s         Checking existence of `"Done" Button`
    t =    20.54s Tap "Done" Button
    t =    20.54s     Wait for com.bicterm.app to idle
    t =    20.54s     Find the "Done" Button
    t =    20.62s     Check for interrupting elements affecting "Done" Button
    t =    20.69s     Synthesize event
    t =    20.98s     Wait for com.bicterm.app to idle
    t =    21.77s Get number of matches for: Descendants matching type Keyboard
    t =    21.83s Tap "key-selector" Button
    t =    21.83s     Wait for com.bicterm.app to idle
    t =    21.83s     Find the "key-selector" Button
    t =    21.90s     Check for interrupting elements affecting "key-selector" Button
    t =    21.96s     Synthesize event
    t =    22.26s     Wait for com.bicterm.app to idle
    t =    23.02s Waiting 5.0s for "key-Fixture-Ed25519" Button to exist
    t =    24.05s     Checking `Expect predicate `existsNoRetry == 1` for object "key-Fixture-Ed25519" Button`
    t =    24.05s         Checking existence of `"key-Fixture-Ed25519" Button`
    t =    24.10s Tap "key-Fixture-Ed25519" Button
    t =    24.10s     Wait for com.bicterm.app to idle
    t =    24.10s     Find the "key-Fixture-Ed25519" Button
    t =    24.15s     Check for interrupting elements affecting "key-Fixture-Ed25519" Button
    t =    24.19s     Synthesize event
    t =    24.48s     Wait for com.bicterm.app to idle
    t =    25.29s Checking existence of `"add-hop" Button`
    t =    25.36s Find the "add-hop" Button
    t =    25.44s Find the Window (First Match)
    t =    25.45s Find the "add-hop" Button
    t =    25.52s Get number of matches for: Descendants matching type NavigationBar
    t =    25.57s Find the NavigationBar (Element at index 0)
    t =    25.63s Find the NavigationBar (Element at index 1)
    t =    25.70s Tap "add-hop" Button
    t =    25.70s     Wait for com.bicterm.app to idle
    t =    25.70s     Find the "add-hop" Button
    t =    25.77s     Check for interrupting elements affecting "add-hop" Button
    t =    25.83s     Synthesize event
    t =    26.13s     Wait for com.bicterm.app to idle
    t =    26.81s Waiting 10.0s for "hop-field-host" TextField to exist
    t =    27.87s     Checking `Expect predicate `existsNoRetry == 1` for object "hop-field-host" TextField`
    t =    27.87s         Checking existence of `"hop-field-host" TextField`
    t =    27.98s Tap "hop-field-host" TextField
    t =    27.98s     Wait for com.bicterm.app to idle
    t =    27.99s     Find the "hop-field-host" TextField
    t =    28.08s     Check for interrupting elements affecting "hop-field-host" TextField
    t =    28.16s     Synthesize event
    t =    28.46s     Wait for com.bicterm.app to idle
    t =    29.85s Checking `Expect predicate `hasKeyboardFocus == 1` for object "hop-field-host" TextField`
    t =    29.85s     Find the "hop-field-host" TextField
    t =    29.95s Type '127.0.0.1' into Target Application 'com.bicterm.app'
    t =    29.95s     Wait for com.bicterm.app to idle
    t =    29.96s     Find the Target Application 'com.bicterm.app'
    t =    30.04s     Check for interrupting elements affecting "BicTerm" Application
    t =    30.13s     Synthesize event
    t =    30.13s         Get number of matches for: Elements containing elements matching predicate 'hasKeyboardFocus == 1'
    t =    30.56s     Wait for com.bicterm.app to idle
    t =    30.66s Get number of matches for: Descendants matching type Keyboard
    t =    30.74s Waiting 2.0s for "Done" Button to exist
    t =    31.79s     Checking `Expect predicate `existsNoRetry == 1` for object "Done" Button`
    t =    31.79s         Checking existence of `"Done" Button`
    t =    31.90s Tap "Done" Button
    t =    31.90s     Wait for com.bicterm.app to idle
    t =    31.90s     Find the "Done" Button
    t =    32.00s     Check for interrupting elements affecting "Done" Button
    t =    32.10s     Synthesize event
    t =    32.38s     Wait for com.bicterm.app to idle
    t =    33.19s Tap "hop-field-port" TextField
    t =    33.19s     Wait for com.bicterm.app to idle
    t =    33.19s     Find the "hop-field-port" TextField
    t =    33.28s     Check for interrupting elements affecting "hop-field-port" TextField
    t =    33.36s     Synthesize event
    t =    33.65s     Wait for com.bicterm.app to idle
    t =    34.97s Checking `Expect predicate `hasKeyboardFocus == 1` for object "hop-field-port" TextField`
    t =    34.97s     Find the "hop-field-port" TextField
    t =    35.08s Press "hop-field-port" TextField for 1.1 seconds
    t =    35.08s     Wait for com.bicterm.app to idle
    t =    35.08s     Find the "hop-field-port" TextField
    t =    35.18s     Check for interrupting elements affecting "hop-field-port" TextField
    t =    35.27s     Synthesize event
    t =    36.62s     Wait for com.bicterm.app to idle
    t =    37.77s Waiting 2.0s for "Select All" MenuItem to exist
    t =    38.83s     Checking `Expect predicate `existsNoRetry == 1` for object "Select All" MenuItem`
    t =    38.83s         Checking existence of `"Select All" MenuItem`
    t =    38.94s Tap "Select All" MenuItem
    t =    38.94s     Wait for com.bicterm.app to idle
    t =    38.95s     Find the "Select All" MenuItem
    t =    39.06s     Check for interrupting elements affecting "Select All" MenuItem
    t =    39.15s     Synthesize event
    t =    39.45s     Wait for com.bicterm.app to idle
    t =    40.37s Type '12222' into Target Application 'com.bicterm.app'
    t =    40.37s     Wait for com.bicterm.app to idle
    t =    40.38s     Find the Target Application 'com.bicterm.app'
    t =    40.46s     Check for interrupting elements affecting "BicTerm" Application
    t =    40.56s     Synthesize event
    t =    40.56s         Get number of matches for: Elements containing elements matching predicate 'hasKeyboardFocus == 1'
    t =    40.94s     Wait for com.bicterm.app to idle
    t =    41.18s Get number of matches for: Descendants matching type Keyboard
    t =    41.27s Waiting 2.0s for "Done" Button to exist
    t =    42.30s     Checking `Expect predicate `existsNoRetry == 1` for object "Done" Button`
    t =    42.30s         Checking existence of `"Done" Button`
    t =    42.40s Tap "Done" Button
    t =    42.40s     Wait for com.bicterm.app to idle
    t =    42.40s     Find the "Done" Button
    t =    42.51s     Check for interrupting elements affecting "Done" Button
    t =    42.60s     Synthesize event
    t =    42.90s     Wait for com.bicterm.app to idle
    t =    43.71s Tap "hop-field-username" TextField
    t =    43.71s     Wait for com.bicterm.app to idle
    t =    43.71s     Find the "hop-field-username" TextField
    t =    43.80s     Check for interrupting elements affecting "hop-field-username" TextField
    t =    43.88s     Synthesize event
    t =    44.18s     Wait for com.bicterm.app to idle
    t =    45.49s Checking `Expect predicate `hasKeyboardFocus == 1` for object "hop-field-username" TextField`
    t =    45.49s     Find the "hop-field-username" TextField
    t =    45.59s Type 'hop1user' into Target Application 'com.bicterm.app'
    t =    45.59s     Wait for com.bicterm.app to idle
    t =    45.60s     Find the Target Application 'com.bicterm.app'
    t =    45.68s     Check for interrupting elements affecting "BicTerm" Application
    t =    45.77s     Synthesize event
    t =    45.78s         Get number of matches for: Elements containing elements matching predicate 'hasKeyboardFocus == 1'
    t =    46.20s     Wait for com.bicterm.app to idle
    t =    46.32s Get number of matches for: Descendants matching type Keyboard
    t =    46.41s Waiting 2.0s for "Done" Button to exist
    t =    47.44s     Checking `Expect predicate `existsNoRetry == 1` for object "Done" Button`
    t =    47.45s         Checking existence of `"Done" Button`
    t =    47.55s Tap "Done" Button
    t =    47.55s     Wait for com.bicterm.app to idle
    t =    47.55s     Find the "Done" Button
    t =    47.66s     Check for interrupting elements affecting "Done" Button
    t =    47.75s     Synthesize event
    t =    48.05s     Wait for com.bicterm.app to idle
    t =    48.84s Tap "hop-key-selector" Button
    t =    48.84s     Wait for com.bicterm.app to idle
    t =    48.84s     Find the "hop-key-selector" Button
    t =    48.93s     Check for interrupting elements affecting "hop-key-selector" Button
    t =    49.01s     Synthesize event
    t =    49.31s     Wait for com.bicterm.app to idle
    t =    50.04s Waiting 5.0s for "key-Fixture-Ed25519" Button to exist
    t =    51.08s     Checking `Expect predicate `existsNoRetry == 1` for object "key-Fixture-Ed25519" Button`
    t =    51.08s         Checking existence of `"key-Fixture-Ed25519" Button`
    t =    51.17s Tap "key-Fixture-Ed25519" Button
    t =    51.17s     Wait for com.bicterm.app to idle
    t =    51.17s     Find the "key-Fixture-Ed25519" Button
    t =    51.25s     Check for interrupting elements affecting "key-Fixture-Ed25519" Button
    t =    51.33s     Synthesize event
    t =    51.63s     Wait for com.bicterm.app to idle
    t =    52.44s Waiting 5.0s for "save-hop" Button to exist
    t =    53.48s     Checking `Expect predicate `existsNoRetry == 1` for object "save-hop" Button`
    t =    53.48s         Checking existence of `"save-hop" Button`
    t =    53.57s Tap "save-hop" Button
    t =    53.57s     Wait for com.bicterm.app to idle
    t =    53.57s     Find the "save-hop" Button
    t =    53.65s     Check for interrupting elements affecting "save-hop" Button
    t =    53.74s     Synthesize event
    t =    54.03s     Wait for com.bicterm.app to idle
    t =    55.87s Checking `Expect predicate `exists == 0` for object "hop-field-host" TextField`
    t =    55.87s     Checking existence of `"hop-field-host" TextField`
    t =    56.96s Get number of matches for: Descendants matching type Sheet
    t =    57.43s Checking existence of `"add-hop" Button`
    t =    57.49s Find the "add-hop" Button
    t =    57.56s Find the Window (First Match)
    t =    57.57s Find the "add-hop" Button
    t =    57.64s Get number of matches for: Descendants matching type NavigationBar
    t =    57.69s Find the NavigationBar (Element at index 0)
    t =    57.75s Find the NavigationBar (Element at index 1)
    t =    57.81s Tap "add-hop" Button
    t =    57.81s     Wait for com.bicterm.app to idle
    t =    57.81s     Find the "add-hop" Button
    t =    57.87s     Check for interrupting elements affecting "add-hop" Button
    t =    57.94s     Synthesize event
    t =    58.23s     Wait for com.bicterm.app to idle
    t =    59.07s Waiting 10.0s for "hop-field-host" TextField to exist
    t =    60.11s     Checking `Expect predicate `existsNoRetry == 1` for object "hop-field-host" TextField`
    t =    60.11s         Checking existence of `"hop-field-host" TextField`
    t =    60.24s Tap "hop-field-host" TextField
    t =    60.24s     Wait for com.bicterm.app to idle
    t =    60.24s     Find the "hop-field-host" TextField
    t =    60.33s     Check for interrupting elements affecting "hop-field-host" TextField
    t =    60.42s     Synthesize event
    t =    60.71s     Wait for com.bicterm.app to idle
    t =    62.03s Checking `Expect predicate `hasKeyboardFocus == 1` for object "hop-field-host" TextField`
    t =    62.03s     Find the "hop-field-host" TextField
    t =    62.13s Type '127.0.0.1' into Target Application 'com.bicterm.app'
    t =    62.13s     Wait for com.bicterm.app to idle
    t =    62.14s     Find the Target Application 'com.bicterm.app'
    t =    62.21s     Check for interrupting elements affecting "BicTerm" Application
    t =    62.30s     Synthesize event
    t =    62.30s         Get number of matches for: Elements containing elements matching predicate 'hasKeyboardFocus == 1'
    t =    62.74s     Wait for com.bicterm.app to idle
    t =    62.83s Get number of matches for: Descendants matching type Keyboard
    t =    62.92s Waiting 2.0s for "Done" Button to exist
    t =    63.95s     Checking `Expect predicate `existsNoRetry == 1` for object "Done" Button`
    t =    63.95s         Checking existence of `"Done" Button`
    t =    64.05s Tap "Done" Button
    t =    64.05s     Wait for com.bicterm.app to idle
    t =    64.05s     Find the "Done" Button
    t =    64.15s     Check for interrupting elements affecting "Done" Button
    t =    64.24s     Synthesize event
    t =    64.54s     Wait for com.bicterm.app to idle
    t =    65.34s Tap "hop-field-port" TextField
    t =    65.34s     Wait for com.bicterm.app to idle
    t =    65.34s     Find the "hop-field-port" TextField
    t =    65.43s     Check for interrupting elements affecting "hop-field-port" TextField
    t =    65.51s     Synthesize event
    t =    65.81s     Wait for com.bicterm.app to idle
    t =    67.14s Checking `Expect predicate `hasKeyboardFocus == 1` for object "hop-field-port" TextField`
    t =    67.14s     Find the "hop-field-port" TextField
    t =    67.25s Press "hop-field-port" TextField for 1.1 seconds
    t =    67.25s     Wait for com.bicterm.app to idle
    t =    67.26s     Find the "hop-field-port" TextField
    t =    67.36s     Check for interrupting elements affecting "hop-field-port" TextField
    t =    67.45s     Synthesize event
    t =    68.80s     Wait for com.bicterm.app to idle
    t =    70.09s Waiting 2.0s for "Select All" MenuItem to exist
    t =    71.11s     Checking `Expect predicate `existsNoRetry == 1` for object "Select All" MenuItem`
    t =    71.11s         Checking existence of `"Select All" MenuItem`
    t =    71.22s Tap "Select All" MenuItem
    t =    71.22s     Wait for com.bicterm.app to idle
    t =    71.23s     Find the "Select All" MenuItem
    t =    71.34s     Check for interrupting elements affecting "Select All" MenuItem
    t =    71.43s     Synthesize event
    t =    71.73s     Wait for com.bicterm.app to idle
    t =    72.64s Type '12223' into Target Application 'com.bicterm.app'
    t =    72.64s     Wait for com.bicterm.app to idle
    t =    72.64s     Find the Target Application 'com.bicterm.app'
    t =    72.73s     Check for interrupting elements affecting "BicTerm" Application
    t =    72.82s     Synthesize event
    t =    72.83s         Get number of matches for: Elements containing elements matching predicate 'hasKeyboardFocus == 1'
    t =    73.20s     Wait for com.bicterm.app to idle
    t =    73.43s Get number of matches for: Descendants matching type Keyboard
    t =    73.52s Waiting 2.0s for "Done" Button to exist
    t =    74.56s     Checking `Expect predicate `existsNoRetry == 1` for object "Done" Button`
    t =    74.56s         Checking existence of `"Done" Button`
    t =    74.67s Tap "Done" Button
    t =    74.67s     Wait for com.bicterm.app to idle
    t =    74.67s     Find the "Done" Button
    t =    74.77s     Check for interrupting elements affecting "Done" Button
    t =    74.87s     Synthesize event
    t =    75.16s     Wait for com.bicterm.app to idle
    t =    75.97s Tap "hop-field-username" TextField
    t =    75.97s     Wait for com.bicterm.app to idle
    t =    75.98s     Find the "hop-field-username" TextField
    t =    76.07s     Check for interrupting elements affecting "hop-field-username" TextField
    t =    76.16s     Synthesize event
    t =    76.45s     Wait for com.bicterm.app to idle
    t =    77.76s Checking `Expect predicate `hasKeyboardFocus == 1` for object "hop-field-username" TextField`
    t =    77.76s     Find the "hop-field-username" TextField
    t =    77.87s Type 'hop2user' into Target Application 'com.bicterm.app'
    t =    77.87s     Wait for com.bicterm.app to idle
    t =    77.87s     Find the Target Application 'com.bicterm.app'
    t =    77.96s     Check for interrupting elements affecting "BicTerm" Application
    t =    78.05s     Synthesize event
    t =    78.05s         Get number of matches for: Elements containing elements matching predicate 'hasKeyboardFocus == 1'
    t =    78.47s     Wait for com.bicterm.app to idle
    t =    78.59s Get number of matches for: Descendants matching type Keyboard
    t =    78.68s Waiting 2.0s for "Done" Button to exist
    t =    79.70s     Checking `Expect predicate `existsNoRetry == 1` for object "Done" Button`
    t =    79.70s         Checking existence of `"Done" Button`
    t =    79.82s Tap "Done" Button
    t =    79.82s     Wait for com.bicterm.app to idle
    t =    79.82s     Find the "Done" Button
    t =    79.92s     Check for interrupting elements affecting "Done" Button
    t =    80.02s     Synthesize event
    t =    80.32s     Wait for com.bicterm.app to idle
    t =    81.11s Tap "hop-key-selector" Button
    t =    81.11s     Wait for com.bicterm.app to idle
    t =    81.11s     Find the "hop-key-selector" Button
    t =    81.20s     Check for interrupting elements affecting "hop-key-selector" Button
    t =    81.28s     Synthesize event
    t =    81.58s     Wait for com.bicterm.app to idle
    t =    82.29s Waiting 5.0s for "key-Fixture-Ed25519-Passphrase" Button to exist
    t =    83.34s     Checking `Expect predicate `existsNoRetry == 1` for object "key-Fixture-Ed25519-Passphrase" Button`
    t =    83.34s         Checking existence of `"key-Fixture-Ed25519-Passphrase" Button`
    t =    83.43s Tap "key-Fixture-Ed25519-Passphrase" Button
    t =    83.43s     Wait for com.bicterm.app to idle
    t =    83.44s     Find the "key-Fixture-Ed25519-Passphrase" Button
    t =    83.52s     Check for interrupting elements affecting "key-Fixture-Ed25519-Passphrase" Button
    t =    83.59s     Synthesize event
    t =    83.89s     Wait for com.bicterm.app to idle
    t =    84.68s Waiting 5.0s for "save-hop" Button to exist
    t =    85.75s     Checking `Expect predicate `existsNoRetry == 1` for object "save-hop" Button`
    t =    85.75s         Checking existence of `"save-hop" Button`
    t =    85.84s Tap "save-hop" Button
    t =    85.84s     Wait for com.bicterm.app to idle
    t =    85.84s     Find the "save-hop" Button
    t =    85.92s     Check for interrupting elements affecting "save-hop" Button
    t =    86.01s     Synthesize event
    t =    86.31s     Wait for com.bicterm.app to idle
    t =    88.13s Checking `Expect predicate `exists == 0` for object "hop-field-host" TextField`
    t =    88.14s     Checking existence of `"hop-field-host" TextField`
    t =    89.24s Get number of matches for: Descendants matching type Sheet
    t =    89.72s Waiting 5.0s for "hop-0-host" StaticText to exist
    t =    90.76s     Checking `Expect predicate `existsNoRetry == 1` for object "hop-0-host" StaticText`
    t =    90.76s         Checking existence of `"hop-0-host" StaticText`
    t =    90.83s Find the "hop-0-host" StaticText
    t =    90.90s Find the "hop-1-host" StaticText
    t =    90.96s Tap "save-editor" Button
    t =    90.96s     Wait for com.bicterm.app to idle
    t =    90.97s     Find the "save-editor" Button
    t =    91.03s     Check for interrupting elements affecting "save-editor" Button
    t =    91.10s     Synthesize event
    t =    91.40s     Wait for com.bicterm.app to idle
    t =    92.17s Waiting 10.0s for "connection-Chain-Two-Hop" Button to exist
    t =    93.19s     Checking `Expect predicate `existsNoRetry == 1` for object "connection-Chain-Two-Hop" Button`
    t =    93.19s         Checking existence of `"connection-Chain-Two-Hop" Button`
    t =    93.23s Checking existence of `"2 hops" StaticText`
    t =    93.26s Checking existence of `"ssh" StaticText`
    t =    93.28s Find the Target Application 'com.bicterm.app'
    t =    93.40s Added attachment named 'connection-list-after-save'
    t =    93.40s Terminate com.bicterm.app:15647
    t =    94.45s Open com.bicterm.app
    t =    94.46s     Launch com.bicterm.app
2026-09-08 22:26:39.449 xcodebuild[13956:29844560] [MT] IDELaunchParametersSnapshot: The operation couldn’t be completed. (DebuggerLLDB.DebuggerVersionStore.StoreError error 0.)
2026-09-08 22:26:39.449 xcodebuild[13956:29844560] [MT] IDELaunchParametersSnapshot: no debugger version
    t =    94.66s         Setting up automation session
    t =    95.53s         Wait for com.bicterm.app to idle
    t =    97.14s Waiting 10.0s for "connection-Chain-Two-Hop" Button to exist
    t =    98.18s     Checking `Expect predicate `existsNoRetry == 1` for object "connection-Chain-Two-Hop" Button`
    t =    98.18s         Checking existence of `"connection-Chain-Two-Hop" Button`
    t =    98.24s Checking existence of `"2 hops" StaticText`
    t =    98.27s Checking existence of `Cell (First Match)`
    t =    98.30s Swipe left Cell (First Match)
    t =    98.30s     Wait for com.bicterm.app to idle
    t =    98.31s     Find the Cell (First Match)
    t =    98.34s     Check for interrupting elements affecting Cell
    t =    98.37s     Synthesize event
    t =    98.82s     Wait for com.bicterm.app to idle
    t =    99.47s Waiting 5.0s for "edit-Chain-Two-Hop" Button to exist
    t =   100.52s     Checking `Expect predicate `existsNoRetry == 1` for object "edit-Chain-Two-Hop" Button`
    t =   100.52s         Checking existence of `"edit-Chain-Two-Hop" Button`
    t =   100.56s Tap "edit-Chain-Two-Hop" Button
    t =   100.56s     Wait for com.bicterm.app to idle
    t =   100.56s     Find the "edit-Chain-Two-Hop" Button
    t =   100.59s     Check for interrupting elements affecting "edit-Chain-Two-Hop" Button
    t =   100.62s     Synthesize event
    t =   100.92s     Wait for com.bicterm.app to idle
    t =   101.92s Waiting 10.0s for "cancel-editor" Button to exist
    t =   102.98s     Checking `Expect predicate `existsNoRetry == 1` for object "cancel-editor" Button`
    t =   102.98s         Checking existence of `"cancel-editor" Button`
    t =   103.08s Checking existence of `"field-name" TextField`
    t =   103.15s Find the "field-name" TextField
    t =   103.22s Find the Window (First Match)
    t =   103.23s Find the "field-name" TextField
    t =   103.30s Get number of matches for: Descendants matching type NavigationBar
    t =   103.35s Find the NavigationBar (Element at index 0)
    t =   103.42s Find the NavigationBar (Element at index 1)
    t =   103.48s Find the "field-name" TextField
    t =   103.56s Find the "field-name" TextField
    t =   103.62s Find the "field-host" TextField
    t =   103.69s Find the "field-username" TextField
    t =   103.75s Checking existence of `"key-selector" Button`
    t =   103.82s Find the "key-selector" Button
    t =   103.90s Find the Window (First Match)
    t =   103.90s Find the "key-selector" Button
    t =   103.97s Get number of matches for: Descendants matching type NavigationBar
    t =   104.03s Find the NavigationBar (Element at index 0)
    t =   104.09s Find the NavigationBar (Element at index 1)
    t =   104.16s Find the "key-selector" Button
    t =   104.23s Checking existence of `"hop-0-host" StaticText`
    t =   104.30s Find the "hop-0-host" StaticText
    t =   104.38s Find the Window (First Match)
    t =   104.39s Find the "hop-0-host" StaticText
    t =   104.46s Get number of matches for: Descendants matching type NavigationBar
    t =   104.52s Find the NavigationBar (Element at index 0)
    t =   104.58s Find the NavigationBar (Element at index 1)
    t =   104.65s Find the "hop-0-host" StaticText
    t =   104.72s Find the "hop-1-host" StaticText
    t =   104.78s Tap "cancel-editor" Button
    t =   104.78s     Wait for com.bicterm.app to idle
    t =   104.78s     Find the "cancel-editor" Button
    t =   104.85s     Check for interrupting elements affecting "cancel-editor" Button
    t =   104.92s     Synthesize event
    t =   105.22s     Wait for com.bicterm.app to idle
    t =   105.87s Tear Down
Test Case '-[BicTermUITests.ConnectionEditorUITests testCreateAndPersistTwoHopChainConnection]' passed (106.347 seconds).
Test Case '-[BicTermUITests.ConnectionEditorUITests testFailedPersistenceKeepsEditorOpenAndClearsErrorAfterEditing]' started.
    t =     0.00s Start Test at 2026-09-08 22:26:51.340
    t =     0.02s Set Up
    t =     0.02s Open com.bicterm.app
    t =     0.03s     Launch com.bicterm.app
    t =     0.03s         Terminate com.bicterm.app:15801
2026-09-08 22:26:52.441 xcodebuild[13956:29844560] [MT] IDELaunchParametersSnapshot: The operation couldn’t be completed. (DebuggerLLDB.DebuggerVersionStore.StoreError error 0.)
2026-09-08 22:26:52.441 xcodebuild[13956:29844560] [MT] IDELaunchParametersSnapshot: no debugger version
    t =     1.32s         Setting up automation session
    t =     2.15s         Wait for com.bicterm.app to idle
    t =     3.69s Waiting 15.0s for "add-connection" Button to exist
    t =     4.72s     Checking `Expect predicate `existsNoRetry == 1` for object "add-connection" Button`
    t =     4.72s         Checking existence of `"add-connection" Button`
    t =     4.78s Tap "add-connection" Button
    t =     4.78s     Wait for com.bicterm.app to idle
    t =     4.79s     Find the "add-connection" Button
    t =     4.81s     Check for interrupting elements affecting "add-connection" Button
    t =     4.84s     Synthesize event
    t =     5.14s     Wait for com.bicterm.app to idle
    t =     6.21s Waiting 10.0s for "field-name" TextField to exist
    t =     7.25s     Checking `Expect predicate `existsNoRetry == 1` for object "field-name" TextField`
    t =     7.26s         Checking existence of `"field-name" TextField`
    t =     7.36s Tap "field-name" TextField
    t =     7.36s     Wait for com.bicterm.app to idle
    t =     7.37s     Find the "field-name" TextField
    t =     7.43s     Check for interrupting elements affecting "field-name" TextField
    t =     7.49s     Synthesize event
    t =     7.79s     Wait for com.bicterm.app to idle
    t =     8.95s Checking `Expect predicate `hasKeyboardFocus == 1` for object "field-name" TextField`
    t =     8.95s     Find the "field-name" TextField
    t =     9.05s Type 'Cannot Save' into Target Application 'com.bicterm.app'
    t =     9.05s     Wait for com.bicterm.app to idle
    t =     9.06s     Find the Target Application 'com.bicterm.app'
    t =     9.11s     Check for interrupting elements affecting "BicTerm" Application
    t =     9.18s     Synthesize event
    t =     9.18s         Get number of matches for: Elements containing elements matching predicate 'hasKeyboardFocus == 1'
    t =     9.63s     Wait for com.bicterm.app to idle
    t =     9.72s Get number of matches for: Descendants matching type Keyboard
    t =     9.79s Waiting 2.0s for "Done" Button to exist
    t =    10.83s     Checking `Expect predicate `existsNoRetry == 1` for object "Done" Button`
    t =    10.83s         Checking existence of `"Done" Button`
    t =    10.91s Tap "Done" Button
    t =    10.91s     Wait for com.bicterm.app to idle
    t =    10.92s     Find the "Done" Button
    t =    11.00s     Check for interrupting elements affecting "Done" Button
    t =    11.07s     Synthesize event
    t =    11.37s     Wait for com.bicterm.app to idle
    t =    12.17s Tap "field-host" TextField
    t =    12.18s     Wait for com.bicterm.app to idle
    t =    12.18s     Find the "field-host" TextField
    t =    12.24s     Check for interrupting elements affecting "field-host" TextField
    t =    12.30s     Synthesize event
    t =    12.60s     Wait for com.bicterm.app to idle
    t =    13.97s Checking `Expect predicate `hasKeyboardFocus == 1` for object "field-host" TextField`
    t =    13.97s     Find the "field-host" TextField
    t =    14.05s Type 'failure.example.com' into Target Application 'com.bicterm.app'
    t =    14.05s     Wait for com.bicterm.app to idle
    t =    14.06s     Find the Target Application 'com.bicterm.app'
    t =    14.12s     Check for interrupting elements affecting "BicTerm" Application
    t =    14.19s     Synthesize event
    t =    14.19s         Get number of matches for: Elements containing elements matching predicate 'hasKeyboardFocus == 1'
    t =    14.77s     Wait for com.bicterm.app to idle
    t =    14.77s Get number of matches for: Descendants matching type Keyboard
    t =    14.83s Waiting 2.0s for "Done" Button to exist
    t =    15.86s     Checking `Expect predicate `existsNoRetry == 1` for object "Done" Button`
    t =    15.86s         Checking existence of `"Done" Button`
    t =    15.94s Tap "Done" Button
    t =    15.94s     Wait for com.bicterm.app to idle
    t =    15.95s     Find the "Done" Button
    t =    16.03s     Check for interrupting elements affecting "Done" Button
    t =    16.10s     Synthesize event
    t =    16.39s     Wait for com.bicterm.app to idle
    t =    17.19s Tap "field-username" TextField
    t =    17.19s     Wait for com.bicterm.app to idle
    t =    17.20s     Find the "field-username" TextField
    t =    17.26s     Check for interrupting elements affecting "field-username" TextField
    t =    17.32s     Synthesize event
    t =    17.62s     Wait for com.bicterm.app to idle
    t =    18.93s Checking `Expect predicate `hasKeyboardFocus == 1` for object "field-username" TextField`
    t =    18.94s     Find the "field-username" TextField
    t =    19.03s Type 'alice' into Target Application 'com.bicterm.app'
    t =    19.03s     Wait for com.bicterm.app to idle
    t =    19.03s     Find the Target Application 'com.bicterm.app'
    t =    19.09s     Check for interrupting elements affecting "BicTerm" Application
    t =    19.15s     Synthesize event
    t =    19.15s         Get number of matches for: Elements containing elements matching predicate 'hasKeyboardFocus == 1'
    t =    19.50s     Wait for com.bicterm.app to idle
    t =    19.67s Get number of matches for: Descendants matching type Keyboard
    t =    19.75s Waiting 2.0s for "Done" Button to exist
    t =    20.81s     Checking `Expect predicate `existsNoRetry == 1` for object "Done" Button`
    t =    20.81s         Checking existence of `"Done" Button`
    t =    20.89s Tap "Done" Button
    t =    20.89s     Wait for com.bicterm.app to idle
    t =    20.89s     Find the "Done" Button
    t =    20.97s     Check for interrupting elements affecting "Done" Button
    t =    21.04s     Synthesize event
    t =    21.33s     Wait for com.bicterm.app to idle
    t =    22.12s Get number of matches for: Descendants matching type Keyboard
    t =    22.18s Tap "key-selector" Button
    t =    22.18s     Wait for com.bicterm.app to idle
    t =    22.19s     Find the "key-selector" Button
    t =    22.25s     Check for interrupting elements affecting "key-selector" Button
    t =    22.32s     Synthesize event
    t =    22.61s     Wait for com.bicterm.app to idle
    t =    23.39s Waiting 5.0s for "key-Fixture-Ed25519" Button to exist
    t =    24.45s     Checking `Expect predicate `existsNoRetry == 1` for object "key-Fixture-Ed25519" Button`
    t =    24.45s         Checking existence of `"key-Fixture-Ed25519" Button`
    t =    24.50s Tap "key-Fixture-Ed25519" Button
    t =    24.50s     Wait for com.bicterm.app to idle
    t =    24.50s     Find the "key-Fixture-Ed25519" Button
    t =    24.54s     Check for interrupting elements affecting "key-Fixture-Ed25519" Button
    t =    24.59s     Synthesize event
    t =    24.88s     Wait for com.bicterm.app to idle
    t =    25.71s Checking existence of `"connect-button" Button`
    t =    25.79s Swipe up Target Application 'com.bicterm.app'
    t =    25.79s     Wait for com.bicterm.app to idle
    t =    25.79s     Find the Target Application 'com.bicterm.app'
    t =    25.84s     Check for interrupting elements affecting "BicTerm" Application
    t =    25.90s     Synthesize event
    t =    26.32s     Wait for com.bicterm.app to idle
    t =    26.82s Checking existence of `"connect-button" Button`
    t =    26.88s Find the "connect-button" Button
    t =    26.96s Find the Window (First Match)
    t =    26.97s Find the "connect-button" Button
    t =    27.04s Get number of matches for: Descendants matching type NavigationBar
    t =    27.09s Find the NavigationBar (Element at index 0)
    t =    27.15s Find the NavigationBar (Element at index 1)
    t =    27.22s Tap "connect-button" Button
    t =    27.22s     Wait for com.bicterm.app to idle
    t =    27.22s     Find the "connect-button" Button
    t =    27.28s     Check for interrupting elements affecting "connect-button" Button
    t =    27.34s     Synthesize event
    t =    27.64s     Wait for com.bicterm.app to idle
    t =    27.91s Waiting 5.0s for "save-error" StaticText to exist
    t =    28.92s     Checking `Expect predicate `existsNoRetry == 1` for object "save-error" StaticText`
    t =    28.92s         Checking existence of `"save-error" StaticText`
    t =    28.99s Find the "save-error" StaticText
    t =    29.05s Checking existence of `"cancel-editor" Button`
    t =    29.12s Checking existence of `"field-name" TextField`
    t =    29.18s Swipe down Target Application 'com.bicterm.app'
    t =    29.18s     Wait for com.bicterm.app to idle
    t =    29.19s     Find the Target Application 'com.bicterm.app'
    t =    29.24s     Check for interrupting elements affecting "BicTerm" Application
    t =    29.30s     Synthesize event
    t =    29.73s     Wait for com.bicterm.app to idle
    t =    30.24s Checking existence of `"field-name" TextField`
    t =    30.30s Find the "field-name" TextField
    t =    30.37s Find the Window (First Match)
    t =    30.38s Find the "field-name" TextField
    t =    30.45s Get number of matches for: Descendants matching type NavigationBar
    t =    30.50s Find the NavigationBar (Element at index 0)
    t =    30.56s Find the NavigationBar (Element at index 1)
    t =    30.62s Find the "field-name" TextField
    t =    30.70s Tap "field-name" TextField
    t =    30.70s     Wait for com.bicterm.app to idle
    t =    30.70s     Find the "field-name" TextField
    t =    30.76s     Check for interrupting elements affecting "field-name" TextField
    t =    30.83s     Synthesize event
    t =    31.12s     Wait for com.bicterm.app to idle
    t =    32.49s Checking `Expect predicate `hasKeyboardFocus == 1` for object "field-name" TextField`
    t =    32.49s     Find the "field-name" TextField
    t =    32.57s Type ' Retry' into Target Application 'com.bicterm.app'
    t =    32.57s     Wait for com.bicterm.app to idle
    t =    32.57s     Find the Target Application 'com.bicterm.app'
    t =    32.63s     Check for interrupting elements affecting "BicTerm" Application
    t =    32.70s     Synthesize event
    t =    32.70s         Get number of matches for: Elements containing elements matching predicate 'hasKeyboardFocus == 1'
    t =    33.06s     Wait for com.bicterm.app to idle
    t =    33.22s Get number of matches for: Descendants matching type Keyboard
    t =    33.29s Waiting 2.0s for "Done" Button to exist
    t =    34.33s     Checking `Expect predicate `existsNoRetry == 1` for object "Done" Button`
    t =    34.33s         Checking existence of `"Done" Button`
    t =    34.41s Tap "Done" Button
    t =    34.41s     Wait for com.bicterm.app to idle
    t =    34.41s     Find the "Done" Button
    t =    34.49s     Check for interrupting elements affecting "Done" Button
    t =    34.56s     Synthesize event
    t =    34.85s     Wait for com.bicterm.app to idle
    t =    35.66s Checking existence of `"save-error" StaticText`
    t =    35.72s Tear Down
Test Case '-[BicTermUITests.ConnectionEditorUITests testFailedPersistenceKeepsEditorOpenAndClearsErrorAfterEditing]' passed (35.970 seconds).
Test Case '-[BicTermUITests.ConnectionEditorUITests testKeyPickerListsFixtureKeysWithFingerprints]' started.
    t =     0.00s Start Test at 2026-09-08 22:27:27.312
    t =     0.02s Set Up
    t =     0.02s Open com.bicterm.app
    t =     0.02s     Launch com.bicterm.app
    t =     0.02s         Terminate com.bicterm.app:15832
2026-09-08 22:27:28.417 xcodebuild[13956:29844560] [MT] IDELaunchParametersSnapshot: The operation couldn’t be completed. (DebuggerLLDB.DebuggerVersionStore.StoreError error 0.)
2026-09-08 22:27:28.417 xcodebuild[13956:29844560] [MT] IDELaunchParametersSnapshot: no debugger version
    t =     1.32s         Setting up automation session
    t =     2.21s         Wait for com.bicterm.app to idle
    t =     3.77s Waiting 15.0s for "add-connection" Button to exist
    t =     4.80s     Checking `Expect predicate `existsNoRetry == 1` for object "add-connection" Button`
    t =     4.80s         Checking existence of `"add-connection" Button`
    t =     4.86s Tap "add-connection" Button
    t =     4.86s     Wait for com.bicterm.app to idle
    t =     4.86s     Find the "add-connection" Button
    t =     4.89s     Check for interrupting elements affecting "add-connection" Button
    t =     4.91s     Synthesize event
    t =     5.21s     Wait for com.bicterm.app to idle
    t =     6.24s Waiting 10.0s for "field-name" TextField to exist
    t =     7.28s     Checking `Expect predicate `existsNoRetry == 1` for object "field-name" TextField`
    t =     7.28s         Checking existence of `"field-name" TextField`
    t =     7.38s Tap "key-selector" Button
    t =     7.38s     Wait for com.bicterm.app to idle
    t =     7.39s     Find the "key-selector" Button
    t =     7.45s     Check for interrupting elements affecting "key-selector" Button
    t =     7.51s     Synthesize event
    t =     7.81s     Wait for com.bicterm.app to idle
    t =     8.57s Waiting 5.0s for "key-Fixture-Ed25519" Button to exist
    t =     9.61s     Checking `Expect predicate `existsNoRetry == 1` for object "key-Fixture-Ed25519" Button`
    t =     9.61s         Checking existence of `"key-Fixture-Ed25519" Button`
    t =     9.66s Checking existence of `"key-Fixture-Ed25519-Passphrase" Button`
    t =     9.70s Checking existence of `"key-Fixture-Hop2-Unauthorized" Button`
    t =     9.74s Get number of matches for: Elements matching predicate 'label CONTAINS "SHA256:"'
    t =     9.78s Checking existence of `"SHA256:+r0XE2pE/ZCcOeGWrisHbWLLrEFKapNtuqH9LUZ7QqU" StaticText`
    t =     9.82s Tap "key-Fixture-Ed25519" Button
    t =     9.82s     Wait for com.bicterm.app to idle
    t =     9.82s     Find the "key-Fixture-Ed25519" Button
    t =     9.87s     Check for interrupting elements affecting "key-Fixture-Ed25519" Button
    t =     9.91s     Synthesize event
    t =    10.20s     Wait for com.bicterm.app to idle
    t =    11.02s Waiting 5.0s for "Fixture Ed25519" StaticText to exist
    t =    12.06s     Checking `Expect predicate `existsNoRetry == 1` for object "Fixture Ed25519" StaticText`
    t =    12.06s         Checking existence of `"Fixture Ed25519" StaticText`
    t =    12.13s Tear Down
Test Case '-[BicTermUITests.ConnectionEditorUITests testKeyPickerListsFixtureKeysWithFingerprints]' passed (12.353 seconds).
Test Case '-[BicTermUITests.ConnectionEditorUITests testReplacingDefaultPortDoesNotAppendToExistingDigits]' started.
    t =     0.00s Start Test at 2026-09-08 22:27:39.666
    t =     0.02s Set Up
    t =     0.02s Open com.bicterm.app
    t =     0.03s     Launch com.bicterm.app
    t =     0.03s         Terminate com.bicterm.app:15928
2026-09-08 22:27:40.773 xcodebuild[13956:29844560] [MT] IDELaunchParametersSnapshot: The operation couldn’t be completed. (DebuggerLLDB.DebuggerVersionStore.StoreError error 0.)
2026-09-08 22:27:40.773 xcodebuild[13956:29844560] [MT] IDELaunchParametersSnapshot: no debugger version
    t =     1.32s         Setting up automation session
    t =     2.19s         Wait for com.bicterm.app to idle
    t =     3.70s Waiting 15.0s for "add-connection" Button to exist
    t =     4.74s     Checking `Expect predicate `existsNoRetry == 1` for object "add-connection" Button`
    t =     4.74s         Checking existence of `"add-connection" Button`
    t =     4.80s Tap "add-connection" Button
    t =     4.80s     Wait for com.bicterm.app to idle
    t =     4.80s     Find the "add-connection" Button
    t =     4.83s     Check for interrupting elements affecting "add-connection" Button
    t =     4.86s     Synthesize event
    t =     5.15s     Wait for com.bicterm.app to idle
    t =     6.13s Waiting 10.0s for "field-name" TextField to exist
    t =     7.16s     Checking `Expect predicate `existsNoRetry == 1` for object "field-name" TextField`
    t =     7.16s         Checking existence of `"field-name" TextField`
    t =     7.27s Tap "field-port" TextField
    t =     7.27s     Wait for com.bicterm.app to idle
    t =     7.27s     Find the "field-port" TextField
    t =     7.33s     Check for interrupting elements affecting "field-port" TextField
    t =     7.39s     Synthesize event
    t =     7.68s     Wait for com.bicterm.app to idle
    t =     8.79s Checking `Expect predicate `hasKeyboardFocus == 1` for object "field-port" TextField`
    t =     8.79s     Find the "field-port" TextField
    t =     8.88s Press "field-port" TextField for 1.1 seconds
    t =     8.88s     Wait for com.bicterm.app to idle
    t =     8.88s     Find the "field-port" TextField
    t =     8.95s     Check for interrupting elements affecting "field-port" TextField
    t =     9.01s     Synthesize event
    t =    10.36s     Wait for com.bicterm.app to idle
    t =    11.48s Waiting 2.0s for "Select All" MenuItem to exist
    t =    12.51s     Checking `Expect predicate `existsNoRetry == 1` for object "Select All" MenuItem`
    t =    12.51s         Checking existence of `"Select All" MenuItem`
    t =    12.58s Tap "Select All" MenuItem
    t =    12.58s     Wait for com.bicterm.app to idle
    t =    12.59s     Find the "Select All" MenuItem
    t =    12.66s     Check for interrupting elements affecting "Select All" MenuItem
    t =    12.73s     Synthesize event
    t =    13.02s     Wait for com.bicterm.app to idle
    t =    13.93s Type '12222' into Target Application 'com.bicterm.app'
    t =    13.93s     Wait for com.bicterm.app to idle
    t =    13.94s     Find the Target Application 'com.bicterm.app'
    t =    14.00s     Check for interrupting elements affecting "BicTerm" Application
    t =    14.06s     Synthesize event
    t =    14.07s         Get number of matches for: Elements containing elements matching predicate 'hasKeyboardFocus == 1'
    t =    14.41s     Wait for com.bicterm.app to idle
    t =    14.65s Get number of matches for: Descendants matching type Keyboard
    t =    14.70s Waiting 2.0s for "Done" Button to exist
    t =    15.72s     Checking `Expect predicate `existsNoRetry == 1` for object "Done" Button`
    t =    15.72s         Checking existence of `"Done" Button`
    t =    15.80s Tap "Done" Button
    t =    15.80s     Wait for com.bicterm.app to idle
    t =    15.80s     Find the "Done" Button
    t =    15.87s     Check for interrupting elements affecting "Done" Button
    t =    15.95s     Synthesize event
    t =    16.24s     Wait for com.bicterm.app to idle
    t =    17.03s Find the "field-port" TextField
    t =    17.10s Tear Down
Test Case '-[BicTermUITests.ConnectionEditorUITests testReplacingDefaultPortDoesNotAppendToExistingDigits]' passed (17.320 seconds).
Test Case '-[BicTermUITests.ConnectionEditorUITests testSwipeActionsEditDuplicateAndDelete]' started.
    t =     0.00s Start Test at 2026-09-08 22:27:56.987
    t =     0.03s Set Up
    t =     0.03s Open com.bicterm.app
    t =     0.03s     Launch com.bicterm.app
    t =     0.03s         Terminate com.bicterm.app:15949
2026-09-08 22:27:58.093 xcodebuild[13956:29844560] [MT] IDELaunchParametersSnapshot: The operation couldn’t be completed. (DebuggerLLDB.DebuggerVersionStore.StoreError error 0.)
2026-09-08 22:27:58.093 xcodebuild[13956:29844560] [MT] IDELaunchParametersSnapshot: no debugger version
    t =     1.32s         Setting up automation session
    t =     2.18s         Wait for com.bicterm.app to idle
    t =     3.71s Waiting 15.0s for "add-connection" Button to exist
    t =     4.75s     Checking `Expect predicate `existsNoRetry == 1` for object "add-connection" Button`
    t =     4.75s         Checking existence of `"add-connection" Button`
    t =     4.81s Tap "add-connection" Button
    t =     4.81s     Wait for com.bicterm.app to idle
    t =     4.81s     Find the "add-connection" Button
    t =     4.84s     Check for interrupting elements affecting "add-connection" Button
    t =     4.87s     Synthesize event
    t =     5.17s     Wait for com.bicterm.app to idle
    t =     6.09s Waiting 10.0s for "field-name" TextField to exist
    t =     7.14s     Checking `Expect predicate `existsNoRetry == 1` for object "field-name" TextField`
    t =     7.14s         Checking existence of `"field-name" TextField`
    t =     7.25s Tap "field-name" TextField
    t =     7.25s     Wait for com.bicterm.app to idle
    t =     7.25s     Find the "field-name" TextField
    t =     7.31s     Check for interrupting elements affecting "field-name" TextField
    t =     7.38s     Synthesize event
    t =     7.67s     Wait for com.bicterm.app to idle
    t =     8.80s Checking `Expect predicate `hasKeyboardFocus == 1` for object "field-name" TextField`
    t =     8.80s     Find the "field-name" TextField
    t =     8.91s Type 'Swipe Me' into Target Application 'com.bicterm.app'
    t =     8.91s     Wait for com.bicterm.app to idle
    t =     8.91s     Find the Target Application 'com.bicterm.app'
    t =     8.97s     Check for interrupting elements affecting "BicTerm" Application
    t =     9.04s     Synthesize event
    t =     9.04s         Get number of matches for: Elements containing elements matching predicate 'hasKeyboardFocus == 1'
    t =     9.44s     Wait for com.bicterm.app to idle
    t =     9.59s Get number of matches for: Descendants matching type Keyboard
    t =     9.66s Waiting 2.0s for "Done" Button to exist
    t =    10.69s     Checking `Expect predicate `existsNoRetry == 1` for object "Done" Button`
    t =    10.69s         Checking existence of `"Done" Button`
    t =    10.77s Tap "Done" Button
    t =    10.77s     Wait for com.bicterm.app to idle
    t =    10.77s     Find the "Done" Button
    t =    10.85s     Check for interrupting elements affecting "Done" Button
    t =    10.92s     Synthesize event
    t =    11.22s     Wait for com.bicterm.app to idle
    t =    12.01s Tap "field-host" TextField
    t =    12.01s     Wait for com.bicterm.app to idle
    t =    12.01s     Find the "field-host" TextField
    t =    12.08s     Check for interrupting elements affecting "field-host" TextField
    t =    12.14s     Synthesize event
    t =    12.44s     Wait for com.bicterm.app to idle
    t =    13.77s Checking `Expect predicate `hasKeyboardFocus == 1` for object "field-host" TextField`
    t =    13.77s     Find the "field-host" TextField
    t =    13.85s Type '10.9.9.9' into Target Application 'com.bicterm.app'
    t =    13.85s     Wait for com.bicterm.app to idle
    t =    13.86s     Find the Target Application 'com.bicterm.app'
    t =    13.92s     Check for interrupting elements affecting "BicTerm" Application
    t =    13.99s     Synthesize event
    t =    13.99s         Get number of matches for: Elements containing elements matching predicate 'hasKeyboardFocus == 1'
    t =    14.39s     Wait for com.bicterm.app to idle
    t =    14.53s Get number of matches for: Descendants matching type Keyboard
    t =    14.59s Waiting 2.0s for "Done" Button to exist
    t =    15.64s     Checking `Expect predicate `existsNoRetry == 1` for object "Done" Button`
    t =    15.64s         Checking existence of `"Done" Button`
    t =    15.72s Tap "Done" Button
    t =    15.72s     Wait for com.bicterm.app to idle
    t =    15.72s     Find the "Done" Button
    t =    15.80s     Check for interrupting elements affecting "Done" Button
    t =    15.88s     Synthesize event
    t =    16.18s     Wait for com.bicterm.app to idle
    t =    16.98s Tap "field-username" TextField
    t =    16.98s     Wait for com.bicterm.app to idle
    t =    16.98s     Find the "field-username" TextField
    t =    17.04s     Check for interrupting elements affecting "field-username" TextField
    t =    17.10s     Synthesize event
    t =    17.40s     Wait for com.bicterm.app to idle
    t =    18.73s Checking `Expect predicate `hasKeyboardFocus == 1` for object "field-username" TextField`
    t =    18.73s     Find the "field-username" TextField
    t =    18.81s Type 'u' into Target Application 'com.bicterm.app'
    t =    18.81s     Wait for com.bicterm.app to idle
    t =    18.81s     Find the Target Application 'com.bicterm.app'
    t =    18.87s     Check for interrupting elements affecting "BicTerm" Application
    t =    18.94s     Synthesize event
    t =    18.94s         Get number of matches for: Elements containing elements matching predicate 'hasKeyboardFocus == 1'
    t =    19.22s     Wait for com.bicterm.app to idle
    t =    19.47s Get number of matches for: Descendants matching type Keyboard
    t =    19.54s Waiting 2.0s for "Done" Button to exist
    t =    20.57s     Checking `Expect predicate `existsNoRetry == 1` for object "Done" Button`
    t =    20.57s         Checking existence of `"Done" Button`
    t =    20.65s Tap "Done" Button
    t =    20.65s     Wait for com.bicterm.app to idle
    t =    20.66s     Find the "Done" Button
    t =    20.74s     Check for interrupting elements affecting "Done" Button
    t =    20.81s     Synthesize event
    t =    21.11s     Wait for com.bicterm.app to idle
    t =    21.89s Get number of matches for: Descendants matching type Keyboard
    t =    21.95s Tap "key-selector" Button
    t =    21.95s     Wait for com.bicterm.app to idle
    t =    21.95s     Find the "key-selector" Button
    t =    22.02s     Check for interrupting elements affecting "key-selector" Button
    t =    22.08s     Synthesize event
    t =    22.37s     Wait for com.bicterm.app to idle
    t =    23.16s Waiting 5.0s for "key-Fixture-Ed25519" Button to exist
    t =    24.22s     Checking `Expect predicate `existsNoRetry == 1` for object "key-Fixture-Ed25519" Button`
    t =    24.22s         Checking existence of `"key-Fixture-Ed25519" Button`
    t =    24.26s Tap "key-Fixture-Ed25519" Button
    t =    24.26s     Wait for com.bicterm.app to idle
    t =    24.27s     Find the "key-Fixture-Ed25519" Button
    t =    24.31s     Check for interrupting elements affecting "key-Fixture-Ed25519" Button
    t =    24.35s     Synthesize event
    t =    24.64s     Wait for com.bicterm.app to idle
    t =    25.48s Tap "save-editor" Button
    t =    25.48s     Wait for com.bicterm.app to idle
    t =    25.48s     Find the "save-editor" Button
    t =    25.55s     Check for interrupting elements affecting "save-editor" Button
    t =    25.61s     Synthesize event
    t =    25.92s     Wait for com.bicterm.app to idle
    t =    26.39s Waiting 10.0s for "connection-Swipe-Me" Button to exist
    t =    27.41s     Checking `Expect predicate `existsNoRetry == 1` for object "connection-Swipe-Me" Button`
    t =    27.41s         Checking existence of `"connection-Swipe-Me" Button`
    t =    27.45s Checking existence of `Cell (First Match)`
    t =    27.48s Swipe left Cell (First Match)
    t =    27.48s     Wait for com.bicterm.app to idle
    t =    27.48s     Find the Cell (First Match)
    t =    27.52s     Check for interrupting elements affecting Cell
    t =    27.55s     Synthesize event
    t =    28.00s     Wait for com.bicterm.app to idle
    t =    28.66s Waiting 5.0s for "edit-Swipe-Me" Button to exist
    t =    29.69s     Checking `Expect predicate `existsNoRetry == 1` for object "edit-Swipe-Me" Button`
    t =    29.69s         Checking existence of `"edit-Swipe-Me" Button`
    t =    29.72s Tap "edit-Swipe-Me" Button
    t =    29.72s     Wait for com.bicterm.app to idle
    t =    29.72s     Find the "edit-Swipe-Me" Button
    t =    29.75s     Check for interrupting elements affecting "edit-Swipe-Me" Button
    t =    29.78s     Synthesize event
    t =    30.08s     Wait for com.bicterm.app to idle
    t =    31.06s Waiting 5.0s for "field-name" TextField to exist
    t =    32.12s     Checking `Expect predicate `existsNoRetry == 1` for object "field-name" TextField`
    t =    32.12s         Checking existence of `"field-name" TextField`
    t =    32.22s Tap "cancel-editor" Button
    t =    32.22s     Wait for com.bicterm.app to idle
    t =    32.22s     Find the "cancel-editor" Button
    t =    32.29s     Check for interrupting elements affecting "cancel-editor" Button
    t =    32.35s     Synthesize event
    t =    32.65s     Wait for com.bicterm.app to idle
    t =    33.39s Checking existence of `Cell (First Match)`
    t =    33.43s Swipe left Cell (First Match)
    t =    33.43s     Wait for com.bicterm.app to idle
    t =    33.44s     Find the Cell (First Match)
    t =    33.48s     Check for interrupting elements affecting Cell
    t =    33.51s     Synthesize event
    t =    33.96s     Wait for com.bicterm.app to idle
    t =    34.63s Waiting 5.0s for "duplicate-Swipe-Me" Button to exist
    t =    35.65s     Checking `Expect predicate `existsNoRetry == 1` for object "duplicate-Swipe-Me" Button`
    t =    35.65s         Checking existence of `"duplicate-Swipe-Me" Button`
    t =    35.69s Tap "duplicate-Swipe-Me" Button
    t =    35.69s     Wait for com.bicterm.app to idle
    t =    35.69s     Find the "duplicate-Swipe-Me" Button
    t =    35.72s     Check for interrupting elements affecting "duplicate-Swipe-Me" Button
    t =    35.75s     Synthesize event
    t =    36.05s     Wait for com.bicterm.app to idle
    t =    37.03s Waiting 10.0s for "connection-Swipe-Me-(copy)" Button to exist
    t =    38.06s     Checking `Expect predicate `existsNoRetry == 1` for object "connection-Swipe-Me-(copy)" Button`
    t =    38.06s         Checking existence of `"connection-Swipe-Me-(copy)" Button`
    t =    38.09s Checking existence of `Cell (First Match)`
    t =    38.14s Swipe left Cell (First Match)
    t =    38.14s     Wait for com.bicterm.app to idle
    t =    38.14s     Find the Cell (First Match)
    t =    38.19s     Check for interrupting elements affecting Cell
    t =    38.22s     Synthesize event
    t =    38.67s     Wait for com.bicterm.app to idle
    t =    39.33s Waiting 5.0s for "delete-Swipe-Me-(copy)" Button to exist
    t =    40.35s     Checking `Expect predicate `existsNoRetry == 1` for object "delete-Swipe-Me-(copy)" Button`
    t =    40.35s         Checking existence of `"delete-Swipe-Me-(copy)" Button`
    t =    40.39s Tap "delete-Swipe-Me-(copy)" Button
    t =    40.39s     Wait for com.bicterm.app to idle
    t =    40.39s     Find the "delete-Swipe-Me-(copy)" Button
    t =    40.42s     Check for interrupting elements affecting "delete-Swipe-Me-(copy)" Button
    t =    40.46s     Synthesize event
    t =    40.76s     Wait for com.bicterm.app to idle
    t =    42.00s Checking `Expect predicate `exists == 0` for object "connection-Swipe-Me-(copy)" Button`
    t =    42.00s     Checking existence of `"connection-Swipe-Me-(copy)" Button`
    t =    42.03s Waiting 5.0s for "connection-Swipe-Me" Button to exist
    t =    43.07s     Checking `Expect predicate `existsNoRetry == 1` for object "connection-Swipe-Me" Button`
    t =    43.07s         Checking existence of `"connection-Swipe-Me" Button`
    t =    43.09s Tear Down
Test Case '-[BicTermUITests.ConnectionEditorUITests testSwipeActionsEditDuplicateAndDelete]' passed (43.348 seconds).
Test Case '-[BicTermUITests.ConnectionEditorUITests testUnavailablePersistedProtocolRemainsVisibleAndCannotBeSavedOrConnected]' started.
    t =     0.00s Start Test at 2026-09-08 22:28:40.335
    t =     0.02s Set Up
    t =     0.02s Open com.bicterm.app
    t =     0.02s     Launch com.bicterm.app
    t =     0.02s         Terminate com.bicterm.app:15992
2026-09-08 22:28:41.407 xcodebuild[13956:29844560] [MT] IDELaunchParametersSnapshot: The operation couldn’t be completed. (DebuggerLLDB.DebuggerVersionStore.StoreError error 0.)
2026-09-08 22:28:41.407 xcodebuild[13956:29844560] [MT] IDELaunchParametersSnapshot: no debugger version
    t =     1.28s         Setting up automation session
    t =     2.17s         Wait for com.bicterm.app to idle
    t =     3.73s Waiting 10.0s for "Unavailable" StaticText to exist
    t =     4.77s     Checking `Expect predicate `existsNoRetry == 1` for object "Unavailable" StaticText`
    t =     4.77s         Checking existence of `"Unavailable" StaticText`
    t =     4.83s Checking existence of `"connection-Future-Protocol" Button`
    t =     4.85s Checking existence of `"unavailable-Future-Protocol" StaticText`
    t =     4.88s Checking existence of `Cell (First Match)`
    t =     4.91s Swipe left Cell (First Match)
    t =     4.91s     Wait for com.bicterm.app to idle
    t =     4.91s     Find the Cell (First Match)
    t =     4.95s     Check for interrupting elements affecting Cell
    t =     4.98s     Synthesize event
    t =     5.43s     Wait for com.bicterm.app to idle
    t =     6.10s Waiting 5.0s for "edit-Future-Protocol" Button to exist
    t =     7.14s     Checking `Expect predicate `existsNoRetry == 1` for object "edit-Future-Protocol" Button`
    t =     7.15s         Checking existence of `"edit-Future-Protocol" Button`
    t =     7.18s Tap "edit-Future-Protocol" Button
    t =     7.18s     Wait for com.bicterm.app to idle
    t =     7.18s     Find the "edit-Future-Protocol" Button
    t =     7.21s     Check for interrupting elements affecting "edit-Future-Protocol" Button
    t =     7.24s     Synthesize event
    t =     7.54s     Wait for com.bicterm.app to idle
    t =     8.58s Waiting 10.0s for "cancel-editor" Button to exist
    t =     9.60s     Checking `Expect predicate `existsNoRetry == 1` for object "cancel-editor" Button`
    t =     9.60s         Checking existence of `"cancel-editor" Button`
    t =     9.71s Waiting 5.0s for Any (First Match) to exist
    t =    10.75s     Checking `Expect predicate `existsNoRetry == 1` for object Any (First Match)`
    t =    10.75s         Checking existence of `Any (First Match)`
    t =    10.88s Find the Any (First Match)
    t =    11.01s Find the "save-editor" Button
    t =    11.07s Tap "protocol-picker" Button
    t =    11.07s     Wait for com.bicterm.app to idle
    t =    11.07s     Find the "protocol-picker" Button
    t =    11.14s     Check for interrupting elements affecting "protocol-picker" Button
    t =    11.20s     Synthesize event
    t =    11.49s     Wait for com.bicterm.app to idle
    t =    12.74s Waiting 5.0s for "uppercase-echo (Unavailable)" Button to exist
    t =    13.79s     Checking `Expect predicate `existsNoRetry == 1` for object "uppercase-echo (Unavailable)" Button`
    t =    13.79s         Checking existence of `"uppercase-echo (Unavailable)" Button`
    t =    13.87s Tap "uppercase-echo (Unavailable)" Button
    t =    13.87s     Wait for com.bicterm.app to idle
    t =    13.87s     Find the "uppercase-echo (Unavailable)" Button
    t =    13.94s     Check for interrupting elements affecting "uppercase-echo (Unavailable)" Button
    t =    14.00s     Synthesize event
    t =    14.29s     Wait for com.bicterm.app to idle
    t =    15.78s Checking existence of `"connect-button" Button`
    t =    15.84s Find the "connect-button" Button
    t =    15.91s Find the Window (First Match)
    t =    15.92s Find the "connect-button" Button
    t =    15.98s Get number of matches for: Descendants matching type NavigationBar
    t =    16.03s Find the NavigationBar (Element at index 0)
    t =    16.09s Find the NavigationBar (Element at index 1)
    t =    16.15s Find the "connect-button" Button
    t =    16.22s Find the "connect-button" Button
    t =    16.28s Tear Down
Test Case '-[BicTermUITests.ConnectionEditorUITests testUnavailablePersistedProtocolRemainsVisibleAndCannotBeSavedOrConnected]' passed (16.551 seconds).
Test Suite 'ConnectionEditorUITests' passed at 2026-09-08 22:28:56.887.
	 Executed 7 tests, with 0 failures (0 unexpected) in 400.503 (400.511) seconds
Test Suite 'KeyManagementUITests' started at 2026-09-08 22:28:56.888.
Test Case '-[BicTermUITests.KeyManagementUITests testCopyPublicKeyConfirmsStateAndMatchesAuthorizedKeysLine]' started.
    t =     0.00s Start Test at 2026-09-08 22:28:56.889
    t =     0.02s Set Up
    t =     0.02s Open com.bicterm.app
    t =     0.03s     Launch com.bicterm.app
    t =     0.03s         Terminate com.bicterm.app:16074
2026-09-08 22:28:57.955 xcodebuild[13956:29844560] [MT] IDELaunchParametersSnapshot: The operation couldn’t be completed. (DebuggerLLDB.DebuggerVersionStore.StoreError error 0.)
2026-09-08 22:28:57.955 xcodebuild[13956:29844560] [MT] IDELaunchParametersSnapshot: no debugger version
    t =     1.28s         Setting up automation session
    t =     2.15s         Wait for com.bicterm.app to idle
    t =     3.89s Waiting 15.0s for "SSH Keys" NavigationBar to exist
    t =     4.93s     Checking `Expect predicate `existsNoRetry == 1` for object "SSH Keys" NavigationBar`
    t =     4.93s         Checking existence of `"SSH Keys" NavigationBar`
    t =     5.01s Waiting 5.0s for "keys-add-menu" Button to exist
    t =     6.07s     Checking `Expect predicate `existsNoRetry == 1` for object "keys-add-menu" Button`
    t =     6.07s         Checking existence of `"keys-add-menu" Button`
    t =     6.11s Tap "keys-add-menu" Button
    t =     6.11s     Wait for com.bicterm.app to idle
    t =     6.12s     Find the "keys-add-menu" Button
    t =     6.16s     Check for interrupting elements affecting "keys-add-menu" Button
    t =     6.20s     Synthesize event
    t =     6.50s     Wait for com.bicterm.app to idle
    t =     7.47s Checking existence of `"menu-import" Button`
    t =     7.52s Waiting 5.0s for "menu-import" Button to exist
    t =     8.55s     Checking `Expect predicate `existsNoRetry == 1` for object "menu-import" Button`
    t =     8.55s         Checking existence of `"menu-import" Button`
    t =     8.59s Tap "menu-import" Button
    t =     8.59s     Wait for com.bicterm.app to idle
    t =     8.60s     Find the "menu-import" Button
    t =     8.64s     Check for interrupting elements affecting "menu-import" Button
    t =     8.68s     Synthesize event
    t =     8.97s     Wait for com.bicterm.app to idle
    t =    10.21s Waiting 5.0s for "import-label" TextField to exist
    t =    11.25s     Checking `Expect predicate `existsNoRetry == 1` for object "import-label" TextField`
    t =    11.25s         Checking existence of `"import-label" TextField`
    t =    11.34s Tap "import-label" TextField
    t =    11.34s     Wait for com.bicterm.app to idle
    t =    11.34s     Find the "import-label" TextField
    t =    11.40s     Check for interrupting elements affecting "import-label" TextField
    t =    11.47s     Synthesize event
    t =    11.75s     Wait for com.bicterm.app to idle
    t =    11.81s Type 'fixture-key' into "import-label" TextField
    t =    11.81s     Wait for com.bicterm.app to idle
    t =    11.81s     Find the "import-label" TextField
    t =    11.92s     Check for interrupting elements affecting "import-label" TextField
    t =    11.99s     Synthesize event
    t =    12.38s     Wait for com.bicterm.app to idle
    t =    12.44s Tap "import-paste" Button
    t =    12.44s     Wait for com.bicterm.app to idle
    t =    12.44s     Find the "import-paste" Button
    t =    12.53s     Check for interrupting elements affecting "import-paste" Button
    t =    12.61s     Synthesize event
    t =    12.90s     Wait for com.bicterm.app to idle
    t =    13.17s Waiting 5.0s for "import-status" StaticText to exist
    t =    14.21s     Checking `Expect predicate `existsNoRetry == 1` for object "import-status" StaticText`
    t =    14.21s         Checking existence of `"import-status" StaticText`
    t =    14.30s Find the "import-status" StaticText
    t =    14.38s Waiting 5.0s for "import-passphrase" SecureTextField to exist
    t =    15.44s     Checking `Expect predicate `existsNoRetry == 1` for object "import-passphrase" SecureTextField`
    t =    15.44s         Checking existence of `"import-passphrase" SecureTextField`
    t =    15.52s Tap "import-passphrase" SecureTextField
    t =    15.52s     Wait for com.bicterm.app to idle
    t =    15.52s     Find the "import-passphrase" SecureTextField
    t =    15.61s     Check for interrupting elements affecting "import-passphrase" SecureTextField
    t =    15.69s     Synthesize event
    t =    15.70s         Scroll element to visible
    t =    15.70s         Find the "import-passphrase" SecureTextField
    t =    15.80s         Computed hit point {201, 383.5} after scrolling to visible
    t =    16.09s     Wait for com.bicterm.app to idle
    t =    16.73s Type '<redacted>' into "import-passphrase" SecureTextField
    t =    16.73s     Wait for com.bicterm.app to idle
    t =    16.73s     Find the "import-passphrase" SecureTextField
    t =    16.81s     Check for interrupting elements affecting "import-passphrase" SecureTextField
    t =    16.89s     Synthesize event
    t =    17.22s     Wait for com.bicterm.app to idle
    t =    17.34s Tap "import-save" Button
    t =    17.34s     Wait for com.bicterm.app to idle
    t =    17.34s     Find the "import-save" Button
    t =    17.43s     Check for interrupting elements affecting "import-save" Button
    t =    17.51s     Synthesize event
    t =    17.81s     Wait for com.bicterm.app to idle
    t =    19.35s Waiting 10.0s for "fixture-key" StaticText to exist
    t =    20.41s     Checking `Expect predicate `existsNoRetry == 1` for object "fixture-key" StaticText`
    t =    20.41s         Checking existence of `"fixture-key" StaticText`
    t =    20.65s Waiting 10.0s for "fixture-key" StaticText to exist
    t =    21.66s     Checking `Expect predicate `existsNoRetry == 1` for object "fixture-key" StaticText`
    t =    21.66s         Checking existence of `"fixture-key" StaticText`
    t =    21.72s Checking existence of `"Key Details" NavigationBar`
    t =    21.78s Find the "fixture-key" StaticText
    t =    21.85s Tap "fixture-key" StaticText[0.50, 0.50]
    t =    21.85s     Wait for com.bicterm.app to idle
    t =    21.85s     Find the "fixture-key" StaticText
    t =    21.90s     Check for interrupting elements affecting "fixture-key" StaticText
    t =    21.96s     Synthesize event
    t =    21.96s         Find the "fixture-key" StaticText
    t =    22.01s         Find the "fixture-key" StaticText
    t =    22.07s         Find the "fixture-key" StaticText
    t =    22.42s     Wait for com.bicterm.app to idle
    t =    22.42s Waiting 3.0s for "Key Details" NavigationBar to exist
    t =    23.45s     Checking `Expect predicate `existsNoRetry == 1` for object "Key Details" NavigationBar`
    t =    23.45s         Checking existence of `"Key Details" NavigationBar`
    t =    23.49s         Capturing element debug description
    t =    24.45s     Checking `Expect predicate `existsNoRetry == 1` for object "Key Details" NavigationBar`
    t =    24.45s         Checking existence of `"Key Details" NavigationBar`
    t =    24.50s         Capturing element debug description
    t =    25.42s     Checking `Expect predicate `existsNoRetry == 1` for object "Key Details" NavigationBar`
    t =    25.42s         Checking existence of `"Key Details" NavigationBar`
    t =    25.47s         Capturing element debug description
    t =    25.47s     Checking existence of `"Key Details" NavigationBar`
    t =    25.51s Collecting debug information to assist test failure triage
    t =    25.51s     Requesting snapshot of accessibility hierarchy for app with pid 16104
    t =    25.58s Checking existence of `"Key Details" NavigationBar`
    t =    25.62s Find the "fixture-key" StaticText
    t =    25.67s Tap "fixture-key" StaticText
    t =    25.67s     Wait for com.bicterm.app to idle
    t =    25.67s     Find the "fixture-key" StaticText
    t =    25.72s     Check for interrupting elements affecting "fixture-key" StaticText
    t =    25.76s     Synthesize event
    t =    26.05s     Wait for com.bicterm.app to idle
    t =    26.84s Waiting 3.0s for "Key Details" NavigationBar to exist
    t =    27.87s     Checking `Expect predicate `existsNoRetry == 1` for object "Key Details" NavigationBar`
    t =    27.87s         Checking existence of `"Key Details" NavigationBar`
    t =    27.92s Checking existence of `"Key Details" NavigationBar`
    t =    27.96s Waiting 5.0s for "public-key-text" StaticText to exist
    t =    29.01s     Checking `Expect predicate `existsNoRetry == 1` for object "public-key-text" StaticText`
    t =    29.01s         Checking existence of `"public-key-text" StaticText`
    t =    29.06s Find the "public-key-text" StaticText
    t =    29.10s Waiting 5.0s for "copy-public-key" Button to exist
    t =    30.13s     Checking `Expect predicate `existsNoRetry == 1` for object "copy-public-key" Button`
    t =    30.13s         Checking existence of `"copy-public-key" Button`
    t =    30.18s Find the "copy-public-key" Button
    t =    30.24s Tap "copy-public-key" Button
    t =    30.24s     Wait for com.bicterm.app to idle
    t =    30.24s     Find the "copy-public-key" Button
    t =    30.29s     Check for interrupting elements affecting "copy-public-key" Button
    t =    30.33s     Synthesize event
    t =    30.63s     Wait for com.bicterm.app to idle
    t =    30.63s Waiting 5.0s for "copy-confirmation" StaticText to exist
    t =    31.67s     Checking `Expect predicate `existsNoRetry == 1` for object "copy-confirmation" StaticText`
    t =    31.67s         Checking existence of `"copy-confirmation" StaticText`
    t =    31.72s Find the "copy-confirmation" StaticText
    t =    31.76s Tear Down
Test Case '-[BicTermUITests.KeyManagementUITests testCopyPublicKeyConfirmsStateAndMatchesAuthorizedKeysLine]' passed (32.031 seconds).
Test Case '-[BicTermUITests.KeyManagementUITests testDeleteKeyWarnsAboutReferencingConnectionsAndConfirms]' started.
    t =     0.00s Start Test at 2026-09-08 22:29:28.922
    t =     0.02s Set Up
    t =     0.02s Open com.bicterm.app
    t =     0.02s     Launch com.bicterm.app
    t =     0.02s         Terminate com.bicterm.app:16104
2026-09-08 22:29:30.005 xcodebuild[13956:29844560] [MT] IDELaunchParametersSnapshot: The operation couldn’t be completed. (DebuggerLLDB.DebuggerVersionStore.StoreError error 0.)
2026-09-08 22:29:30.005 xcodebuild[13956:29844560] [MT] IDELaunchParametersSnapshot: no debugger version
    t =     1.30s         Setting up automation session
    t =     2.16s         Wait for com.bicterm.app to idle
    t =     3.99s Waiting 15.0s for "SSH Keys" NavigationBar to exist
    t =     5.03s     Checking `Expect predicate `existsNoRetry == 1` for object "SSH Keys" NavigationBar`
    t =     5.03s         Checking existence of `"SSH Keys" NavigationBar`
    t =     5.13s Waiting 10.0s for "SE Test Key" StaticText to exist
    t =     6.15s     Checking `Expect predicate `existsNoRetry == 1` for object "SE Test Key" StaticText`
    t =     6.15s         Checking existence of `"SE Test Key" StaticText`
    t =     6.20s Waiting 10.0s for "SE Test Key" StaticText to exist
    t =     7.23s     Checking `Expect predicate `existsNoRetry == 1` for object "SE Test Key" StaticText`
    t =     7.23s         Checking existence of `"SE Test Key" StaticText`
    t =     7.28s Checking existence of `"Key Details" NavigationBar`
    t =     7.32s Find the "SE Test Key" StaticText
    t =     7.37s Tap "SE Test Key" StaticText
    t =     7.37s     Wait for com.bicterm.app to idle
    t =     7.37s     Find the "SE Test Key" StaticText
    t =     7.42s     Check for interrupting elements affecting "SE Test Key" StaticText
    t =     7.46s     Synthesize event
    t =     7.75s     Wait for com.bicterm.app to idle
    t =     8.54s Waiting 3.0s for "Key Details" NavigationBar to exist
    t =     9.58s     Checking `Expect predicate `existsNoRetry == 1` for object "Key Details" NavigationBar`
    t =     9.58s         Checking existence of `"Key Details" NavigationBar`
    t =     9.64s Checking existence of `"Key Details" NavigationBar`
    t =     9.68s Waiting 5.0s for "delete-key" Button to exist
    t =    10.71s     Checking `Expect predicate `existsNoRetry == 1` for object "delete-key" Button`
    t =    10.71s         Checking existence of `"delete-key" Button`
    t =    10.75s Find the "delete-key" Button
    t =    10.81s Tap "delete-key" Button
    t =    10.81s     Wait for com.bicterm.app to idle
    t =    10.81s     Find the "delete-key" Button
    t =    10.85s     Check for interrupting elements affecting "delete-key" Button
    t =    10.90s     Synthesize event
    t =    11.19s     Wait for com.bicterm.app to idle
    t =    11.74s Waiting 5.0s for Any (First Match) to exist
    t =    12.77s     Checking `Expect predicate `existsNoRetry == 1` for object Any (First Match)`
    t =    12.77s         Checking existence of `Any (First Match)`
    t =    12.83s Find the "confirm-delete-key" Button
    t =    12.92s Tap "confirm-delete-key" Button
    t =    12.92s     Wait for com.bicterm.app to idle
    t =    12.92s     Find the "confirm-delete-key" Button
    t =    13.00s     Check for interrupting elements affecting "confirm-delete-key" Button
    t =    13.05s     Synthesize event
    t =    13.34s     Wait for com.bicterm.app to idle
    t =    13.70s Waiting 10.0s for "No Keys Yet" StaticText to exist
    t =    14.73s     Checking `Expect predicate `existsNoRetry == 1` for object "No Keys Yet" StaticText`
    t =    14.74s         Checking existence of `"No Keys Yet" StaticText`
    t =    14.78s Checking existence of `"SE Test Key" StaticText`
    t =    14.82s Tear Down
Test Case '-[BicTermUITests.KeyManagementUITests testDeleteKeyWarnsAboutReferencingConnectionsAndConfirms]' passed (15.293 seconds).
Test Case '-[BicTermUITests.KeyManagementUITests testDSAPasteIsRejectedWithTypedMessageAndListStaysEmpty]' started.
    t =     0.00s Start Test at 2026-09-08 22:29:44.216
    t =     0.02s Set Up
    t =     0.02s Open com.bicterm.app
    t =     0.02s     Launch com.bicterm.app
    t =     0.02s         Terminate com.bicterm.app:16170
2026-09-08 22:29:45.289 xcodebuild[13956:29844560] [MT] IDELaunchParametersSnapshot: The operation couldn’t be completed. (DebuggerLLDB.DebuggerVersionStore.StoreError error 0.)
2026-09-08 22:29:45.289 xcodebuild[13956:29844560] [MT] IDELaunchParametersSnapshot: no debugger version
    t =     1.29s         Setting up automation session
    t =     2.16s         Wait for com.bicterm.app to idle
    t =     3.92s Waiting 15.0s for "SSH Keys" NavigationBar to exist
    t =     4.96s     Checking `Expect predicate `existsNoRetry == 1` for object "SSH Keys" NavigationBar`
    t =     4.96s         Checking existence of `"SSH Keys" NavigationBar`
    t =     5.05s Waiting 5.0s for "keys-add-menu" Button to exist
    t =     6.10s     Checking `Expect predicate `existsNoRetry == 1` for object "keys-add-menu" Button`
    t =     6.10s         Checking existence of `"keys-add-menu" Button`
    t =     6.15s Tap "keys-add-menu" Button
    t =     6.15s     Wait for com.bicterm.app to idle
    t =     6.15s     Find the "keys-add-menu" Button
    t =     6.20s     Check for interrupting elements affecting "keys-add-menu" Button
    t =     6.24s     Synthesize event
    t =     6.54s     Wait for com.bicterm.app to idle
    t =     7.51s Checking existence of `"menu-import" Button`
    t =     7.56s Waiting 5.0s for "menu-import" Button to exist
    t =     8.60s     Checking `Expect predicate `existsNoRetry == 1` for object "menu-import" Button`
    t =     8.60s         Checking existence of `"menu-import" Button`
    t =     8.65s Tap "menu-import" Button
    t =     8.65s     Wait for com.bicterm.app to idle
    t =     8.66s     Find the "menu-import" Button
    t =     8.71s     Check for interrupting elements affecting "menu-import" Button
    t =     8.75s     Synthesize event
    t =     9.04s     Wait for com.bicterm.app to idle
    t =    10.28s Waiting 5.0s for "import-label" TextField to exist
    t =    11.32s     Checking `Expect predicate `existsNoRetry == 1` for object "import-label" TextField`
    t =    11.32s         Checking existence of `"import-label" TextField`
    t =    11.41s Tap "import-label" TextField
    t =    11.41s     Wait for com.bicterm.app to idle
    t =    11.42s     Find the "import-label" TextField
    t =    11.49s     Check for interrupting elements affecting "import-label" TextField
    t =    11.56s     Synthesize event
    t =    11.86s     Wait for com.bicterm.app to idle
    t =    11.89s Type 'bad-dsa' into "import-label" TextField
    t =    11.89s     Wait for com.bicterm.app to idle
    t =    11.89s     Find the "import-label" TextField
    t =    12.00s     Check for interrupting elements affecting "import-label" TextField
    t =    12.08s     Synthesize event
    t =    12.40s     Wait for com.bicterm.app to idle
    t =    12.53s Tap "import-paste" Button
    t =    12.53s     Wait for com.bicterm.app to idle
    t =    12.53s     Find the "import-paste" Button
    t =    12.62s     Check for interrupting elements affecting "import-paste" Button
    t =    12.70s     Synthesize event
    t =    12.99s     Wait for com.bicterm.app to idle
    t =    13.27s Waiting 5.0s for "import-status" StaticText to exist
    t =    14.31s     Checking `Expect predicate `existsNoRetry == 1` for object "import-status" StaticText`
    t =    14.31s         Checking existence of `"import-status" StaticText`
    t =    14.40s Find the "import-status" StaticText
    t =    14.49s Checking existence of `"import-save" Button`
    t =    14.58s Find the "import-save" Button
    t =    14.77s Tap "import-cancel" Button
    t =    14.77s     Wait for com.bicterm.app to idle
    t =    14.78s     Find the "import-cancel" Button
    t =    14.86s     Check for interrupting elements affecting "import-cancel" Button
    t =    14.94s     Synthesize event
    t =    15.24s     Wait for com.bicterm.app to idle
    t =    15.90s Waiting 5.0s for "key-empty-state" Other to exist
    t =    16.97s     Checking `Expect predicate `existsNoRetry == 1` for object "key-empty-state" Other`
    t =    16.97s         Checking existence of `"key-empty-state" Other`
    t =    17.02s         Capturing element debug description
    t =    17.94s     Checking `Expect predicate `existsNoRetry == 1` for object "key-empty-state" Other`
    t =    17.94s         Checking existence of `"key-empty-state" Other`
    t =    17.98s         Capturing element debug description
    t =    18.94s     Checking `Expect predicate `existsNoRetry == 1` for object "key-empty-state" Other`
    t =    18.94s         Checking existence of `"key-empty-state" Other`
    t =    18.98s         Capturing element debug description
    t =    19.92s     Checking `Expect predicate `existsNoRetry == 1` for object "key-empty-state" Other`
    t =    19.92s         Checking existence of `"key-empty-state" Other`
    t =    19.97s         Capturing element debug description
    t =    20.91s     Checking `Expect predicate `existsNoRetry == 1` for object "key-empty-state" Other`
    t =    20.91s         Checking existence of `"key-empty-state" Other`
    t =    20.95s         Capturing element debug description
    t =    20.95s     Checking existence of `"key-empty-state" Other`
    t =    20.99s Collecting debug information to assist test failure triage
    t =    20.99s     Requesting snapshot of accessibility hierarchy for app with pid 16198
    t =    21.07s Waiting 5.0s for "No Keys Yet" StaticText to exist
    t =    22.11s     Checking `Expect predicate `existsNoRetry == 1` for object "No Keys Yet" StaticText`
    t =    22.11s         Checking existence of `"No Keys Yet" StaticText`
    t =    22.16s Checking existence of `"bad-dsa" StaticText`
    t =    22.20s Tear Down
Test Case '-[BicTermUITests.KeyManagementUITests testDSAPasteIsRejectedWithTypedMessageAndListStaysEmpty]' passed (22.420 seconds).
Test Case '-[BicTermUITests.KeyManagementUITests testGenerateEd25519KeyAppearsWithBadgeFingerprintAndCreatedDate]' started.
    t =     0.00s Start Test at 2026-09-08 22:30:06.637
    t =     0.02s Set Up
    t =     0.03s Open com.bicterm.app
    t =     0.03s     Launch com.bicterm.app
    t =     0.03s         Terminate com.bicterm.app:16198
2026-09-08 22:30:07.728 xcodebuild[13956:29844560] [MT] IDELaunchParametersSnapshot: The operation couldn’t be completed. (DebuggerLLDB.DebuggerVersionStore.StoreError error 0.)
2026-09-08 22:30:07.728 xcodebuild[13956:29844560] [MT] IDELaunchParametersSnapshot: no debugger version
    t =     1.30s         Setting up automation session
    t =     2.18s         Wait for com.bicterm.app to idle
    t =     3.96s Waiting 15.0s for "SSH Keys" NavigationBar to exist
    t =     5.02s     Checking `Expect predicate `existsNoRetry == 1` for object "SSH Keys" NavigationBar`
    t =     5.02s         Checking existence of `"SSH Keys" NavigationBar`
    t =     5.11s Waiting 5.0s for "keys-add-menu" Button to exist
    t =     6.14s     Checking `Expect predicate `existsNoRetry == 1` for object "keys-add-menu" Button`
    t =     6.14s         Checking existence of `"keys-add-menu" Button`
    t =     6.19s Tap "keys-add-menu" Button
    t =     6.19s     Wait for com.bicterm.app to idle
    t =     6.19s     Find the "keys-add-menu" Button
    t =     6.24s     Check for interrupting elements affecting "keys-add-menu" Button
    t =     6.28s     Synthesize event
    t =     6.58s     Wait for com.bicterm.app to idle
    t =     7.57s Checking existence of `"menu-generate" Button`
    t =     7.62s Waiting 5.0s for "menu-generate" Button to exist
    t =     8.65s     Checking `Expect predicate `existsNoRetry == 1` for object "menu-generate" Button`
    t =     8.65s         Checking existence of `"menu-generate" Button`
    t =     8.70s Tap "menu-generate" Button
    t =     8.70s     Wait for com.bicterm.app to idle
    t =     8.70s     Find the "menu-generate" Button
    t =     8.75s     Check for interrupting elements affecting "menu-generate" Button
    t =     8.79s     Synthesize event
    t =     9.09s     Wait for com.bicterm.app to idle
    t =    10.56s Waiting 5.0s for "generate-label" TextField to exist
    t =    11.62s     Checking `Expect predicate `existsNoRetry == 1` for object "generate-label" TextField`
    t =    11.62s         Checking existence of `"generate-label" TextField`
    t =    11.71s Tap "generate-label" TextField
    t =    11.71s     Wait for com.bicterm.app to idle
    t =    11.71s     Find the "generate-label" TextField
    t =    11.78s     Check for interrupting elements affecting "generate-label" TextField
    t =    11.85s     Synthesize event
    t =    12.14s     Wait for com.bicterm.app to idle
    t =    12.99s Type 'gen-ed25519' into "generate-label" TextField
    t =    12.99s     Wait for com.bicterm.app to idle
    t =    13.00s     Find the "generate-label" TextField
    t =    13.10s     Check for interrupting elements affecting "generate-label" TextField
    t =    13.17s     Synthesize event
    t =    13.56s     Wait for com.bicterm.app to idle
    t =    13.68s Checking existence of `"Return" Button`
    t =    13.79s Tap "Return" Button
    t =    13.79s     Wait for com.bicterm.app to idle
    t =    13.79s     Find the "Return" Button
    t =    13.87s     Check for interrupting elements affecting "Return" Button
    t =    13.94s     Synthesize event
    t =    14.24s     Wait for com.bicterm.app to idle
    t =    14.52s Waiting 5.0s for "generate-biometrics" Switch to exist
    t =    15.56s     Checking `Expect predicate `existsNoRetry == 1` for object "generate-biometrics" Switch`
    t =    15.57s         Checking existence of `"generate-biometrics" Switch`
    t =    15.64s Find the "generate-biometrics" Switch
    t =    15.70s Find the "generate-biometrics" Switch
    t =    15.78s Tap "generate-biometrics" Switch[0.93, 0.50]
    t =    15.78s     Wait for com.bicterm.app to idle
    t =    15.78s     Find the "generate-biometrics" Switch
    t =    15.85s     Check for interrupting elements affecting "generate-biometrics" Switch
    t =    15.91s     Synthesize event
    t =    15.91s         Find the "generate-biometrics" Switch
    t =    15.98s         Find the "generate-biometrics" Switch
    t =    16.05s         Find the "generate-biometrics" Switch
    t =    16.39s     Wait for com.bicterm.app to idle
    t =    17.70s Find the "generate-biometrics" Switch
    t =    17.77s Tap "generate-save" Button
    t =    17.77s     Wait for com.bicterm.app to idle
    t =    17.77s     Find the "generate-save" Button
    t =    17.84s     Check for interrupting elements affecting "generate-save" Button
    t =    17.90s     Synthesize event
    t =    18.20s     Wait for com.bicterm.app to idle
    t =    18.91s Waiting 10.0s for "gen-ed25519" StaticText to exist
    t =    19.93s     Checking `Expect predicate `existsNoRetry == 1` for object "gen-ed25519" StaticText`
    t =    19.93s         Checking existence of `"gen-ed25519" StaticText`
    t =    19.99s Checking existence of `"ed25519" StaticText`
    t =    20.03s Waiting 5.0s for "key-fingerprint" StaticText to exist
    t =    21.06s     Checking `Expect predicate `existsNoRetry == 1` for object "key-fingerprint" StaticText`
    t =    21.07s         Checking existence of `"key-fingerprint" StaticText`
    t =    21.11s Find the "key-fingerprint" StaticText
    t =    21.16s Waiting 5.0s for "key-created" StaticText to exist
    t =    22.20s     Checking `Expect predicate `existsNoRetry == 1` for object "key-created" StaticText`
    t =    22.20s         Checking existence of `"key-created" StaticText`
    t =    22.25s Tear Down
Test Case '-[BicTermUITests.KeyManagementUITests testGenerateEd25519KeyAppearsWithBadgeFingerprintAndCreatedDate]' passed (22.527 seconds).
Test Case '-[BicTermUITests.KeyManagementUITests testGenerateSecureEnclaveKeyOnHardware]' started.
    t =     0.00s Start Test at 2026-09-08 22:30:29.166
    t =     0.02s Set Up
    t =     0.03s Open com.bicterm.app
    t =     0.03s     Launch com.bicterm.app
    t =     0.03s         Terminate com.bicterm.app:16244
2026-09-08 22:30:30.255 xcodebuild[13956:29844560] [MT] IDELaunchParametersSnapshot: The operation couldn’t be completed. (DebuggerLLDB.DebuggerVersionStore.StoreError error 0.)
2026-09-08 22:30:30.255 xcodebuild[13956:29844560] [MT] IDELaunchParametersSnapshot: no debugger version
    t =     1.30s         Setting up automation session
    t =     2.15s         Wait for com.bicterm.app to idle
    t =     3.90s Waiting 15.0s for "SSH Keys" NavigationBar to exist
    t =     4.95s     Checking `Expect predicate `existsNoRetry == 1` for object "SSH Keys" NavigationBar`
    t =     4.95s         Checking existence of `"SSH Keys" NavigationBar`
    t =     5.05s Waiting 5.0s for "keys-add-menu" Button to exist
    t =     6.09s     Checking `Expect predicate `existsNoRetry == 1` for object "keys-add-menu" Button`
    t =     6.09s         Checking existence of `"keys-add-menu" Button`
    t =     6.13s Tap "keys-add-menu" Button
    t =     6.13s     Wait for com.bicterm.app to idle
    t =     6.13s     Find the "keys-add-menu" Button
    t =     6.18s     Check for interrupting elements affecting "keys-add-menu" Button
    t =     6.23s     Synthesize event
    t =     6.52s     Wait for com.bicterm.app to idle
    t =     7.49s Checking existence of `"menu-generate" Button`
    t =     7.54s Waiting 5.0s for "menu-generate" Button to exist
    t =     8.59s     Checking `Expect predicate `existsNoRetry == 1` for object "menu-generate" Button`
    t =     8.59s         Checking existence of `"menu-generate" Button`
    t =     8.63s Tap "menu-generate" Button
    t =     8.64s     Wait for com.bicterm.app to idle
    t =     8.64s     Find the "menu-generate" Button
    t =     8.68s     Check for interrupting elements affecting "menu-generate" Button
    t =     8.73s     Synthesize event
    t =     9.02s     Wait for com.bicterm.app to idle
    t =    10.28s Waiting 5.0s for "generate-label" TextField to exist
    t =    11.33s     Checking `Expect predicate `existsNoRetry == 1` for object "generate-label" TextField`
    t =    11.33s         Checking existence of `"generate-label" TextField`
    t =    11.42s Tap "generate-label" TextField
    t =    11.42s     Wait for com.bicterm.app to idle
    t =    11.43s     Find the "generate-label" TextField
    t =    11.49s     Check for interrupting elements affecting "generate-label" TextField
    t =    11.56s     Synthesize event
    t =    11.85s     Wait for com.bicterm.app to idle
    t =    12.70s Type 'se-hw-key' into "generate-label" TextField
    t =    12.70s     Wait for com.bicterm.app to idle
    t =    12.70s     Find the "generate-label" TextField
    t =    12.81s     Check for interrupting elements affecting "generate-label" TextField
    t =    12.88s     Synthesize event
    t =    13.23s     Wait for com.bicterm.app to idle
    t =    13.40s Checking existence of `"Return" Button`
    t =    13.50s Tap "Return" Button
    t =    13.51s     Wait for com.bicterm.app to idle
    t =    13.51s     Find the "Return" Button
    t =    13.59s     Check for interrupting elements affecting "Return" Button
    t =    13.66s     Synthesize event
    t =    13.96s     Wait for com.bicterm.app to idle
    t =    14.23s Waiting 5.0s for "generate-biometrics" Switch to exist
    t =    15.29s     Checking `Expect predicate `existsNoRetry == 1` for object "generate-biometrics" Switch`
    t =    15.29s         Checking existence of `"generate-biometrics" Switch`
    t =    15.36s Find the "generate-biometrics" Switch
    t =    15.43s Find the "generate-biometrics" Switch
    t =    15.51s Tap "generate-biometrics" Switch[0.93, 0.50]
    t =    15.51s     Wait for com.bicterm.app to idle
    t =    15.52s     Find the "generate-biometrics" Switch
    t =    15.58s     Check for interrupting elements affecting "generate-biometrics" Switch
    t =    15.66s     Synthesize event
    t =    15.66s         Find the "generate-biometrics" Switch
    t =    15.73s         Find the "generate-biometrics" Switch
    t =    15.80s         Find the "generate-biometrics" Switch
    t =    16.15s     Wait for com.bicterm.app to idle
    t =    17.45s Find the "generate-biometrics" Switch
    t =    17.52s Tap "generate-type" Button
    t =    17.52s     Wait for com.bicterm.app to idle
    t =    17.52s     Find the "generate-type" Button
    t =    17.59s     Check for interrupting elements affecting "generate-type" Button
    t =    17.65s     Synthesize event
    t =    17.95s     Wait for com.bicterm.app to idle
    t =    19.20s Tap "P-256 Secure Enclave" Button
    t =    19.20s     Wait for com.bicterm.app to idle
    t =    19.20s     Find the "P-256 Secure Enclave" Button
    t =    19.27s     Check for interrupting elements affecting "P-256 Secure Enclave" Button
    t =    19.34s     Synthesize event
    t =    19.63s     Wait for com.bicterm.app to idle
    t =    21.11s Tap "generate-save" Button
    t =    21.12s     Wait for com.bicterm.app to idle
    t =    21.12s     Find the "generate-save" Button
    t =    21.19s     Check for interrupting elements affecting "generate-save" Button
    t =    21.25s     Synthesize event
    t =    21.55s     Wait for com.bicterm.app to idle
    t =    22.20s Waiting 10.0s for "se-hw-key" StaticText to exist
    t =    23.26s     Checking `Expect predicate `existsNoRetry == 1` for object "se-hw-key" StaticText`
    t =    23.26s         Checking existence of `"se-hw-key" StaticText`
    t =    23.31s Checking existence of `"Secure Enclave" StaticText`
    t =    23.36s Tear Down
Test Case '-[BicTermUITests.KeyManagementUITests testGenerateSecureEnclaveKeyOnHardware]' passed (23.587 seconds).
Test Case '-[BicTermUITests.KeyManagementUITests testGenerateWithBiometricGateDeniedWhenBiometryUnavailable]' started.
    t =     0.00s Start Test at 2026-09-08 22:30:52.754
    t =     0.02s Set Up
    t =     0.03s Open com.bicterm.app
    t =     0.03s     Launch com.bicterm.app
    t =     0.03s         Terminate com.bicterm.app:16283
2026-09-08 22:30:53.841 xcodebuild[13956:29844560] [MT] IDELaunchParametersSnapshot: The operation couldn’t be completed. (DebuggerLLDB.DebuggerVersionStore.StoreError error 0.)
2026-09-08 22:30:53.841 xcodebuild[13956:29844560] [MT] IDELaunchParametersSnapshot: no debugger version
    t =     1.30s         Setting up automation session
    t =     2.17s         Wait for com.bicterm.app to idle
    t =     3.92s Waiting 15.0s for "SSH Keys" NavigationBar to exist
    t =     4.97s     Checking `Expect predicate `existsNoRetry == 1` for object "SSH Keys" NavigationBar`
    t =     4.97s         Checking existence of `"SSH Keys" NavigationBar`
    t =     5.07s Waiting 5.0s for "keys-add-menu" Button to exist
    t =     6.11s     Checking `Expect predicate `existsNoRetry == 1` for object "keys-add-menu" Button`
    t =     6.12s         Checking existence of `"keys-add-menu" Button`
    t =     6.16s Tap "keys-add-menu" Button
    t =     6.16s     Wait for com.bicterm.app to idle
    t =     6.17s     Find the "keys-add-menu" Button
    t =     6.21s     Check for interrupting elements affecting "keys-add-menu" Button
    t =     6.26s     Synthesize event
    t =     6.56s     Wait for com.bicterm.app to idle
    t =     7.55s Checking existence of `"menu-generate" Button`
    t =     7.60s Waiting 5.0s for "menu-generate" Button to exist
    t =     8.66s     Checking `Expect predicate `existsNoRetry == 1` for object "menu-generate" Button`
    t =     8.67s         Checking existence of `"menu-generate" Button`
    t =     8.72s Tap "menu-generate" Button
    t =     8.72s     Wait for com.bicterm.app to idle
    t =     8.72s     Find the "menu-generate" Button
    t =     8.77s     Check for interrupting elements affecting "menu-generate" Button
    t =     8.81s     Synthesize event
    t =     9.10s     Wait for com.bicterm.app to idle
    t =    10.38s Waiting 5.0s for "generate-label" TextField to exist
    t =    11.43s     Checking `Expect predicate `existsNoRetry == 1` for object "generate-label" TextField`
    t =    11.43s         Checking existence of `"generate-label" TextField`
    t =    11.52s Tap "generate-label" TextField
    t =    11.52s     Wait for com.bicterm.app to idle
    t =    11.53s     Find the "generate-label" TextField
    t =    11.60s     Check for interrupting elements affecting "generate-label" TextField
    t =    11.66s     Synthesize event
    t =    11.96s     Wait for com.bicterm.app to idle
    t =    12.81s Type 'gated-key' into "generate-label" TextField
    t =    12.81s     Wait for com.bicterm.app to idle
    t =    12.81s     Find the "generate-label" TextField
    t =    12.92s     Check for interrupting elements affecting "generate-label" TextField
    t =    12.99s     Synthesize event
    t =    13.34s     Wait for com.bicterm.app to idle
    t =    13.51s Tap "generate-save" Button
    t =    13.51s     Wait for com.bicterm.app to idle
    t =    13.51s     Find the "generate-save" Button
    t =    13.63s     Check for interrupting elements affecting "generate-save" Button
    t =    13.71s     Synthesize event
    t =    14.01s     Wait for com.bicterm.app to idle
    t =    14.73s Waiting 10.0s for "generate-error" StaticText to exist
    t =    15.76s     Checking `Expect predicate `existsNoRetry == 1` for object "generate-error" StaticText`
    t =    15.77s         Checking existence of `"generate-error" StaticText`
    t =    15.85s Find the "generate-error" StaticText
    t =    15.93s Tap "generate-cancel" Button
    t =    15.93s     Wait for com.bicterm.app to idle
    t =    15.93s     Find the "generate-cancel" Button
    t =    16.01s     Check for interrupting elements affecting "generate-cancel" Button
    t =    16.08s     Synthesize event
    t =    16.38s     Wait for com.bicterm.app to idle
    t =    17.13s Waiting 5.0s for "No Keys Yet" StaticText to exist
    t =    18.17s     Checking `Expect predicate `existsNoRetry == 1` for object "No Keys Yet" StaticText`
    t =    18.17s         Checking existence of `"No Keys Yet" StaticText`
    t =    18.23s Tear Down
Test Case '-[BicTermUITests.KeyManagementUITests testGenerateWithBiometricGateDeniedWhenBiometryUnavailable]' passed (18.521 seconds).
Test Case '-[BicTermUITests.KeyManagementUITests testImportedKeyAuthenticatesRealSSHSession]' started.
    t =     0.00s Start Test at 2026-09-08 22:31:11.277
    t =     0.02s Set Up
    t =     0.02s Open com.bicterm.app
    t =     0.02s     Launch com.bicterm.app
    t =     0.02s         Terminate com.bicterm.app:16343
2026-09-08 22:31:12.373 xcodebuild[13956:29844560] [MT] IDELaunchParametersSnapshot: The operation couldn’t be completed. (DebuggerLLDB.DebuggerVersionStore.StoreError error 0.)
2026-09-08 22:31:12.373 xcodebuild[13956:29844560] [MT] IDELaunchParametersSnapshot: no debugger version
    t =     1.31s         Setting up automation session
    t =     2.18s         Wait for com.bicterm.app to idle
    t =     3.91s Waiting 15.0s for "SSH Keys" NavigationBar to exist
    t =     4.95s     Checking `Expect predicate `existsNoRetry == 1` for object "SSH Keys" NavigationBar`
    t =     4.95s         Checking existence of `"SSH Keys" NavigationBar`
    t =     5.05s Waiting 5.0s for "keys-add-menu" Button to exist
    t =     6.09s     Checking `Expect predicate `existsNoRetry == 1` for object "keys-add-menu" Button`
    t =     6.09s         Checking existence of `"keys-add-menu" Button`
    t =     6.14s Tap "keys-add-menu" Button
    t =     6.14s     Wait for com.bicterm.app to idle
    t =     6.14s     Find the "keys-add-menu" Button
    t =     6.18s     Check for interrupting elements affecting "keys-add-menu" Button
    t =     6.23s     Synthesize event
    t =     6.53s     Wait for com.bicterm.app to idle
    t =     7.50s Checking existence of `"menu-import" Button`
    t =     7.55s Waiting 5.0s for "menu-import" Button to exist
    t =     8.61s     Checking `Expect predicate `existsNoRetry == 1` for object "menu-import" Button`
    t =     8.61s         Checking existence of `"menu-import" Button`
    t =     8.66s Tap "menu-import" Button
    t =     8.66s     Wait for com.bicterm.app to idle
    t =     8.66s     Find the "menu-import" Button
    t =     8.70s     Check for interrupting elements affecting "menu-import" Button
    t =     8.75s     Synthesize event
    t =     9.04s     Wait for com.bicterm.app to idle
    t =    10.27s Waiting 5.0s for "import-label" TextField to exist
    t =    11.32s     Checking `Expect predicate `existsNoRetry == 1` for object "import-label" TextField`
    t =    11.33s         Checking existence of `"import-label" TextField`
    t =    11.42s Tap "import-label" TextField
    t =    11.42s     Wait for com.bicterm.app to idle
    t =    11.42s     Find the "import-label" TextField
    t =    11.49s     Check for interrupting elements affecting "import-label" TextField
    t =    11.56s     Synthesize event
    t =    11.85s     Wait for com.bicterm.app to idle
    t =    11.88s Type 'fixture-key' into "import-label" TextField
    t =    11.88s     Wait for com.bicterm.app to idle
    t =    11.88s     Find the "import-label" TextField
    t =    11.99s     Check for interrupting elements affecting "import-label" TextField
    t =    12.07s     Synthesize event
    t =    12.45s     Wait for com.bicterm.app to idle
    t =    12.52s Tap "import-paste" Button
    t =    12.52s     Wait for com.bicterm.app to idle
    t =    12.52s     Find the "import-paste" Button
    t =    12.61s     Check for interrupting elements affecting "import-paste" Button
    t =    12.69s     Synthesize event
    t =    12.98s     Wait for com.bicterm.app to idle
    t =    13.26s Waiting 5.0s for "import-status" StaticText to exist
    t =    14.29s     Checking `Expect predicate `existsNoRetry == 1` for object "import-status" StaticText`
    t =    14.29s         Checking existence of `"import-status" StaticText`
    t =    14.39s Find the "import-status" StaticText
    t =    14.47s Waiting 5.0s for "import-passphrase" SecureTextField to exist
    t =    15.51s     Checking `Expect predicate `existsNoRetry == 1` for object "import-passphrase" SecureTextField`
    t =    15.51s         Checking existence of `"import-passphrase" SecureTextField`
    t =    15.60s Tap "import-passphrase" SecureTextField
    t =    15.60s     Wait for com.bicterm.app to idle
    t =    15.60s     Find the "import-passphrase" SecureTextField
    t =    15.69s     Check for interrupting elements affecting "import-passphrase" SecureTextField
    t =    15.77s     Synthesize event
    t =    15.78s         Scroll element to visible
    t =    15.79s         Find the "import-passphrase" SecureTextField
    t =    15.89s         Computed hit point {201, 383.5} after scrolling to visible
    t =    16.18s     Wait for com.bicterm.app to idle
    t =    16.94s Type '<redacted>' into "import-passphrase" SecureTextField
    t =    16.94s     Wait for com.bicterm.app to idle
    t =    16.94s     Find the "import-passphrase" SecureTextField
    t =    17.02s     Check for interrupting elements affecting "import-passphrase" SecureTextField
    t =    17.10s     Synthesize event
    t =    17.44s     Wait for com.bicterm.app to idle
    t =    17.55s Tap "import-save" Button
    t =    17.55s     Wait for com.bicterm.app to idle
    t =    17.55s     Find the "import-save" Button
    t =    17.64s     Check for interrupting elements affecting "import-save" Button
    t =    17.72s     Synthesize event
    t =    18.03s     Wait for com.bicterm.app to idle
    t =    19.40s Waiting 10.0s for "fixture-key" StaticText to exist
    t =    20.45s     Checking `Expect predicate `existsNoRetry == 1` for object "fixture-key" StaticText`
    t =    20.45s         Checking existence of `"fixture-key" StaticText`
    t =    20.52s Terminate com.bicterm.app:16376
    t =    21.60s Open com.bicterm.app
    t =    21.60s     Launch com.bicterm.app
2026-09-08 22:31:32.874 xcodebuild[13956:29844560] [MT] IDELaunchParametersSnapshot: The operation couldn’t be completed. (DebuggerLLDB.DebuggerVersionStore.StoreError error 0.)
2026-09-08 22:31:32.874 xcodebuild[13956:29844560] [MT] IDELaunchParametersSnapshot: no debugger version
    t =    21.81s         Setting up automation session
    t =    22.69s         Wait for com.bicterm.app to idle
    t =    24.15s Checking existence of `"previewState" StaticText`
    t =    24.18s Find the "previewState" StaticText
    t =    24.20s Find the "previewState" StaticText
    t =    24.23s Checking existence of `"previewTail" StaticText`
    t =    24.24s Find the "previewTail" StaticText
    t =    24.26s Find the "previewTail" StaticText
    t =    24.28s Tear Down
Test Case '-[BicTermUITests.KeyManagementUITests testImportedKeyAuthenticatesRealSSHSession]' passed (24.509 seconds).
Test Case '-[BicTermUITests.KeyManagementUITests testImportedKeySSHProofFailsWithoutKey]' started.
    t =     0.00s Start Test at 2026-09-08 22:31:35.787
    t =     0.02s Set Up
    t =     0.02s Open com.bicterm.app
    t =     0.03s     Launch com.bicterm.app
    t =     0.03s         Terminate com.bicterm.app:16410
2026-09-08 22:31:36.855 xcodebuild[13956:29844560] [MT] IDELaunchParametersSnapshot: The operation couldn’t be completed. (DebuggerLLDB.DebuggerVersionStore.StoreError error 0.)
2026-09-08 22:31:36.855 xcodebuild[13956:29844560] [MT] IDELaunchParametersSnapshot: no debugger version
    t =     1.27s         Setting up automation session
    t =     2.13s         Wait for com.bicterm.app to idle
    t =     3.89s Waiting 15.0s for "SSH Keys" NavigationBar to exist
    t =     4.95s     Checking `Expect predicate `existsNoRetry == 1` for object "SSH Keys" NavigationBar`
    t =     4.96s         Checking existence of `"SSH Keys" NavigationBar`
    t =     5.05s Waiting 5.0s for "keys-add-menu" Button to exist
    t =     6.08s     Checking `Expect predicate `existsNoRetry == 1` for object "keys-add-menu" Button`
    t =     6.09s         Checking existence of `"keys-add-menu" Button`
    t =     6.14s Tap "keys-add-menu" Button
    t =     6.14s     Wait for com.bicterm.app to idle
    t =     6.14s     Find the "keys-add-menu" Button
    t =     6.18s     Check for interrupting elements affecting "keys-add-menu" Button
    t =     6.23s     Synthesize event
    t =     6.53s     Wait for com.bicterm.app to idle
    t =     7.52s Checking existence of `"menu-import" Button`
    t =     7.57s Waiting 5.0s for "menu-import" Button to exist
    t =     8.63s     Checking `Expect predicate `existsNoRetry == 1` for object "menu-import" Button`
    t =     8.63s         Checking existence of `"menu-import" Button`
    t =     8.67s Tap "menu-import" Button
    t =     8.67s     Wait for com.bicterm.app to idle
    t =     8.68s     Find the "menu-import" Button
    t =     8.72s     Check for interrupting elements affecting "menu-import" Button
    t =     8.77s     Synthesize event
    t =     9.06s     Wait for com.bicterm.app to idle
    t =    10.31s Waiting 5.0s for "import-label" TextField to exist
    t =    11.35s     Checking `Expect predicate `existsNoRetry == 1` for object "import-label" TextField`
    t =    11.35s         Checking existence of `"import-label" TextField`
    t =    11.44s Tap "import-label" TextField
    t =    11.44s     Wait for com.bicterm.app to idle
    t =    11.44s     Find the "import-label" TextField
    t =    11.52s     Check for interrupting elements affecting "import-label" TextField
    t =    11.58s     Synthesize event
    t =    11.88s     Wait for com.bicterm.app to idle
    t =    11.92s Type 'fixture-key' into "import-label" TextField
    t =    11.92s     Wait for com.bicterm.app to idle
    t =    11.93s     Find the "import-label" TextField
    t =    12.04s     Check for interrupting elements affecting "import-label" TextField
    t =    12.12s     Synthesize event
    t =    12.50s     Wait for com.bicterm.app to idle
    t =    12.57s Tap "import-paste" Button
    t =    12.57s     Wait for com.bicterm.app to idle
    t =    12.57s     Find the "import-paste" Button
    t =    12.67s     Check for interrupting elements affecting "import-paste" Button
    t =    12.75s     Synthesize event
    t =    13.04s     Wait for com.bicterm.app to idle
    t =    13.31s Waiting 5.0s for "import-status" StaticText to exist
    t =    14.35s     Checking `Expect predicate `existsNoRetry == 1` for object "import-status" StaticText`
    t =    14.35s         Checking existence of `"import-status" StaticText`
    t =    14.45s Find the "import-status" StaticText
    t =    14.54s Waiting 5.0s for "import-passphrase" SecureTextField to exist
    t =    15.58s     Checking `Expect predicate `existsNoRetry == 1` for object "import-passphrase" SecureTextField`
    t =    15.58s         Checking existence of `"import-passphrase" SecureTextField`
    t =    15.67s Tap "import-passphrase" SecureTextField
    t =    15.67s     Wait for com.bicterm.app to idle
    t =    15.68s     Find the "import-passphrase" SecureTextField
    t =    15.76s     Check for interrupting elements affecting "import-passphrase" SecureTextField
    t =    15.84s     Synthesize event
    t =    15.85s         Scroll element to visible
    t =    15.86s         Find the "import-passphrase" SecureTextField
    t =    15.96s         Computed hit point {201, 383.5} after scrolling to visible
    t =    16.24s     Wait for com.bicterm.app to idle
    t =    16.86s Type '<redacted>' into "import-passphrase" SecureTextField
    t =    16.86s     Wait for com.bicterm.app to idle
    t =    16.86s     Find the "import-passphrase" SecureTextField
    t =    16.95s     Check for interrupting elements affecting "import-passphrase" SecureTextField
    t =    17.03s     Synthesize event
    t =    17.37s     Wait for com.bicterm.app to idle
    t =    17.49s Tap "import-save" Button
    t =    17.49s     Wait for com.bicterm.app to idle
    t =    17.49s     Find the "import-save" Button
    t =    17.59s     Check for interrupting elements affecting "import-save" Button
    t =    17.67s     Synthesize event
    t =    17.97s     Wait for com.bicterm.app to idle
    t =    19.42s Waiting 10.0s for "fixture-key" StaticText to exist
    t =    20.45s     Checking `Expect predicate `existsNoRetry == 1` for object "fixture-key" StaticText`
    t =    20.45s         Checking existence of `"fixture-key" StaticText`
    t =    20.52s Terminate com.bicterm.app:16698
    t =    21.59s Open com.bicterm.app
    t =    21.59s     Launch com.bicterm.app
2026-09-08 22:31:57.373 xcodebuild[13956:29844560] [MT] IDELaunchParametersSnapshot: The operation couldn’t be completed. (DebuggerLLDB.DebuggerVersionStore.StoreError error 0.)
2026-09-08 22:31:57.373 xcodebuild[13956:29844560] [MT] IDELaunchParametersSnapshot: no debugger version
    t =    21.80s         Setting up automation session
    t =    22.67s         Wait for com.bicterm.app to idle
    t =    24.16s Checking existence of `"previewState" StaticText`
    t =    24.20s Find the "previewState" StaticText
    t =    24.22s Find the "previewState" StaticText
    t =    24.23s Checking existence of `"previewState" StaticText`
    t =    24.24s Find the "previewState" StaticText
    t =    24.26s Tear Down
Test Case '-[BicTermUITests.KeyManagementUITests testImportedKeySSHProofFailsWithoutKey]' passed (24.507 seconds).
Test Case '-[BicTermUITests.KeyManagementUITests testImportPassphraseProtectedKeyViaPasteMatchesSSHKeygenFingerprint]' started.
    t =     0.00s Start Test at 2026-09-08 22:32:00.295
    t =     0.02s Set Up
    t =     0.02s Open com.bicterm.app
    t =     0.02s     Launch com.bicterm.app
    t =     0.02s         Terminate com.bicterm.app:16734
2026-09-08 22:32:01.391 xcodebuild[13956:29844560] [MT] IDELaunchParametersSnapshot: The operation couldn’t be completed. (DebuggerLLDB.DebuggerVersionStore.StoreError error 0.)
2026-09-08 22:32:01.391 xcodebuild[13956:29844560] [MT] IDELaunchParametersSnapshot: no debugger version
    t =     1.31s         Setting up automation session
    t =     2.18s         Wait for com.bicterm.app to idle
    t =     3.79s Waiting 15.0s for "SSH Keys" NavigationBar to exist
    t =     4.82s     Checking `Expect predicate `existsNoRetry == 1` for object "SSH Keys" NavigationBar`
    t =     4.82s         Checking existence of `"SSH Keys" NavigationBar`
    t =     4.91s Waiting 5.0s for "keys-add-menu" Button to exist
    t =     5.94s     Checking `Expect predicate `existsNoRetry == 1` for object "keys-add-menu" Button`
    t =     5.94s         Checking existence of `"keys-add-menu" Button`
    t =     5.99s Tap "keys-add-menu" Button
    t =     5.99s     Wait for com.bicterm.app to idle
    t =     5.99s     Find the "keys-add-menu" Button
    t =     6.04s     Check for interrupting elements affecting "keys-add-menu" Button
    t =     6.08s     Synthesize event
    t =     6.38s     Wait for com.bicterm.app to idle
    t =     7.36s Checking existence of `"menu-import" Button`
    t =     7.41s Waiting 5.0s for "menu-import" Button to exist
    t =     8.47s     Checking `Expect predicate `existsNoRetry == 1` for object "menu-import" Button`
    t =     8.47s         Checking existence of `"menu-import" Button`
    t =     8.52s Tap "menu-import" Button
    t =     8.52s     Wait for com.bicterm.app to idle
    t =     8.52s     Find the "menu-import" Button
    t =     8.57s     Check for interrupting elements affecting "menu-import" Button
    t =     8.62s     Synthesize event
    t =     8.91s     Wait for com.bicterm.app to idle
    t =    10.13s Waiting 5.0s for "import-label" TextField to exist
    t =    11.17s     Checking `Expect predicate `existsNoRetry == 1` for object "import-label" TextField`
    t =    11.17s         Checking existence of `"import-label" TextField`
    t =    11.27s Tap "import-label" TextField
    t =    11.27s     Wait for com.bicterm.app to idle
    t =    11.27s     Find the "import-label" TextField
    t =    11.34s     Check for interrupting elements affecting "import-label" TextField
    t =    11.41s     Synthesize event
    t =    11.70s     Wait for com.bicterm.app to idle
    t =    11.74s Type 'fixture-key' into "import-label" TextField
    t =    11.74s     Wait for com.bicterm.app to idle
    t =    11.74s     Find the "import-label" TextField
    t =    11.85s     Check for interrupting elements affecting "import-label" TextField
    t =    11.92s     Synthesize event
    t =    12.31s     Wait for com.bicterm.app to idle
    t =    12.36s Tap "import-paste" Button
    t =    12.36s     Wait for com.bicterm.app to idle
    t =    12.37s     Find the "import-paste" Button
    t =    12.46s     Check for interrupting elements affecting "import-paste" Button
    t =    12.54s     Synthesize event
    t =    12.83s     Wait for com.bicterm.app to idle
    t =    13.10s Waiting 5.0s for "import-status" StaticText to exist
    t =    14.14s     Checking `Expect predicate `existsNoRetry == 1` for object "import-status" StaticText`
    t =    14.14s         Checking existence of `"import-status" StaticText`
    t =    14.24s Find the "import-status" StaticText
    t =    14.32s Waiting 5.0s for "import-passphrase" SecureTextField to exist
    t =    15.36s     Checking `Expect predicate `existsNoRetry == 1` for object "import-passphrase" SecureTextField`
    t =    15.36s         Checking existence of `"import-passphrase" SecureTextField`
    t =    15.45s Tap "import-passphrase" SecureTextField
    t =    15.45s     Wait for com.bicterm.app to idle
    t =    15.46s     Find the "import-passphrase" SecureTextField
    t =    15.54s     Check for interrupting elements affecting "import-passphrase" SecureTextField
    t =    15.63s     Synthesize event
    t =    15.64s         Scroll element to visible
    t =    15.64s         Find the "import-passphrase" SecureTextField
    t =    15.75s         Computed hit point {201, 383.5} after scrolling to visible
    t =    16.03s     Wait for com.bicterm.app to idle
    t =    16.67s Type '<redacted>' into "import-passphrase" SecureTextField
    t =    16.67s     Wait for com.bicterm.app to idle
    t =    16.67s     Find the "import-passphrase" SecureTextField
    t =    16.77s     Check for interrupting elements affecting "import-passphrase" SecureTextField
    t =    16.85s     Synthesize event
    t =    17.18s     Wait for com.bicterm.app to idle
    t =    17.30s Tap "import-save" Button
    t =    17.30s     Wait for com.bicterm.app to idle
    t =    17.30s     Find the "import-save" Button
    t =    17.39s     Check for interrupting elements affecting "import-save" Button
    t =    17.47s     Synthesize event
    t =    17.77s     Wait for com.bicterm.app to idle
    t =    19.26s Waiting 10.0s for "fixture-key" StaticText to exist
    t =    20.30s     Checking `Expect predicate `existsNoRetry == 1` for object "fixture-key" StaticText`
    t =    20.30s         Checking existence of `"fixture-key" StaticText`
    t =    20.37s Waiting 5.0s for "SHA256:R9XaxtlJKgrJE0AbFdKibF9+X1cPt0yWTzvTWUvh1r4" StaticText to exist
    t =    21.42s     Checking `Expect predicate `existsNoRetry == 1` for object "SHA256:R9XaxtlJKgrJE0AbFdKibF9+X1cPt0yWTzvTWUvh1r4" StaticText`
    t =    21.42s         Checking existence of `"SHA256:R9XaxtlJKgrJE0AbFdKibF9+X1cPt0yWTzvTWUvh1r4" StaticText`
    t =    21.60s Tear Down
Test Case '-[BicTermUITests.KeyManagementUITests testImportPassphraseProtectedKeyViaPasteMatchesSSHKeygenFingerprint]' passed (21.824 seconds).
Test Case '-[BicTermUITests.KeyManagementUITests testImportWithBiometricOptInPersistsProtectedKey]' started.
    t =     0.00s Start Test at 2026-09-08 22:32:22.121
    t =     0.02s Set Up
    t =     0.02s Open com.bicterm.app
    t =     0.02s     Launch com.bicterm.app
    t =     0.02s         Terminate com.bicterm.app:16743
2026-09-08 22:32:23.208 xcodebuild[13956:29844560] [MT] IDELaunchParametersSnapshot: The operation couldn’t be completed. (DebuggerLLDB.DebuggerVersionStore.StoreError error 0.)
2026-09-08 22:32:23.208 xcodebuild[13956:29844560] [MT] IDELaunchParametersSnapshot: no debugger version
    t =     1.29s         Setting up automation session
    t =     2.17s         Wait for com.bicterm.app to idle
    t =     3.90s Waiting 15.0s for "SSH Keys" NavigationBar to exist
    t =     4.93s     Checking `Expect predicate `existsNoRetry == 1` for object "SSH Keys" NavigationBar`
    t =     4.93s         Checking existence of `"SSH Keys" NavigationBar`
    t =     5.03s Waiting 5.0s for "keys-add-menu" Button to exist
    t =     6.05s     Checking `Expect predicate `existsNoRetry == 1` for object "keys-add-menu" Button`
    t =     6.05s         Checking existence of `"keys-add-menu" Button`
    t =     6.10s Tap "keys-add-menu" Button
    t =     6.10s     Wait for com.bicterm.app to idle
    t =     6.10s     Find the "keys-add-menu" Button
    t =     6.15s     Check for interrupting elements affecting "keys-add-menu" Button
    t =     6.19s     Synthesize event
    t =     6.49s     Wait for com.bicterm.app to idle
    t =     7.47s Checking existence of `"menu-import" Button`
    t =     7.53s Waiting 5.0s for "menu-import" Button to exist
    t =     8.57s     Checking `Expect predicate `existsNoRetry == 1` for object "menu-import" Button`
    t =     8.57s         Checking existence of `"menu-import" Button`
    t =     8.62s Tap "menu-import" Button
    t =     8.62s     Wait for com.bicterm.app to idle
    t =     8.62s     Find the "menu-import" Button
    t =     8.67s     Check for interrupting elements affecting "menu-import" Button
    t =     8.71s     Synthesize event
    t =     9.00s     Wait for com.bicterm.app to idle
    t =    10.24s Waiting 5.0s for "import-label" TextField to exist
    t =    11.28s     Checking `Expect predicate `existsNoRetry == 1` for object "import-label" TextField`
    t =    11.28s         Checking existence of `"import-label" TextField`
    t =    11.38s Tap "import-label" TextField
    t =    11.38s     Wait for com.bicterm.app to idle
    t =    11.38s     Find the "import-label" TextField
    t =    11.45s     Check for interrupting elements affecting "import-label" TextField
    t =    11.52s     Synthesize event
    t =    11.81s     Wait for com.bicterm.app to idle
    t =    11.85s Type 'gated-import' into "import-label" TextField
    t =    11.85s     Wait for com.bicterm.app to idle
    t =    11.85s     Find the "import-label" TextField
    t =    11.97s     Check for interrupting elements affecting "import-label" TextField
    t =    12.05s     Synthesize event
    t =    12.45s     Wait for com.bicterm.app to idle
    t =    12.49s Tap "import-paste" Button
    t =    12.49s     Wait for com.bicterm.app to idle
    t =    12.49s     Find the "import-paste" Button
    t =    12.58s     Check for interrupting elements affecting "import-paste" Button
    t =    12.66s     Synthesize event
    t =    12.95s     Wait for com.bicterm.app to idle
    t =    13.22s Waiting 5.0s for "import-status" StaticText to exist
    t =    14.28s     Checking `Expect predicate `existsNoRetry == 1` for object "import-status" StaticText`
    t =    14.28s         Checking existence of `"import-status" StaticText`
    t =    14.38s Find the "import-status" StaticText
    t =    14.46s Waiting 5.0s for "import-passphrase" SecureTextField to exist
    t =    15.50s     Checking `Expect predicate `existsNoRetry == 1` for object "import-passphrase" SecureTextField`
    t =    15.50s         Checking existence of `"import-passphrase" SecureTextField`
    t =    15.59s Tap "import-passphrase" SecureTextField
    t =    15.59s     Wait for com.bicterm.app to idle
    t =    15.59s     Find the "import-passphrase" SecureTextField
    t =    15.68s     Check for interrupting elements affecting "import-passphrase" SecureTextField
    t =    15.75s     Synthesize event
    t =    15.77s         Scroll element to visible
    t =    15.77s         Find the "import-passphrase" SecureTextField
    t =    15.87s         Computed hit point {201, 383.5} after scrolling to visible
    t =    16.16s     Wait for com.bicterm.app to idle
    t =    16.77s Type '<redacted>' into "import-passphrase" SecureTextField
    t =    16.77s     Wait for com.bicterm.app to idle
    t =    16.78s     Find the "import-passphrase" SecureTextField
    t =    16.86s     Check for interrupting elements affecting "import-passphrase" SecureTextField
    t =    16.95s     Synthesize event
    t =    17.28s     Wait for com.bicterm.app to idle
    t =    17.40s Checking existence of `"Return" Button`
    t =    17.50s Tap "Return" Button
    t =    17.50s     Wait for com.bicterm.app to idle
    t =    17.50s     Find the "Return" Button
    t =    17.59s     Check for interrupting elements affecting "Return" Button
    t =    17.68s     Synthesize event
    t =    17.97s     Wait for com.bicterm.app to idle
    t =    18.23s Waiting 5.0s for "import-biometrics" Switch to exist
    t =    19.26s     Checking `Expect predicate `existsNoRetry == 1` for object "import-biometrics" Switch`
    t =    19.26s         Checking existence of `"import-biometrics" Switch`
    t =    19.34s Waiting 5.0s for "import-biometrics" Switch to exist
    t =    20.37s     Checking `Expect predicate `existsNoRetry == 1` for object "import-biometrics" Switch`
    t =    20.37s         Checking existence of `"import-biometrics" Switch`
    t =    20.45s Find the "import-biometrics" Switch
    t =    20.53s Find the "import-biometrics" Switch
    t =    20.62s Tap "import-biometrics" Switch[0.93, 0.50]
    t =    20.62s     Wait for com.bicterm.app to idle
    t =    20.62s     Find the "import-biometrics" Switch
    t =    20.70s     Check for interrupting elements affecting "import-biometrics" Switch
    t =    20.77s     Synthesize event
    t =    20.77s         Find the "import-biometrics" Switch
    t =    20.86s         Find the "import-biometrics" Switch
    t =    20.94s         Find the "import-biometrics" Switch
    t =    21.30s     Wait for com.bicterm.app to idle
    t =    22.60s Find the "import-biometrics" Switch
    t =    22.67s Tap "import-save" Button
    t =    22.67s     Wait for com.bicterm.app to idle
    t =    22.68s     Find the "import-save" Button
    t =    22.75s     Check for interrupting elements affecting "import-save" Button
    t =    22.83s     Synthesize event
    t =    23.13s     Wait for com.bicterm.app to idle
    t =    24.61s Waiting 10.0s for "gated-import" StaticText to exist
    t =    25.65s     Checking `Expect predicate `existsNoRetry == 1` for object "gated-import" StaticText`
    t =    25.65s         Checking existence of `"gated-import" StaticText`
    t =    25.72s Checking existence of `"key-biometric-badge" Any`
    t =    25.89s Tear Down
Test Case '-[BicTermUITests.KeyManagementUITests testImportWithBiometricOptInPersistsProtectedKey]' passed (26.130 seconds).
Test Case '-[BicTermUITests.KeyManagementUITests testPrivateKeyBytesNeverAppearInTheAccessibilityTree]' started.
    t =     0.00s Start Test at 2026-09-08 22:32:48.251
    t =     0.02s Set Up
    t =     0.02s Open com.bicterm.app
    t =     0.02s     Launch com.bicterm.app
    t =     0.02s         Terminate com.bicterm.app:16784
2026-09-08 22:32:49.321 xcodebuild[13956:29844560] [MT] IDELaunchParametersSnapshot: The operation couldn’t be completed. (DebuggerLLDB.DebuggerVersionStore.StoreError error 0.)
2026-09-08 22:32:49.321 xcodebuild[13956:29844560] [MT] IDELaunchParametersSnapshot: no debugger version
    t =     1.29s         Setting up automation session
    t =     2.15s         Wait for com.bicterm.app to idle
    t =     3.92s Waiting 15.0s for "SSH Keys" NavigationBar to exist
    t =     4.94s     Checking `Expect predicate `existsNoRetry == 1` for object "SSH Keys" NavigationBar`
    t =     4.94s         Checking existence of `"SSH Keys" NavigationBar`
    t =     5.03s Waiting 5.0s for "keys-add-menu" Button to exist
    t =     6.06s     Checking `Expect predicate `existsNoRetry == 1` for object "keys-add-menu" Button`
    t =     6.06s         Checking existence of `"keys-add-menu" Button`
    t =     6.10s Tap "keys-add-menu" Button
    t =     6.10s     Wait for com.bicterm.app to idle
    t =     6.11s     Find the "keys-add-menu" Button
    t =     6.15s     Check for interrupting elements affecting "keys-add-menu" Button
    t =     6.20s     Synthesize event
    t =     6.50s     Wait for com.bicterm.app to idle
    t =     7.47s Checking existence of `"menu-import" Button`
    t =     7.53s Waiting 5.0s for "menu-import" Button to exist
    t =     8.59s     Checking `Expect predicate `existsNoRetry == 1` for object "menu-import" Button`
    t =     8.59s         Checking existence of `"menu-import" Button`
    t =     8.63s Tap "menu-import" Button
    t =     8.63s     Wait for com.bicterm.app to idle
    t =     8.64s     Find the "menu-import" Button
    t =     8.68s     Check for interrupting elements affecting "menu-import" Button
    t =     8.73s     Synthesize event
    t =     9.02s     Wait for com.bicterm.app to idle
    t =    10.26s Waiting 5.0s for "import-label" TextField to exist
    t =    11.29s     Checking `Expect predicate `existsNoRetry == 1` for object "import-label" TextField`
    t =    11.29s         Checking existence of `"import-label" TextField`
    t =    11.39s Tap "import-label" TextField
    t =    11.39s     Wait for com.bicterm.app to idle
    t =    11.39s     Find the "import-label" TextField
    t =    11.48s     Check for interrupting elements affecting "import-label" TextField
    t =    11.55s     Synthesize event
    t =    11.84s     Wait for com.bicterm.app to idle
    t =    11.89s Type 'fixture-key' into "import-label" TextField
    t =    11.89s     Wait for com.bicterm.app to idle
    t =    11.89s     Find the "import-label" TextField
    t =    12.01s     Check for interrupting elements affecting "import-label" TextField
    t =    12.08s     Synthesize event
    t =    12.47s     Wait for com.bicterm.app to idle
    t =    12.52s Tap "import-paste" Button
    t =    12.52s     Wait for com.bicterm.app to idle
    t =    12.53s     Find the "import-paste" Button
    t =    12.62s     Check for interrupting elements affecting "import-paste" Button
    t =    12.69s     Synthesize event
    t =    12.99s     Wait for com.bicterm.app to idle
    t =    13.25s Waiting 5.0s for "import-status" StaticText to exist
    t =    14.29s     Checking `Expect predicate `existsNoRetry == 1` for object "import-status" StaticText`
    t =    14.29s         Checking existence of `"import-status" StaticText`
    t =    14.38s Find the "import-status" StaticText
    t =    14.47s Waiting 5.0s for "import-passphrase" SecureTextField to exist
    t =    15.52s     Checking `Expect predicate `existsNoRetry == 1` for object "import-passphrase" SecureTextField`
    t =    15.52s         Checking existence of `"import-passphrase" SecureTextField`
    t =    15.61s Tap "import-passphrase" SecureTextField
    t =    15.61s     Wait for com.bicterm.app to idle
    t =    15.61s     Find the "import-passphrase" SecureTextField
    t =    15.70s     Check for interrupting elements affecting "import-passphrase" SecureTextField
    t =    15.77s     Synthesize event
    t =    15.79s         Scroll element to visible
    t =    15.79s         Find the "import-passphrase" SecureTextField
    t =    15.89s         Computed hit point {201, 383.5} after scrolling to visible
    t =    16.17s     Wait for com.bicterm.app to idle
    t =    16.83s Type '<redacted>' into "import-passphrase" SecureTextField
    t =    16.83s     Wait for com.bicterm.app to idle
    t =    16.83s     Find the "import-passphrase" SecureTextField
    t =    16.92s     Check for interrupting elements affecting "import-passphrase" SecureTextField
    t =    17.00s     Synthesize event
    t =    17.34s     Wait for com.bicterm.app to idle
    t =    17.45s Tap "import-save" Button
    t =    17.45s     Wait for com.bicterm.app to idle
    t =    17.46s     Find the "import-save" Button
    t =    17.55s     Check for interrupting elements affecting "import-save" Button
    t =    17.63s     Synthesize event
    t =    17.94s     Wait for com.bicterm.app to idle
    t =    19.29s Waiting 10.0s for "fixture-key" StaticText to exist
    t =    20.33s     Checking `Expect predicate `existsNoRetry == 1` for object "fixture-key" StaticText`
    t =    20.33s         Checking existence of `"fixture-key" StaticText`
    t =    20.40s Waiting 10.0s for "fixture-key" StaticText to exist
    t =    21.42s     Checking `Expect predicate `existsNoRetry == 1` for object "fixture-key" StaticText`
    t =    21.43s         Checking existence of `"fixture-key" StaticText`
    t =    21.49s Checking existence of `"Key Details" NavigationBar`
    t =    21.54s Find the "fixture-key" StaticText
    t =    21.61s Tap "fixture-key" StaticText[0.50, 0.50]
    t =    21.61s     Wait for com.bicterm.app to idle
    t =    21.61s     Find the "fixture-key" StaticText
    t =    21.67s     Check for interrupting elements affecting "fixture-key" StaticText
    t =    21.73s     Synthesize event
    t =    21.73s         Find the "fixture-key" StaticText
    t =    21.80s         Find the "fixture-key" StaticText
    t =    21.86s         Find the "fixture-key" StaticText
    t =    22.22s     Wait for com.bicterm.app to idle
    t =    22.22s Waiting 3.0s for "Key Details" NavigationBar to exist
    t =    23.25s     Checking `Expect predicate `existsNoRetry == 1` for object "Key Details" NavigationBar`
    t =    23.25s         Checking existence of `"Key Details" NavigationBar`
    t =    23.30s         Capturing element debug description
    t =    24.23s     Checking `Expect predicate `existsNoRetry == 1` for object "Key Details" NavigationBar`
    t =    24.23s         Checking existence of `"Key Details" NavigationBar`
    t =    24.28s         Capturing element debug description
    t =    25.23s     Checking `Expect predicate `existsNoRetry == 1` for object "Key Details" NavigationBar`
    t =    25.23s         Checking existence of `"Key Details" NavigationBar`
    t =    25.28s         Capturing element debug description
    t =    25.28s     Checking existence of `"Key Details" NavigationBar`
    t =    25.33s Collecting debug information to assist test failure triage
    t =    25.33s     Requesting snapshot of accessibility hierarchy for app with pid 16828
    t =    25.41s Checking existence of `"Key Details" NavigationBar`
    t =    25.46s Find the "fixture-key" StaticText
    t =    25.52s Tap "fixture-key" StaticText
    t =    25.52s     Wait for com.bicterm.app to idle
    t =    25.52s     Find the "fixture-key" StaticText
    t =    25.57s     Check for interrupting elements affecting "fixture-key" StaticText
    t =    25.62s     Synthesize event
    t =    25.92s     Wait for com.bicterm.app to idle
    t =    26.68s Waiting 3.0s for "Key Details" NavigationBar to exist
    t =    27.70s     Checking `Expect predicate `existsNoRetry == 1` for object "Key Details" NavigationBar`
    t =    27.70s         Checking existence of `"Key Details" NavigationBar`
    t =    27.77s Checking existence of `"Key Details" NavigationBar`
    t =    27.81s Waiting 5.0s for "public-key-text" StaticText to exist
    t =    28.85s     Checking `Expect predicate `existsNoRetry == 1` for object "public-key-text" StaticText`
    t =    28.85s         Checking existence of `"public-key-text" StaticText`
    t =    28.90s Requesting snapshot of accessibility hierarchy for app with pid 16828
    t =    29.18s Requesting snapshot of accessibility hierarchy for app with pid 16828
    t =    29.26s Find the "public-key-text" StaticText
    t =    29.30s Tear Down
Test Case '-[BicTermUITests.KeyManagementUITests testPrivateKeyBytesNeverAppearInTheAccessibilityTree]' passed (29.541 seconds).
Test Case '-[BicTermUITests.KeyManagementUITests testRSAPasteIsRejectedWithTypedMessageAndListStaysEmpty]' started.
    t =     0.00s Start Test at 2026-09-08 22:33:17.793
    t =     0.02s Set Up
    t =     0.02s Open com.bicterm.app
    t =     0.03s     Launch com.bicterm.app
    t =     0.03s         Terminate com.bicterm.app:16828
2026-09-08 22:33:18.878 xcodebuild[13956:29844560] [MT] IDELaunchParametersSnapshot: The operation couldn’t be completed. (DebuggerLLDB.DebuggerVersionStore.StoreError error 0.)
2026-09-08 22:33:18.878 xcodebuild[13956:29844560] [MT] IDELaunchParametersSnapshot: no debugger version
    t =     1.30s         Setting up automation session
    t =     2.20s         Wait for com.bicterm.app to idle
    t =     3.93s Waiting 15.0s for "SSH Keys" NavigationBar to exist
    t =     4.98s     Checking `Expect predicate `existsNoRetry == 1` for object "SSH Keys" NavigationBar`
    t =     4.98s         Checking existence of `"SSH Keys" NavigationBar`
    t =     5.08s Waiting 5.0s for "keys-add-menu" Button to exist
    t =     6.12s     Checking `Expect predicate `existsNoRetry == 1` for object "keys-add-menu" Button`
    t =     6.12s         Checking existence of `"keys-add-menu" Button`
    t =     6.17s Tap "keys-add-menu" Button
    t =     6.17s     Wait for com.bicterm.app to idle
    t =     6.17s     Find the "keys-add-menu" Button
    t =     6.21s     Check for interrupting elements affecting "keys-add-menu" Button
    t =     6.26s     Synthesize event
    t =     6.55s     Wait for com.bicterm.app to idle
    t =     7.53s Checking existence of `"menu-import" Button`
    t =     7.58s Waiting 5.0s for "menu-import" Button to exist
    t =     8.62s     Checking `Expect predicate `existsNoRetry == 1` for object "menu-import" Button`
    t =     8.62s         Checking existence of `"menu-import" Button`
    t =     8.67s Tap "menu-import" Button
    t =     8.67s     Wait for com.bicterm.app to idle
    t =     8.67s     Find the "menu-import" Button
    t =     8.72s     Check for interrupting elements affecting "menu-import" Button
    t =     8.76s     Synthesize event
    t =     9.06s     Wait for com.bicterm.app to idle
    t =    10.29s Waiting 5.0s for "import-label" TextField to exist
    t =    11.32s     Checking `Expect predicate `existsNoRetry == 1` for object "import-label" TextField`
    t =    11.32s         Checking existence of `"import-label" TextField`
    t =    11.41s Tap "import-label" TextField
    t =    11.41s     Wait for com.bicterm.app to idle
    t =    11.42s     Find the "import-label" TextField
    t =    11.49s     Check for interrupting elements affecting "import-label" TextField
    t =    11.55s     Synthesize event
    t =    11.85s     Wait for com.bicterm.app to idle
    t =    11.88s Type 'bad-rsa' into "import-label" TextField
    t =    11.88s     Wait for com.bicterm.app to idle
    t =    11.88s     Find the "import-label" TextField
    t =    11.99s     Check for interrupting elements affecting "import-label" TextField
    t =    12.07s     Synthesize event
    t =    12.39s     Wait for com.bicterm.app to idle
    t =    12.51s Tap "import-paste" Button
    t =    12.51s     Wait for com.bicterm.app to idle
    t =    12.51s     Find the "import-paste" Button
    t =    12.61s     Check for interrupting elements affecting "import-paste" Button
    t =    12.69s     Synthesize event
    t =    12.98s     Wait for com.bicterm.app to idle
    t =    13.24s Waiting 5.0s for "import-status" StaticText to exist
    t =    14.27s     Checking `Expect predicate `existsNoRetry == 1` for object "import-status" StaticText`
    t =    14.28s         Checking existence of `"import-status" StaticText`
    t =    14.37s Find the "import-status" StaticText
    t =    14.45s Checking existence of `"import-save" Button`
    t =    14.53s Find the "import-save" Button
    t =    14.73s Tap "import-cancel" Button
    t =    14.73s     Wait for com.bicterm.app to idle
    t =    14.73s     Find the "import-cancel" Button
    t =    14.81s     Check for interrupting elements affecting "import-cancel" Button
    t =    14.89s     Synthesize event
    t =    15.20s     Wait for com.bicterm.app to idle
    t =    15.85s Waiting 5.0s for "key-empty-state" Other to exist
    t =    16.88s     Checking `Expect predicate `existsNoRetry == 1` for object "key-empty-state" Other`
    t =    16.88s         Checking existence of `"key-empty-state" Other`
    t =    16.93s         Capturing element debug description
    t =    17.86s     Checking `Expect predicate `existsNoRetry == 1` for object "key-empty-state" Other`
    t =    17.87s         Checking existence of `"key-empty-state" Other`
    t =    17.91s         Capturing element debug description
    t =    18.94s     Checking `Expect predicate `existsNoRetry == 1` for object "key-empty-state" Other`
    t =    18.94s         Checking existence of `"key-empty-state" Other`
    t =    18.98s         Capturing element debug description
    t =    19.93s     Checking `Expect predicate `existsNoRetry == 1` for object "key-empty-state" Other`
    t =    19.93s         Checking existence of `"key-empty-state" Other`
    t =    19.97s         Capturing element debug description
    t =    20.86s     Checking `Expect predicate `existsNoRetry == 1` for object "key-empty-state" Other`
    t =    20.87s         Checking existence of `"key-empty-state" Other`
    t =    20.91s         Capturing element debug description
    t =    20.91s     Checking existence of `"key-empty-state" Other`
    t =    20.95s Collecting debug information to assist test failure triage
    t =    20.95s     Requesting snapshot of accessibility hierarchy for app with pid 16897
    t =    21.03s Waiting 5.0s for "No Keys Yet" StaticText to exist
    t =    22.08s     Checking `Expect predicate `existsNoRetry == 1` for object "No Keys Yet" StaticText`
    t =    22.08s         Checking existence of `"No Keys Yet" StaticText`
    t =    22.12s Checking existence of `"bad-rsa" StaticText`
    t =    22.17s Tear Down
Test Case '-[BicTermUITests.KeyManagementUITests testRSAPasteIsRejectedWithTypedMessageAndListStaysEmpty]' passed (22.388 seconds).
Test Case '-[BicTermUITests.KeyManagementUITests testSecureEnclaveBadgeRendersForP256KeyMetadata]' started.
    t =     0.00s Start Test at 2026-09-08 22:33:40.181
    t =     0.02s Set Up
    t =     0.02s Open com.bicterm.app
    t =     0.02s     Launch com.bicterm.app
    t =     0.02s         Terminate com.bicterm.app:16897
2026-09-08 22:33:41.270 xcodebuild[13956:29844560] [MT] IDELaunchParametersSnapshot: The operation couldn’t be completed. (DebuggerLLDB.DebuggerVersionStore.StoreError error 0.)
2026-09-08 22:33:41.270 xcodebuild[13956:29844560] [MT] IDELaunchParametersSnapshot: no debugger version
    t =     1.31s         Setting up automation session
    t =     2.18s         Wait for com.bicterm.app to idle
    t =     3.99s Waiting 15.0s for "SSH Keys" NavigationBar to exist
    t =     5.03s     Checking `Expect predicate `existsNoRetry == 1` for object "SSH Keys" NavigationBar`
    t =     5.03s         Checking existence of `"SSH Keys" NavigationBar`
    t =     5.14s Waiting 10.0s for "SE Test Key" StaticText to exist
    t =     6.19s     Checking `Expect predicate `existsNoRetry == 1` for object "SE Test Key" StaticText`
    t =     6.19s         Checking existence of `"SE Test Key" StaticText`
    t =     6.24s Checking existence of `"Secure Enclave" StaticText`
    t =     6.28s Checking existence of `"key-biometric-badge" Any`
    t =     6.41s Tear Down
Test Case '-[BicTermUITests.KeyManagementUITests testSecureEnclaveBadgeRendersForP256KeyMetadata]' passed (6.679 seconds).
Test Suite 'KeyManagementUITests' passed at 2026-09-08 22:33:46.861.
	 Executed 13 tests, with 0 failures (0 unexpected) in 289.958 (289.972) seconds
Test Suite 'PasswordAuthUITests' started at 2026-09-08 22:33:46.861.
Test Case '-[BicTermUITests.PasswordAuthUITests testPasswordDestinationPersistsAndNeverPrefills]' started.
    t =     0.00s Start Test at 2026-09-08 22:33:46.861
    t =     0.02s Set Up
    t =     0.02s Open com.bicterm.app
    t =     0.02s     Launch com.bicterm.app
    t =     0.02s         Terminate com.bicterm.app:16945
2026-09-08 22:33:47.920 xcodebuild[13956:29844560] [MT] IDELaunchParametersSnapshot: The operation couldn’t be completed. (DebuggerLLDB.DebuggerVersionStore.StoreError error 0.)
2026-09-08 22:33:47.920 xcodebuild[13956:29844560] [MT] IDELaunchParametersSnapshot: no debugger version
    t =     1.26s         Setting up automation session
    t =     2.14s         Wait for com.bicterm.app to idle
    t =     3.68s Waiting 15.0s for "add-connection" Button to exist
    t =     4.74s     Checking `Expect predicate `existsNoRetry == 1` for object "add-connection" Button`
    t =     4.74s         Checking existence of `"add-connection" Button`
    t =     4.80s Tap "add-connection" Button
    t =     4.80s     Wait for com.bicterm.app to idle
    t =     4.80s     Find the "add-connection" Button
    t =     4.83s     Check for interrupting elements affecting "add-connection" Button
    t =     4.86s     Synthesize event
    t =     5.16s     Wait for com.bicterm.app to idle
    t =     6.19s Waiting 10.0s for "field-name" TextField to exist
    t =     7.22s     Checking `Expect predicate `existsNoRetry == 1` for object "field-name" TextField`
    t =     7.22s         Checking existence of `"field-name" TextField`
    t =     7.33s Checking existence of `"field-name" TextField`
    t =     7.39s Find the "field-name" TextField
    t =     7.46s Find the Window (First Match)
    t =     7.47s Find the "field-name" TextField
    t =     7.53s Get number of matches for: Descendants matching type NavigationBar
    t =     7.58s Find the NavigationBar (Element at index 0)
    t =     7.64s Find the NavigationBar (Element at index 1)
    t =     7.70s Tap "field-name" TextField
    t =     7.70s     Wait for com.bicterm.app to idle
    t =     7.70s     Find the "field-name" TextField
    t =     7.76s     Check for interrupting elements affecting "field-name" TextField
    t =     7.82s     Synthesize event
    t =     8.11s     Wait for com.bicterm.app to idle
    t =     9.29s Checking `Expect predicate `hasKeyboardFocus == 1` for object "field-name" TextField`
    t =     9.29s     Find the "field-name" TextField
    t =     9.40s Type 'Password Auth' into Target Application 'com.bicterm.app'
    t =     9.40s     Wait for com.bicterm.app to idle
    t =     9.41s     Find the Target Application 'com.bicterm.app'
    t =     9.47s     Check for interrupting elements affecting "BicTerm" Application
    t =     9.53s     Synthesize event
    t =     9.54s         Get number of matches for: Elements containing elements matching predicate 'hasKeyboardFocus == 1'
    t =    10.01s     Wait for com.bicterm.app to idle
    t =    10.06s Find the "field-name" TextField
    t =    10.15s Get number of matches for: Descendants matching type Keyboard
    t =    10.22s Waiting 2.0s for "Done" Button to exist
    t =    11.26s     Checking `Expect predicate `existsNoRetry == 1` for object "Done" Button`
    t =    11.26s         Checking existence of `"Done" Button`
    t =    11.34s Tap "Done" Button
    t =    11.34s     Wait for com.bicterm.app to idle
    t =    11.34s     Find the "Done" Button
    t =    11.42s     Check for interrupting elements affecting "Done" Button
    t =    11.49s     Synthesize event
    t =    11.78s     Wait for com.bicterm.app to idle
    t =    12.58s Checking existence of `"field-host" TextField`
    t =    12.64s Find the "field-host" TextField
    t =    12.72s Find the Window (First Match)
    t =    12.73s Find the "field-host" TextField
    t =    12.79s Get number of matches for: Descendants matching type NavigationBar
    t =    12.85s Find the NavigationBar (Element at index 0)
    t =    12.91s Find the NavigationBar (Element at index 1)
    t =    12.97s Tap "field-host" TextField
    t =    12.97s     Wait for com.bicterm.app to idle
    t =    12.97s     Find the "field-host" TextField
    t =    13.04s     Check for interrupting elements affecting "field-host" TextField
    t =    13.10s     Synthesize event
    t =    13.40s     Wait for com.bicterm.app to idle
    t =    14.71s Checking `Expect predicate `hasKeyboardFocus == 1` for object "field-host" TextField`
    t =    14.71s     Find the "field-host" TextField
    t =    14.79s Type '127.0.0.1' into Target Application 'com.bicterm.app'
    t =    14.79s     Wait for com.bicterm.app to idle
    t =    14.79s     Find the Target Application 'com.bicterm.app'
    t =    14.85s     Check for interrupting elements affecting "BicTerm" Application
    t =    14.91s     Synthesize event
    t =    14.91s         Get number of matches for: Elements containing elements matching predicate 'hasKeyboardFocus == 1'
    t =    15.33s     Wait for com.bicterm.app to idle
    t =    15.42s Find the "field-host" TextField
    t =    15.50s Get number of matches for: Descendants matching type Keyboard
    t =    15.56s Waiting 2.0s for "Done" Button to exist
    t =    16.59s     Checking `Expect predicate `existsNoRetry == 1` for object "Done" Button`
    t =    16.59s         Checking existence of `"Done" Button`
    t =    16.67s Tap "Done" Button
    t =    16.67s     Wait for com.bicterm.app to idle
    t =    16.68s     Find the "Done" Button
    t =    16.75s     Check for interrupting elements affecting "Done" Button
    t =    16.82s     Synthesize event
    t =    17.11s     Wait for com.bicterm.app to idle
    t =    17.92s Checking existence of `"field-port" TextField`
    t =    17.98s Find the "field-port" TextField
    t =    18.06s Find the Window (First Match)
    t =    18.06s Find the "field-port" TextField
    t =    18.13s Get number of matches for: Descendants matching type NavigationBar
    t =    18.18s Find the NavigationBar (Element at index 0)
    t =    18.24s Find the NavigationBar (Element at index 1)
    t =    18.30s Tap "field-port" TextField
    t =    18.30s     Wait for com.bicterm.app to idle
    t =    18.30s     Find the "field-port" TextField
    t =    18.37s     Check for interrupting elements affecting "field-port" TextField
    t =    18.43s     Synthesize event
    t =    18.71s     Wait for com.bicterm.app to idle
    t =    20.01s Checking `Expect predicate `hasKeyboardFocus == 1` for object "field-port" TextField`
    t =    20.01s     Find the "field-port" TextField
    t =    20.09s Double tap "field-port" TextField
    t =    20.09s     Wait for com.bicterm.app to idle
    t =    20.09s     Find the "field-port" TextField
    t =    20.16s     Check for interrupting elements affecting "field-port" TextField
    t =    20.22s     Synthesize event
    t =    20.56s     Wait for com.bicterm.app to idle
    t =    20.84s Type '18090' into Target Application 'com.bicterm.app'
    t =    20.84s     Wait for com.bicterm.app to idle
    t =    20.84s     Find the Target Application 'com.bicterm.app'
    t =    20.91s     Check for interrupting elements affecting "BicTerm" Application
    t =    20.98s     Synthesize event
    t =    20.99s         Get number of matches for: Elements containing elements matching predicate 'hasKeyboardFocus == 1'
    t =    21.33s     Wait for com.bicterm.app to idle
    t =    21.58s Find the "field-port" TextField
    t =    21.65s Get number of matches for: Descendants matching type Keyboard
    t =    21.71s Waiting 2.0s for "Done" Button to exist
    t =    22.75s     Checking `Expect predicate `existsNoRetry == 1` for object "Done" Button`
    t =    22.75s         Checking existence of `"Done" Button`
    t =    22.82s Tap "Done" Button
    t =    22.82s     Wait for com.bicterm.app to idle
    t =    22.83s     Find the "Done" Button
    t =    22.90s     Check for interrupting elements affecting "Done" Button
    t =    22.96s     Synthesize event
    t =    23.26s     Wait for com.bicterm.app to idle
    t =    24.05s Checking existence of `"field-username" TextField`
    t =    24.11s Find the "field-username" TextField
    t =    24.19s Find the Window (First Match)
    t =    24.19s Find the "field-username" TextField
    t =    24.26s Get number of matches for: Descendants matching type NavigationBar
    t =    24.31s Find the NavigationBar (Element at index 0)
    t =    24.37s Find the NavigationBar (Element at index 1)
    t =    24.43s Tap "field-username" TextField
    t =    24.43s     Wait for com.bicterm.app to idle
    t =    24.44s     Find the "field-username" TextField
    t =    24.50s     Check for interrupting elements affecting "field-username" TextField
    t =    24.56s     Synthesize event
    t =    24.86s     Wait for com.bicterm.app to idle
    t =    26.21s Checking `Expect predicate `hasKeyboardFocus == 1` for object "field-username" TextField`
    t =    26.21s     Find the "field-username" TextField
    t =    26.28s Type 'uitest' into Target Application 'com.bicterm.app'
    t =    26.28s     Wait for com.bicterm.app to idle
    t =    26.29s     Find the Target Application 'com.bicterm.app'
    t =    26.35s     Check for interrupting elements affecting "BicTerm" Application
    t =    26.41s     Synthesize event
    t =    26.42s         Get number of matches for: Elements containing elements matching predicate 'hasKeyboardFocus == 1'
    t =    26.78s     Wait for com.bicterm.app to idle
    t =    26.93s Find the "field-username" TextField
    t =    27.00s Get number of matches for: Descendants matching type Keyboard
    t =    27.07s Waiting 2.0s for "Done" Button to exist
    t =    28.11s     Checking `Expect predicate `existsNoRetry == 1` for object "Done" Button`
    t =    28.11s         Checking existence of `"Done" Button`
    t =    28.19s Tap "Done" Button
    t =    28.19s     Wait for com.bicterm.app to idle
    t =    28.19s     Find the "Done" Button
    t =    28.27s     Check for interrupting elements affecting "Done" Button
    t =    28.34s     Synthesize event
    t =    28.63s     Wait for com.bicterm.app to idle
    t =    29.44s Get number of matches for: Descendants matching type Keyboard
    t =    29.49s Waiting 5.0s for "auth-method-picker" SegmentedControl to exist
    t =    30.52s     Checking `Expect predicate `existsNoRetry == 1` for object "auth-method-picker" SegmentedControl`
    t =    30.52s         Checking existence of `"auth-method-picker" SegmentedControl`
    t =    30.59s Checking existence of `"Password" Button`
    t =    30.65s Tap "Password" Button
    t =    30.65s     Wait for com.bicterm.app to idle
    t =    30.65s     Find the "Password" Button
    t =    30.72s     Check for interrupting elements affecting "Password" Button
    t =    30.78s     Synthesize event
    t =    31.07s     Wait for com.bicterm.app to idle
    t =    32.10s Waiting 5.0s for "password-field" SecureTextField to exist
    t =    33.14s     Checking `Expect predicate `existsNoRetry == 1` for object "password-field" SecureTextField`
    t =    33.14s         Checking existence of `"password-field" SecureTextField`
    t =    33.21s Checking existence of `"key-selector" Button`
    t =    33.27s Checking existence of `"password-field-error" StaticText`
    t =    33.34s Checking existence of `"password-field" SecureTextField`
    t =    33.40s Find the "password-field" SecureTextField
    t =    33.49s Find the Window (First Match)
    t =    33.50s Find the "password-field" SecureTextField
    t =    33.57s Get number of matches for: Descendants matching type NavigationBar
    t =    33.62s Find the NavigationBar (Element at index 0)
    t =    33.68s Find the NavigationBar (Element at index 1)
    t =    33.75s Tap "password-field" SecureTextField[0.75, 0.50]
    t =    33.75s     Wait for com.bicterm.app to idle
    t =    33.75s     Find the "password-field" SecureTextField
    t =    33.81s     Check for interrupting elements affecting "password-field" SecureTextField
    t =    33.88s     Synthesize event
    t =    33.88s         Find the "password-field" SecureTextField
    t =    33.95s         Find the "password-field" SecureTextField
    t =    34.02s         Find the "password-field" SecureTextField
    t =    34.36s     Wait for com.bicterm.app to idle
    t =    35.67s Checking `Expect predicate `hasKeyboardFocus == 1` for object "password-field" SecureTextField`
    t =    35.67s     Find the "password-field" SecureTextField
    t =    35.76s Type 'bicterm-uitest-fix...' into Target Application 'com.bicterm.app'
    t =    35.76s     Wait for com.bicterm.app to idle
    t =    35.76s     Find the Target Application 'com.bicterm.app'
    t =    35.82s     Check for interrupting elements affecting "BicTerm" Application
    t =    35.89s     Synthesize event
    t =    35.89s         Get number of matches for: Elements containing elements matching predicate 'hasKeyboardFocus == 1'
    t =    36.67s     Wait for com.bicterm.app to idle
    t =    37.70s Find the "password-field" SecureTextField
    t =    37.78s Get number of matches for: Descendants matching type Keyboard
    t =    37.84s Waiting 2.0s for "Done" Button to exist
    t =    38.89s     Checking `Expect predicate `existsNoRetry == 1` for object "Done" Button`
    t =    38.89s         Checking existence of `"Done" Button`
    t =    38.97s Tap "Done" Button
    t =    38.97s     Wait for com.bicterm.app to idle
    t =    38.98s     Find the "Done" Button
    t =    39.06s     Check for interrupting elements affecting "Done" Button
    t =    39.13s     Synthesize event
    t =    39.43s     Wait for com.bicterm.app to idle
    t =    40.20s Checking existence of `"password-field-error" StaticText`
    t =    41.33s Checking `Expect predicate `enabled == 1` for object "save-editor" Button`
    t =    41.33s     Find the "save-editor" Button
    t =    41.41s Tap "save-editor" Button
    t =    41.41s     Wait for com.bicterm.app to idle
    t =    41.41s     Find the "save-editor" Button
    t =    41.49s     Check for interrupting elements affecting "save-editor" Button
    t =    41.57s     Synthesize event
    t =    41.87s     Wait for com.bicterm.app to idle
    t =    43.05s Waiting 3.0s for "Not Now" Button to exist
    t =    44.07s     Checking `Expect predicate `existsNoRetry == 1` for object "Not Now" Button`
    t =    44.07s         Checking existence of `"Not Now" Button`
    t =    44.11s Tap "Not Now" Button
    t =    44.11s     Wait for com.bicterm.app to idle
    t =    44.12s     Find the "Not Now" Button
    t =    44.15s     Check for interrupting elements affecting "Not Now" Button
    t =    44.19s     Synthesize event
    t =    44.49s     Wait for com.bicterm.app to idle
    t =    44.49s Waiting 10.0s for "connection-Password-Auth" Button to exist
    t =    45.52s     Checking `Expect predicate `existsNoRetry == 1` for object "connection-Password-Auth" Button`
    t =    45.52s         Checking existence of `"connection-Password-Auth" Button`
    t =    45.55s Terminate com.bicterm.app:16954
    t =    46.60s Open com.bicterm.app
    t =    46.60s     Launch com.bicterm.app
2026-09-08 22:34:33.461 xcodebuild[13956:29844560] [MT] IDELaunchParametersSnapshot: The operation couldn’t be completed. (DebuggerLLDB.DebuggerVersionStore.StoreError error 0.)
2026-09-08 22:34:33.461 xcodebuild[13956:29844560] [MT] IDELaunchParametersSnapshot: no debugger version
    t =    46.81s         Setting up automation session
    t =    47.69s         Wait for com.bicterm.app to idle
    t =    49.27s Waiting 10.0s for "connection-Password-Auth" Button to exist
    t =    50.33s     Checking `Expect predicate `existsNoRetry == 1` for object "connection-Password-Auth" Button`
    t =    50.33s         Checking existence of `"connection-Password-Auth" Button`
    t =    50.39s Checking existence of `Cell (First Match)`
    t =    50.43s Swipe left Cell (First Match)
    t =    50.43s     Wait for com.bicterm.app to idle
    t =    50.43s     Find the Cell (First Match)
    t =    50.47s     Check for interrupting elements affecting Cell
    t =    50.50s     Synthesize event
    t =    50.95s     Wait for com.bicterm.app to idle
    t =    51.62s Waiting 5.0s for "edit-Password-Auth" Button to exist
    t =    52.66s     Checking `Expect predicate `existsNoRetry == 1` for object "edit-Password-Auth" Button`
    t =    52.66s         Checking existence of `"edit-Password-Auth" Button`
    t =    52.70s Tap "edit-Password-Auth" Button
    t =    52.70s     Wait for com.bicterm.app to idle
    t =    52.70s     Find the "edit-Password-Auth" Button
    t =    52.73s     Check for interrupting elements affecting "edit-Password-Auth" Button
    t =    52.76s     Synthesize event
    t =    53.05s     Wait for com.bicterm.app to idle
    t =    54.20s Waiting 10.0s for "cancel-editor" Button to exist
    t =    55.21s     Checking `Expect predicate `existsNoRetry == 1` for object "cancel-editor" Button`
    t =    55.21s         Checking existence of `"cancel-editor" Button`
    t =    55.32s Checking existence of `"password-field" SecureTextField`
    t =    55.39s Find the "password-field" SecureTextField
    t =    55.46s Find the Window (First Match)
    t =    55.47s Find the "password-field" SecureTextField
    t =    55.54s Get number of matches for: Descendants matching type NavigationBar
    t =    55.59s Find the NavigationBar (Element at index 0)
    t =    55.65s Find the NavigationBar (Element at index 1)
    t =    55.71s Checking existence of `"password-field" SecureTextField`
    t =    55.77s Checking existence of `"password-saved-badge" StaticText`
    t =    55.84s Checking existence of `"key-selector" Button`
    t =    55.90s Find the "password-field" SecureTextField
    t =    57.00s Checking `Expect predicate `enabled == 1` for object "save-editor" Button`
    t =    57.01s     Find the "save-editor" Button
    t =    57.07s Tap "cancel-editor" Button
    t =    57.07s     Wait for com.bicterm.app to idle
    t =    57.07s     Find the "cancel-editor" Button
    t =    57.14s     Check for interrupting elements affecting "cancel-editor" Button
    t =    57.20s     Synthesize event
    t =    57.49s     Wait for com.bicterm.app to idle
    t =    58.25s Tear Down
Test Case '-[BicTermUITests.PasswordAuthUITests testPasswordDestinationPersistsAndNeverPrefills]' passed (58.667 seconds).
Test Case '-[BicTermUITests.PasswordAuthUITests testPasswordHopPersistsAndReopensWithBadge]' started.
    t =     0.00s Start Test at 2026-09-08 22:34:45.529
    t =     0.02s Set Up
    t =     0.02s Open com.bicterm.app
    t =     0.03s     Launch com.bicterm.app
    t =     0.03s         Terminate com.bicterm.app:17046
2026-09-08 22:34:46.637 xcodebuild[13956:29844560] [MT] IDELaunchParametersSnapshot: The operation couldn’t be completed. (DebuggerLLDB.DebuggerVersionStore.StoreError error 0.)
2026-09-08 22:34:46.637 xcodebuild[13956:29844560] [MT] IDELaunchParametersSnapshot: no debugger version
    t =     1.32s         Setting up automation session
    t =     2.17s         Wait for com.bicterm.app to idle
    t =     3.71s Waiting 15.0s for "add-connection" Button to exist
    t =     4.77s     Checking `Expect predicate `existsNoRetry == 1` for object "add-connection" Button`
    t =     4.77s         Checking existence of `"add-connection" Button`
    t =     4.83s Tap "add-connection" Button
    t =     4.83s     Wait for com.bicterm.app to idle
    t =     4.83s     Find the "add-connection" Button
    t =     4.85s     Check for interrupting elements affecting "add-connection" Button
    t =     4.88s     Synthesize event
    t =     5.18s     Wait for com.bicterm.app to idle
    t =     6.27s Waiting 10.0s for "field-name" TextField to exist
    t =     7.31s     Checking `Expect predicate `existsNoRetry == 1` for object "field-name" TextField`
    t =     7.31s         Checking existence of `"field-name" TextField`
    t =     7.41s Checking existence of `"field-name" TextField`
    t =     7.47s Find the "field-name" TextField
    t =     7.53s Find the Window (First Match)
    t =     7.54s Find the "field-name" TextField
    t =     7.60s Get number of matches for: Descendants matching type NavigationBar
    t =     7.65s Find the NavigationBar (Element at index 0)
    t =     7.71s Find the NavigationBar (Element at index 1)
    t =     7.76s Tap "field-name" TextField
    t =     7.76s     Wait for com.bicterm.app to idle
    t =     7.76s     Find the "field-name" TextField
    t =     7.82s     Check for interrupting elements affecting "field-name" TextField
    t =     7.88s     Synthesize event
    t =     8.17s     Wait for com.bicterm.app to idle
    t =     9.35s Checking `Expect predicate `hasKeyboardFocus == 1` for object "field-name" TextField`
    t =     9.35s     Find the "field-name" TextField
    t =     9.46s Type 'Password Hop' into Target Application 'com.bicterm.app'
    t =     9.46s     Wait for com.bicterm.app to idle
    t =     9.46s     Find the Target Application 'com.bicterm.app'
    t =     9.52s     Check for interrupting elements affecting "BicTerm" Application
    t =     9.59s     Synthesize event
    t =     9.59s         Get number of matches for: Elements containing elements matching predicate 'hasKeyboardFocus == 1'
    t =    10.06s     Wait for com.bicterm.app to idle
    t =    10.11s Find the "field-name" TextField
    t =    10.19s Get number of matches for: Descendants matching type Keyboard
    t =    10.26s Waiting 2.0s for "Done" Button to exist
    t =    11.28s     Checking `Expect predicate `existsNoRetry == 1` for object "Done" Button`
    t =    11.28s         Checking existence of `"Done" Button`
    t =    11.36s Tap "Done" Button
    t =    11.36s     Wait for com.bicterm.app to idle
    t =    11.37s     Find the "Done" Button
    t =    11.45s     Check for interrupting elements affecting "Done" Button
    t =    11.52s     Synthesize event
    t =    11.81s     Wait for com.bicterm.app to idle
    t =    12.62s Checking existence of `"field-host" TextField`
    t =    12.68s Find the "field-host" TextField
    t =    12.75s Find the Window (First Match)
    t =    12.76s Find the "field-host" TextField
    t =    12.82s Get number of matches for: Descendants matching type NavigationBar
    t =    12.88s Find the NavigationBar (Element at index 0)
    t =    12.93s Find the NavigationBar (Element at index 1)
    t =    12.99s Tap "field-host" TextField
    t =    12.99s     Wait for com.bicterm.app to idle
    t =    12.99s     Find the "field-host" TextField
    t =    13.06s     Check for interrupting elements affecting "field-host" TextField
    t =    13.11s     Synthesize event
    t =    13.41s     Wait for com.bicterm.app to idle
    t =    14.75s Checking `Expect predicate `hasKeyboardFocus == 1` for object "field-host" TextField`
    t =    14.76s     Find the "field-host" TextField
    t =    14.84s Type '10.7.7.7' into Target Application 'com.bicterm.app'
    t =    14.84s     Wait for com.bicterm.app to idle
    t =    14.84s     Find the Target Application 'com.bicterm.app'
    t =    14.90s     Check for interrupting elements affecting "BicTerm" Application
    t =    14.97s     Synthesize event
    t =    14.97s         Get number of matches for: Elements containing elements matching predicate 'hasKeyboardFocus == 1'
    t =    15.37s     Wait for com.bicterm.app to idle
    t =    15.48s Find the "field-host" TextField
    t =    15.56s Get number of matches for: Descendants matching type Keyboard
    t =    15.62s Waiting 2.0s for "Done" Button to exist
    t =    16.64s     Checking `Expect predicate `existsNoRetry == 1` for object "Done" Button`
    t =    16.64s         Checking existence of `"Done" Button`
    t =    16.72s Tap "Done" Button
    t =    16.72s     Wait for com.bicterm.app to idle
    t =    16.72s     Find the "Done" Button
    t =    16.80s     Check for interrupting elements affecting "Done" Button
    t =    16.87s     Synthesize event
    t =    17.16s     Wait for com.bicterm.app to idle
    t =    17.97s Checking existence of `"field-username" TextField`
    t =    18.03s Find the "field-username" TextField
    t =    18.11s Find the Window (First Match)
    t =    18.11s Find the "field-username" TextField
    t =    18.18s Get number of matches for: Descendants matching type NavigationBar
    t =    18.24s Find the NavigationBar (Element at index 0)
    t =    18.29s Find the NavigationBar (Element at index 1)
    t =    18.35s Tap "field-username" TextField
    t =    18.36s     Wait for com.bicterm.app to idle
    t =    18.36s     Find the "field-username" TextField
    t =    18.42s     Check for interrupting elements affecting "field-username" TextField
    t =    18.48s     Synthesize event
    t =    18.78s     Wait for com.bicterm.app to idle
    t =    20.07s Checking `Expect predicate `hasKeyboardFocus == 1` for object "field-username" TextField`
    t =    20.07s     Find the "field-username" TextField
    t =    20.15s Type 'dest-user' into Target Application 'com.bicterm.app'
    t =    20.15s     Wait for com.bicterm.app to idle
    t =    20.16s     Find the Target Application 'com.bicterm.app'
    t =    20.22s     Check for interrupting elements affecting "BicTerm" Application
    t =    20.28s     Synthesize event
    t =    20.29s         Get number of matches for: Elements containing elements matching predicate 'hasKeyboardFocus == 1'
    t =    20.70s     Wait for com.bicterm.app to idle
    t =    20.81s Find the "field-username" TextField
    t =    20.89s Get number of matches for: Descendants matching type Keyboard
    t =    20.96s Waiting 2.0s for "Done" Button to exist
    t =    22.01s     Checking `Expect predicate `existsNoRetry == 1` for object "Done" Button`
    t =    22.01s         Checking existence of `"Done" Button`
    t =    22.09s Tap "Done" Button
    t =    22.09s     Wait for com.bicterm.app to idle
    t =    22.09s     Find the "Done" Button
    t =    22.17s     Check for interrupting elements affecting "Done" Button
    t =    22.24s     Synthesize event
    t =    22.53s     Wait for com.bicterm.app to idle
    t =    23.33s Get number of matches for: Descendants matching type Keyboard
    t =    23.39s Checking existence of `"key-selector" Button`
    t =    23.45s Find the "key-selector" Button
    t =    23.52s Find the Window (First Match)
    t =    23.53s Find the "key-selector" Button
    t =    23.60s Get number of matches for: Descendants matching type NavigationBar
    t =    23.66s Find the NavigationBar (Element at index 0)
    t =    23.72s Find the NavigationBar (Element at index 1)
    t =    23.78s Tap "key-selector" Button
    t =    23.78s     Wait for com.bicterm.app to idle
    t =    23.78s     Find the "key-selector" Button
    t =    23.85s     Check for interrupting elements affecting "key-selector" Button
    t =    23.91s     Synthesize event
    t =    24.21s     Wait for com.bicterm.app to idle
    t =    24.97s Waiting 5.0s for "key-Fixture-Ed25519" Button to exist
    t =    26.02s     Checking `Expect predicate `existsNoRetry == 1` for object "key-Fixture-Ed25519" Button`
    t =    26.02s         Checking existence of `"key-Fixture-Ed25519" Button`
    t =    26.07s Tap "key-Fixture-Ed25519" Button
    t =    26.07s     Wait for com.bicterm.app to idle
    t =    26.07s     Find the "key-Fixture-Ed25519" Button
    t =    26.12s     Check for interrupting elements affecting "key-Fixture-Ed25519" Button
    t =    26.16s     Synthesize event
    t =    26.45s     Wait for com.bicterm.app to idle
    t =    27.28s Checking existence of `"add-hop" Button`
    t =    27.35s Find the "add-hop" Button
    t =    27.42s Find the Window (First Match)
    t =    27.43s Find the "add-hop" Button
    t =    27.50s Get number of matches for: Descendants matching type NavigationBar
    t =    27.55s Find the NavigationBar (Element at index 0)
    t =    27.61s Find the NavigationBar (Element at index 1)
    t =    27.67s Tap "add-hop" Button
    t =    27.67s     Wait for com.bicterm.app to idle
    t =    27.68s     Find the "add-hop" Button
    t =    27.74s     Check for interrupting elements affecting "add-hop" Button
    t =    27.80s     Synthesize event
    t =    28.10s     Wait for com.bicterm.app to idle
    t =    28.78s Waiting 10.0s for "hop-field-host" TextField to exist
    t =    29.82s     Checking `Expect predicate `existsNoRetry == 1` for object "hop-field-host" TextField`
    t =    29.82s         Checking existence of `"hop-field-host" TextField`
    t =    29.93s Checking existence of `"hop-field-host" TextField`
    t =    30.02s Find the "hop-field-host" TextField
    t =    30.11s Find the Window (First Match)
    t =    30.12s Find the "hop-field-host" TextField
    t =    30.20s Get number of matches for: Descendants matching type NavigationBar
    t =    30.28s Find the NavigationBar (Element at index 0)
    t =    30.36s Find the NavigationBar (Element at index 1)
    t =    30.44s Find the NavigationBar (Element at index 2)
    t =    30.52s Tap "hop-field-host" TextField
    t =    30.52s     Wait for com.bicterm.app to idle
    t =    30.52s     Find the "hop-field-host" TextField
    t =    30.60s     Check for interrupting elements affecting "hop-field-host" TextField
    t =    30.69s     Synthesize event
    t =    30.99s     Wait for com.bicterm.app to idle
    t =    32.37s Checking `Expect predicate `hasKeyboardFocus == 1` for object "hop-field-host" TextField`
    t =    32.38s     Find the "hop-field-host" TextField
    t =    32.48s Type '127.0.0.1' into Target Application 'com.bicterm.app'
    t =    32.48s     Wait for com.bicterm.app to idle
    t =    32.48s     Find the Target Application 'com.bicterm.app'
    t =    32.56s     Check for interrupting elements affecting "BicTerm" Application
    t =    32.65s     Synthesize event
    t =    32.66s         Get number of matches for: Elements containing elements matching predicate 'hasKeyboardFocus == 1'
    t =    33.09s     Wait for com.bicterm.app to idle
    t =    33.19s Find the "hop-field-host" TextField
    t =    33.29s Get number of matches for: Descendants matching type Keyboard
    t =    33.38s Waiting 2.0s for "Done" Button to exist
    t =    34.44s     Checking `Expect predicate `existsNoRetry == 1` for object "Done" Button`
    t =    34.44s         Checking existence of `"Done" Button`
    t =    34.54s Tap "Done" Button
    t =    34.54s     Wait for com.bicterm.app to idle
    t =    34.54s     Find the "Done" Button
    t =    34.65s     Check for interrupting elements affecting "Done" Button
    t =    34.74s     Synthesize event
    t =    35.03s     Wait for com.bicterm.app to idle
    t =    35.83s Checking existence of `"hop-field-port" TextField`
    t =    35.92s Find the "hop-field-port" TextField
    t =    36.01s Find the Window (First Match)
    t =    36.02s Find the "hop-field-port" TextField
    t =    36.11s Get number of matches for: Descendants matching type NavigationBar
    t =    36.18s Find the NavigationBar (Element at index 0)
    t =    36.26s Find the NavigationBar (Element at index 1)
    t =    36.34s Find the NavigationBar (Element at index 2)
    t =    36.42s Tap "hop-field-port" TextField
    t =    36.42s     Wait for com.bicterm.app to idle
    t =    36.42s     Find the "hop-field-port" TextField
    t =    36.50s     Check for interrupting elements affecting "hop-field-port" TextField
    t =    36.59s     Synthesize event
    t =    36.89s     Wait for com.bicterm.app to idle
    t =    38.19s Checking `Expect predicate `hasKeyboardFocus == 1` for object "hop-field-port" TextField`
    t =    38.19s     Find the "hop-field-port" TextField
    t =    38.30s Double tap "hop-field-port" TextField
    t =    38.30s     Wait for com.bicterm.app to idle
    t =    38.30s     Find the "hop-field-port" TextField
    t =    38.40s     Check for interrupting elements affecting "hop-field-port" TextField
    t =    38.50s     Synthesize event
    t =    38.84s     Wait for com.bicterm.app to idle
    t =    39.10s Type '12222' into Target Application 'com.bicterm.app'
    t =    39.10s     Wait for com.bicterm.app to idle
    t =    39.10s     Find the Target Application 'com.bicterm.app'
    t =    39.19s     Check for interrupting elements affecting "BicTerm" Application
    t =    39.28s     Synthesize event
    t =    39.28s         Get number of matches for: Elements containing elements matching predicate 'hasKeyboardFocus == 1'
    t =    39.66s     Wait for com.bicterm.app to idle
    t =    39.88s Find the "hop-field-port" TextField
    t =    39.99s Get number of matches for: Descendants matching type Keyboard
    t =    40.08s Waiting 2.0s for "Done" Button to exist
    t =    41.10s     Checking `Expect predicate `existsNoRetry == 1` for object "Done" Button`
    t =    41.10s         Checking existence of `"Done" Button`
    t =    41.21s Tap "Done" Button
    t =    41.21s     Wait for com.bicterm.app to idle
    t =    41.21s     Find the "Done" Button
    t =    41.32s     Check for interrupting elements affecting "Done" Button
    t =    41.42s     Synthesize event
    t =    41.71s     Wait for com.bicterm.app to idle
    t =    42.53s Checking existence of `"hop-field-username" TextField`
    t =    42.62s Find the "hop-field-username" TextField
    t =    42.72s Find the Window (First Match)
    t =    42.72s Find the "hop-field-username" TextField
    t =    42.81s Get number of matches for: Descendants matching type NavigationBar
    t =    42.89s Find the NavigationBar (Element at index 0)
    t =    42.98s Find the NavigationBar (Element at index 1)
    t =    43.06s Find the NavigationBar (Element at index 2)
    t =    43.14s Tap "hop-field-username" TextField
    t =    43.14s     Wait for com.bicterm.app to idle
    t =    43.14s     Find the "hop-field-username" TextField
    t =    43.23s     Check for interrupting elements affecting "hop-field-username" TextField
    t =    43.31s     Synthesize event
    t =    43.61s     Wait for com.bicterm.app to idle
    t =    44.92s Checking `Expect predicate `hasKeyboardFocus == 1` for object "hop-field-username" TextField`
    t =    44.92s     Find the "hop-field-username" TextField
    t =    45.02s Type 'hop1user' into Target Application 'com.bicterm.app'
    t =    45.02s     Wait for com.bicterm.app to idle
    t =    45.03s     Find the Target Application 'com.bicterm.app'
    t =    45.10s     Check for interrupting elements affecting "BicTerm" Application
    t =    45.19s     Synthesize event
    t =    45.19s         Get number of matches for: Elements containing elements matching predicate 'hasKeyboardFocus == 1'
    t =    45.61s     Wait for com.bicterm.app to idle
    t =    45.72s Find the "hop-field-username" TextField
    t =    45.82s Get number of matches for: Descendants matching type Keyboard
    t =    45.91s Waiting 2.0s for "Done" Button to exist
    t =    46.96s     Checking `Expect predicate `existsNoRetry == 1` for object "Done" Button`
    t =    46.96s         Checking existence of `"Done" Button`
    t =    47.06s Tap "Done" Button
    t =    47.06s     Wait for com.bicterm.app to idle
    t =    47.06s     Find the "Done" Button
    t =    47.17s     Check for interrupting elements affecting "Done" Button
    t =    47.27s     Synthesize event
    t =    47.56s     Wait for com.bicterm.app to idle
    t =    48.35s Get number of matches for: Descendants matching type Keyboard
    t =    48.43s Waiting 5.0s for "hop-auth-method-picker" SegmentedControl to exist
    t =    49.45s     Checking `Expect predicate `existsNoRetry == 1` for object "hop-auth-method-picker" SegmentedControl`
    t =    49.45s         Checking existence of `"hop-auth-method-picker" SegmentedControl`
    t =    49.54s Checking existence of `"Password" Button`
    t =    49.63s Tap "Password" Button
    t =    49.63s     Wait for com.bicterm.app to idle
    t =    49.63s     Find the "Password" Button
    t =    49.72s     Check for interrupting elements affecting "Password" Button
    t =    49.80s     Synthesize event
    t =    50.10s     Wait for com.bicterm.app to idle
    t =    51.08s Waiting 5.0s for "hop-password-field" SecureTextField to exist
    t =    52.13s     Checking `Expect predicate `existsNoRetry == 1` for object "hop-password-field" SecureTextField`
    t =    52.13s         Checking existence of `"hop-password-field" SecureTextField`
    t =    52.22s Checking existence of `"hop-password-field" SecureTextField`
    t =    52.31s Find the "hop-password-field" SecureTextField
    t =    52.40s Find the Window (First Match)
    t =    52.41s Find the "hop-password-field" SecureTextField
    t =    52.50s Get number of matches for: Descendants matching type NavigationBar
    t =    52.57s Find the NavigationBar (Element at index 0)
    t =    52.65s Find the NavigationBar (Element at index 1)
    t =    52.74s Find the NavigationBar (Element at index 2)
    t =    52.82s Tap "hop-password-field" SecureTextField[0.75, 0.50]
    t =    52.82s     Wait for com.bicterm.app to idle
    t =    52.82s     Find the "hop-password-field" SecureTextField
    t =    52.91s     Check for interrupting elements affecting "hop-password-field" SecureTextField
    t =    52.99s     Synthesize event
    t =    52.99s         Find the "hop-password-field" SecureTextField
    t =    53.08s         Find the "hop-password-field" SecureTextField
    t =    53.16s         Find the "hop-password-field" SecureTextField
    t =    53.53s     Wait for com.bicterm.app to idle
    t =    54.88s Checking `Expect predicate `hasKeyboardFocus == 1` for object "hop-password-field" SecureTextField`
    t =    54.88s     Find the "hop-password-field" SecureTextField
    t =    54.99s Type 'hop-secret-9' into Target Application 'com.bicterm.app'
    t =    54.99s     Wait for com.bicterm.app to idle
    t =    54.99s     Find the Target Application 'com.bicterm.app'
    t =    55.07s     Check for interrupting elements affecting "BicTerm" Application
    t =    55.16s     Synthesize event
    t =    55.17s         Get number of matches for: Elements containing elements matching predicate 'hasKeyboardFocus == 1'
    t =    55.64s     Wait for com.bicterm.app to idle
    t =    55.71s Find the "hop-password-field" SecureTextField
    t =    55.82s Get number of matches for: Descendants matching type Keyboard
    t =    55.90s Waiting 2.0s for "Done" Button to exist
    t =    56.93s     Checking `Expect predicate `existsNoRetry == 1` for object "Done" Button`
    t =    56.93s         Checking existence of `"Done" Button`
    t =    57.03s Tap "Done" Button
    t =    57.03s     Wait for com.bicterm.app to idle
    t =    57.03s     Find the "Done" Button
    t =    57.14s     Check for interrupting elements affecting "Done" Button
    t =    57.23s     Synthesize event
    t =    57.52s     Wait for com.bicterm.app to idle
    t =    58.30s Waiting 5.0s for "save-hop" Button to exist
    t =    59.35s     Checking `Expect predicate `existsNoRetry == 1` for object "save-hop" Button`
    t =    59.35s         Checking existence of `"save-hop" Button`
    t =    60.49s Checking `Expect predicate `enabled == 1` for object "save-hop" Button`
    t =    60.49s     Find the "save-hop" Button
    t =    60.60s Tap "save-hop" Button
    t =    60.60s     Wait for com.bicterm.app to idle
    t =    60.60s     Find the "save-hop" Button
    t =    60.70s     Check for interrupting elements affecting "save-hop" Button
    t =    60.80s     Synthesize event
    t =    61.10s     Wait for com.bicterm.app to idle
    t =    63.22s Checking `Expect predicate `exists == 0` for object "save-hop" Button`
    t =    63.22s     Checking existence of `"save-hop" Button`
    t =    63.23s         Checking `Expect predicate `exists == 0` for object "hop-field-host" TextField`
    t =    63.23s             Checking existence of `"hop-field-host" TextField`
    t =    63.38s Waiting 3.0s for "Not Now" Button to exist
    t =    64.42s     Checking `Expect predicate `existsNoRetry == 1` for object "Not Now" Button`
    t =    64.42s         Checking existence of `"Not Now" Button`
    t =    64.50s Tap "Not Now" Button
    t =    64.50s     Wait for com.bicterm.app to idle
    t =    64.50s     Find the "Not Now" Button
    t =    64.57s     Check for interrupting elements affecting "Not Now" Button
    t =    64.65s     Synthesize event
    t =    64.94s     Wait for com.bicterm.app to idle
    t =    65.34s Checking existence of `"hop-0-credential" StaticText`
    t =    65.42s Find the "hop-0-credential" StaticText
    t =    65.50s Find the Window (First Match)
    t =    65.51s Find the "hop-0-credential" StaticText
    t =    65.58s Get number of matches for: Descendants matching type NavigationBar
    t =    65.64s Find the NavigationBar (Element at index 0)
    t =    65.71s Find the NavigationBar (Element at index 1)
    t =    65.77s Find the "hop-0-credential" StaticText
    t =    65.84s Tap "save-editor" Button
    t =    65.84s     Wait for com.bicterm.app to idle
    t =    65.84s     Find the "save-editor" Button
    t =    65.91s     Check for interrupting elements affecting "save-editor" Button
    t =    65.97s     Synthesize event
    t =    66.27s     Wait for com.bicterm.app to idle
    t =    67.05s Waiting 3.0s for "Not Now" Button to exist
    t =    68.10s     Checking `Expect predicate `existsNoRetry == 1` for object "Not Now" Button`
    t =    68.10s         Checking existence of `"Not Now" Button`
    t =    68.13s         Capturing element debug description
    t =    69.06s     Checking `Expect predicate `existsNoRetry == 1` for object "Not Now" Button`
    t =    69.06s         Checking existence of `"Not Now" Button`
    t =    69.09s         Capturing element debug description
    t =    70.06s     Checking `Expect predicate `existsNoRetry == 1` for object "Not Now" Button`
    t =    70.06s         Checking existence of `"Not Now" Button`
    t =    70.09s         Capturing element debug description
    t =    70.09s     Checking existence of `"Not Now" Button`
    t =    70.12s Collecting debug information to assist test failure triage
    t =    70.12s     Requesting snapshot of accessibility hierarchy for app with pid 17066
    t =    70.16s Waiting 10.0s for "connection-Password-Hop" Button to exist
    t =    71.21s     Checking `Expect predicate `existsNoRetry == 1` for object "connection-Password-Hop" Button`
    t =    71.21s         Checking existence of `"connection-Password-Hop" Button`
    t =    71.24s Terminate com.bicterm.app:17066
    t =    72.29s Open com.bicterm.app
    t =    72.29s     Launch com.bicterm.app
2026-09-08 22:35:57.825 xcodebuild[13956:29844560] [MT] IDELaunchParametersSnapshot: The operation couldn’t be completed. (DebuggerLLDB.DebuggerVersionStore.StoreError error 0.)
2026-09-08 22:35:57.825 xcodebuild[13956:29844560] [MT] IDELaunchParametersSnapshot: no debugger version
    t =    72.50s         Setting up automation session
    t =    73.38s         Wait for com.bicterm.app to idle
    t =    74.93s Waiting 10.0s for "connection-Password-Hop" Button to exist
    t =    75.94s     Checking `Expect predicate `existsNoRetry == 1` for object "connection-Password-Hop" Button`
    t =    75.94s         Checking existence of `"connection-Password-Hop" Button`
    t =    76.01s Checking existence of `Cell (First Match)`
    t =    76.04s Swipe left Cell (First Match)
    t =    76.04s     Wait for com.bicterm.app to idle
    t =    76.04s     Find the Cell (First Match)
    t =    76.08s     Check for interrupting elements affecting Cell
    t =    76.11s     Synthesize event
    t =    76.57s     Wait for com.bicterm.app to idle
    t =    77.22s Waiting 5.0s for "edit-Password-Hop" Button to exist
    t =    78.23s     Checking `Expect predicate `existsNoRetry == 1` for object "edit-Password-Hop" Button`
    t =    78.23s         Checking existence of `"edit-Password-Hop" Button`
    t =    78.26s Tap "edit-Password-Hop" Button
    t =    78.26s     Wait for com.bicterm.app to idle
    t =    78.27s     Find the "edit-Password-Hop" Button
    t =    78.30s     Check for interrupting elements affecting "edit-Password-Hop" Button
    t =    78.33s     Synthesize event
    t =    78.63s     Wait for com.bicterm.app to idle
    t =    79.65s Waiting 10.0s for "cancel-editor" Button to exist
    t =    80.67s     Checking `Expect predicate `existsNoRetry == 1` for object "cancel-editor" Button`
    t =    80.67s         Checking existence of `"cancel-editor" Button`
    t =    80.78s Checking existence of `"edit-hop-0" Button`
    t =    80.85s Find the "edit-hop-0" Button
    t =    80.93s Find the Window (First Match)
    t =    80.94s Find the "edit-hop-0" Button
    t =    81.01s Get number of matches for: Descendants matching type NavigationBar
    t =    81.07s Find the NavigationBar (Element at index 0)
    t =    81.13s Find the NavigationBar (Element at index 1)
    t =    81.19s Tap "edit-hop-0" Button
    t =    81.19s     Wait for com.bicterm.app to idle
    t =    81.20s     Find the "edit-hop-0" Button
    t =    81.26s     Check for interrupting elements affecting "edit-hop-0" Button
    t =    81.33s     Synthesize event
    t =    81.63s     Wait for com.bicterm.app to idle
    t =    82.32s Waiting 10.0s for "hop-password-field" SecureTextField to exist
    t =    83.35s     Checking `Expect predicate `existsNoRetry == 1` for object "hop-password-field" SecureTextField`
    t =    83.35s         Checking existence of `"hop-password-field" SecureTextField`
    t =    83.46s Checking existence of `"hop-password-saved-badge" StaticText`
    t =    83.55s Checking existence of `"hop-key-selector" Button`
    t =    83.64s Find the "hop-password-field" SecureTextField
    t =    84.76s Checking `Expect predicate `enabled == 1` for object "save-hop" Button`
    t =    84.76s     Find the "save-hop" Button
    t =    84.86s Tap "cancel-hop" Button
    t =    84.86s     Wait for com.bicterm.app to idle
    t =    84.86s     Find the "cancel-hop" Button
    t =    84.95s     Check for interrupting elements affecting "cancel-hop" Button
    t =    85.04s     Synthesize event
    t =    85.34s     Wait for com.bicterm.app to idle
    t =    86.00s Tap "cancel-editor" Button
    t =    86.01s     Wait for com.bicterm.app to idle
    t =    86.01s     Find the "cancel-editor" Button
    t =    86.08s     Check for interrupting elements affecting "cancel-editor" Button
    t =    86.14s     Synthesize event
    t =    86.45s     Wait for com.bicterm.app to idle
    t =    87.10s Tear Down
Test Case '-[BicTermUITests.PasswordAuthUITests testPasswordHopPersistsAndReopensWithBadge]' passed (87.443 seconds).
Test Case '-[BicTermUITests.PasswordAuthUITests testSwitchingAuthMethodTogglesCredentialFields]' started.
    t =     0.00s Start Test at 2026-09-08 22:36:12.973
    t =     0.02s Set Up
    t =     0.02s Open com.bicterm.app
    t =     0.02s     Launch com.bicterm.app
    t =     0.02s         Terminate com.bicterm.app:17190
2026-09-08 22:36:14.047 xcodebuild[13956:29844560] [MT] IDELaunchParametersSnapshot: The operation couldn’t be completed. (DebuggerLLDB.DebuggerVersionStore.StoreError error 0.)
2026-09-08 22:36:14.047 xcodebuild[13956:29844560] [MT] IDELaunchParametersSnapshot: no debugger version
    t =     1.29s         Setting up automation session
    t =     2.17s         Wait for com.bicterm.app to idle
    t =     3.73s Waiting 15.0s for "add-connection" Button to exist
    t =     4.76s     Checking `Expect predicate `existsNoRetry == 1` for object "add-connection" Button`
    t =     4.77s         Checking existence of `"add-connection" Button`
    t =     4.83s Tap "add-connection" Button
    t =     4.83s     Wait for com.bicterm.app to idle
    t =     4.83s     Find the "add-connection" Button
    t =     4.85s     Check for interrupting elements affecting "add-connection" Button
    t =     4.88s     Synthesize event
    t =     5.18s     Wait for com.bicterm.app to idle
    t =     6.11s Waiting 10.0s for "field-name" TextField to exist
    t =     7.16s     Checking `Expect predicate `existsNoRetry == 1` for object "field-name" TextField`
    t =     7.17s         Checking existence of `"field-name" TextField`
    t =     7.27s Checking existence of `"key-selector" Button`
    t =     7.33s Checking existence of `"password-field" SecureTextField`
    t =     7.39s Get number of matches for: Descendants matching type Keyboard
    t =     7.45s Waiting 5.0s for "auth-method-picker" SegmentedControl to exist
    t =     8.46s     Checking `Expect predicate `existsNoRetry == 1` for object "auth-method-picker" SegmentedControl`
    t =     8.46s         Checking existence of `"auth-method-picker" SegmentedControl`
    t =     8.52s Checking existence of `"Password" Button`
    t =     8.59s Tap "Password" Button
    t =     8.59s     Wait for com.bicterm.app to idle
    t =     8.59s     Find the "Password" Button
    t =     8.65s     Check for interrupting elements affecting "Password" Button
    t =     8.71s     Synthesize event
    t =     9.00s     Wait for com.bicterm.app to idle
    t =    10.11s Waiting 5.0s for "password-field" SecureTextField to exist
    t =    11.17s     Checking `Expect predicate `existsNoRetry == 1` for object "password-field" SecureTextField`
    t =    11.17s         Checking existence of `"password-field" SecureTextField`
    t =    11.24s Checking existence of `"key-selector" Button`
    t =    11.30s Get number of matches for: Descendants matching type Keyboard
    t =    11.35s Waiting 5.0s for "auth-method-picker" SegmentedControl to exist
    t =    12.40s     Checking `Expect predicate `existsNoRetry == 1` for object "auth-method-picker" SegmentedControl`
    t =    12.40s         Checking existence of `"auth-method-picker" SegmentedControl`
    t =    12.46s Checking existence of `"Key" Button`
    t =    12.52s Tap "Key" Button
    t =    12.52s     Wait for com.bicterm.app to idle
    t =    12.52s     Find the "Key" Button
    t =    12.58s     Check for interrupting elements affecting "Key" Button
    t =    12.64s     Synthesize event
    t =    12.93s     Wait for com.bicterm.app to idle
    t =    13.94s Checking existence of `"key-selector" Button`
    t =    14.00s Find the "key-selector" Button
    t =    14.08s Find the Window (First Match)
    t =    14.08s Find the "key-selector" Button
    t =    14.15s Get number of matches for: Descendants matching type NavigationBar
    t =    14.20s Find the NavigationBar (Element at index 0)
    t =    14.26s Find the NavigationBar (Element at index 1)
    t =    14.32s Checking existence of `"key-selector" Button`
    t =    14.38s Checking existence of `"password-field" SecureTextField`
    t =    14.43s Tap "cancel-editor" Button
    t =    14.43s     Wait for com.bicterm.app to idle
    t =    14.44s     Find the "cancel-editor" Button
    t =    14.50s     Check for interrupting elements affecting "cancel-editor" Button
    t =    14.55s     Synthesize event
    t =    14.85s     Wait for com.bicterm.app to idle
    t =    15.51s Tear Down
Test Case '-[BicTermUITests.PasswordAuthUITests testSwitchingAuthMethodTogglesCredentialFields]' passed (15.736 seconds).
Test Suite 'PasswordAuthUITests' passed at 2026-09-08 22:36:28.709.
	 Executed 3 tests, with 0 failures (0 unexpected) in 161.845 (161.848) seconds
Test Suite 'SessionScenesUITests' started at 2026-09-08 22:36:28.710.
Test Case '-[BicTermUITests.SessionScenesUITests testAgentApprovalApproveForSessionSuppressesSecondPromptInSameSession]' started.
    t =     0.00s Start Test at 2026-09-08 22:36:28.711
    t =     0.02s Set Up
    t =     0.02s Open com.bicterm.app
    t =     0.02s     Launch com.bicterm.app
    t =     0.02s         Terminate com.bicterm.app:17222
2026-09-08 22:36:29.791 xcodebuild[13956:29844560] [MT] IDELaunchParametersSnapshot: The operation couldn’t be completed. (DebuggerLLDB.DebuggerVersionStore.StoreError error 0.)
2026-09-08 22:36:29.791 xcodebuild[13956:29844560] [MT] IDELaunchParametersSnapshot: no debugger version
    t =     1.29s         Setting up automation session
    t =     2.15s         Wait for com.bicterm.app to idle
    t =     3.65s Waiting 90.0s for "agent-approval-sheet" StaticText to exist
    t =     4.69s     Checking `Expect predicate `existsNoRetry == 1` for object "agent-approval-sheet" StaticText`
    t =     4.70s         Checking existence of `"agent-approval-sheet" StaticText`
    t =     4.78s         Capturing element debug description
    t =     5.69s     Checking `Expect predicate `existsNoRetry == 1` for object "agent-approval-sheet" StaticText`
    t =     5.70s         Checking existence of `"agent-approval-sheet" StaticText`
    t =     5.75s         Capturing element debug description
    t =     6.71s     Checking `Expect predicate `existsNoRetry == 1` for object "agent-approval-sheet" StaticText`
    t =     6.71s         Checking existence of `"agent-approval-sheet" StaticText`
    t =     6.76s         Capturing element debug description
    t =     7.70s     Checking `Expect predicate `existsNoRetry == 1` for object "agent-approval-sheet" StaticText`
    t =     7.70s         Checking existence of `"agent-approval-sheet" StaticText`
    t =     7.75s         Capturing element debug description
    t =     8.66s     Checking `Expect predicate `existsNoRetry == 1` for object "agent-approval-sheet" StaticText`
    t =     8.66s         Checking existence of `"agent-approval-sheet" StaticText`
    t =     8.72s         Capturing element debug description
    t =     9.67s     Checking `Expect predicate `existsNoRetry == 1` for object "agent-approval-sheet" StaticText`
    t =     9.67s         Checking existence of `"agent-approval-sheet" StaticText`
    t =     9.72s Find the "agent-fingerprint" StaticText
    t =     9.76s Find the "agent-fingerprint" StaticText
    t =     9.80s Find the "agent-host" StaticText
    t =     9.84s Find the "agent-host" StaticText
    t =     9.88s Find the "agent-session" StaticText
    t =     9.92s Find the "agent-session" StaticText
    t =    10.06s Added attachment named 'task-14-agent-prompt'
    t =    10.06s Tap "agent-approve-session" Button
    t =    10.06s     Wait for com.bicterm.app to idle
    t =    10.06s     Find the "agent-approve-session" Button
    t =    10.11s     Check for interrupting elements affecting "agent-approve-session" Button
    t =    10.15s     Synthesize event
    t =    10.44s     Wait for com.bicterm.app to idle
    t =    10.86s Checking existence of `"agent-approval-sheet" StaticText`
    t =    10.90s Checking existence of `"agent-approval-sheet" StaticText`
    t =    10.95s Find the "scene-tail-Alpha" StaticText
    t =    10.99s Find the "scene-tail-Alpha" StaticText
    t =    11.04s Find the "scene-tail-Alpha" StaticText
    t =    11.08s Find the "scene-tail-Alpha" StaticText
    t =    11.13s Find the "scene-tail-Alpha" StaticText
    t =    11.17s Find the "scene-tail-Alpha" StaticText
    t =    15.22s Checking existence of `"agent-approval-sheet" StaticText`
    t =    15.27s Tear Down
Test Case '-[BicTermUITests.SessionScenesUITests testAgentApprovalApproveForSessionSuppressesSecondPromptInSameSession]' passed (15.539 seconds).
Test Case '-[BicTermUITests.SessionScenesUITests testAgentApprovalDenyFailsRequestAndNewSessionPromptsAgain]' started.
    t =     0.00s Start Test at 2026-09-08 22:36:44.251
    t =     0.02s Set Up
/Users/richard/code/BicTerm/BicTermUITests/SessionScenesUITests.swift:478: -[BicTermUITests.SessionScenesUITests testAgentApprovalDenyFailsRequestAndNewSessionPromptsAgain] : Test skipped - Two-window scenario requires the iPad form factor
    t =     0.04s Tear Down
Test Case '-[BicTermUITests.SessionScenesUITests testAgentApprovalDenyFailsRequestAndNewSessionPromptsAgain]' skipped (0.068 seconds).
Test Case '-[BicTermUITests.SessionScenesUITests testRestoredSessionRequiresManualReconnect]' started.
    t =     0.00s Start Test at 2026-09-08 22:36:44.319
    t =     0.02s Set Up
    t =     0.02s Open com.bicterm.app
    t =     0.02s     Launch com.bicterm.app
    t =     0.02s         Terminate com.bicterm.app:17298
2026-09-08 22:36:45.431 xcodebuild[13956:29844560] [MT] IDELaunchParametersSnapshot: The operation couldn’t be completed. (DebuggerLLDB.DebuggerVersionStore.StoreError error 0.)
2026-09-08 22:36:45.431 xcodebuild[13956:29844560] [MT] IDELaunchParametersSnapshot: no debugger version
    t =     1.33s         Setting up automation session
    t =     2.18s         Wait for com.bicterm.app to idle
    t =     3.74s Waiting 60.0s for "scene-status-Alpha" StaticText to exist
    t =     4.78s     Checking `Expect predicate `existsNoRetry == 1` for object "scene-status-Alpha" StaticText`
    t =     4.78s         Checking existence of `"scene-status-Alpha" StaticText`
    t =     4.87s Find the "scene-status-Alpha" StaticText
    t =     4.92s Find the "scene-status-Alpha" StaticText
    t =     4.97s Open com.apple.springboard
    t =     4.97s     Activate com.apple.springboard
    t =     4.98s         Wait for com.apple.springboard to idle
    t =     8.11s Terminate com.bicterm.app:17845
    t =     9.18s Open com.bicterm.app
    t =     9.18s     Launch com.bicterm.app
2026-09-08 22:36:53.499 xcodebuild[13956:29844560] [MT] IDELaunchParametersSnapshot: The operation couldn’t be completed. (DebuggerLLDB.DebuggerVersionStore.StoreError error 0.)
2026-09-08 22:36:53.499 xcodebuild[13956:29844560] [MT] IDELaunchParametersSnapshot: no debugger version
    t =     9.39s         Setting up automation session
    t =    10.25s         Wait for com.bicterm.app to idle
    t =    11.87s Waiting 20.0s for "restorable-reconnect-Alpha" Button to exist
    t =    12.90s     Checking `Expect predicate `existsNoRetry == 1` for object "restorable-reconnect-Alpha" Button`
    t =    12.90s         Checking existence of `"restorable-reconnect-Alpha" Button`
    t =    12.96s Checking existence of `"restorable-name-Alpha" StaticText`
    t =    12.99s Checking existence of `"restorable-state-Alpha" StaticText`
    t =    17.03s Checking existence of `"scene-status-Alpha" StaticText`
    t =    17.06s Tap "restorable-reconnect-Alpha" Button
    t =    17.06s     Wait for com.bicterm.app to idle
    t =    17.06s     Find the "restorable-reconnect-Alpha" Button
    t =    17.10s     Check for interrupting elements affecting "restorable-reconnect-Alpha" Button
    t =    17.13s     Synthesize event
    t =    17.42s     Wait for com.bicterm.app to idle
    t =    17.56s Waiting 30.0s for "scene-status-Alpha" StaticText to exist
    t =    18.62s     Checking `Expect predicate `existsNoRetry == 1` for object "scene-status-Alpha" StaticText`
    t =    18.62s         Checking existence of `"scene-status-Alpha" StaticText`
    t =    18.68s Find the "scene-status-Alpha" StaticText
    t =    18.73s Find the "scene-status-Alpha" StaticText
    t =    18.88s Added attachment named 'task-14-restore'
    t =    18.88s Tear Down
Test Case '-[BicTermUITests.SessionScenesUITests testRestoredSessionRequiresManualReconnect]' passed (19.122 seconds).
Test Case '-[BicTermUITests.SessionScenesUITests testRotationKeepsBothScenesActiveWithOwnTerminalContent]' started.
    t =     0.00s Start Test at 2026-09-08 22:37:03.442
    t =     0.02s Set Up
/Users/richard/code/BicTerm/BicTermUITests/SessionScenesUITests.swift:151: -[BicTermUITests.SessionScenesUITests testRotationKeepsBothScenesActiveWithOwnTerminalContent] : Test skipped - Two-window scenario requires the iPad form factor
    t =     0.02s Tear Down
Test Case '-[BicTermUITests.SessionScenesUITests testRotationKeepsBothScenesActiveWithOwnTerminalContent]' skipped (0.062 seconds).
Test Case '-[BicTermUITests.SessionScenesUITests testTwoScenesShowDistinctTerminalContent]' started.
    t =     0.00s Start Test at 2026-09-08 22:37:03.504
    t =     0.02s Set Up
/Users/richard/code/BicTerm/BicTermUITests/SessionScenesUITests.swift:100: -[BicTermUITests.SessionScenesUITests testTwoScenesShowDistinctTerminalContent] : Test skipped - Two-window scenario requires the iPad form factor
    t =     0.02s Tear Down
Test Case '-[BicTermUITests.SessionScenesUITests testTwoScenesShowDistinctTerminalContent]' skipped (0.066 seconds).
Test Case '-[BicTermUITests.SessionScenesUITests testUnknownHostTrustCancelNeverConnects]' started.
    t =     0.00s Start Test at 2026-09-08 22:37:03.571
    t =     0.02s Set Up
    t =     0.02s Open com.bicterm.app
    t =     0.02s     Launch com.bicterm.app
    t =     0.02s         Terminate com.bicterm.app:18247
2026-09-08 22:37:04.647 xcodebuild[13956:29844560] [MT] IDELaunchParametersSnapshot: The operation couldn’t be completed. (DebuggerLLDB.DebuggerVersionStore.StoreError error 0.)
2026-09-08 22:37:04.647 xcodebuild[13956:29844560] [MT] IDELaunchParametersSnapshot: no debugger version
    t =     1.29s         Setting up automation session
    t =     2.19s         Wait for com.bicterm.app to idle
    t =     3.74s Waiting 60.0s for "trust-prompt" StaticText to exist
    t =     4.80s     Checking `Expect predicate `existsNoRetry == 1` for object "trust-prompt" StaticText`
    t =     4.81s         Checking existence of `"trust-prompt" StaticText`
    t =     4.89s Find the "trust-fingerprint" StaticText
    t =     4.93s Find the "trust-fingerprint" StaticText
    t =     4.97s Tap "trust-cancel" Button
    t =     4.97s     Wait for com.bicterm.app to idle
    t =     4.97s     Find the "trust-cancel" Button
    t =     5.01s     Check for interrupting elements affecting "trust-cancel" Button
    t =     5.05s     Synthesize event
    t =     5.34s     Wait for com.bicterm.app to idle
    t =     5.78s Checking existence of `"trust-prompt" StaticText`
    t =     5.83s Checking existence of `"trust-prompt" StaticText`
    t =    10.88s Checking existence of `"trust-prompt" StaticText`
    t =    10.93s Checking existence of `"scene-status-Beta" StaticText`
    t =    10.98s Find the "scene-status-Beta" StaticText
    t =    11.02s Find the "scene-status-Beta" StaticText
    t =    11.17s Added attachment named 'final-repair-tofu-cancelled'
    t =    11.17s Tear Down
Test Case '-[BicTermUITests.SessionScenesUITests testUnknownHostTrustCancelNeverConnects]' passed (11.386 seconds).
Test Case '-[BicTermUITests.SessionScenesUITests testUnknownHostTrustPromptTrustsAndConnects]' started.
    t =     0.00s Start Test at 2026-09-08 22:37:14.957
    t =     0.02s Set Up
    t =     0.03s Open com.bicterm.app
    t =     0.03s     Launch com.bicterm.app
    t =     0.03s         Terminate com.bicterm.app:18635
2026-09-08 22:37:16.045 xcodebuild[13956:29844560] [MT] IDELaunchParametersSnapshot: The operation couldn’t be completed. (DebuggerLLDB.DebuggerVersionStore.StoreError error 0.)
2026-09-08 22:37:16.045 xcodebuild[13956:29844560] [MT] IDELaunchParametersSnapshot: no debugger version
    t =     1.30s         Setting up automation session
    t =     2.16s         Wait for com.bicterm.app to idle
    t =     3.68s Waiting 60.0s for "trust-prompt" StaticText to exist
    t =     4.72s     Checking `Expect predicate `existsNoRetry == 1` for object "trust-prompt" StaticText`
    t =     4.72s         Checking existence of `"trust-prompt" StaticText`
    t =     4.80s Find the "trust-host" StaticText
    t =     4.84s Find the "trust-host" StaticText
    t =     4.88s Find the "trust-port" StaticText
    t =     4.92s Find the "trust-port" StaticText
    t =     4.96s Find the "trust-algorithm" StaticText
    t =     5.00s Find the "trust-algorithm" StaticText
    t =     5.04s Find the "trust-fingerprint" StaticText
    t =     5.08s Find the "trust-fingerprint" StaticText
    t =     5.22s Added attachment named 'final-repair-tofu-prompt-trust'
    t =     5.22s Tap "trust-confirm" Button
    t =     5.22s     Wait for com.bicterm.app to idle
    t =     5.22s     Find the "trust-confirm" Button
    t =     5.26s     Check for interrupting elements affecting "trust-confirm" Button
    t =     5.30s     Synthesize event
    t =     5.60s     Wait for com.bicterm.app to idle
    t =     6.04s Checking existence of `"trust-prompt" StaticText`
    t =     6.09s Checking existence of `"trust-prompt" StaticText`
    t =     6.14s Find the "scene-status-Alpha" StaticText
    t =     6.19s Find the "scene-status-Alpha" StaticText
    t =     6.34s Added attachment named 'final-repair-tofu-connected'
    t =     6.34s Tear Down
Test Case '-[BicTermUITests.SessionScenesUITests testUnknownHostTrustPromptTrustsAndConnects]' passed (6.559 seconds).
Test Suite 'SessionScenesUITests' passed at 2026-09-08 22:37:21.516.
	 Executed 7 tests, with 3 tests skipped and 0 failures (0 unexpected) in 52.802 (52.806) seconds
Test Suite 'SessionSwitcherUITests' started at 2026-09-08 22:37:21.516.
Test Case '-[BicTermUITests.SessionSwitcherUITests testCloseFromSwitcherRequiresConfirmationGuard]' started.
    t =     0.00s Start Test at 2026-09-08 22:37:21.516
    t =     0.02s Set Up
    t =     0.02s Open com.bicterm.app
    t =     0.02s     Launch com.bicterm.app
    t =     0.02s         Terminate com.bicterm.app:18690
2026-09-08 22:37:22.592 xcodebuild[13956:29844560] [MT] IDELaunchParametersSnapshot: The operation couldn’t be completed. (DebuggerLLDB.DebuggerVersionStore.StoreError error 0.)
2026-09-08 22:37:22.592 xcodebuild[13956:29844560] [MT] IDELaunchParametersSnapshot: no debugger version
    t =     1.29s         Setting up automation session
    t =     2.14s         Wait for com.bicterm.app to idle
    t =     3.69s Waiting 60.0s for "scene-status-Beta" StaticText to exist
    t =     4.74s     Checking `Expect predicate `existsNoRetry == 1` for object "scene-status-Beta" StaticText`
    t =     4.74s         Checking existence of `"scene-status-Beta" StaticText`
    t =     4.83s Get number of matches for: Elements matching predicate '"scene-sessions" IN identifiers'
    t =     4.88s Find the "scene-sessions" Button
    t =     4.94s Tap "scene-sessions" Button
    t =     4.94s     Wait for com.bicterm.app to idle
    t =     5.10s     Find the "scene-sessions" Button
    t =     5.16s     Check for interrupting elements affecting "scene-sessions" Button
    t =     5.20s     Synthesize event
    t =     5.50s     Wait for com.bicterm.app to idle
    t =     5.51s Waiting 10.0s for "switcher-new-connection" Button to exist
    t =     6.54s     Checking `Expect predicate `existsNoRetry == 1` for object "switcher-new-connection" Button`
    t =     6.54s         Checking existence of `"switcher-new-connection" Button`
    t =     6.61s Tap "switcher-close-Alpha-1" Button
    t =     6.61s     Wait for com.bicterm.app to idle
    t =     6.62s     Find the "switcher-close-Alpha-1" Button
    t =     6.67s     Check for interrupting elements affecting "switcher-close-Alpha-1" Button
    t =     6.73s     Synthesize event
    t =     7.02s     Wait for com.bicterm.app to idle
    t =     7.75s Waiting 10.0s for "switcher-confirm-close" Button to exist
    t =     8.80s     Checking `Expect predicate `existsNoRetry == 1` for object "switcher-confirm-close" Button`
    t =     8.81s         Checking existence of `"switcher-confirm-close" Button`
    t =     8.88s Tap Target Application 'com.bicterm.app'[0.50, 0.08]
    t =     8.88s     Wait for com.bicterm.app to idle
    t =     8.88s     Find the Target Application 'com.bicterm.app'
    t =     8.95s     Check for interrupting elements affecting "BicTerm" Application
    t =     9.01s     Synthesize event
    t =     9.02s         Find the Target Application 'com.bicterm.app'
    t =     9.06s         Find the Target Application 'com.bicterm.app'
    t =     9.11s         Find the Target Application 'com.bicterm.app'
    t =     9.44s     Wait for com.bicterm.app to idle
    t =     9.82s Checking existence of `"switcher-confirm-close" Button`
    t =     9.91s Checking existence of `"switcher-confirm-close" Button`
    t =     9.96s Checking existence of `"switcher-name-Alpha-1" StaticText`
    t =    10.01s Tap "switcher-close-Alpha-1" Button
    t =    10.01s     Wait for com.bicterm.app to idle
    t =    10.01s     Find the "switcher-close-Alpha-1" Button
    t =    10.06s     Check for interrupting elements affecting "switcher-close-Alpha-1" Button
    t =    10.11s     Synthesize event
    t =    10.41s     Wait for com.bicterm.app to idle
    t =    11.12s Waiting 10.0s for "switcher-confirm-close" Button to exist
    t =    12.15s     Checking `Expect predicate `existsNoRetry == 1` for object "switcher-confirm-close" Button`
    t =    12.15s         Checking existence of `"switcher-confirm-close" Button`
    t =    12.21s Tap "switcher-confirm-close" Button
    t =    12.21s     Wait for com.bicterm.app to idle
    t =    12.22s     Find the "switcher-confirm-close" Button
    t =    12.30s     Check for interrupting elements affecting "switcher-confirm-close" Button
    t =    12.36s     Synthesize event
    t =    12.66s     Wait for com.bicterm.app to idle
    t =    13.00s Checking existence of `"switcher-name-Alpha-1" StaticText`
    t =    13.37s Checking existence of `"switcher-name-Alpha-1" StaticText`
    t =    13.41s Checking existence of `"switcher-name-Alpha-1" StaticText`
    t =    13.46s Checking existence of `"switcher-name-Beta-1" StaticText`
    t =    13.51s Tear Down
Test Case '-[BicTermUITests.SessionSwitcherUITests testCloseFromSwitcherRequiresConfirmationGuard]' passed (13.806 seconds).
Test Case '-[BicTermUITests.SessionSwitcherUITests testEvictedSurfaceReattachShowsScrollbackReleasedNotice]' started.
    t =     0.00s Start Test at 2026-09-08 22:37:35.324
    t =     0.02s Set Up
    t =     0.02s Open com.bicterm.app
    t =     0.02s     Launch com.bicterm.app
    t =     0.02s         Terminate com.bicterm.app:18958
2026-09-08 22:37:36.442 xcodebuild[13956:29844560] [MT] IDELaunchParametersSnapshot: The operation couldn’t be completed. (DebuggerLLDB.DebuggerVersionStore.StoreError error 0.)
2026-09-08 22:37:36.442 xcodebuild[13956:29844560] [MT] IDELaunchParametersSnapshot: no debugger version
    t =     1.33s         Setting up automation session
    t =     2.19s         Wait for com.bicterm.app to idle
    t =     3.73s Waiting 30.0s for "open-sessions" Button to exist
    t =     4.76s     Checking `Expect predicate `existsNoRetry == 1` for object "open-sessions" Button`
    t =     4.77s         Checking existence of `"open-sessions" Button`
    t =     4.84s Tap "open-sessions" Button
    t =     4.84s     Wait for com.bicterm.app to idle
    t =     4.84s     Find the "open-sessions" Button
    t =     4.87s     Check for interrupting elements affecting "open-sessions" Button
    t =     4.91s     Synthesize event
    t =     5.22s     Wait for com.bicterm.app to idle
    t =     5.94s Waiting 15.0s for "switcher-new-connection" Button to exist
    t =     7.02s     Checking `Expect predicate `existsNoRetry == 1` for object "switcher-new-connection" Button`
    t =     7.02s         Checking existence of `"switcher-new-connection" Button`
    t =     7.10s Checking existence of `"switcher-name-Alpha-1" StaticText`
    t =     7.15s Find the "switcher-name-Alpha-1" StaticText
    t =     7.23s Tap "switcher-name-Alpha-1" StaticText
    t =     7.23s     Wait for com.bicterm.app to idle
    t =     7.23s     Find the "switcher-name-Alpha-1" StaticText
    t =     7.29s     Check for interrupting elements affecting "switcher-name-Alpha-1" StaticText
    t =     7.35s     Synthesize event
    t =     7.65s     Wait for com.bicterm.app to idle
    t =     8.23s Waiting 30.0s for "scene-status-Alpha" StaticText to exist
    t =     9.27s     Checking `Expect predicate `existsNoRetry == 1` for object "scene-status-Alpha" StaticText`
    t =     9.27s         Checking existence of `"scene-status-Alpha" StaticText`
    t =     9.35s Get number of matches for: Elements matching predicate '"scene-sessions" IN identifiers'
    t =     9.40s Find the "scene-sessions" Button
    t =     9.46s Tap "scene-sessions" Button
    t =     9.46s     Wait for com.bicterm.app to idle
    t =     9.46s     Find the "scene-sessions" Button
    t =     9.51s     Check for interrupting elements affecting "scene-sessions" Button
    t =     9.56s     Synthesize event
    t =     9.86s     Wait for com.bicterm.app to idle
    t =    10.57s Waiting 10.0s for "switcher-new-connection" Button to exist
    t =    11.62s     Checking `Expect predicate `existsNoRetry == 1` for object "switcher-new-connection" Button`
    t =    11.62s         Checking existence of `"switcher-new-connection" Button`
    t =    11.69s Checking existence of `"switcher-name-Alpha-2" StaticText`
    t =    11.74s Find the "switcher-name-Alpha-2" StaticText
    t =    11.81s Tap "switcher-name-Alpha-2" StaticText
    t =    11.81s     Wait for com.bicterm.app to idle
    t =    11.81s     Find the "switcher-name-Alpha-2" StaticText
    t =    11.87s     Check for interrupting elements affecting "switcher-name-Alpha-2" StaticText
    t =    11.93s     Synthesize event
    t =    12.22s     Wait for com.bicterm.app to idle
    t =    12.71s Waiting 30.0s for "scene-status-Alpha" StaticText to exist
    t =    13.75s     Checking `Expect predicate `existsNoRetry == 1` for object "scene-status-Alpha" StaticText`
    t =    13.75s         Checking existence of `"scene-status-Alpha" StaticText`
    t =    13.80s Get number of matches for: Elements matching predicate '"scene-sessions" IN identifiers'
    t =    13.85s Find the "scene-sessions" Button
    t =    13.91s Tap "scene-sessions" Button
    t =    13.91s     Wait for com.bicterm.app to idle
    t =    13.91s     Find the "scene-sessions" Button
    t =    13.96s     Check for interrupting elements affecting "scene-sessions" Button
    t =    14.00s     Synthesize event
    t =    14.30s     Wait for com.bicterm.app to idle
    t =    14.99s Waiting 10.0s for "switcher-new-connection" Button to exist
    t =    16.01s     Checking `Expect predicate `existsNoRetry == 1` for object "switcher-new-connection" Button`
    t =    16.02s         Checking existence of `"switcher-new-connection" Button`
    t =    16.09s Checking existence of `"switcher-name-Alpha-3" StaticText`
    t =    16.15s Find the "switcher-name-Alpha-3" StaticText
    t =    16.22s Tap "switcher-name-Alpha-3" StaticText
    t =    16.22s     Wait for com.bicterm.app to idle
    t =    16.22s     Find the "switcher-name-Alpha-3" StaticText
    t =    16.28s     Check for interrupting elements affecting "switcher-name-Alpha-3" StaticText
    t =    16.33s     Synthesize event
    t =    16.63s     Wait for com.bicterm.app to idle
    t =    17.12s Waiting 30.0s for "scene-status-Alpha" StaticText to exist
    t =    18.17s     Checking `Expect predicate `existsNoRetry == 1` for object "scene-status-Alpha" StaticText`
    t =    18.17s         Checking existence of `"scene-status-Alpha" StaticText`
    t =    18.22s Get number of matches for: Elements matching predicate '"scene-sessions" IN identifiers'
    t =    18.27s Find the "scene-sessions" Button
    t =    18.32s Tap "scene-sessions" Button
    t =    18.32s     Wait for com.bicterm.app to idle
    t =    18.32s     Find the "scene-sessions" Button
    t =    18.37s     Check for interrupting elements affecting "scene-sessions" Button
    t =    18.42s     Synthesize event
    t =    18.71s     Wait for com.bicterm.app to idle
    t =    19.41s Waiting 10.0s for "switcher-new-connection" Button to exist
    t =    20.45s     Checking `Expect predicate `existsNoRetry == 1` for object "switcher-new-connection" Button`
    t =    20.45s         Checking existence of `"switcher-new-connection" Button`
    t =    20.52s Checking existence of `"switcher-name-Alpha-4" StaticText`
    t =    20.58s Find the "switcher-name-Alpha-4" StaticText
    t =    20.65s Tap "switcher-name-Alpha-4" StaticText
    t =    20.65s     Wait for com.bicterm.app to idle
    t =    20.65s     Find the "switcher-name-Alpha-4" StaticText
    t =    20.71s     Check for interrupting elements affecting "switcher-name-Alpha-4" StaticText
    t =    20.76s     Synthesize event
    t =    21.05s     Wait for com.bicterm.app to idle
    t =    21.55s Waiting 30.0s for "scene-status-Alpha" StaticText to exist
    t =    22.59s     Checking `Expect predicate `existsNoRetry == 1` for object "scene-status-Alpha" StaticText`
    t =    22.59s         Checking existence of `"scene-status-Alpha" StaticText`
    t =    22.65s Get number of matches for: Elements matching predicate '"scene-sessions" IN identifiers'
    t =    22.69s Find the "scene-sessions" Button
    t =    22.74s Tap "scene-sessions" Button
    t =    22.74s     Wait for com.bicterm.app to idle
    t =    22.74s     Find the "scene-sessions" Button
    t =    22.79s     Check for interrupting elements affecting "scene-sessions" Button
    t =    22.83s     Synthesize event
    t =    23.12s     Wait for com.bicterm.app to idle
    t =    23.84s Waiting 10.0s for "switcher-new-connection" Button to exist
    t =    24.91s     Checking `Expect predicate `existsNoRetry == 1` for object "switcher-new-connection" Button`
    t =    24.91s         Checking existence of `"switcher-new-connection" Button`
    t =    24.98s Checking existence of `"switcher-name-Alpha-5" StaticText`
    t =    25.04s Swipe up Target Application 'com.bicterm.app'
    t =    25.04s     Wait for com.bicterm.app to idle
    t =    25.04s     Find the Target Application 'com.bicterm.app'
    t =    25.09s     Check for interrupting elements affecting "BicTerm" Application
    t =    25.14s     Synthesize event
    t =    25.52s     Wait for com.bicterm.app to idle
    t =    26.24s Checking existence of `"switcher-name-Alpha-5" StaticText`
    t =    26.31s Find the "switcher-name-Alpha-5" StaticText
    t =    26.39s Tap "switcher-name-Alpha-5" StaticText
    t =    26.39s     Wait for com.bicterm.app to idle
    t =    26.40s     Find the "switcher-name-Alpha-5" StaticText
    t =    26.46s     Check for interrupting elements affecting "switcher-name-Alpha-5" StaticText
    t =    26.53s     Synthesize event
    t =    26.82s     Wait for com.bicterm.app to idle
    t =    27.27s Waiting 30.0s for "scene-status-Alpha" StaticText to exist
    t =    28.33s     Checking `Expect predicate `existsNoRetry == 1` for object "scene-status-Alpha" StaticText`
    t =    28.33s         Checking existence of `"scene-status-Alpha" StaticText`
    t =    28.38s Get number of matches for: Elements matching predicate '"scene-sessions" IN identifiers'
    t =    28.43s Find the "scene-sessions" Button
    t =    28.49s Tap "scene-sessions" Button
    t =    28.49s     Wait for com.bicterm.app to idle
    t =    28.49s     Find the "scene-sessions" Button
    t =    28.53s     Check for interrupting elements affecting "scene-sessions" Button
    t =    28.57s     Synthesize event
    t =    28.87s     Wait for com.bicterm.app to idle
    t =    29.57s Waiting 10.0s for "switcher-new-connection" Button to exist
    t =    30.60s     Checking `Expect predicate `existsNoRetry == 1` for object "switcher-new-connection" Button`
    t =    30.60s         Checking existence of `"switcher-new-connection" Button`
    t =    30.67s Checking existence of `"switcher-name-Alpha-6" StaticText`
    t =    30.72s Swipe up Target Application 'com.bicterm.app'
    t =    30.72s     Wait for com.bicterm.app to idle
    t =    30.73s     Find the Target Application 'com.bicterm.app'
    t =    30.77s     Check for interrupting elements affecting "BicTerm" Application
    t =    30.83s     Synthesize event
    t =    31.22s     Wait for com.bicterm.app to idle
    t =    31.89s Checking existence of `"switcher-name-Alpha-6" StaticText`
    t =    31.96s Find the "switcher-name-Alpha-6" StaticText
    t =    32.04s Tap "switcher-name-Alpha-6" StaticText
    t =    32.04s     Wait for com.bicterm.app to idle
    t =    32.04s     Find the "switcher-name-Alpha-6" StaticText
    t =    32.11s     Check for interrupting elements affecting "switcher-name-Alpha-6" StaticText
    t =    32.17s     Synthesize event
    t =    32.47s     Wait for com.bicterm.app to idle
    t =    32.93s Waiting 30.0s for "scene-status-Alpha" StaticText to exist
    t =    33.98s     Checking `Expect predicate `existsNoRetry == 1` for object "scene-status-Alpha" StaticText`
    t =    33.98s         Checking existence of `"scene-status-Alpha" StaticText`
    t =    34.04s Get number of matches for: Elements matching predicate '"scene-sessions" IN identifiers'
    t =    34.09s Find the "scene-sessions" Button
    t =    34.14s Tap "scene-sessions" Button
    t =    34.14s     Wait for com.bicterm.app to idle
    t =    34.14s     Find the "scene-sessions" Button
    t =    34.20s     Check for interrupting elements affecting "scene-sessions" Button
    t =    34.24s     Synthesize event
    t =    34.52s     Wait for com.bicterm.app to idle
    t =    35.23s Waiting 10.0s for "switcher-new-connection" Button to exist
    t =    36.26s     Checking `Expect predicate `existsNoRetry == 1` for object "switcher-new-connection" Button`
    t =    36.26s         Checking existence of `"switcher-new-connection" Button`
    t =    36.34s Checking existence of `"switcher-name-Alpha-7" StaticText`
    t =    36.40s Swipe up Target Application 'com.bicterm.app'
    t =    36.40s     Wait for com.bicterm.app to idle
    t =    36.41s     Find the Target Application 'com.bicterm.app'
    t =    36.46s     Check for interrupting elements affecting "BicTerm" Application
    t =    36.51s     Synthesize event
    t =    36.90s     Wait for com.bicterm.app to idle
    t =    37.59s Checking existence of `"switcher-name-Alpha-7" StaticText`
    t =    37.66s Find the "switcher-name-Alpha-7" StaticText
    t =    37.75s Tap "switcher-name-Alpha-7" StaticText
    t =    37.75s     Wait for com.bicterm.app to idle
    t =    37.75s     Find the "switcher-name-Alpha-7" StaticText
    t =    37.82s     Check for interrupting elements affecting "switcher-name-Alpha-7" StaticText
    t =    37.89s     Synthesize event
    t =    38.19s     Wait for com.bicterm.app to idle
    t =    38.65s Waiting 30.0s for "scene-status-Alpha" StaticText to exist
    t =    39.70s     Checking `Expect predicate `existsNoRetry == 1` for object "scene-status-Alpha" StaticText`
    t =    39.70s         Checking existence of `"scene-status-Alpha" StaticText`
    t =    39.75s Get number of matches for: Elements matching predicate '"scene-sessions" IN identifiers'
    t =    39.80s Find the "scene-sessions" Button
    t =    39.85s Tap "scene-sessions" Button
    t =    39.85s     Wait for com.bicterm.app to idle
    t =    39.85s     Find the "scene-sessions" Button
    t =    39.90s     Check for interrupting elements affecting "scene-sessions" Button
    t =    39.95s     Synthesize event
    t =    40.25s     Wait for com.bicterm.app to idle
    t =    40.94s Waiting 10.0s for "switcher-new-connection" Button to exist
    t =    41.98s     Checking `Expect predicate `existsNoRetry == 1` for object "switcher-new-connection" Button`
    t =    41.98s         Checking existence of `"switcher-new-connection" Button`
    t =    42.06s Checking existence of `"switcher-name-Alpha-8" StaticText`
    t =    42.11s Swipe up Target Application 'com.bicterm.app'
    t =    42.11s     Wait for com.bicterm.app to idle
    t =    42.12s     Find the Target Application 'com.bicterm.app'
    t =    42.16s     Check for interrupting elements affecting "BicTerm" Application
    t =    42.22s     Synthesize event
    t =    42.60s     Wait for com.bicterm.app to idle
    t =    43.29s Checking existence of `"switcher-name-Alpha-8" StaticText`
    t =    43.36s Find the "switcher-name-Alpha-8" StaticText
    t =    43.44s Tap "switcher-name-Alpha-8" StaticText
    t =    43.44s     Wait for com.bicterm.app to idle
    t =    43.45s     Find the "switcher-name-Alpha-8" StaticText
    t =    43.52s     Check for interrupting elements affecting "switcher-name-Alpha-8" StaticText
    t =    43.58s     Synthesize event
    t =    43.87s     Wait for com.bicterm.app to idle
    t =    44.35s Waiting 30.0s for "scene-status-Alpha" StaticText to exist
    t =    45.40s     Checking `Expect predicate `existsNoRetry == 1` for object "scene-status-Alpha" StaticText`
    t =    45.40s         Checking existence of `"scene-status-Alpha" StaticText`
    t =    45.45s Get number of matches for: Elements matching predicate '"scene-sessions" IN identifiers'
    t =    45.50s Find the "scene-sessions" Button
    t =    45.55s Tap "scene-sessions" Button
    t =    45.55s     Wait for com.bicterm.app to idle
    t =    45.56s     Find the "scene-sessions" Button
    t =    45.60s     Check for interrupting elements affecting "scene-sessions" Button
    t =    45.65s     Synthesize event
    t =    45.94s     Wait for com.bicterm.app to idle
    t =    46.65s Waiting 10.0s for "switcher-new-connection" Button to exist
    t =    47.68s     Checking `Expect predicate `existsNoRetry == 1` for object "switcher-new-connection" Button`
    t =    47.68s         Checking existence of `"switcher-new-connection" Button`
    t =    47.76s Checking existence of `"switcher-name-Alpha-9" StaticText`
    t =    47.82s Swipe up Target Application 'com.bicterm.app'
    t =    47.82s     Wait for com.bicterm.app to idle
    t =    47.82s     Find the Target Application 'com.bicterm.app'
    t =    47.87s     Check for interrupting elements affecting "BicTerm" Application
    t =    47.92s     Synthesize event
    t =    48.32s     Wait for com.bicterm.app to idle
    t =    48.99s Checking existence of `"switcher-name-Alpha-9" StaticText`
    t =    49.06s Find the "switcher-name-Alpha-9" StaticText
    t =    49.15s Tap "switcher-name-Alpha-9" StaticText
    t =    49.15s     Wait for com.bicterm.app to idle
    t =    49.15s     Find the "switcher-name-Alpha-9" StaticText
    t =    49.22s     Check for interrupting elements affecting "switcher-name-Alpha-9" StaticText
    t =    49.28s     Synthesize event
    t =    49.57s     Wait for com.bicterm.app to idle
    t =    50.04s Waiting 30.0s for "scene-status-Alpha" StaticText to exist
    t =    51.07s     Checking `Expect predicate `existsNoRetry == 1` for object "scene-status-Alpha" StaticText`
    t =    51.07s         Checking existence of `"scene-status-Alpha" StaticText`
    t =    51.13s Get number of matches for: Elements matching predicate '"scene-sessions" IN identifiers'
    t =    51.18s Find the "scene-sessions" Button
    t =    51.23s Tap "scene-sessions" Button
    t =    51.23s     Wait for com.bicterm.app to idle
    t =    51.23s     Find the "scene-sessions" Button
    t =    51.28s     Check for interrupting elements affecting "scene-sessions" Button
    t =    51.33s     Synthesize event
    t =    51.62s     Wait for com.bicterm.app to idle
    t =    52.31s Waiting 10.0s for "switcher-new-connection" Button to exist
    t =    53.35s     Checking `Expect predicate `existsNoRetry == 1` for object "switcher-new-connection" Button`
    t =    53.35s         Checking existence of `"switcher-new-connection" Button`
    t =    53.43s Checking existence of `"switcher-name-Alpha-1" StaticText`
    t =    53.48s Find the "switcher-name-Alpha-1" StaticText
    t =    53.55s Tap "switcher-name-Alpha-1" StaticText
    t =    53.55s     Wait for com.bicterm.app to idle
    t =    53.56s     Find the "switcher-name-Alpha-1" StaticText
    t =    53.61s     Check for interrupting elements affecting "switcher-name-Alpha-1" StaticText
    t =    53.67s     Synthesize event
    t =    53.97s     Wait for com.bicterm.app to idle
    t =    54.47s Waiting 15.0s for "scene-scrollback-released-Alpha" StaticText to exist
    t =    55.52s     Checking `Expect predicate `existsNoRetry == 1` for object "scene-scrollback-released-Alpha" StaticText`
    t =    55.52s         Checking existence of `"scene-scrollback-released-Alpha" StaticText`
    t =    55.58s Tear Down
Test Case '-[BicTermUITests.SessionSwitcherUITests testEvictedSurfaceReattachShowsScrollbackReleasedNotice]' passed (55.947 seconds).
Test Case '-[BicTermUITests.SessionSwitcherUITests testNewConnectionRowReturnsToListWithoutClosingSession]' started.
    t =     0.00s Start Test at 2026-09-08 22:38:31.272
    t =     0.02s Set Up
    t =     0.02s Open com.bicterm.app
    t =     0.03s     Launch com.bicterm.app
    t =     0.03s         Terminate com.bicterm.app:19788
2026-09-08 22:38:32.343 xcodebuild[13956:29844560] [MT] IDELaunchParametersSnapshot: The operation couldn’t be completed. (DebuggerLLDB.DebuggerVersionStore.StoreError error 0.)
2026-09-08 22:38:32.343 xcodebuild[13956:29844560] [MT] IDELaunchParametersSnapshot: no debugger version
    t =     1.29s         Setting up automation session
    t =     2.16s         Wait for com.bicterm.app to idle
    t =     3.71s Waiting 60.0s for "scene-status-Alpha" StaticText to exist
    t =     4.77s     Checking `Expect predicate `existsNoRetry == 1` for object "scene-status-Alpha" StaticText`
    t =     4.77s         Checking existence of `"scene-status-Alpha" StaticText`
    t =     4.86s Get number of matches for: Elements matching predicate '"scene-sessions" IN identifiers'
    t =     4.91s Find the "scene-sessions" Button
    t =     4.97s Tap "scene-sessions" Button
    t =     4.97s     Wait for com.bicterm.app to idle
    t =     4.97s     Find the "scene-sessions" Button
    t =     5.02s     Check for interrupting elements affecting "scene-sessions" Button
    t =     5.07s     Synthesize event
    t =     5.36s     Wait for com.bicterm.app to idle
    t =     6.09s Waiting 10.0s for "switcher-new-connection" Button to exist
    t =     7.10s     Checking `Expect predicate `existsNoRetry == 1` for object "switcher-new-connection" Button`
    t =     7.11s         Checking existence of `"switcher-new-connection" Button`
    t =     7.17s Tap "switcher-new-connection" Button
    t =     7.17s     Wait for com.bicterm.app to idle
    t =     7.18s     Find the "switcher-new-connection" Button
    t =     7.23s     Check for interrupting elements affecting "switcher-new-connection" Button
    t =     7.28s     Synthesize event
    t =     7.58s     Wait for com.bicterm.app to idle
    t =     8.04s Waiting 15.0s for "add-connection" Button to exist
    t =     9.07s     Checking `Expect predicate `existsNoRetry == 1` for object "add-connection" Button`
    t =     9.07s         Checking existence of `"add-connection" Button`
    t =     9.10s Tap "open-sessions" Button
    t =     9.10s     Wait for com.bicterm.app to idle
    t =     9.11s     Find the "open-sessions" Button
    t =     9.13s     Check for interrupting elements affecting "open-sessions" Button
    t =     9.16s     Synthesize event
    t =     9.47s     Wait for com.bicterm.app to idle
    t =    10.18s Waiting 15.0s for "switcher-new-connection" Button to exist
    t =    11.22s     Checking `Expect predicate `existsNoRetry == 1` for object "switcher-new-connection" Button`
    t =    11.22s         Checking existence of `"switcher-new-connection" Button`
    t =    11.27s Find the "switcher-state-Alpha-1" StaticText
    t =    11.32s Find the "switcher-state-Alpha-1" StaticText
    t =    11.36s Tear Down
Test Case '-[BicTermUITests.SessionSwitcherUITests testNewConnectionRowReturnsToListWithoutClosingSession]' passed (11.623 seconds).
Test Case '-[BicTermUITests.SessionSwitcherUITests testPadNewConnectionRowPresentsConnectionListSheet]' started.
    t =     0.00s Start Test at 2026-09-08 22:38:42.896
    t =     0.02s Set Up
/Users/richard/code/BicTerm/BicTermUITests/SessionSwitcherUITests.swift:439: -[BicTermUITests.SessionSwitcherUITests testPadNewConnectionRowPresentsConnectionListSheet] : Test skipped - Terminal-window list sheet scenario requires the iPad form factor
    t =     0.03s Tear Down
Test Case '-[BicTermUITests.SessionSwitcherUITests testPadNewConnectionRowPresentsConnectionListSheet]' skipped (0.068 seconds).
Test Case '-[BicTermUITests.SessionSwitcherUITests testPadSwitcherAttachesDetachedSessionInPlaceWithoutNewWindow]' started.
    t =     0.00s Start Test at 2026-09-08 22:38:42.965
    t =     0.03s Set Up
/Users/richard/code/BicTerm/BicTermUITests/SessionSwitcherUITests.swift:391: -[BicTermUITests.SessionSwitcherUITests testPadSwitcherAttachesDetachedSessionInPlaceWithoutNewWindow] : Test skipped - In-window switching scenario requires the iPad form factor
    t =     0.03s Tear Down
Test Case '-[BicTermUITests.SessionSwitcherUITests testPadSwitcherAttachesDetachedSessionInPlaceWithoutNewWindow]' skipped (0.075 seconds).
Test Case '-[BicTermUITests.SessionSwitcherUITests testSwitcherListsLiveSessionsWithStateBadgesAndCurrentMarker]' started.
    t =     0.00s Start Test at 2026-09-08 22:38:43.041
    t =     0.02s Set Up
    t =     0.02s Open com.bicterm.app
    t =     0.02s     Launch com.bicterm.app
    t =     0.02s         Terminate com.bicterm.app:23576
2026-09-08 22:38:44.111 xcodebuild[13956:29844560] [MT] IDELaunchParametersSnapshot: The operation couldn’t be completed. (DebuggerLLDB.DebuggerVersionStore.StoreError error 0.)
2026-09-08 22:38:44.111 xcodebuild[13956:29844560] [MT] IDELaunchParametersSnapshot: no debugger version
    t =     1.29s         Setting up automation session
    t =     2.14s         Wait for com.bicterm.app to idle
    t =     3.70s Waiting 60.0s for "scene-status-Beta" StaticText to exist
    t =     4.74s     Checking `Expect predicate `existsNoRetry == 1` for object "scene-status-Beta" StaticText`
    t =     4.74s         Checking existence of `"scene-status-Beta" StaticText`
    t =     4.82s Get number of matches for: Elements matching predicate '"scene-sessions" IN identifiers'
    t =     4.87s Find the "scene-sessions" Button
    t =     4.94s Tap "scene-sessions" Button
    t =     4.94s     Wait for com.bicterm.app to idle
    t =     5.05s     Find the "scene-sessions" Button
    t =     5.10s     Check for interrupting elements affecting "scene-sessions" Button
    t =     5.15s     Synthesize event
    t =     5.45s     Wait for com.bicterm.app to idle
    t =     6.17s Waiting 10.0s for "switcher-new-connection" Button to exist
    t =     7.20s     Checking `Expect predicate `existsNoRetry == 1` for object "switcher-new-connection" Button`
    t =     7.20s         Checking existence of `"switcher-new-connection" Button`
    t =     7.28s Checking existence of `"switcher-name-Alpha-1" StaticText`
    t =     7.33s Checking existence of `"switcher-name-Beta-1" StaticText`
    t =     7.39s Find the "switcher-state-Alpha-1" StaticText
    t =     7.44s Find the "switcher-state-Alpha-1" StaticText
    t =     7.49s Find the "switcher-state-Beta-1" StaticText
    t =     7.55s Find the "switcher-state-Beta-1" StaticText
    t =     7.61s Checking existence of `"switcher-current-Beta-1" StaticText`
    t =     7.66s Checking existence of `"switcher-current-Alpha-1" StaticText`
    t =     7.71s Tap "switcher-done" Button
    t =     7.71s     Wait for com.bicterm.app to idle
    t =     7.71s     Find the "switcher-done" Button
    t =     7.77s     Check for interrupting elements affecting "switcher-done" Button
    t =     7.82s     Synthesize event
    t =     8.12s     Wait for com.bicterm.app to idle
    t =     8.87s Waiting 10.0s for "scene-status-Beta" StaticText to exist
    t =     9.92s     Checking `Expect predicate `existsNoRetry == 1` for object "scene-status-Beta" StaticText`
    t =     9.92s         Checking existence of `"scene-status-Beta" StaticText`
    t =     9.97s Tear Down
Test Case '-[BicTermUITests.SessionSwitcherUITests testSwitcherListsLiveSessionsWithStateBadgesAndCurrentMarker]' passed (10.215 seconds).
Test Case '-[BicTermUITests.SessionSwitcherUITests testSwitchKeepsDetachedSessionAliveAndReceivingOutput]' started.
    t =     0.00s Start Test at 2026-09-08 22:38:53.257
    t =     0.02s Set Up
    t =     0.02s Open com.bicterm.app
    t =     0.02s     Launch com.bicterm.app
    t =     0.02s         Terminate com.bicterm.app:24001
2026-09-08 22:38:54.331 xcodebuild[13956:29844560] [MT] IDELaunchParametersSnapshot: The operation couldn’t be completed. (DebuggerLLDB.DebuggerVersionStore.StoreError error 0.)
2026-09-08 22:38:54.331 xcodebuild[13956:29844560] [MT] IDELaunchParametersSnapshot: no debugger version
    t =     1.28s         Setting up automation session
    t =     2.18s         Wait for com.bicterm.app to idle
    t =     3.77s Waiting 60.0s for "scene-status-Beta" StaticText to exist
    t =     4.82s     Checking `Expect predicate `existsNoRetry == 1` for object "scene-status-Beta" StaticText`
    t =     4.82s         Checking existence of `"scene-status-Beta" StaticText`
    t =     4.91s Get number of matches for: Elements matching predicate '"scene-sessions" IN identifiers'
    t =     4.96s Find the "scene-sessions" Button
    t =     5.02s Tap "scene-sessions" Button
    t =     5.02s     Wait for com.bicterm.app to idle
    t =     5.13s     Find the "scene-sessions" Button
    t =     5.19s     Check for interrupting elements affecting "scene-sessions" Button
    t =     5.24s     Synthesize event
    t =     5.53s     Wait for com.bicterm.app to idle
    t =     5.54s Waiting 10.0s for "switcher-new-connection" Button to exist
    t =     6.57s     Checking `Expect predicate `existsNoRetry == 1` for object "switcher-new-connection" Button`
    t =     6.57s         Checking existence of `"switcher-new-connection" Button`
    t =     6.64s Waiting 45.0s for "switcher-unread-Alpha-1" StaticText to exist
    t =     7.71s     Checking `Expect predicate `existsNoRetry == 1` for object "switcher-unread-Alpha-1" StaticText`
    t =     7.71s         Checking existence of `"switcher-unread-Alpha-1" StaticText`
    t =     7.77s         Capturing element debug description
    t =     8.68s     Checking `Expect predicate `existsNoRetry == 1` for object "switcher-unread-Alpha-1" StaticText`
    t =     8.68s         Checking existence of `"switcher-unread-Alpha-1" StaticText`
    t =     8.74s Checking existence of `"switcher-name-Alpha-1" StaticText`
    t =     8.80s Find the "switcher-name-Alpha-1" StaticText
    t =     8.87s Tap "switcher-name-Alpha-1" StaticText
    t =     8.87s     Wait for com.bicterm.app to idle
    t =     8.87s     Find the "switcher-name-Alpha-1" StaticText
    t =     8.94s     Check for interrupting elements affecting "switcher-name-Alpha-1" StaticText
    t =     9.01s     Synthesize event
    t =     9.32s     Wait for com.bicterm.app to idle
    t =     9.80s Waiting 15.0s for "scene-status-Alpha" StaticText to exist
    t =    10.85s     Checking `Expect predicate `existsNoRetry == 1` for object "scene-status-Alpha" StaticText`
    t =    10.85s         Checking existence of `"scene-status-Alpha" StaticText`
    t =    10.90s Find the "scene-status-Alpha" StaticText
    t =    10.95s Find the "scene-status-Alpha" StaticText
    t =    11.00s Find the "scene-tail-Alpha" StaticText
    t =    11.05s Find the "scene-tail-Alpha" StaticText
    t =    11.09s Tear Down
Test Case '-[BicTermUITests.SessionSwitcherUITests testSwitchKeepsDetachedSessionAliveAndReceivingOutput]' passed (11.319 seconds).
Test Case '-[BicTermUITests.SessionSwitcherUITests testUnreadDotClearsOnReattach]' started.
    t =     0.00s Start Test at 2026-09-08 22:39:04.578
    t =     0.02s Set Up
    t =     0.03s Open com.bicterm.app
    t =     0.03s     Launch com.bicterm.app
    t =     0.03s         Terminate com.bicterm.app:24842
2026-09-08 22:39:05.680 xcodebuild[13956:29844560] [MT] IDELaunchParametersSnapshot: The operation couldn’t be completed. (DebuggerLLDB.DebuggerVersionStore.StoreError error 0.)
2026-09-08 22:39:05.680 xcodebuild[13956:29844560] [MT] IDELaunchParametersSnapshot: no debugger version
    t =     1.32s         Setting up automation session
    t =     2.19s         Wait for com.bicterm.app to idle
    t =     3.77s Waiting 60.0s for "scene-status-Beta" StaticText to exist
    t =     4.79s     Checking `Expect predicate `existsNoRetry == 1` for object "scene-status-Beta" StaticText`
    t =     4.79s         Checking existence of `"scene-status-Beta" StaticText`
    t =     4.89s Get number of matches for: Elements matching predicate '"scene-sessions" IN identifiers'
    t =     4.94s Find the "scene-sessions" Button
    t =     5.00s Tap "scene-sessions" Button
    t =     5.00s     Wait for com.bicterm.app to idle
    t =     5.16s     Find the "scene-sessions" Button
    t =     5.22s     Check for interrupting elements affecting "scene-sessions" Button
    t =     5.27s     Synthesize event
    t =     5.57s     Wait for com.bicterm.app to idle
    t =     6.28s Waiting 10.0s for "switcher-new-connection" Button to exist
    t =     7.32s     Checking `Expect predicate `existsNoRetry == 1` for object "switcher-new-connection" Button`
    t =     7.32s         Checking existence of `"switcher-new-connection" Button`
    t =     7.39s Waiting 45.0s for "switcher-unread-Alpha-1" StaticText to exist
    t =     8.42s     Checking `Expect predicate `existsNoRetry == 1` for object "switcher-unread-Alpha-1" StaticText`
    t =     8.42s         Checking existence of `"switcher-unread-Alpha-1" StaticText`
    t =     8.48s Checking existence of `"switcher-name-Alpha-1" StaticText`
    t =     8.53s Find the "switcher-name-Alpha-1" StaticText
    t =     8.60s Tap "switcher-name-Alpha-1" StaticText
    t =     8.60s     Wait for com.bicterm.app to idle
    t =     8.60s     Find the "switcher-name-Alpha-1" StaticText
    t =     8.66s     Check for interrupting elements affecting "switcher-name-Alpha-1" StaticText
    t =     8.71s     Synthesize event
    t =     9.01s     Wait for com.bicterm.app to idle
    t =     9.49s Waiting 15.0s for "scene-status-Alpha" StaticText to exist
    t =    10.53s     Checking `Expect predicate `existsNoRetry == 1` for object "scene-status-Alpha" StaticText`
    t =    10.53s         Checking existence of `"scene-status-Alpha" StaticText`
    t =    10.59s Get number of matches for: Elements matching predicate '"scene-sessions" IN identifiers'
    t =    10.63s Find the "scene-sessions" Button
    t =    10.69s Tap "scene-sessions" Button
    t =    10.69s     Wait for com.bicterm.app to idle
    t =    10.69s     Find the "scene-sessions" Button
    t =    10.74s     Check for interrupting elements affecting "scene-sessions" Button
    t =    10.78s     Synthesize event
    t =    11.07s     Wait for com.bicterm.app to idle
    t =    11.77s Waiting 10.0s for "switcher-new-connection" Button to exist
    t =    12.81s     Checking `Expect predicate `existsNoRetry == 1` for object "switcher-new-connection" Button`
    t =    12.81s         Checking existence of `"switcher-new-connection" Button`
    t =    12.87s Checking existence of `"switcher-unread-Alpha-1" StaticText`
    t =    12.92s Checking existence of `"switcher-unread-Alpha-1" StaticText`
    t =    12.97s Tear Down
Test Case '-[BicTermUITests.SessionSwitcherUITests testUnreadDotClearsOnReattach]' passed (13.242 seconds).
Test Suite 'SessionSwitcherUITests' passed at 2026-09-08 22:39:17.819.
	 Executed 8 tests, with 2 tests skipped and 0 failures (0 unexpected) in 116.295 (116.303) seconds
Test Suite 'TerminalUITests' started at 2026-09-08 22:39:17.820.
Test Case '-[BicTermUITests.TerminalUITests testCJKCompositionDeliveredIntact]' started.
    t =     0.00s Start Test at 2026-09-08 22:39:17.821
    t =     0.02s Set Up
    t =     0.02s Open com.bicterm.app
    t =     0.02s     Launch com.bicterm.app
    t =     0.03s         Terminate com.bicterm.app:25695
2026-09-08 22:39:18.901 xcodebuild[13956:29844560] [MT] IDELaunchParametersSnapshot: The operation couldn’t be completed. (DebuggerLLDB.DebuggerVersionStore.StoreError error 0.)
2026-09-08 22:39:18.901 xcodebuild[13956:29844560] [MT] IDELaunchParametersSnapshot: no debugger version
    t =     1.29s         Setting up automation session
    t =     2.19s         Wait for com.bicterm.app to idle
    t =     4.73s Checking `Expect predicate `label CONTAINS "ready"` for object "previewState" StaticText`
    t =     4.73s     Find the "previewState" StaticText
    t =     5.80s Checking `Expect predicate `label CONTAINS "__GO__"` for object "previewTail" StaticText`
    t =     5.81s     Find the "previewTail" StaticText
    t =     6.09s Type 'こんにちは世界' into Target Application 'com.bicterm.app'
    t =     6.09s     Wait for com.bicterm.app to idle
    t =     6.09s     Find the Target Application 'com.bicterm.app'
    t =     6.11s     Check for interrupting elements affecting "BicTerm" Application
    t =     6.12s     Synthesize event
    t =     6.12s         Get number of matches for: Elements containing elements matching predicate 'hasKeyboardFocus == 1'
    t =     6.44s     Wait for com.bicterm.app to idle
    t =     7.49s Checking `Expect predicate `label CONTAINS "こんにちは世界"` for object "previewTail" StaticText`
    t =     7.49s     Find the "previewTail" StaticText
    t =     7.51s Tear Down
    t =     7.51s     Setting device orientation to Portrait
    t =     7.51s         Device orientation changed to Portrait
    t =     7.52s         Wait for com.bicterm.app to idle
    t =     7.52s     Terminate com.bicterm.app:26547
Test Case '-[BicTermUITests.TerminalUITests testCJKCompositionDeliveredIntact]' passed (8.580 seconds).
Test Case '-[BicTermUITests.TerminalUITests testHardwareKeyboardControlAndMetaKeys]' started.
    t =     0.00s Start Test at 2026-09-08 22:39:26.401
    t =     0.02s Set Up
    t =     0.02s Open com.bicterm.app
    t =     0.02s     Launch com.bicterm.app
2026-09-08 22:39:26.424 xcodebuild[13956:29844560] [MT] IDELaunchParametersSnapshot: The operation couldn’t be completed. (DebuggerLLDB.DebuggerVersionStore.StoreError error 0.)
2026-09-08 22:39:26.424 xcodebuild[13956:29844560] [MT] IDELaunchParametersSnapshot: no debugger version
    t =     0.23s         Setting up automation session
    t =     1.14s         Wait for com.bicterm.app to idle
    t =     3.64s Checking `Expect predicate `label CONTAINS "ready"` for object "previewState" StaticText`
    t =     3.64s     Find the "previewState" StaticText
    t =     4.74s Checking `Expect predicate `label CONTAINS "__GO__"` for object "previewTail" StaticText`
    t =     4.74s     Find the "previewTail" StaticText
    t =     5.79s Checking `Expect predicate `label CONTAINS "^C^D"` for object "previewTail" StaticText`
    t =     5.79s     Find the "previewTail" StaticText
    t =     5.81s     Capturing element debug description
    t =     5.85s         Requesting snapshot of accessibility hierarchy for app with pid 26992
    t =     5.87s         Find: Descendants matching type StaticText
    t =     5.87s         Find: Elements matching predicate '"previewTail" IN identifiers'
    t =     5.87s         Requesting snapshot of accessibility hierarchy for app with pid 26992
    t =     5.89s         Find: Descendants matching type StaticText
    t =     5.89s         Requesting snapshot of accessibility hierarchy for app with pid 26992
    t =     6.81s Checking `Expect predicate `label CONTAINS "^C^D"` for object "previewTail" StaticText`
    t =     6.82s     Find the "previewTail" StaticText
    t =     7.88s Checking `Expect predicate `label CONTAINS "^[[5~"` for object "previewTail" StaticText`
    t =     7.88s     Find the "previewTail" StaticText
    t =     7.90s     Capturing element debug description
    t =     7.94s         Requesting snapshot of accessibility hierarchy for app with pid 26992
    t =     7.96s         Find: Descendants matching type StaticText
    t =     7.96s         Find: Elements matching predicate '"previewTail" IN identifiers'
    t =     7.96s         Requesting snapshot of accessibility hierarchy for app with pid 26992
    t =     7.99s         Find: Descendants matching type StaticText
    t =     7.99s         Requesting snapshot of accessibility hierarchy for app with pid 26992
    t =     8.87s Checking `Expect predicate `label CONTAINS "^[[5~"` for object "previewTail" StaticText`
    t =     8.87s     Find the "previewTail" StaticText
    t =     8.89s Find the "previewTail" StaticText
T12 keyboard probe tail: ons=() ]1;[1m[7m%[27m[1m[0m                                              __READY__
[1m[7m%[27m[1m[0m                                              __GO__
[1] 27427
^C^D^[	^[b^[[H^[[F^[[B^[[D^[[C^[[A^[[A^[[A^[[A[?1h[1]  + 27427 done       ( sleep 2; printf \\033\\133?1h; )
^[[5~^[[6~
    t =     8.91s Tear Down
    t =     8.91s     Setting device orientation to Portrait
    t =     8.91s         Wait for com.bicterm.app to idle
    t =     8.92s     Terminate com.bicterm.app:26992
Test Case '-[BicTermUITests.TerminalUITests testHardwareKeyboardControlAndMetaKeys]' passed (10.003 seconds).
Test Case '-[BicTermUITests.TerminalUITests testHtopRendersFullscreenTUI]' started.
    t =     0.00s Start Test at 2026-09-08 22:39:36.405
    t =     0.02s Set Up
    t =     0.02s Open com.bicterm.app
    t =     0.02s     Launch com.bicterm.app
2026-09-08 22:39:36.429 xcodebuild[13956:29844560] [MT] IDELaunchParametersSnapshot: The operation couldn’t be completed. (DebuggerLLDB.DebuggerVersionStore.StoreError error 0.)
2026-09-08 22:39:36.429 xcodebuild[13956:29844560] [MT] IDELaunchParametersSnapshot: no debugger version
    t =     0.24s         Setting up automation session
    t =     1.14s         Wait for com.bicterm.app to idle
    t =     3.64s Checking `Expect predicate `label CONTAINS "ready"` for object "previewState" StaticText`
    t =     3.64s     Find the "previewState" StaticText
    t =     4.72s Checking `Expect predicate `label CONTAINS[c] "cpu"` for object "previewTail" StaticText`
    t =     4.72s     Find the "previewTail" StaticText
    t =     4.74s     Capturing element debug description
    t =     4.78s         Requesting snapshot of accessibility hierarchy for app with pid 27438
    t =     4.80s         Find: Descendants matching type StaticText
    t =     4.80s         Find: Elements matching predicate '"previewTail" IN identifiers'
    t =     4.80s         Requesting snapshot of accessibility hierarchy for app with pid 27438
    t =     4.82s         Find: Descendants matching type StaticText
    t =     4.82s         Requesting snapshot of accessibility hierarchy for app with pid 27438
    t =     5.71s Checking `Expect predicate `label CONTAINS[c] "cpu"` for object "previewTail" StaticText`
    t =     5.71s     Find the "previewTail" StaticText
    t =     5.73s     Capturing element debug description
    t =     5.78s         Requesting snapshot of accessibility hierarchy for app with pid 27438
    t =     5.80s         Find: Descendants matching type StaticText
    t =     5.80s         Find: Elements matching predicate '"previewTail" IN identifiers'
    t =     5.80s         Requesting snapshot of accessibility hierarchy for app with pid 27438
    t =     5.82s         Find: Descendants matching type StaticText
    t =     5.82s         Requesting snapshot of accessibility hierarchy for app with pid 27438
    t =     6.74s Checking `Expect predicate `label CONTAINS[c] "cpu"` for object "previewTail" StaticText`
    t =     6.74s     Find the "previewTail" StaticText
    t =     6.87s Added attachment named 'task-12-htop'
    t =     6.87s Tear Down
    t =     6.87s     Setting device orientation to Portrait
    t =     6.87s         Wait for com.bicterm.app to idle
    t =     6.88s     Terminate com.bicterm.app:27438
Test Case '-[BicTermUITests.TerminalUITests testHtopRendersFullscreenTUI]' passed (7.929 seconds).
Test Case '-[BicTermUITests.TerminalUITests testRotationPropagatesTerminalSizeToRemote]' started.
    t =     0.00s Start Test at 2026-09-08 22:39:44.335
    t =     0.02s Set Up
    t =     0.02s Open com.bicterm.app
    t =     0.02s     Launch com.bicterm.app
2026-09-08 22:39:44.360 xcodebuild[13956:29844560] [MT] IDELaunchParametersSnapshot: The operation couldn’t be completed. (DebuggerLLDB.DebuggerVersionStore.StoreError error 0.)
2026-09-08 22:39:44.360 xcodebuild[13956:29844560] [MT] IDELaunchParametersSnapshot: no debugger version
    t =     0.24s         Setting up automation session
    t =     1.13s         Wait for com.bicterm.app to idle
    t =     3.63s Checking `Expect predicate `label CONTAINS "ready"` for object "previewState" StaticText`
    t =     3.63s     Find the "previewState" StaticText
    t =     4.70s Checking `Expect predicate `label MATCHES ".*SZ:\\d+ \\d+.*"` for object "previewTail" StaticText`
    t =     4.70s     Find the "previewTail" StaticText
    t =     4.72s     Capturing element debug description
    t =     4.77s         Requesting snapshot of accessibility hierarchy for app with pid 27876
    t =     4.79s         Find: Descendants matching type StaticText
    t =     4.79s         Find: Elements matching predicate '"previewTail" IN identifiers'
    t =     4.79s         Requesting snapshot of accessibility hierarchy for app with pid 27876
    t =     4.81s         Find: Descendants matching type StaticText
    t =     4.81s         Requesting snapshot of accessibility hierarchy for app with pid 27876
    t =     5.73s Checking `Expect predicate `label MATCHES ".*SZ:\\d+ \\d+.*"` for object "previewTail" StaticText`
    t =     5.73s     Find the "previewTail" StaticText
    t =     5.75s     Capturing element debug description
    t =     5.80s         Requesting snapshot of accessibility hierarchy for app with pid 27876
    t =     5.82s         Find: Descendants matching type StaticText
    t =     5.82s         Find: Elements matching predicate '"previewTail" IN identifiers'
    t =     5.83s         Requesting snapshot of accessibility hierarchy for app with pid 27876
    t =     5.85s         Find: Descendants matching type StaticText
    t =     5.85s         Requesting snapshot of accessibility hierarchy for app with pid 27876
    t =     6.75s Checking `Expect predicate `label MATCHES ".*SZ:\\d+ \\d+.*"` for object "previewTail" StaticText`
    t =     6.75s     Find the "previewTail" StaticText
    t =     6.77s Find the "previewTail" StaticText
    t =     6.79s Find the "previewTail" StaticText
    t =     6.81s Find the "previewDims" StaticText
    t =     6.83s Setting device orientation to Landscape Left
    t =     6.83s     Device orientation changed to Landscape Left
    t =     7.37s     Interface orientation changed to Landscape Right
    t =     7.60s     Wait for com.bicterm.app to idle
    t =     8.79s Checking `Expect predicate `label != "dims:46x41"` for object "previewDims" StaticText`
    t =     8.79s     Find the "previewDims" StaticText
    t =     8.81s Find the "previewDims" StaticText
    t =     9.88s Checking `Expect predicate `label CONTAINS "SZ:10 86"` for object "previewTail" StaticText`
    t =     9.88s     Find the "previewTail" StaticText
    t =     9.90s Tear Down
    t =     9.90s     Setting device orientation to Portrait
    t =     9.91s         Device orientation changed to Portrait
    t =     9.96s         Interface orientation changed to Portrait
    t =     9.96s         Wait for com.bicterm.app to idle
    t =    10.02s     Terminate com.bicterm.app:27876
Test Case '-[BicTermUITests.TerminalUITests testRotationPropagatesTerminalSizeToRemote]' passed (11.095 seconds).
Test Case '-[BicTermUITests.TerminalUITests testSingleKeypressResolvesToIdleQuickly]' started.
    t =     0.00s Start Test at 2026-09-08 22:39:55.431
    t =     0.02s Set Up
    t =     0.02s Open com.bicterm.app
    t =     0.02s     Launch com.bicterm.app
2026-09-08 22:39:55.456 xcodebuild[13956:29844560] [MT] IDELaunchParametersSnapshot: The operation couldn’t be completed. (DebuggerLLDB.DebuggerVersionStore.StoreError error 0.)
2026-09-08 22:39:55.456 xcodebuild[13956:29844560] [MT] IDELaunchParametersSnapshot: no debugger version
    t =     0.23s         Setting up automation session
    t =     1.11s         Wait for com.bicterm.app to idle
    t =     3.64s Checking `Expect predicate `label CONTAINS "ready"` for object "previewState" StaticText`
    t =     3.64s     Find the "previewState" StaticText
    t =     4.74s Checking `Expect predicate `label CONTAINS "__GO__"` for object "previewTail" StaticText`
    t =     4.74s     Find the "previewTail" StaticText
    t =     4.76s Find the "previewTail" StaticText
    t =     4.78s Type '↓' key (XCUIKeyboardKeyDownArrow) with no modifiers
    t =     4.78s     Wait for com.bicterm.app to idle
    t =     4.78s     Find the Target Application 'com.bicterm.app'
    t =     4.79s     Check for interrupting elements affecting "BicTerm" Application
    t =     4.81s     Synthesize event
    t =     5.23s     Wait for com.bicterm.app to idle
    t =     6.30s Checking `Expect predicate `label CONTAINS "^[[B"` for object "previewTail" StaticText`
    t =     6.30s     Find the "previewTail" StaticText
    t =     6.32s Find the "previewTail" StaticText
    t =     6.33s Tear Down
    t =     6.33s     Setting device orientation to Portrait
    t =     6.33s         Wait for com.bicterm.app to idle
    t =     6.34s     Terminate com.bicterm.app:28346
Test Case '-[BicTermUITests.TerminalUITests testSingleKeypressResolvesToIdleQuickly]' passed (7.438 seconds).
Test Case '-[BicTermUITests.TerminalUITests testVimRendersFullscreenTUI]' started.
    t =     0.00s Start Test at 2026-09-08 22:40:02.871
    t =     0.02s Set Up
    t =     0.02s Open com.bicterm.app
    t =     0.02s     Launch com.bicterm.app
2026-09-08 22:40:02.894 xcodebuild[13956:29844560] [MT] IDELaunchParametersSnapshot: The operation couldn’t be completed. (DebuggerLLDB.DebuggerVersionStore.StoreError error 0.)
2026-09-08 22:40:02.894 xcodebuild[13956:29844560] [MT] IDELaunchParametersSnapshot: no debugger version
    t =     0.24s         Setting up automation session
    t =     1.11s         Wait for com.bicterm.app to idle
    t =     3.59s Checking `Expect predicate `label CONTAINS "ready"` for object "previewState" StaticText`
    t =     3.59s     Find the "previewState" StaticText
    t =     4.68s Checking `Expect predicate `label CONTAINS "VIM"` for object "previewTail" StaticText`
    t =     4.68s     Find the "previewTail" StaticText
    t =     4.80s Added attachment named 'task-12-vim'
    t =     4.80s Tear Down
    t =     4.81s     Setting device orientation to Portrait
    t =     4.81s         Wait for com.bicterm.app to idle
    t =     4.81s     Terminate com.bicterm.app:28787
Test Case '-[BicTermUITests.TerminalUITests testVimRendersFullscreenTUI]' passed (5.893 seconds).
Test Suite 'TerminalUITests' passed at 2026-09-08 22:40:08.763.
	 Executed 6 tests, with 0 failures (0 unexpected) in 50.937 (50.943) seconds
Test Suite 'WindowRelaunchUITests' started at 2026-09-08 22:40:08.764.
Test Case '-[BicTermUITests.WindowRelaunchUITests testFreshSessionLaunchReplacesAnOrphanedTerminalWindow]' started.
    t =     0.00s Start Test at 2026-09-08 22:40:08.765
    t =     0.02s Set Up
    t =     0.02s Open com.bicterm.app
    t =     0.02s     Launch com.bicterm.app
2026-09-08 22:40:08.787 xcodebuild[13956:29844560] [MT] IDELaunchParametersSnapshot: The operation couldn’t be completed. (DebuggerLLDB.DebuggerVersionStore.StoreError error 0.)
2026-09-08 22:40:08.787 xcodebuild[13956:29844560] [MT] IDELaunchParametersSnapshot: no debugger version
    t =     0.24s         Setting up automation session
    t =     1.11s         Wait for com.bicterm.app to idle
    t =     2.58s Waiting 30.0s for "scene-title-Alpha" StaticText to exist
    t =     3.62s     Checking `Expect predicate `existsNoRetry == 1` for object "scene-title-Alpha" StaticText`
    t =     3.62s         Checking existence of `"scene-title-Alpha" StaticText`
    t =     3.72s Terminate com.bicterm.app:29196
    t =     4.79s Open com.bicterm.app
    t =     4.80s     Launch com.bicterm.app
2026-09-08 22:40:13.563 xcodebuild[13956:29844560] [MT] IDELaunchParametersSnapshot: The operation couldn’t be completed. (DebuggerLLDB.DebuggerVersionStore.StoreError error 0.)
2026-09-08 22:40:13.563 xcodebuild[13956:29844560] [MT] IDELaunchParametersSnapshot: no debugger version
    t =     5.01s         Setting up automation session
    t =     5.88s         Wait for com.bicterm.app to idle
    t =     7.41s Waiting 30.0s for "scene-title-Beta" StaticText to exist
    t =     8.48s     Checking `Expect predicate `existsNoRetry == 1` for object "scene-title-Beta" StaticText`
    t =     8.48s         Checking existence of `"scene-title-Beta" StaticText`
    t =     8.57s Tear Down
Test Case '-[BicTermUITests.WindowRelaunchUITests testFreshSessionLaunchReplacesAnOrphanedTerminalWindow]' passed (8.811 seconds).
Test Case '-[BicTermUITests.WindowRelaunchUITests testNewConnectionFromTerminalPreservesBothSessionsAndSeparateIPadWindows]' started.
    t =     0.00s Start Test at 2026-09-08 22:40:17.576
    t =     0.02s Set Up
    t =     0.02s Open com.bicterm.app
    t =     0.03s     Launch com.bicterm.app
    t =     0.03s         Terminate com.bicterm.app:29566
2026-09-08 22:40:18.658 xcodebuild[13956:29844560] [MT] IDELaunchParametersSnapshot: The operation couldn’t be completed. (DebuggerLLDB.DebuggerVersionStore.StoreError error 0.)
2026-09-08 22:40:18.658 xcodebuild[13956:29844560] [MT] IDELaunchParametersSnapshot: no debugger version
    t =     1.30s         Setting up automation session
    t =     2.18s         Wait for com.bicterm.app to idle
    t =     3.71s Waiting 30.0s for "scene-tail-Alpha" StaticText to exist
    t =     4.75s     Checking `Expect predicate `existsNoRetry == 1` for object "scene-tail-Alpha" StaticText`
    t =     4.75s         Checking existence of `"scene-tail-Alpha" StaticText`
    t =     5.89s Checking `Expect predicate `label CONTAINS "__ORIGINAL_WINDOW__"` for object "scene-tail-Alpha" StaticText`
    t =     5.90s     Find the "scene-tail-Alpha" StaticText
    t =     5.95s Find the Target Application 'com.bicterm.app'
    t =     6.10s Added attachment named 'new-window-original'
    t =     6.10s Tap "scene-sessions" Button
    t =     6.10s     Wait for com.bicterm.app to idle
    t =     6.10s     Find the "scene-sessions" Button
    t =     6.12s     Check for interrupting elements affecting "scene-sessions" Button
    t =     6.16s     Synthesize event
    t =     6.46s     Wait for com.bicterm.app to idle
    t =     6.49s Tap "switcher-new-connection" Button
    t =     6.49s     Wait for com.bicterm.app to idle
    t =     7.19s     Find the "switcher-new-connection" Button
    t =     7.26s     Check for interrupting elements affecting "switcher-new-connection" Button
    t =     7.31s     Synthesize event
    t =     7.60s     Wait for com.bicterm.app to idle
    t =     8.08s Waiting 10.0s for "connection-Beta" Button to exist
    t =     9.14s     Checking `Expect predicate `existsNoRetry == 1` for object "connection-Beta" Button`
    t =     9.14s         Checking existence of `"connection-Beta" Button`
    t =     9.19s Get all elements bound by index for: Elements matching predicate '"connection-Beta" IN identifiers'
    t =     9.22s Find the "connection-Beta" Button
    t =     9.26s Swipe left "connection-Beta" Button
    t =     9.26s     Wait for com.bicterm.app to idle
    t =     9.26s     Find the "connection-Beta" Button
    t =     9.30s     Check for interrupting elements affecting "connection-Beta" Button
    t =     9.33s     Synthesize event
    t =     9.79s     Wait for com.bicterm.app to idle
    t =    10.46s Get all elements bound by index for: Elements matching predicate '"connect-Beta" IN identifiers'
    t =    10.49s Find the "connect-Beta" Button
    t =    10.53s Tap "connect-Beta" Button
    t =    10.53s     Wait for com.bicterm.app to idle
    t =    10.54s     Find the "connect-Beta" Button
    t =    10.57s     Check for interrupting elements affecting "connect-Beta" Button
    t =    10.60s     Synthesize event
    t =    10.90s     Wait for com.bicterm.app to idle
    t =    11.87s Waiting 30.0s for "scene-title-Beta" StaticText to exist
    t =    12.94s     Checking `Expect predicate `existsNoRetry == 1` for object "scene-title-Beta" StaticText`
    t =    12.94s         Checking existence of `"scene-title-Beta" StaticText`
    t =    14.04s Checking `Expect predicate `label CONTAINS "status:active"` for object "scene-status-Beta" StaticText`
    t =    14.04s     Find the "scene-status-Beta" StaticText
    t =    14.09s Find the Target Application 'com.bicterm.app'
    t =    14.25s Added attachment named 'new-window-second'
    t =    14.25s Tear Down
Test Case '-[BicTermUITests.WindowRelaunchUITests testNewConnectionFromTerminalPreservesBothSessionsAndSeparateIPadWindows]' passed (14.487 seconds).
Test Case '-[BicTermUITests.WindowRelaunchUITests testPreviewLaunchRemainsReachableAfterTerminalWindowRestoration]' started.
    t =     0.00s Start Test at 2026-09-08 22:40:32.065
    t =     0.02s Set Up
    t =     0.03s Open com.bicterm.app
    t =     0.03s     Launch com.bicterm.app
    t =     0.03s         Terminate com.bicterm.app:29943
2026-09-08 22:40:33.178 xcodebuild[13956:29844560] [MT] IDELaunchParametersSnapshot: The operation couldn’t be completed. (DebuggerLLDB.DebuggerVersionStore.StoreError error 0.)
2026-09-08 22:40:33.178 xcodebuild[13956:29844560] [MT] IDELaunchParametersSnapshot: no debugger version
    t =     1.33s         Setting up automation session
    t =     2.19s         Wait for com.bicterm.app to idle
    t =     3.69s Waiting 30.0s for "scene-title-Alpha" StaticText to exist
    t =     4.76s     Checking `Expect predicate `existsNoRetry == 1` for object "scene-title-Alpha" StaticText`
    t =     4.76s         Checking existence of `"scene-title-Alpha" StaticText`
    t =     4.85s Terminate com.bicterm.app:30812
    t =     5.91s Open com.bicterm.app
    t =     5.91s     Launch com.bicterm.app
2026-09-08 22:40:37.975 xcodebuild[13956:29844560] [MT] IDELaunchParametersSnapshot: The operation couldn’t be completed. (DebuggerLLDB.DebuggerVersionStore.StoreError error 0.)
2026-09-08 22:40:37.976 xcodebuild[13956:29844560] [MT] IDELaunchParametersSnapshot: no debugger version
    t =     6.12s         Setting up automation session
    t =     7.06s         Wait for com.bicterm.app to idle
    t =     8.53s Waiting 10.0s for "previewState" StaticText to exist
    t =     9.59s     Checking `Expect predicate `existsNoRetry == 1` for object "previewState" StaticText`
    t =     9.59s         Checking existence of `"previewState" StaticText`
    t =     9.63s Tear Down
Test Case '-[BicTermUITests.WindowRelaunchUITests testPreviewLaunchRemainsReachableAfterTerminalWindowRestoration]' passed (9.849 seconds).
Test Suite 'WindowRelaunchUITests' passed at 2026-09-08 22:40:41.914.
	 Executed 3 tests, with 0 failures (0 unexpected) in 33.147 (33.150) seconds
Test Suite 'BicTermUITests.xctest' passed at 2026-09-08 22:40:41.915.
	 Executed 63 tests, with 5 tests skipped and 0 failures (0 unexpected) in 1797.176 (1797.248) seconds
Test Suite 'All tests' passed at 2026-09-08 22:40:41.916.
	 Executed 63 tests, with 5 tests skipped and 0 failures (0 unexpected) in 1797.176 (1797.249) seconds
2026-09-08 22:40:52.545 xcodebuild[13956:29844560] [MT] IDETestOperationsObserverDebug: 1810.048 elapsed -- Testing started completed.
2026-09-08 22:40:52.545 xcodebuild[13956:29844560] [MT] IDETestOperationsObserverDebug: 0.000 sec, +0.000 sec -- start
2026-09-08 22:40:52.545 xcodebuild[13956:29844560] [MT] IDETestOperationsObserverDebug: 1810.048 sec, +1810.048 sec -- end

Test session results, code coverage, and logs:
	/Users/richard/code/BicTerm/.build-artifacts/xcresults/g12-final-full-iphone.xcresult

** TEST SUCCEEDED **

Testing started
