Re-using provisioner tags from the active template version.
Tip: You can override these tags by passing --provisioner-tag="key=value".
     You can also clear all provisioner tags by passing --provisioner-tag="-".
Provisioner tags: <none>
WARN: No .terraform.lock.hcl file found
  | When provisioning, Coder will be unable to cache providers without a lockfile and must download them from the internet each time.
  | Create one by running terraform init in your template directory.
=== ✔ Queued [0ms]
==> ⧗ Running
==> ⧗ Running
=== ✔ Running [5ms]
==> ⧗ Setting up
=== ✔ Setting up [82ms]
==> ⧗ Initializing Terraform Directory
2026-09-09 16:24:08.274-06:00 Initializing the backend...
2026-09-09 16:24:08.275-06:00 Initializing provider plugins...
2026-09-09 16:24:08.275-06:00 Finding matching versions for provider: coder/coder, version_constraint: "~> 2.18"
2026-09-09 16:24:08.454-06:00 Finding matching versions for provider: hashicorp/null, version_constraint: "~> 3.2"
2026-09-09 16:24:09.087-06:00 Installing provider version: coder/coder v2.18.0...
2026-09-09 16:24:09.832-06:00 Installed provider version: coder/coder v2.18.0 (signed by a HashiCorp partnerkey_id: 93C75807601AA0EC)
2026-09-09 16:24:10.117-06:00 Installing provider version: hashicorp/null v3.3.1...
2026-09-09 16:24:10.438-06:00 Installed provider version: hashicorp/null v3.3.1 (signed by HashiCorp)
2026-09-09 16:24:10.438-06:00 Partner and community providers are signed by their developers.
If you'd like to know more about provider signing, you can read about it here:
https://developer.hashicorp.com/terraform/cli/plugins/signing
2026-09-09 16:24:10.438-06:00 Terraform has created a lock file .terraform.lock.hcl to record the provider
selections it made above. Include this file in your version control repository
so that Terraform can guarantee to make the same selections by default when
you run "terraform init" in the future.
2026-09-09 16:24:10.438-06:00 Terraform has been successfully initialized!
2026-09-09 16:24:10.438-06:00 You may now begin working with Terraform. Try running "terraform plan" to see
any changes that are required for your infrastructure. All Terraform commands
should now work.

If you ever set or change modules or backend configuration for Terraform,
rerun this command to reinitialize your working directory. If you forget, other
commands will detect it and remind you to do so if necessary.
=== ✔ Initializing Terraform Directory [2167ms]
==> ⧗ Parsing template parameters
=== ✔ Parsing template parameters [3ms]
==> ⧗ Detecting persistent resources
2026-09-09 16:24:10.496-06:00 Terraform 1.14.5
2026-09-09 16:24:11.478-06:00 data.coder_provisioner.me: Refreshing...
2026-09-09 16:24:11.478-06:00 data.coder_parameter.start_blocks_login: Refreshing...
2026-09-09 16:24:11.478-06:00 data.coder_workspace.me: Refreshing...
2026-09-09 16:24:11.478-06:00 data.coder_parameter.multi_agent: Refreshing...
2026-09-09 16:24:11.478-06:00 data.coder_parameter.script_mode: Refreshing...
2026-09-09 16:24:11.479-06:00 data.coder_provisioner.me: Refresh complete after 0s [id=d88bc4eb-debb-4d07-a640-8ae906b3421b]
2026-09-09 16:24:11.480-06:00 data.coder_parameter.start_blocks_login: Refresh complete after 0s [id=6c347c8f-ca54-4bdb-9af5-c802cee40df1]
2026-09-09 16:24:11.480-06:00 data.coder_parameter.multi_agent: Refresh complete after 0s [id=769d71a7-7efb-4610-85f8-75eb8b2a0df1]
2026-09-09 16:24:11.480-06:00 data.coder_workspace.me: Refresh complete after 0s [id=1ea042ee-46bd-4a48-aef1-0867d88e9e7e]
2026-09-09 16:24:11.480-06:00 data.coder_parameter.script_mode: Refresh complete after 0s [id=bd76534a-9138-4823-88b7-59a1de3fdd51]
2026-09-09 16:24:11.490-06:00 coder_agent.main[0]: Plan to create
2026-09-09 16:24:11.490-06:00 coder_script.startup[0]: Plan to create
2026-09-09 16:24:11.490-06:00 null_resource.main_script[0]: Plan to create
2026-09-09 16:24:11.490-06:00 Plan: 3 to add, 0 to change, 0 to destroy.
2026-09-09 16:24:11.490-06:00 Warning: "dir" is deprecated and will be removed in a future release.
2026-09-09 16:24:11.490-06:00 on main.tf line 71, in resource "coder_agent" "main":
2026-09-09 16:24:11.490-06:00   71:   dir   = "${local.base}/work"
2026-09-09 16:24:11.490-06:00 
2026-09-09 16:24:11.491-06:00 
2026-09-09 16:24:11.491-06:00 Warning: Setting "dir" to a value other than $HOME will break Coder Desktop file sync.
2026-09-09 16:24:11.491-06:00 on main.tf line 71, in resource "coder_agent" "main":
2026-09-09 16:24:11.491-06:00   71:   dir   = "${local.base}/work"
2026-09-09 16:24:11.491-06:00 
2026-09-09 16:24:11.491-06:00 
2026-09-09 16:24:11.492-06:00 Warning: Argument is deprecated
2026-09-09 16:24:11.492-06:00 on main.tf line 71, in resource "coder_agent" "main":
2026-09-09 16:24:11.492-06:00   71:   dir   = "${local.base}/work"
2026-09-09 16:24:11.492-06:00 
2026-09-09 16:24:11.492-06:00 dir has been deprecated and will be removed in a future release.
=== ✔ Detecting persistent resources [1411ms]
==> ⧗ Detecting ephemeral resources
2026-09-09 16:24:11.903-06:00 Terraform 1.14.5
2026-09-09 16:24:12.084-06:00 data.coder_workspace.me: Refreshing...
2026-09-09 16:24:12.085-06:00 data.coder_parameter.start_blocks_login: Refreshing...
2026-09-09 16:24:12.085-06:00 data.coder_provisioner.me: Refreshing...
2026-09-09 16:24:12.085-06:00 data.coder_parameter.multi_agent: Refreshing...
2026-09-09 16:24:12.085-06:00 data.coder_workspace.me: Refresh complete after 0s [id=69d1ba25-d979-45b0-9d0d-8ba2689331dc]
2026-09-09 16:24:12.086-06:00 data.coder_parameter.script_mode: Refreshing...
2026-09-09 16:24:12.086-06:00 data.coder_provisioner.me: Refresh complete after 0s [id=ef73e5a0-0b7d-4a92-be2c-ae016529ef38]
2026-09-09 16:24:12.086-06:00 data.coder_parameter.start_blocks_login: Refresh complete after 0s [id=58adaa8d-9419-4e2d-a613-6e9f19f527c7]
2026-09-09 16:24:12.086-06:00 data.coder_parameter.multi_agent: Refresh complete after 0s [id=ccf8bd6f-32dd-4ce3-8dc2-8b06f8c057ee]
2026-09-09 16:24:12.087-06:00 data.coder_parameter.script_mode: Refresh complete after 0s [id=b5d43111-fbb2-4e5f-b894-6e53e79b92b1]
2026-09-09 16:24:12.091-06:00 Plan: 0 to add, 0 to change, 0 to destroy.
=== ✔ Detecting ephemeral resources [599ms]
==> ⧗ Cleaning Up
=== ✔ Cleaning Up [6ms]
┌─────────────────────────────────┐
│ Template Preview                │
├─────────────────────────────────┤
│ RESOURCE                        │
├─────────────────────────────────┤
│ null_resource.main_script       │
│ └─ main (darwin, arm64)         │
└─────────────────────────────────┘
Updated version at Sep  9 16:24:12!
No preset applied.
Planning workspace...
=== ✔ Queued [0ms]
==> ⧗ Running
==> ⧗ Running
=== ✔ Running [3ms]
==> ⧗ Setting up
=== ✔ Setting up [78ms]
==> ⧗ Initializing Terraform Directory
=== ✔ Initializing Terraform Directory [1926ms]
==> ⧗ Detecting persistent resources
=== ✔ Detecting persistent resources [1178ms]
==> ⧗ Cleaning Up
=== ✔ Cleaning Up [7ms]
┌────────────────────────────────────────────────────────────┐
│ Workspace Preview                                          │
├────────────────────────────────────────────────────────────┤
│ RESOURCE                   ACCESS                          │
├────────────────────────────────────────────────────────────┤
│ null_resource.main_script                                  │
│ └─ main (darwin, arm64)    coder ssh g12-auto-blocking     │
└────────────────────────────────────────────────────────────┘
=== ✔ Queued [0ms]
==> ⧗ Running
==> ⧗ Running
=== ✔ Running [15ms]
==> ⧗ Setting up
=== ✔ Setting up [75ms]
==> ⧗ Initializing Terraform Directory
2026-09-09 16:24:16.067-06:00 Initializing the backend...
2026-09-09 16:24:16.068-06:00 Initializing provider plugins...
2026-09-09 16:24:16.068-06:00 Finding matching versions for provider: hashicorp/null, version_constraint: "~> 3.2"
2026-09-09 16:24:16.208-06:00 Finding matching versions for provider: coder/coder, version_constraint: "~> 2.18"
2026-09-09 16:24:16.496-06:00 Installing provider version: hashicorp/null v3.3.1...
2026-09-09 16:24:16.819-06:00 Installed provider version: hashicorp/null v3.3.1 (signed by HashiCorp)
2026-09-09 16:24:17.289-06:00 Installing provider version: coder/coder v2.18.0...
2026-09-09 16:24:17.973-06:00 Installed provider version: coder/coder v2.18.0 (signed by a HashiCorp partnerkey_id: 93C75807601AA0EC)
2026-09-09 16:24:17.973-06:00 Partner and community providers are signed by their developers.
If you'd like to know more about provider signing, you can read about it here:
https://developer.hashicorp.com/terraform/cli/plugins/signing
2026-09-09 16:24:17.973-06:00 Terraform has created a lock file .terraform.lock.hcl to record the provider
selections it made above. Include this file in your version control repository
so that Terraform can guarantee to make the same selections by default when
you run "terraform init" in the future.
2026-09-09 16:24:17.973-06:00 Terraform has been successfully initialized!
2026-09-09 16:24:17.973-06:00 You may now begin working with Terraform. Try running "terraform plan" to see
any changes that are required for your infrastructure. All Terraform commands
should now work.

If you ever set or change modules or backend configuration for Terraform,
rerun this command to reinitialize your working directory. If you forget, other
commands will detect it and remind you to do so if necessary.
=== ✔ Initializing Terraform Directory [1961ms]
==> ⧗ Planning Infrastructure
2026-09-09 16:24:18.807-06:00 data.coder_workspace.me: Refreshing...
2026-09-09 16:24:18.807-06:00 data.coder_provisioner.me: Refreshing...
2026-09-09 16:24:18.807-06:00 data.coder_parameter.script_mode: Refreshing...
2026-09-09 16:24:18.807-06:00 data.coder_parameter.multi_agent: Refreshing...
2026-09-09 16:24:18.808-06:00 data.coder_parameter.start_blocks_login: Refreshing...
2026-09-09 16:24:18.808-06:00 data.coder_provisioner.me: Refresh complete after 0s [id=dc67edaa-0424-4dc5-8e14-eb1c8f936838]
2026-09-09 16:24:18.809-06:00 data.coder_workspace.me: Refresh complete after 0s [id=f538c716-3338-4442-9651-7fede07f9e42]
2026-09-09 16:24:18.809-06:00 data.coder_parameter.start_blocks_login: Refresh complete after 0s [id=5c4789de-5c8e-44c1-ab8e-a43e0318f976]
2026-09-09 16:24:18.809-06:00 data.coder_parameter.multi_agent: Refresh complete after 0s [id=ba58b6e4-6cd5-4cc6-aa12-57ff6b5ae1d0]
2026-09-09 16:24:18.809-06:00 data.coder_parameter.script_mode: Refresh complete after 0s [id=8f50f34e-c807-4035-a420-8895889bd55c]
2026-09-09 16:24:18.819-06:00 coder_agent.main[0]: Plan to create
2026-09-09 16:24:18.819-06:00 coder_script.startup[0]: Plan to create
2026-09-09 16:24:18.819-06:00 null_resource.main_script[0]: Plan to create
2026-09-09 16:24:18.819-06:00 Plan: 3 to add, 0 to change, 0 to destroy.
2026-09-09 16:24:18.820-06:00 Warning: "dir" is deprecated and will be removed in a future release.
2026-09-09 16:24:18.820-06:00 on main.tf line 71, in resource "coder_agent" "main":
2026-09-09 16:24:18.820-06:00   71:   dir   = "${local.base}/work"
2026-09-09 16:24:18.820-06:00 
2026-09-09 16:24:18.820-06:00 
2026-09-09 16:24:18.821-06:00 Warning: Setting "dir" to a value other than $HOME will break Coder Desktop file sync.
2026-09-09 16:24:18.821-06:00 on main.tf line 71, in resource "coder_agent" "main":
2026-09-09 16:24:18.821-06:00   71:   dir   = "${local.base}/work"
2026-09-09 16:24:18.821-06:00 
2026-09-09 16:24:18.821-06:00 
2026-09-09 16:24:18.821-06:00 Warning: Argument is deprecated
2026-09-09 16:24:18.821-06:00 on main.tf line 71, in resource "coder_agent" "main":
2026-09-09 16:24:18.821-06:00   71:   dir   = "${local.base}/work"
2026-09-09 16:24:18.822-06:00 
2026-09-09 16:24:18.822-06:00 dir has been deprecated and will be removed in a future release.
=== ✔ Planning Infrastructure [913ms]
==> ⧗ Starting workspace
2026-09-09 16:24:18.991-06:00 Terraform 1.14.5
2026-09-09 16:24:19.072-06:00 coder_agent.main[0]: Plan to create
2026-09-09 16:24:19.072-06:00 coder_script.startup[0]: Plan to create
2026-09-09 16:24:19.072-06:00 null_resource.main_script[0]: Plan to create
2026-09-09 16:24:19.123-06:00 coder_agent.main[0]: Creating...
2026-09-09 16:24:19.125-06:00 coder_agent.main[0]: Creation complete after 0s [id=dfab27d5-6ecb-426c-aaa7-1a74f441a216]
2026-09-09 16:24:19.141-06:00 coder_script.startup[0]: Creating...
2026-09-09 16:24:19.142-06:00 coder_script.startup[0]: Creation complete after 0s [id=e25f53f1-c53c-44ae-8f54-d87e06296601]
2026-09-09 16:24:19.142-06:00 null_resource.main_script[0]: Creating...
2026-09-09 16:24:19.149-06:00 null_resource.main_script[0]: Provisioning with 'local-exec'...
2026-09-09 16:24:19.149-06:00 null_resource.main_script[0]: (local-exec): (output suppressed due to sensitive value in config)
2026-09-09 16:24:19.161-06:00 null_resource.main_script[0]: (local-exec) Provisioning complete
2026-09-09 16:24:19.162-06:00 null_resource.main_script[0]: Creation complete after 0s [id=4767076030634488671]
2026-09-09 16:24:19.178-06:00 Warning: "dir" is deprecated and will be removed in a future release.
2026-09-09 16:24:19.178-06:00 on main.tf line 71, in resource "coder_agent" "main":
2026-09-09 16:24:19.178-06:00   71:   dir   = "${local.base}/work"
2026-09-09 16:24:19.178-06:00 
2026-09-09 16:24:19.178-06:00 
2026-09-09 16:24:19.179-06:00 Warning: Setting "dir" to a value other than $HOME will break Coder Desktop file sync.
2026-09-09 16:24:19.179-06:00 on main.tf line 71, in resource "coder_agent" "main":
2026-09-09 16:24:19.179-06:00   71:   dir   = "${local.base}/work"
2026-09-09 16:24:19.179-06:00 
2026-09-09 16:24:19.179-06:00 
2026-09-09 16:24:19.180-06:00 Warning: Argument is deprecated
2026-09-09 16:24:19.180-06:00 on main.tf line 71, in resource "coder_agent" "main":
2026-09-09 16:24:19.180-06:00   71:   dir   = "${local.base}/work"
2026-09-09 16:24:19.180-06:00 
2026-09-09 16:24:19.180-06:00 dir has been deprecated and will be removed in a future release.
2026-09-09 16:24:19.180-06:00 Apply complete! Resources: 3 added, 0 changed, 0 destroyed.
2026-09-09 16:24:19.180-06:00 Outputs: 0
=== ✔ Starting workspace [529ms]
==> ⧗ Cleaning Up
=== ✔ Cleaning Up [9ms]

The g12-auto-blocking workspace has been created at Sep  9 16:24:19!
Acceptance workspace g12-auto-blocking provisioned; agent processes launched
=== ✔ Queued [0ms]
==> ⧗ Running
==> ⧗ Running
=== ✔ Running [17ms]
==> ⧗ Setting up
=== ✔ Setting up [79ms]
==> ⧗ Initializing Terraform Directory
2026-09-09 16:24:19.834-06:00 Initializing the backend...
2026-09-09 16:24:19.835-06:00 Initializing provider plugins...
2026-09-09 16:24:19.835-06:00 Finding matching versions for provider: coder/coder, version_constraint: "~> 2.18"
2026-09-09 16:24:19.944-06:00 Finding matching versions for provider: hashicorp/null, version_constraint: "~> 3.2"
2026-09-09 16:24:20.487-06:00 Installing provider version: coder/coder v2.18.0...
2026-09-09 16:24:21.124-06:00 Installed provider version: coder/coder v2.18.0 (signed by a HashiCorp partnerkey_id: 93C75807601AA0EC)
2026-09-09 16:24:21.313-06:00 Installing provider version: hashicorp/null v3.3.1...
2026-09-09 16:24:21.638-06:00 Installed provider version: hashicorp/null v3.3.1 (signed by HashiCorp)
2026-09-09 16:24:21.638-06:00 Partner and community providers are signed by their developers.
If you'd like to know more about provider signing, you can read about it here:
https://developer.hashicorp.com/terraform/cli/plugins/signing
2026-09-09 16:24:21.638-06:00 Terraform has created a lock file .terraform.lock.hcl to record the provider
selections it made above. Include this file in your version control repository
so that Terraform can guarantee to make the same selections by default when
you run "terraform init" in the future.
2026-09-09 16:24:21.638-06:00 Terraform has been successfully initialized!
2026-09-09 16:24:21.638-06:00 You may now begin working with Terraform. Try running "terraform plan" to see
any changes that are required for your infrastructure. All Terraform commands
should now work.

If you ever set or change modules or backend configuration for Terraform,
rerun this command to reinitialize your working directory. If you forget, other
commands will detect it and remind you to do so if necessary.
=== ✔ Initializing Terraform Directory [1858ms]
==> ⧗ Planning Infrastructure
2026-09-09 16:24:22.461-06:00 data.coder_parameter.start_blocks_login: Refreshing...
2026-09-09 16:24:22.461-06:00 data.coder_provisioner.me: Refreshing...
2026-09-09 16:24:22.461-06:00 data.coder_workspace.me: Refreshing...
2026-09-09 16:24:22.462-06:00 data.coder_parameter.script_mode: Refreshing...
2026-09-09 16:24:22.462-06:00 data.coder_parameter.multi_agent: Refreshing...
2026-09-09 16:24:22.462-06:00 data.coder_provisioner.me: Refresh complete after 0s [id=5ff09a15-39fc-4335-bcea-2944a7cd807d]
2026-09-09 16:24:22.463-06:00 data.coder_workspace.me: Refresh complete after 0s [id=f538c716-3338-4442-9651-7fede07f9e42]
2026-09-09 16:24:22.463-06:00 data.coder_parameter.start_blocks_login: Refresh complete after 0s [id=f2441c2d-a4b7-4df8-b19d-3cb3e7dd838d]
2026-09-09 16:24:22.463-06:00 data.coder_parameter.multi_agent: Refresh complete after 0s [id=8cba4cd6-c7ba-4de8-9132-2b5221e2476b]
2026-09-09 16:24:22.464-06:00 data.coder_parameter.script_mode: Refresh complete after 0s [id=1e663dbc-c4d7-4754-8006-39cf1d3df86e]
2026-09-09 16:24:22.465-06:00 coder_agent.main[0]: Refreshing state... [id=dfab27d5-6ecb-426c-aaa7-1a74f441a216]
2026-09-09 16:24:22.466-06:00 coder_agent.main[0]: Refresh complete [id=dfab27d5-6ecb-426c-aaa7-1a74f441a216]
2026-09-09 16:24:22.467-06:00 coder_script.startup[0]: Refreshing state... [id=e25f53f1-c53c-44ae-8f54-d87e06296601]
2026-09-09 16:24:22.467-06:00 null_resource.main_script[0]: Refreshing state... [id=4767076030634488671]
2026-09-09 16:24:22.468-06:00 coder_script.startup[0]: Refresh complete [id=e25f53f1-c53c-44ae-8f54-d87e06296601]
2026-09-09 16:24:22.468-06:00 null_resource.main_script[0]: Refresh complete [id=4767076030634488671]
2026-09-09 16:24:22.473-06:00 coder_agent.main[0]: Drift detected (update)
2026-09-09 16:24:22.473-06:00 coder_agent.main[0]: Plan to delete
2026-09-09 16:24:22.473-06:00 coder_script.startup[0]: Plan to delete
2026-09-09 16:24:22.473-06:00 null_resource.main_script[0]: Plan to delete
2026-09-09 16:24:22.473-06:00 Plan: 0 to add, 0 to change, 3 to destroy.
=== ✔ Planning Infrastructure [898ms]
==> ⧗ Stopping workspace
2026-09-09 16:24:22.637-06:00 Terraform 1.14.5
2026-09-09 16:24:22.719-06:00 coder_agent.main[0]: Plan to delete
2026-09-09 16:24:22.719-06:00 coder_script.startup[0]: Plan to delete
2026-09-09 16:24:22.719-06:00 null_resource.main_script[0]: Plan to delete
2026-09-09 16:24:22.766-06:00 coder_script.startup[0]: Destroying... [id=e25f53f1-c53c-44ae-8f54-d87e06296601]
2026-09-09 16:24:22.766-06:00 null_resource.main_script[0]: Destroying... [id=4767076030634488671]
2026-09-09 16:24:22.766-06:00 coder_script.startup[0]: Destruction complete after 0s
2026-09-09 16:24:22.778-06:00 null_resource.main_script[0]: Destruction complete after 0s
2026-09-09 16:24:22.785-06:00 coder_agent.main[0]: Destroying... [id=dfab27d5-6ecb-426c-aaa7-1a74f441a216]
2026-09-09 16:24:22.786-06:00 coder_agent.main[0]: Destruction complete after 0s
2026-09-09 16:24:22.799-06:00 Apply complete! Resources: 0 added, 0 changed, 3 destroyed.
2026-09-09 16:24:22.799-06:00 Outputs: 0
=== ✔ Stopping workspace [487ms]
==> ⧗ Cleaning Up
=== ✔ Cleaning Up [7ms]

The g12-auto-blocking workspace has been stopped at Sep  9 16:24:23!
Re-using provisioner tags from the active template version.
Tip: You can override these tags by passing --provisioner-tag="key=value".
     You can also clear all provisioner tags by passing --provisioner-tag="-".
Provisioner tags: <none>
WARN: No .terraform.lock.hcl file found
  | When provisioning, Coder will be unable to cache providers without a lockfile and must download them from the internet each time.
  | Create one by running terraform init in your template directory.
=== ✔ Queued [0ms]
==> ⧗ Running
==> ⧗ Running
=== ✔ Running [4ms]
==> ⧗ Setting up
=== ✔ Setting up [73ms]
==> ⧗ Initializing Terraform Directory
2026-09-09 16:24:23.293-06:00 Initializing the backend...
2026-09-09 16:24:23.293-06:00 Initializing provider plugins...
2026-09-09 16:24:23.294-06:00 Finding matching versions for provider: hashicorp/null, version_constraint: "~> 3.2"
2026-09-09 16:24:23.402-06:00 Finding matching versions for provider: coder/coder, version_constraint: "~> 2.18"
2026-09-09 16:24:23.646-06:00 Installing provider version: hashicorp/null v3.3.1...
2026-09-09 16:24:23.976-06:00 Installed provider version: hashicorp/null v3.3.1 (signed by HashiCorp)
2026-09-09 16:24:24.459-06:00 Installing provider version: coder/coder v2.18.0...
2026-09-09 16:24:25.140-06:00 Installed provider version: coder/coder v2.18.0 (signed by a HashiCorp partnerkey_id: 93C75807601AA0EC)
2026-09-09 16:24:25.141-06:00 Partner and community providers are signed by their developers.
If you'd like to know more about provider signing, you can read about it here:
https://developer.hashicorp.com/terraform/cli/plugins/signing
2026-09-09 16:24:25.141-06:00 Terraform has created a lock file .terraform.lock.hcl to record the provider
selections it made above. Include this file in your version control repository
so that Terraform can guarantee to make the same selections by default when
you run "terraform init" in the future.
2026-09-09 16:24:25.141-06:00 Terraform has been successfully initialized!
2026-09-09 16:24:25.141-06:00 You may now begin working with Terraform. Try running "terraform plan" to see
any changes that are required for your infrastructure. All Terraform commands
should now work.

If you ever set or change modules or backend configuration for Terraform,
rerun this command to reinitialize your working directory. If you forget, other
commands will detect it and remind you to do so if necessary.
=== ✔ Initializing Terraform Directory [1851ms]
==> ⧗ Parsing template parameters
=== ✔ Parsing template parameters [4ms]
==> ⧗ Detecting persistent resources
2026-09-09 16:24:25.198-06:00 Terraform 1.14.5
2026-09-09 16:24:25.989-06:00 data.coder_parameter.start_blocks_login: Refreshing...
2026-09-09 16:24:25.989-06:00 data.coder_parameter.multi_agent: Refreshing...
2026-09-09 16:24:25.990-06:00 data.coder_workspace.me: Refreshing...
2026-09-09 16:24:25.990-06:00 data.coder_provisioner.me: Refreshing...
2026-09-09 16:24:25.991-06:00 data.coder_parameter.script_mode: Refreshing...
2026-09-09 16:24:25.991-06:00 data.coder_workspace.me: Refresh complete after 0s [id=9ffc4f28-576e-43fa-afff-956cd75f1553]
2026-09-09 16:24:25.991-06:00 data.coder_parameter.multi_agent: Refresh complete after 0s [id=db9ca9dd-077b-420f-80cb-bb3acd0e3e29]
2026-09-09 16:24:25.991-06:00 data.coder_provisioner.me: Refresh complete after 0s [id=1b64087c-3236-4c17-a419-ad292c0b19e9]
2026-09-09 16:24:25.991-06:00 data.coder_parameter.start_blocks_login: Refresh complete after 0s [id=4e4684f6-fc32-479c-8b76-9e0aecd92256]
2026-09-09 16:24:25.992-06:00 data.coder_parameter.script_mode: Refresh complete after 0s [id=8251359a-d964-427a-9554-6756bfdfd435]
2026-09-09 16:24:26.001-06:00 coder_agent.main[0]: Plan to create
2026-09-09 16:24:26.001-06:00 coder_script.startup[0]: Plan to create
2026-09-09 16:24:26.001-06:00 null_resource.main_script[0]: Plan to create
2026-09-09 16:24:26.001-06:00 Plan: 3 to add, 0 to change, 0 to destroy.
2026-09-09 16:24:26.002-06:00 Warning: "dir" is deprecated and will be removed in a future release.
2026-09-09 16:24:26.002-06:00 on main.tf line 71, in resource "coder_agent" "main":
2026-09-09 16:24:26.002-06:00   71:   dir   = "${local.base}/work"
2026-09-09 16:24:26.002-06:00 
2026-09-09 16:24:26.002-06:00 
2026-09-09 16:24:26.003-06:00 Warning: Setting "dir" to a value other than $HOME will break Coder Desktop file sync.
2026-09-09 16:24:26.004-06:00 on main.tf line 71, in resource "coder_agent" "main":
2026-09-09 16:24:26.004-06:00   71:   dir   = "${local.base}/work"
2026-09-09 16:24:26.004-06:00 
2026-09-09 16:24:26.004-06:00 
2026-09-09 16:24:26.004-06:00 Warning: Argument is deprecated
2026-09-09 16:24:26.005-06:00 on main.tf line 71, in resource "coder_agent" "main":
2026-09-09 16:24:26.005-06:00   71:   dir   = "${local.base}/work"
2026-09-09 16:24:26.005-06:00 
2026-09-09 16:24:26.005-06:00 dir has been deprecated and will be removed in a future release.
=== ✔ Detecting persistent resources [1229ms]
==> ⧗ Detecting ephemeral resources
2026-09-09 16:24:26.424-06:00 Terraform 1.14.5
2026-09-09 16:24:26.604-06:00 data.coder_workspace.me: Refreshing...
2026-09-09 16:24:26.604-06:00 data.coder_parameter.multi_agent: Refreshing...
2026-09-09 16:24:26.605-06:00 data.coder_provisioner.me: Refreshing...
2026-09-09 16:24:26.605-06:00 data.coder_parameter.start_blocks_login: Refreshing...
2026-09-09 16:24:26.605-06:00 data.coder_workspace.me: Refresh complete after 0s [id=cc656fdb-f816-47d7-9f1c-5092bb07dfde]
2026-09-09 16:24:26.605-06:00 data.coder_provisioner.me: Refresh complete after 0s [id=a6474d18-8aef-4962-a304-1b754876486b]
2026-09-09 16:24:26.606-06:00 data.coder_parameter.script_mode: Refreshing...
2026-09-09 16:24:26.606-06:00 data.coder_parameter.multi_agent: Refresh complete after 0s [id=043c0f20-3e42-4ef0-9745-aa4d8fffd69b]
2026-09-09 16:24:26.606-06:00 data.coder_parameter.start_blocks_login: Refresh complete after 0s [id=5003c644-a62a-4c91-b310-b1f71b0969cc]
2026-09-09 16:24:26.607-06:00 data.coder_parameter.script_mode: Refresh complete after 0s [id=1209bbec-e9ea-41c6-9ee4-c542285d64a1]
2026-09-09 16:24:26.612-06:00 Plan: 0 to add, 0 to change, 0 to destroy.
=== ✔ Detecting ephemeral resources [597ms]
==> ⧗ Cleaning Up
=== ✔ Cleaning Up [6ms]
┌─────────────────────────────────┐
│ Template Preview                │
├─────────────────────────────────┤
│ RESOURCE                        │
├─────────────────────────────────┤
│ null_resource.main_script       │
│ └─ main (darwin, arm64)         │
└─────────────────────────────────┘
Updated version at Sep  9 16:24:27!
No preset applied.
Planning workspace...
=== ✔ Queued [0ms]
==> ⧗ Running
==> ⧗ Running
=== ✔ Running [2ms]
==> ⧗ Setting up
=== ✔ Setting up [75ms]
==> ⧗ Initializing Terraform Directory
=== ✔ Initializing Terraform Directory [1891ms]
==> ⧗ Detecting persistent resources
=== ✔ Detecting persistent resources [1160ms]
==> ⧗ Cleaning Up
=== ✔ Cleaning Up [6ms]
┌───────────────────────────────────────────────────────────────┐
│ Workspace Preview                                             │
├───────────────────────────────────────────────────────────────┤
│ RESOURCE                   ACCESS                             │
├───────────────────────────────────────────────────────────────┤
│ null_resource.main_script                                     │
│ └─ main (darwin, arm64)    coder ssh g12-auto-nonblocking     │
└───────────────────────────────────────────────────────────────┘
=== ✔ Queued [0ms]
==> ⧗ Running
==> ⧗ Running
=== ✔ Running [58ms]
==> ⧗ Setting up
=== ✔ Setting up [73ms]
==> ⧗ Initializing Terraform Directory
2026-09-09 16:24:30.552-06:00 Initializing the backend...
2026-09-09 16:24:30.553-06:00 Initializing provider plugins...
2026-09-09 16:24:30.553-06:00 Finding matching versions for provider: hashicorp/null, version_constraint: "~> 3.2"
2026-09-09 16:24:30.677-06:00 Finding matching versions for provider: coder/coder, version_constraint: "~> 2.18"
2026-09-09 16:24:31.006-06:00 Installing provider version: hashicorp/null v3.3.1...
2026-09-09 16:24:31.351-06:00 Installed provider version: hashicorp/null v3.3.1 (signed by HashiCorp)
2026-09-09 16:24:31.841-06:00 Installing provider version: coder/coder v2.18.0...
2026-09-09 16:24:32.473-06:00 Installed provider version: coder/coder v2.18.0 (signed by a HashiCorp partnerkey_id: 93C75807601AA0EC)
2026-09-09 16:24:32.473-06:00 Partner and community providers are signed by their developers.
If you'd like to know more about provider signing, you can read about it here:
https://developer.hashicorp.com/terraform/cli/plugins/signing
2026-09-09 16:24:32.473-06:00 Terraform has created a lock file .terraform.lock.hcl to record the provider
selections it made above. Include this file in your version control repository
so that Terraform can guarantee to make the same selections by default when
you run "terraform init" in the future.
2026-09-09 16:24:32.473-06:00 Terraform has been successfully initialized!
2026-09-09 16:24:32.473-06:00 You may now begin working with Terraform. Try running "terraform plan" to see
any changes that are required for your infrastructure. All Terraform commands
should now work.

If you ever set or change modules or backend configuration for Terraform,
rerun this command to reinitialize your working directory. If you forget, other
commands will detect it and remind you to do so if necessary.
=== ✔ Initializing Terraform Directory [1973ms]
==> ⧗ Planning Infrastructure
2026-09-09 16:24:33.311-06:00 data.coder_provisioner.me: Refreshing...
2026-09-09 16:24:33.311-06:00 data.coder_parameter.multi_agent: Refreshing...
2026-09-09 16:24:33.311-06:00 data.coder_workspace.me: Refreshing...
2026-09-09 16:24:33.311-06:00 data.coder_parameter.start_blocks_login: Refreshing...
2026-09-09 16:24:33.312-06:00 data.coder_provisioner.me: Refresh complete after 0s [id=d3e93d73-65c3-4485-a207-7c245cf32a6a]
2026-09-09 16:24:33.312-06:00 data.coder_parameter.script_mode: Refreshing...
2026-09-09 16:24:33.313-06:00 data.coder_parameter.multi_agent: Refresh complete after 0s [id=468e5c1b-3d17-4b73-a64d-cc897235a16e]
2026-09-09 16:24:33.313-06:00 data.coder_workspace.me: Refresh complete after 0s [id=690e745d-bd5e-45ab-a7e1-c9e3ed7033e1]
2026-09-09 16:24:33.313-06:00 data.coder_parameter.start_blocks_login: Refresh complete after 0s [id=9bec0ca1-c129-4ee4-8478-e30a42a4e1b5]
2026-09-09 16:24:33.313-06:00 data.coder_parameter.script_mode: Refresh complete after 0s [id=3efb0fd5-fcfb-4228-88ff-a39535ef0809]
2026-09-09 16:24:33.323-06:00 coder_agent.main[0]: Plan to create
2026-09-09 16:24:33.323-06:00 coder_script.startup[0]: Plan to create
2026-09-09 16:24:33.323-06:00 null_resource.main_script[0]: Plan to create
2026-09-09 16:24:33.323-06:00 Plan: 3 to add, 0 to change, 0 to destroy.
2026-09-09 16:24:33.324-06:00 Warning: "dir" is deprecated and will be removed in a future release.
2026-09-09 16:24:33.324-06:00 on main.tf line 71, in resource "coder_agent" "main":
2026-09-09 16:24:33.324-06:00   71:   dir   = "${local.base}/work"
2026-09-09 16:24:33.324-06:00 
2026-09-09 16:24:33.324-06:00 
2026-09-09 16:24:33.325-06:00 Warning: Setting "dir" to a value other than $HOME will break Coder Desktop file sync.
2026-09-09 16:24:33.325-06:00 on main.tf line 71, in resource "coder_agent" "main":
2026-09-09 16:24:33.325-06:00   71:   dir   = "${local.base}/work"
2026-09-09 16:24:33.325-06:00 
2026-09-09 16:24:33.325-06:00 
2026-09-09 16:24:33.325-06:00 Warning: Argument is deprecated
2026-09-09 16:24:33.325-06:00 on main.tf line 71, in resource "coder_agent" "main":
2026-09-09 16:24:33.325-06:00   71:   dir   = "${local.base}/work"
2026-09-09 16:24:33.326-06:00 
2026-09-09 16:24:33.326-06:00 dir has been deprecated and will be removed in a future release.
=== ✔ Planning Infrastructure [920ms]
==> ⧗ Starting workspace
2026-09-09 16:24:33.495-06:00 Terraform 1.14.5
2026-09-09 16:24:33.578-06:00 coder_agent.main[0]: Plan to create
2026-09-09 16:24:33.578-06:00 coder_script.startup[0]: Plan to create
2026-09-09 16:24:33.578-06:00 null_resource.main_script[0]: Plan to create
2026-09-09 16:24:33.631-06:00 coder_agent.main[0]: Creating...
2026-09-09 16:24:33.633-06:00 coder_agent.main[0]: Creation complete after 0s [id=23195c2b-d58e-479d-b929-dab4dd4376dd]
2026-09-09 16:24:33.643-06:00 coder_script.startup[0]: Creating...
2026-09-09 16:24:33.644-06:00 null_resource.main_script[0]: Creating...
2026-09-09 16:24:33.644-06:00 coder_script.startup[0]: Creation complete after 0s [id=35c1d0f3-022e-4359-8250-87a824e71d6a]
2026-09-09 16:24:33.650-06:00 null_resource.main_script[0]: Provisioning with 'local-exec'...
2026-09-09 16:24:33.650-06:00 null_resource.main_script[0]: (local-exec): (output suppressed due to sensitive value in config)
2026-09-09 16:24:33.661-06:00 null_resource.main_script[0]: (local-exec) Provisioning complete
2026-09-09 16:24:33.661-06:00 null_resource.main_script[0]: Creation complete after 0s [id=5082568858440523295]
2026-09-09 16:24:33.678-06:00 Warning: "dir" is deprecated and will be removed in a future release.
2026-09-09 16:24:33.678-06:00 on main.tf line 71, in resource "coder_agent" "main":
2026-09-09 16:24:33.678-06:00   71:   dir   = "${local.base}/work"
2026-09-09 16:24:33.678-06:00 
2026-09-09 16:24:33.678-06:00 
2026-09-09 16:24:33.679-06:00 Warning: Setting "dir" to a value other than $HOME will break Coder Desktop file sync.
2026-09-09 16:24:33.679-06:00 on main.tf line 71, in resource "coder_agent" "main":
2026-09-09 16:24:33.679-06:00   71:   dir   = "${local.base}/work"
2026-09-09 16:24:33.679-06:00 
2026-09-09 16:24:33.679-06:00 
2026-09-09 16:24:33.680-06:00 Warning: Argument is deprecated
2026-09-09 16:24:33.680-06:00 on main.tf line 71, in resource "coder_agent" "main":
2026-09-09 16:24:33.680-06:00   71:   dir   = "${local.base}/work"
2026-09-09 16:24:33.680-06:00 
2026-09-09 16:24:33.680-06:00 dir has been deprecated and will be removed in a future release.
2026-09-09 16:24:33.680-06:00 Apply complete! Resources: 3 added, 0 changed, 0 destroyed.
2026-09-09 16:24:33.680-06:00 Outputs: 0
=== ✔ Starting workspace [526ms]
==> ⧗ Cleaning Up
=== ✔ Cleaning Up [8ms]

The g12-auto-nonblocking workspace has been created at Sep  9 16:24:34!
Acceptance workspace g12-auto-nonblocking provisioned; agent processes launched
=== ✔ Queued [0ms]
==> ⧗ Running
==> ⧗ Running
=== ✔ Running [19ms]
==> ⧗ Setting up
=== ✔ Setting up [75ms]
==> ⧗ Initializing Terraform Directory
2026-09-09 16:24:34.568-06:00 Initializing the backend...
2026-09-09 16:24:34.568-06:00 Initializing provider plugins...
2026-09-09 16:24:34.568-06:00 Finding matching versions for provider: coder/coder, version_constraint: "~> 2.18"
2026-09-09 16:24:34.713-06:00 Finding matching versions for provider: hashicorp/null, version_constraint: "~> 3.2"
2026-09-09 16:24:35.238-06:00 Installing provider version: coder/coder v2.18.0...
2026-09-09 16:24:35.841-06:00 Installed provider version: coder/coder v2.18.0 (signed by a HashiCorp partnerkey_id: 93C75807601AA0EC)
2026-09-09 16:24:36.038-06:00 Installing provider version: hashicorp/null v3.3.1...
2026-09-09 16:24:36.377-06:00 Installed provider version: hashicorp/null v3.3.1 (signed by HashiCorp)
2026-09-09 16:24:36.377-06:00 Partner and community providers are signed by their developers.
If you'd like to know more about provider signing, you can read about it here:
https://developer.hashicorp.com/terraform/cli/plugins/signing
2026-09-09 16:24:36.377-06:00 Terraform has created a lock file .terraform.lock.hcl to record the provider
selections it made above. Include this file in your version control repository
so that Terraform can guarantee to make the same selections by default when
you run "terraform init" in the future.
2026-09-09 16:24:36.377-06:00 Terraform has been successfully initialized!
2026-09-09 16:24:36.377-06:00 You may now begin working with Terraform. Try running "terraform plan" to see
any changes that are required for your infrastructure. All Terraform commands
should now work.

If you ever set or change modules or backend configuration for Terraform,
rerun this command to reinitialize your working directory. If you forget, other
commands will detect it and remind you to do so if necessary.
=== ✔ Initializing Terraform Directory [1863ms]
==> ⧗ Planning Infrastructure
2026-09-09 16:24:37.195-06:00 data.coder_parameter.start_blocks_login: Refreshing...
2026-09-09 16:24:37.195-06:00 data.coder_provisioner.me: Refreshing...
2026-09-09 16:24:37.196-06:00 data.coder_parameter.multi_agent: Refreshing...
2026-09-09 16:24:37.196-06:00 data.coder_provisioner.me: Refresh complete after 0s [id=29ce42cc-438e-4ef3-8ed2-5dddeebf6b87]
2026-09-09 16:24:37.197-06:00 data.coder_workspace.me: Refreshing...
2026-09-09 16:24:37.197-06:00 data.coder_parameter.start_blocks_login: Refresh complete after 0s [id=223fdf9a-15c7-4bf4-ba29-679835ada6d8]
2026-09-09 16:24:37.197-06:00 data.coder_parameter.script_mode: Refreshing...
2026-09-09 16:24:37.198-06:00 data.coder_parameter.multi_agent: Refresh complete after 0s [id=4ba8cf06-0d32-4272-b060-a2eb1e828a80]
2026-09-09 16:24:37.198-06:00 data.coder_workspace.me: Refresh complete after 0s [id=690e745d-bd5e-45ab-a7e1-c9e3ed7033e1]
2026-09-09 16:24:37.198-06:00 data.coder_parameter.script_mode: Refresh complete after 0s [id=08e47f40-9629-4ac6-b1a9-444847e951cb]
2026-09-09 16:24:37.200-06:00 coder_agent.main[0]: Refreshing state... [id=23195c2b-d58e-479d-b929-dab4dd4376dd]
2026-09-09 16:24:37.201-06:00 coder_agent.main[0]: Refresh complete [id=23195c2b-d58e-479d-b929-dab4dd4376dd]
2026-09-09 16:24:37.201-06:00 coder_script.startup[0]: Refreshing state... [id=35c1d0f3-022e-4359-8250-87a824e71d6a]
2026-09-09 16:24:37.202-06:00 null_resource.main_script[0]: Refreshing state... [id=5082568858440523295]
2026-09-09 16:24:37.202-06:00 coder_script.startup[0]: Refresh complete [id=35c1d0f3-022e-4359-8250-87a824e71d6a]
2026-09-09 16:24:37.202-06:00 null_resource.main_script[0]: Refresh complete [id=5082568858440523295]
2026-09-09 16:24:37.207-06:00 coder_agent.main[0]: Drift detected (update)
2026-09-09 16:24:37.208-06:00 coder_agent.main[0]: Plan to delete
2026-09-09 16:24:37.208-06:00 coder_script.startup[0]: Plan to delete
2026-09-09 16:24:37.208-06:00 null_resource.main_script[0]: Plan to delete
2026-09-09 16:24:37.208-06:00 Plan: 0 to add, 0 to change, 3 to destroy.
=== ✔ Planning Infrastructure [895ms]
==> ⧗ Stopping workspace
2026-09-09 16:24:37.372-06:00 Terraform 1.14.5
2026-09-09 16:24:37.454-06:00 coder_agent.main[0]: Plan to delete
2026-09-09 16:24:37.454-06:00 coder_script.startup[0]: Plan to delete
2026-09-09 16:24:37.454-06:00 null_resource.main_script[0]: Plan to delete
2026-09-09 16:24:37.502-06:00 null_resource.main_script[0]: Destroying... [id=5082568858440523295]
2026-09-09 16:24:37.503-06:00 coder_script.startup[0]: Destroying... [id=35c1d0f3-022e-4359-8250-87a824e71d6a]
2026-09-09 16:24:37.503-06:00 null_resource.main_script[0]: Destruction complete after 0s
2026-09-09 16:24:37.515-06:00 coder_script.startup[0]: Destruction complete after 0s
2026-09-09 16:24:37.523-06:00 coder_agent.main[0]: Destroying... [id=23195c2b-d58e-479d-b929-dab4dd4376dd]
2026-09-09 16:24:37.523-06:00 coder_agent.main[0]: Destruction complete after 0s
2026-09-09 16:24:37.538-06:00 Apply complete! Resources: 0 added, 0 changed, 3 destroyed.
2026-09-09 16:24:37.538-06:00 Outputs: 0
=== ✔ Stopping workspace [501ms]
==> ⧗ Cleaning Up
=== ✔ Cleaning Up [8ms]

The g12-auto-nonblocking workspace has been stopped at Sep  9 16:24:37!
⚙️  Generating plists...
⚙️  Generating project...
⚙️  Writing project...
Created project at /Users/richard/code/BicTerm/BicTerm.xcodeproj
Command line invocation:
    /Applications/Xcode.app/Contents/Developer/usr/bin/xcodebuild test -scheme BicTerm -destination "platform=iOS Simulator,id=732CE8E1-F9EF-4020-BF93-5BA1AA365B0E" -derivedDataPath /Users/richard/code/BicTerm/.build-artifacts/DerivedData/g12-app -parallel-testing-enabled NO "-only-testing:BicTermTests/CoderNativeStartupPolicyTests"

Resolve Package Graph


Resolved source packages:
  swift-crypto: https://github.com/apple/swift-crypto.git @ 4.5.2
  SymbolKit: https://github.com/swiftlang/swift-docc-symbolkit @ 1.0.0
  BicTermCore: /Users/richard/code/BicTerm/BicTermCore
  swift-argument-parser: https://github.com/apple/swift-argument-parser @ 1.8.2
  swift-nio: https://github.com/apple/swift-nio.git @ 2.102.0
  swift-system: https://github.com/apple/swift-system.git @ 1.8.1
  swift-nio-ssh: /Users/richard/code/BicTerm/Vendor/swift-nio-ssh @ local
  SwiftDocCPlugin: https://github.com/apple/swift-docc-plugin @ 1.5.0
  swift-atomics: https://github.com/apple/swift-atomics.git @ 1.3.1
  swift-collections: https://github.com/apple/swift-collections.git @ 1.6.0
  swift-asn1: https://github.com/apple/swift-asn1.git @ 1.7.2
  SwiftTerm: /Users/richard/code/BicTerm/Vendor/SwiftTerm

ComputePackagePrebuildTargetDependencyGraph

Prepare packages

Compile plug-in “SwiftTermBuildInfoPlugin” in package “swiftterm”
[debug]: Compiling plugin to executable at /Users/richard/code/BicTerm/.build-artifacts/DerivedData/g12-app/Build/Products/PluginExecutables/SwiftTermBuildInfoPlugin
[debug]: Using compiler /Applications/Xcode.app/Contents/Developer/Toolchains/XcodeDefault.xctoolchain/usr/bin/swiftc
[debug]: Plugin compilation output directory '/Users/richard/code/BicTerm/.build-artifacts/DerivedData/g12-app/Build/Products/PluginExecutables'
[debug]: Computed hash of plugin compilation inputs: a89582677f16616d3ae07a046f0d81e39cf426cc338b7a282fc0e8a9a3a779ee


Apply build tool plug-in “SwiftTermBuildInfoPlugin” to target “SwiftTerm” in package “swiftterm”

Process build tool plug-in results
package: <IDESwiftPackageCore.IDESwiftPackage:0xa5d9b0300 path:'/Users/richard/code/BicTerm/Vendor/SwiftTerm'>
    target: SwiftTerm
        prebuildCommandOutputPaths: []
        buildCommands: [SwiftPM.SPMCustomBuildCommand(displayName: Optional("Generate SwiftTerm build information"), executable: "/${BUILD_DIR}/${CONFIGURATION}/SwiftTermBuildInfoGenerator", arguments: ["/Users/richard/code/BicTerm/Vendor/SwiftTerm", "/Users/richard/code/BicTerm/.build-artifacts/DerivedData/g12-app/Build/Intermediates.noindex/BuildToolPluginIntermediates/swiftterm.output/SwiftTerm/SwiftTermBuildInfoPlugin/Generated/SwiftTermBuildInfo.swift"], environment: [:], workingDir: nil, inputPaths: [SwiftPM.SPMAbsolutePath(absolutePath: <AbsolutePath:"/Users/richard/code/BicTerm/.build-artifacts/DerivedData/g12-app/Build/Intermediates.noindex/BuildToolPluginIntermediates/swiftterm.output/SwiftTerm/SwiftTermBuildInfoPlugin/build-info-trigger">)], pluginOutputDir: SwiftPM.SPMAbsolutePath(absolutePath: <AbsolutePath:"/Users/richard/code/BicTerm/.build-artifacts/DerivedData/g12-app/Build/Intermediates.noindex/BuildToolPluginIntermediates/swiftterm.output/SwiftTerm/SwiftTermBuildInfoPlugin">), outputPaths: ["/Users/richard/code/BicTerm/.build-artifacts/DerivedData/g12-app/Build/Intermediates.noindex/BuildToolPluginIntermediates/swiftterm.output/SwiftTerm/SwiftTermBuildInfoPlugin/Generated/SwiftTermBuildInfo.swift"], sandboxProfile: Optional(SwiftPM.SPMSandboxProfile(strictness: Basics.Sandbox.Strictness.writableTemporaryDirectory, writableDirectories: [<AbsolutePath:"/Users/richard/code/BicTerm/.build-artifacts/DerivedData/g12-app/Build/Intermediates.noindex/BuildToolPluginIntermediates/swiftterm.output/SwiftTerm/SwiftTermBuildInfoPlugin">], readOnlyDirectories: [<AbsolutePath:"/Users/richard/code/BicTerm/Vendor/SwiftTerm">])))]
        allDerivedOutputPaths: [SwiftPM.SPMAbsolutePath(absolutePath: <AbsolutePath:"/Users/richard/code/BicTerm/.build-artifacts/DerivedData/g12-app/Build/Intermediates.noindex/BuildToolPluginIntermediates/swiftterm.output/SwiftTerm/SwiftTermBuildInfoPlugin/Generated/SwiftTermBuildInfo.swift">)]

CreateBuildRequest

SendProjectDescription

CreateBuildOperation

ComputeTargetDependencyGraph
note: Building targets in dependency order
note: Target dependency graph (47 targets)
    Target 'BicTermUITests' in project 'BicTerm'
        ➜ Explicit dependency on target 'BicTerm' in project 'BicTerm'
    Target 'BicTermTests' in project 'BicTerm'
        ➜ Explicit dependency on target 'BicTerm' in project 'BicTerm'
    Target 'BicTerm' in project 'BicTerm'
        ➜ Implicit dependency on target 'CoderTunnel' in project 'BicTerm' via options '-framework CoderTunnel' in build setting 'OTHER_LDFLAGS'
        ➜ Explicit dependency on target 'BicTermCore' in project 'BicTermCore'
        ➜ Explicit dependency on target 'SwiftTerm' in project 'SwiftTerm'
    Target 'SwiftTerm' in project 'SwiftTerm'
        ➜ Explicit dependency on target 'SwiftTerm' in project 'SwiftTerm'
        ➜ Explicit dependency on target 'SwiftTerm_SwiftTerm' in project 'SwiftTerm'
        ➜ Explicit dependency on target 'SwiftTermBuildInfoGenerator' in project 'SwiftTerm'
        ➜ Explicit dependency on target 'SwiftTermBuildInfoPlugin' in project 'SwiftTerm'
    Target 'SwiftTerm' in project 'SwiftTerm'
        ➜ Explicit dependency on target 'SwiftTerm_SwiftTerm' in project 'SwiftTerm'
        ➜ Explicit dependency on target 'SwiftTermBuildInfoGenerator' in project 'SwiftTerm'
        ➜ Explicit dependency on target 'SwiftTermBuildInfoPlugin' in project 'SwiftTerm'
    Target 'SwiftTermBuildInfoGenerator' in project 'SwiftTerm' (no dependencies)
    Target 'SwiftTerm_SwiftTerm' in project 'SwiftTerm'
        ➜ Explicit dependency on target 'SwiftTermBuildInfoPlugin' in project 'SwiftTerm'
    Target 'SwiftTermBuildInfoPlugin' in project 'SwiftTerm'
        ➜ Explicit dependency on target 'SwiftTermBuildInfoGenerator' in project 'SwiftTerm'
    Target 'SwiftTermBuildInfoGenerator' in project 'SwiftTerm' (no dependencies)
    Target 'CoderTunnel' in project 'BicTerm'
        ➜ Explicit dependency on target 'BicTermCore' in project 'BicTermCore'
    Target 'BicTermCore' in project 'BicTermCore'
        ➜ Explicit dependency on target 'BicTermCore' in project 'BicTermCore'
        ➜ Explicit dependency on target 'CBcryptPBKDF' in project 'BicTermCore'
        ➜ Explicit dependency on target 'NIOSSH' in project 'swift-nio-ssh'
        ➜ Explicit dependency on target 'NIOCore' in project 'swift-nio'
        ➜ Explicit dependency on target 'NIOPosix' in project 'swift-nio'
    Target 'BicTermCore' in project 'BicTermCore'
        ➜ Explicit dependency on target 'CBcryptPBKDF' in project 'BicTermCore'
        ➜ Explicit dependency on target 'NIOSSH' in project 'swift-nio-ssh'
        ➜ Explicit dependency on target 'NIOCore' in project 'swift-nio'
        ➜ Explicit dependency on target 'NIOPosix' in project 'swift-nio'
    Target 'NIOPosix' in project 'swift-nio'
        ➜ Explicit dependency on target 'NIOPosix' in project 'swift-nio'
        ➜ Explicit dependency on target 'swift-nio_NIOPosix' in project 'swift-nio'
        ➜ Explicit dependency on target 'CNIOOpenBSD' in project 'swift-nio'
        ➜ Explicit dependency on target 'CNIOLinux' in project 'swift-nio'
        ➜ Explicit dependency on target 'CNIODarwin' in project 'swift-nio'
        ➜ Explicit dependency on target 'CNIOWindows' in project 'swift-nio'
        ➜ Explicit dependency on target 'CNIOAtomics' in project 'swift-nio'
        ➜ Explicit dependency on target 'NIOConcurrencyHelpers' in project 'swift-nio'
        ➜ Explicit dependency on target '_NIOBase64' in project 'swift-nio'
        ➜ Explicit dependency on target 'CNIOFreeBSD' in project 'swift-nio'
        ➜ Explicit dependency on target 'CNIOWASI' in project 'swift-nio'
        ➜ Explicit dependency on target '_NIODataStructures' in project 'swift-nio'
        ➜ Explicit dependency on target 'NIOCore' in project 'swift-nio'
        ➜ Explicit dependency on target 'CNIOPosix' in project 'swift-nio'
        ➜ Explicit dependency on target 'DequeModule' in project 'swift-collections'
        ➜ Explicit dependency on target 'Atomics' in project 'swift-atomics'
    Target 'NIOSSH' in project 'swift-nio-ssh'
        ➜ Explicit dependency on target 'NIOSSH' in project 'swift-nio-ssh'
        ➜ Explicit dependency on target 'NIOCore' in project 'swift-nio'
        ➜ Explicit dependency on target 'NIOConcurrencyHelpers' in project 'swift-nio'
        ➜ Explicit dependency on target 'NIOFoundationCompat' in project 'swift-nio'
        ➜ Explicit dependency on target 'Crypto' in project 'swift-crypto'
        ➜ Explicit dependency on target 'Atomics' in project 'swift-atomics'
    Target 'NIOSSH' in project 'swift-nio-ssh'
        ➜ Explicit dependency on target 'NIOCore' in project 'swift-nio'
        ➜ Explicit dependency on target 'NIOConcurrencyHelpers' in project 'swift-nio'
        ➜ Explicit dependency on target 'NIOFoundationCompat' in project 'swift-nio'
        ➜ Explicit dependency on target 'Crypto' in project 'swift-crypto'
        ➜ Explicit dependency on target 'Atomics' in project 'swift-atomics'
    Target 'Crypto' in project 'swift-crypto'
        ➜ Explicit dependency on target 'Crypto' in project 'swift-crypto'
        ➜ Explicit dependency on target 'swift-crypto_Crypto' in project 'swift-crypto'
    Target 'Crypto' in project 'swift-crypto'
        ➜ Explicit dependency on target 'swift-crypto_Crypto' in project 'swift-crypto'
    Target 'swift-crypto_Crypto' in project 'swift-crypto' (no dependencies)
    Target 'NIOFoundationCompat' in project 'swift-nio'
        ➜ Explicit dependency on target 'NIOFoundationCompat' in project 'swift-nio'
        ➜ Explicit dependency on target 'CNIOAtomics' in project 'swift-nio'
        ➜ Explicit dependency on target 'NIOConcurrencyHelpers' in project 'swift-nio'
        ➜ Explicit dependency on target '_NIOBase64' in project 'swift-nio'
        ➜ Explicit dependency on target 'CNIOOpenBSD' in project 'swift-nio'
        ➜ Explicit dependency on target 'CNIOFreeBSD' in project 'swift-nio'
        ➜ Explicit dependency on target 'CNIODarwin' in project 'swift-nio'
        ➜ Explicit dependency on target 'CNIOLinux' in project 'swift-nio'
        ➜ Explicit dependency on target 'CNIOWindows' in project 'swift-nio'
        ➜ Explicit dependency on target 'CNIOWASI' in project 'swift-nio'
        ➜ Explicit dependency on target '_NIODataStructures' in project 'swift-nio'
        ➜ Explicit dependency on target 'NIOCore' in project 'swift-nio'
        ➜ Explicit dependency on target 'NIOEmbedded' in project 'swift-nio'
        ➜ Explicit dependency on target 'CNIOPosix' in project 'swift-nio'
        ➜ Explicit dependency on target 'NIOPosix' in project 'swift-nio'
        ➜ Explicit dependency on target 'NIO' in project 'swift-nio'
        ➜ Explicit dependency on target 'NIOFoundationEssentialsCompat' in project 'swift-nio'
        ➜ Explicit dependency on target 'DequeModule' in project 'swift-collections'
        ➜ Explicit dependency on target 'Atomics' in project 'swift-atomics'
    Target 'NIOFoundationCompat' in project 'swift-nio'
        ➜ Explicit dependency on target 'CNIOAtomics' in project 'swift-nio'
        ➜ Explicit dependency on target 'NIOConcurrencyHelpers' in project 'swift-nio'
        ➜ Explicit dependency on target '_NIOBase64' in project 'swift-nio'
        ➜ Explicit dependency on target 'CNIOOpenBSD' in project 'swift-nio'
        ➜ Explicit dependency on target 'CNIOFreeBSD' in project 'swift-nio'
        ➜ Explicit dependency on target 'CNIODarwin' in project 'swift-nio'
        ➜ Explicit dependency on target 'CNIOLinux' in project 'swift-nio'
        ➜ Explicit dependency on target 'CNIOWindows' in project 'swift-nio'
        ➜ Explicit dependency on target 'CNIOWASI' in project 'swift-nio'
        ➜ Explicit dependency on target '_NIODataStructures' in project 'swift-nio'
        ➜ Explicit dependency on target 'NIOCore' in project 'swift-nio'
        ➜ Explicit dependency on target 'NIOEmbedded' in project 'swift-nio'
        ➜ Explicit dependency on target 'CNIOPosix' in project 'swift-nio'
        ➜ Explicit dependency on target 'NIOPosix' in project 'swift-nio'
        ➜ Explicit dependency on target 'NIO' in project 'swift-nio'
        ➜ Explicit dependency on target 'NIOFoundationEssentialsCompat' in project 'swift-nio'
        ➜ Explicit dependency on target 'DequeModule' in project 'swift-collections'
        ➜ Explicit dependency on target 'Atomics' in project 'swift-atomics'
    Target 'NIOFoundationEssentialsCompat' in project 'swift-nio'
        ➜ Explicit dependency on target 'CNIOAtomics' in project 'swift-nio'
        ➜ Explicit dependency on target 'NIOConcurrencyHelpers' in project 'swift-nio'
        ➜ Explicit dependency on target '_NIOBase64' in project 'swift-nio'
        ➜ Explicit dependency on target 'CNIOOpenBSD' in project 'swift-nio'
        ➜ Explicit dependency on target 'CNIOFreeBSD' in project 'swift-nio'
        ➜ Explicit dependency on target 'CNIODarwin' in project 'swift-nio'
        ➜ Explicit dependency on target 'CNIOLinux' in project 'swift-nio'
        ➜ Explicit dependency on target 'CNIOWindows' in project 'swift-nio'
        ➜ Explicit dependency on target 'CNIOWASI' in project 'swift-nio'
        ➜ Explicit dependency on target '_NIODataStructures' in project 'swift-nio'
        ➜ Explicit dependency on target 'NIOCore' in project 'swift-nio'
        ➜ Explicit dependency on target 'DequeModule' in project 'swift-collections'
        ➜ Explicit dependency on target 'Atomics' in project 'swift-atomics'
    Target 'NIO' in project 'swift-nio'
        ➜ Explicit dependency on target 'CNIOAtomics' in project 'swift-nio'
        ➜ Explicit dependency on target 'NIOConcurrencyHelpers' in project 'swift-nio'
        ➜ Explicit dependency on target '_NIOBase64' in project 'swift-nio'
        ➜ Explicit dependency on target 'CNIOOpenBSD' in project 'swift-nio'
        ➜ Explicit dependency on target 'CNIOFreeBSD' in project 'swift-nio'
        ➜ Explicit dependency on target 'CNIODarwin' in project 'swift-nio'
        ➜ Explicit dependency on target 'CNIOLinux' in project 'swift-nio'
        ➜ Explicit dependency on target 'CNIOWindows' in project 'swift-nio'
        ➜ Explicit dependency on target 'CNIOWASI' in project 'swift-nio'
        ➜ Explicit dependency on target '_NIODataStructures' in project 'swift-nio'
        ➜ Explicit dependency on target 'NIOCore' in project 'swift-nio'
        ➜ Explicit dependency on target 'NIOEmbedded' in project 'swift-nio'
        ➜ Explicit dependency on target 'CNIOPosix' in project 'swift-nio'
        ➜ Explicit dependency on target 'NIOPosix' in project 'swift-nio'
        ➜ Explicit dependency on target 'DequeModule' in project 'swift-collections'
        ➜ Explicit dependency on target 'Atomics' in project 'swift-atomics'
    Target 'NIOPosix' in project 'swift-nio'
        ➜ Explicit dependency on target 'swift-nio_NIOPosix' in project 'swift-nio'
        ➜ Explicit dependency on target 'CNIOOpenBSD' in project 'swift-nio'
        ➜ Explicit dependency on target 'CNIOLinux' in project 'swift-nio'
        ➜ Explicit dependency on target 'CNIODarwin' in project 'swift-nio'
        ➜ Explicit dependency on target 'CNIOWindows' in project 'swift-nio'
        ➜ Explicit dependency on target 'CNIOAtomics' in project 'swift-nio'
        ➜ Explicit dependency on target 'NIOConcurrencyHelpers' in project 'swift-nio'
        ➜ Explicit dependency on target '_NIOBase64' in project 'swift-nio'
        ➜ Explicit dependency on target 'CNIOFreeBSD' in project 'swift-nio'
        ➜ Explicit dependency on target 'CNIOWASI' in project 'swift-nio'
        ➜ Explicit dependency on target '_NIODataStructures' in project 'swift-nio'
        ➜ Explicit dependency on target 'NIOCore' in project 'swift-nio'
        ➜ Explicit dependency on target 'CNIOPosix' in project 'swift-nio'
        ➜ Explicit dependency on target 'DequeModule' in project 'swift-collections'
        ➜ Explicit dependency on target 'Atomics' in project 'swift-atomics'
    Target 'swift-nio_NIOPosix' in project 'swift-nio' (no dependencies)
    Target 'CNIOPosix' in project 'swift-nio' (no dependencies)
    Target 'NIOEmbedded' in project 'swift-nio'
        ➜ Explicit dependency on target 'CNIOAtomics' in project 'swift-nio'
        ➜ Explicit dependency on target 'NIOConcurrencyHelpers' in project 'swift-nio'
        ➜ Explicit dependency on target '_NIOBase64' in project 'swift-nio'
        ➜ Explicit dependency on target 'CNIOOpenBSD' in project 'swift-nio'
        ➜ Explicit dependency on target 'CNIOFreeBSD' in project 'swift-nio'
        ➜ Explicit dependency on target 'CNIODarwin' in project 'swift-nio'
        ➜ Explicit dependency on target 'CNIOLinux' in project 'swift-nio'
        ➜ Explicit dependency on target 'CNIOWindows' in project 'swift-nio'
        ➜ Explicit dependency on target 'CNIOWASI' in project 'swift-nio'
        ➜ Explicit dependency on target '_NIODataStructures' in project 'swift-nio'
        ➜ Explicit dependency on target 'NIOCore' in project 'swift-nio'
        ➜ Explicit dependency on target 'DequeModule' in project 'swift-collections'
        ➜ Explicit dependency on target 'Atomics' in project 'swift-atomics'
    Target 'NIOConcurrencyHelpers' in project 'swift-nio'
        ➜ Explicit dependency on target 'NIOConcurrencyHelpers' in project 'swift-nio'
        ➜ Explicit dependency on target 'CNIOAtomics' in project 'swift-nio'
    Target 'NIOCore' in project 'swift-nio'
        ➜ Explicit dependency on target 'NIOCore' in project 'swift-nio'
        ➜ Explicit dependency on target 'CNIOAtomics' in project 'swift-nio'
        ➜ Explicit dependency on target 'NIOConcurrencyHelpers' in project 'swift-nio'
        ➜ Explicit dependency on target '_NIOBase64' in project 'swift-nio'
        ➜ Explicit dependency on target 'CNIOOpenBSD' in project 'swift-nio'
        ➜ Explicit dependency on target 'CNIOFreeBSD' in project 'swift-nio'
        ➜ Explicit dependency on target 'CNIODarwin' in project 'swift-nio'
        ➜ Explicit dependency on target 'CNIOLinux' in project 'swift-nio'
        ➜ Explicit dependency on target 'CNIOWindows' in project 'swift-nio'
        ➜ Explicit dependency on target 'CNIOWASI' in project 'swift-nio'
        ➜ Explicit dependency on target '_NIODataStructures' in project 'swift-nio'
        ➜ Explicit dependency on target 'DequeModule' in project 'swift-collections'
        ➜ Explicit dependency on target 'Atomics' in project 'swift-atomics'
    Target 'NIOCore' in project 'swift-nio'
        ➜ Explicit dependency on target 'CNIOAtomics' in project 'swift-nio'
        ➜ Explicit dependency on target 'NIOConcurrencyHelpers' in project 'swift-nio'
        ➜ Explicit dependency on target '_NIOBase64' in project 'swift-nio'
        ➜ Explicit dependency on target 'CNIOOpenBSD' in project 'swift-nio'
        ➜ Explicit dependency on target 'CNIOFreeBSD' in project 'swift-nio'
        ➜ Explicit dependency on target 'CNIODarwin' in project 'swift-nio'
        ➜ Explicit dependency on target 'CNIOLinux' in project 'swift-nio'
        ➜ Explicit dependency on target 'CNIOWindows' in project 'swift-nio'
        ➜ Explicit dependency on target 'CNIOWASI' in project 'swift-nio'
        ➜ Explicit dependency on target '_NIODataStructures' in project 'swift-nio'
        ➜ Explicit dependency on target 'DequeModule' in project 'swift-collections'
        ➜ Explicit dependency on target 'Atomics' in project 'swift-atomics'
    Target 'Atomics' in project 'swift-atomics'
        ➜ Explicit dependency on target 'Atomics' in project 'swift-atomics'
        ➜ Explicit dependency on target '_AtomicsShims' in project 'swift-atomics'
    Target 'Atomics' in project 'swift-atomics'
        ➜ Explicit dependency on target '_AtomicsShims' in project 'swift-atomics'
    Target '_AtomicsShims' in project 'swift-atomics' (no dependencies)
    Target 'DequeModule' in project 'swift-collections'
        ➜ Explicit dependency on target 'DequeModule' in project 'swift-collections'
        ➜ Explicit dependency on target 'InternalCollectionsUtilities' in project 'swift-collections'
        ➜ Explicit dependency on target 'ContainersPreview' in project 'swift-collections'
    Target 'DequeModule' in project 'swift-collections'
        ➜ Explicit dependency on target 'InternalCollectionsUtilities' in project 'swift-collections'
        ➜ Explicit dependency on target 'ContainersPreview' in project 'swift-collections'
    Target 'ContainersPreview' in project 'swift-collections'
        ➜ Explicit dependency on target 'InternalCollectionsUtilities' in project 'swift-collections'
    Target 'InternalCollectionsUtilities' in project 'swift-collections' (no dependencies)
    Target '_NIODataStructures' in project 'swift-nio' (no dependencies)
    Target 'CNIOWASI' in project 'swift-nio' (no dependencies)
    Target 'CNIOWindows' in project 'swift-nio' (no dependencies)
    Target 'CNIOLinux' in project 'swift-nio' (no dependencies)
    Target 'CNIODarwin' in project 'swift-nio' (no dependencies)
    Target 'CNIOFreeBSD' in project 'swift-nio' (no dependencies)
    Target 'CNIOOpenBSD' in project 'swift-nio' (no dependencies)
    Target '_NIOBase64' in project 'swift-nio' (no dependencies)
    Target 'NIOConcurrencyHelpers' in project 'swift-nio'
        ➜ Explicit dependency on target 'CNIOAtomics' in project 'swift-nio'
    Target 'CNIOAtomics' in project 'swift-nio' (no dependencies)
    Target 'CBcryptPBKDF' in project 'BicTermCore' (no dependencies)

GatherProvisioningInputs

CreateBuildDescription

ExecuteExternalTool /Applications/Xcode.app/Contents/Developer/Toolchains/XcodeDefault.xctoolchain/usr/bin/clang -v -E -dM -arch arm64 -isysroot /Applications/Xcode.app/Contents/Developer/Platforms/iPhoneSimulator.platform/Developer/SDKs/iPhoneSimulator26.5.sdk -x c -c /dev/null

ExecuteExternalTool /Applications/Xcode.app/Contents/Developer/Toolchains/XcodeDefault.xctoolchain/usr/bin/swiftc --version

ExecuteExternalTool /Applications/Xcode.app/Contents/Developer/Toolchains/XcodeDefault.xctoolchain/usr/bin/clang -v -E -dM -isysroot /Applications/Xcode.app/Contents/Developer/Platforms/iPhoneSimulator.platform/Developer/SDKs/iPhoneSimulator26.5.sdk -x c -c /dev/null

ExecuteExternalTool /Applications/Xcode.app/Contents/Developer/Toolchains/XcodeDefault.xctoolchain/usr/bin/ld -version_details

ExecuteExternalTool /Applications/Xcode.app/Contents/Developer/Toolchains/XcodeDefault.xctoolchain/usr/bin/clang -v -E -dM -isysroot /Applications/Xcode.app/Contents/Developer/Platforms/MacOSX.platform/Developer/SDKs/MacOSX26.5.sdk -x c -c /dev/null

ExecuteExternalTool /Applications/Xcode.app/Contents/Developer/usr/bin/actool --print-asset-tag-combinations --output-format xml1 /Users/richard/code/BicTerm/BicTerm/Resources/Assets.xcassets

ReadFileContents /Applications/Xcode.app/Contents/Developer/Toolchains/XcodeDefault.xctoolchain/usr/share/docc/features.json

ExecuteExternalTool /Applications/Xcode.app/Contents/Developer/Toolchains/XcodeDefault.xctoolchain/usr/bin/libtool -V

ExecuteExternalTool /Applications/Xcode.app/Contents/Developer/usr/bin/actool --version --output-format xml1

Build description signature: 9b1f92b118e2a2df47206bf92b4ef048
Build description path: /Users/richard/code/BicTerm/.build-artifacts/DerivedData/g12-app/Build/Intermediates.noindex/XCBuildData/9b1f92b118e2a2df47206bf92b4ef048.xcbuilddata
ClangStatCache /Applications/Xcode.app/Contents/Developer/Toolchains/XcodeDefault.xctoolchain/usr/bin/clang-stat-cache /Applications/Xcode.app/Contents/Developer/Platforms/iPhoneSimulator.platform/Developer/SDKs/iPhoneSimulator26.5.sdk /Users/richard/code/BicTerm/.build-artifacts/DerivedData/g12-app/SDKStatCaches.noindex/iphonesimulator26.5-23F81a-688ef53f1462e2c8f657fdc38a81448f6cfe768891a92b912361537c460fe42b.sdkstatcache
    cd /Users/richard/code/BicTerm/BicTerm.xcodeproj
    /Applications/Xcode.app/Contents/Developer/Toolchains/XcodeDefault.xctoolchain/usr/bin/clang-stat-cache /Applications/Xcode.app/Contents/Developer/Platforms/iPhoneSimulator.platform/Developer/SDKs/iPhoneSimulator26.5.sdk -o /Users/richard/code/BicTerm/.build-artifacts/DerivedData/g12-app/SDKStatCaches.noindex/iphonesimulator26.5-23F81a-688ef53f1462e2c8f657fdc38a81448f6cfe768891a92b912361537c460fe42b.sdkstatcache

SwiftDriver BicTermCore normal arm64 com.apple.xcode.tools.swift.compiler (in target 'BicTermCore' from project 'BicTermCore')
    cd /Users/richard/code/BicTerm/BicTerm.xcodeproj
    builtin-SwiftDriver -- /Applications/Xcode.app/Contents/Developer/Toolchains/XcodeDefault.xctoolchain/usr/bin/swiftc -module-name BicTermCore -Onone @/Users/richard/code/BicTerm/.build-artifacts/DerivedData/g12-app/Build/Intermediates.noindex/BicTermCore.build/Debug-iphonesimulator/BicTermCore.build/Objects-normal/arm64/BicTermCore.SwiftFileList -DSWIFT_PACKAGE -DDEBUG -DSWIFT_MODULE_RESOURCE_BUNDLE_UNAVAILABLE -Xcc -fmodule-map-file\=/Users/richard/code/BicTerm/.build-artifacts/DerivedData/g12-app/Build/Intermediates.noindex/GeneratedModuleMaps-iphonesimulator/CNIOPosix.modulemap -Xcc -fmodule-map-file\=/Users/richard/code/BicTerm/.build-artifacts/DerivedData/g12-app/Build/Intermediates.noindex/GeneratedModuleMaps-iphonesimulator/CNIOWASI.modulemap -Xcc -fmodule-map-file\=/Users/richard/code/BicTerm/.build-artifacts/DerivedData/g12-app/Build/Intermediates.noindex/GeneratedModuleMaps-iphonesimulator/CNIOFreeBSD.modulemap -Xcc -fmodule-map-file\=/Users/richard/code/BicTerm/.build-artifacts/DerivedData/g12-app/Build/Intermediates.noindex/GeneratedModuleMaps-iphonesimulator/CNIOAtomics.modulemap -Xcc -fmodule-map-file\=/Users/richard/code/BicTerm/.build-artifacts/DerivedData/g12-app/Build/Intermediates.noindex/GeneratedModuleMaps-iphonesimulator/CNIODarwin.modulemap -Xcc -fmodule-map-file\=/Users/richard/code/BicTerm/.build-artifacts/DerivedData/g12-app/Build/Intermediates.noindex/GeneratedModuleMaps-iphonesimulator/CNIOLinux.modulemap -Xcc -fmodule-map-file\=/Users/richard/code/BicTerm/.build-artifacts/DerivedData/g12-app/Build/Intermediates.noindex/GeneratedModuleMaps-iphonesimulator/CNIOOpenBSD.modulemap -Xcc -fmodule-map-file\=/Users/richard/code/BicTerm/.build-artifacts/DerivedData/g12-app/Build/Intermediates.noindex/GeneratedModuleMaps-iphonesimulator/CBcryptPBKDF.modulemap -DXcode -plugin-path /Applications/Xcode.app/Contents/Developer/Toolchains/XcodeDefault.xctoolchain/usr/lib/swift/host/plugins/testing -enable-experimental-feature DebugDescriptionMacro -sdk /Applications/Xcode.app/Contents/Developer/Platforms/iPhoneSimulator.platform/Developer/SDKs/iPhoneSimulator26.5.sdk -target arm64-apple-ios18.0-simulator -g -module-cache-path /Users/richard/code/BicTerm/.build-artifacts/DerivedData/g12-app/ModuleCache.noindex -Xfrontend -serialize-debugging-options -enable-testing -index-store-path /Users/richard/code/BicTerm/.build-artifacts/DerivedData/g12-app/Index.noindex/DataStore -Xcc -D_LIBCPP_HARDENING_MODE\=_LIBCPP_HARDENING_MODE_DEBUG -swift-version 6 -I /Users/richard/code/BicTerm/.build-artifacts/DerivedData/g12-app/Build/Products/Debug-iphonesimulator -Isystem /Applications/Xcode.app/Contents/Developer/Platforms/iPhoneSimulator.platform/Developer/usr/lib -F /Users/richard/code/BicTerm/.build-artifacts/DerivedData/g12-app/Build/Products/Debug-iphonesimulator/PackageFrameworks -F /Users/richard/code/BicTerm/.build-artifacts/DerivedData/g12-app/Build/Products/Debug-iphonesimulator/PackageFrameworks -F /Users/richard/code/BicTerm/.build-artifacts/DerivedData/g12-app/Build/Products/Debug-iphonesimulator/PackageFrameworks -F /Users/richard/code/BicTerm/.build-artifacts/DerivedData/g12-app/Build/Products/Debug-iphonesimulator/PackageFrameworks -F /Users/richard/code/BicTerm/.build-artifacts/DerivedData/g12-app/Build/Products/Debug-iphonesimulator/PackageFrameworks -F /Users/richard/code/BicTerm/.build-artifacts/DerivedData/g12-app/Build/Products/Debug-iphonesimulator/PackageFrameworks -F /Users/richard/code/BicTerm/.build-artifacts/DerivedData/g12-app/Build/Products/Debug-iphonesimulator/PackageFrameworks -F /Users/richard/code/BicTerm/.build-artifacts/DerivedData/g12-app/Build/Products/Debug-iphonesimulator/PackageFrameworks -F /Users/richard/code/BicTerm/.build-artifacts/DerivedData/g12-app/Build/Products/Debug-iphonesimulator/PackageFrameworks -F /Users/richard/code/BicTerm/.build-artifacts/DerivedData/g12-app/Build/Products/Debug-iphonesimulator/PackageFrameworks -F /Users/richard/code/BicTerm/.build-artifacts/DerivedData/g12-app/Build/Products/Debug-iphonesimulator/PackageFrameworks -F /Users/richard/code/BicTerm/.build-artifacts/DerivedData/g12-app/Build/Products/Debug-iphonesimulator/PackageFrameworks -F /Users/richard/code/BicTerm/.build-artifacts/DerivedData/g12-app/Build/Products/Debug-iphonesimulator/PackageFrameworks -F /Users/richard/code/BicTerm/.build-artifacts/DerivedData/g12-app/Build/Products/Debug-iphonesimulator/PackageFrameworks -F /Users/richard/code/BicTerm/.build-artifacts/DerivedData/g12-app/Build/Products/Debug-iphonesimulator/PackageFrameworks -F /Users/richard/code/BicTerm/.build-artifacts/DerivedData/g12-app/Build/Products/Debug-iphonesimulator/PackageFrameworks -F /Users/richard/code/BicTerm/.build-artifacts/DerivedData/g12-app/Build/Products/Debug-iphonesimulator/PackageFrameworks -F /Users/richard/code/BicTerm/.build-artifacts/DerivedData/g12-app/Build/Products/Debug-iphonesimulator/PackageFrameworks -F /Users/richard/code/BicTerm/.build-artifacts/DerivedData/g12-app/Build/Products/Debug-iphonesimulator/PackageFrameworks -F /Users/richard/code/BicTerm/.build-artifacts/DerivedData/g12-app/Build/Products/Debug-iphonesimulator/PackageFrameworks -F /Users/richard/code/BicTerm/.build-artifacts/DerivedData/g12-app/Build/Products/Debug-iphonesimulator/PackageFrameworks -F /Users/richard/code/BicTerm/.build-artifacts/DerivedData/g12-app/Build/Products/Debug-iphonesimulator/PackageFrameworks -F /Users/richard/code/BicTerm/.build-artifacts/DerivedData/g12-app/Build/Products/Debug-iphonesimulator/PackageFrameworks -F /Users/richard/code/BicTerm/.build-artifacts/DerivedData/g12-app/Build/Products/Debug-iphonesimulator/PackageFrameworks -F /Users/richard/code/BicTerm/.build-artifacts/DerivedData/g12-app/Build/Products/Debug-iphonesimulator/PackageFrameworks -F /Users/richard/code/BicTerm/.build-artifacts/DerivedData/g12-app/Build/Products/Debug-iphonesimulator -F /Applications/Xcode.app/Contents/Developer/Platforms/iPhoneSimulator.platform/Developer/Library/Frameworks -F /Applications/Xcode.app/Contents/Developer/Platforms/iPhoneSimulator.platform/Developer/SDKs/iPhoneSimulator26.5.sdk/Developer/Library/Frameworks -c -j20 -enable-batch-mode -incremental -Xcc -ivfsstatcache -Xcc /Users/richard/code/BicTerm/.build-artifacts/DerivedData/g12-app/SDKStatCaches.noindex/iphonesimulator26.5-23F81a-688ef53f1462e2c8f657fdc38a81448f6cfe768891a92b912361537c460fe42b.sdkstatcache -output-file-map /Users/richard/code/BicTerm/.build-artifacts/DerivedData/g12-app/Build/Intermediates.noindex/BicTermCore.build/Debug-iphonesimulator/BicTermCore.build/Objects-normal/arm64/BicTermCore-OutputFileMap.json -use-frontend-parseable-output -save-temps -no-color-diagnostics -explicit-module-build -module-cache-path /Users/richard/code/BicTerm/.build-artifacts/DerivedData/g12-app/Build/Intermediates.noindex/SwiftExplicitPrecompiledModules -clang-scanner-module-cache-path /Users/richard/code/BicTerm/.build-artifacts/DerivedData/g12-app/ModuleCache.noindex -sdk-module-cache-path /Users/richard/code/BicTerm/.build-artifacts/DerivedData/g12-app/ModuleCache.noindex -serialize-diagnostics -emit-dependencies -emit-module -emit-module-path /Users/richard/code/BicTerm/.build-artifacts/DerivedData/g12-app/Build/Intermediates.noindex/BicTermCore.build/Debug-iphonesimulator/BicTermCore.build/Objects-normal/arm64/BicTermCore.swiftmodule -validate-clang-modules-once -clang-build-session-file /Users/richard/code/BicTerm/.build-artifacts/DerivedData/g12-app/ModuleCache.noindex/Session.modulevalidation -package-name bictermcore -Xcc -I/Users/richard/code/BicTerm/.build-artifacts/DerivedData/g12-app/Build/Intermediates.noindex/BicTermCore.build/Debug-iphonesimulator/BicTermCore.build/swift-overrides.hmap -emit-const-values -Xfrontend -const-gather-protocols-file -Xfrontend /Users/richard/code/BicTerm/.build-artifacts/DerivedData/g12-app/Build/Intermediates.noindex/BicTermCore.build/Debug-iphonesimulator/BicTermCore.build/Objects-normal/arm64/BicTermCore_const_extract_protocols.json -Xcc -I/Users/richard/code/BicTerm/.build-artifacts/DerivedData/g12-app/SourcePackages/checkouts/swift-atomics/Sources/_AtomicsShims/include -Xcc -I/Users/richard/code/BicTerm/.build-artifacts/DerivedData/g12-app/SourcePackages/checkouts/swift-nio/Sources/CNIOPosix/include -Xcc -I/Users/richard/code/BicTerm/.build-artifacts/DerivedData/g12-app/SourcePackages/checkouts/swift-nio/Sources/CNIOWASI/include -Xcc -I/Users/richard/code/BicTerm/.build-artifacts/DerivedData/g12-app/SourcePackages/checkouts/swift-nio/Sources/CNIOFreeBSD/include -Xcc -I/Users/richard/code/BicTerm/.build-artifacts/DerivedData/g12-app/SourcePackages/checkouts/swift-nio/Sources/CNIOAtomics/include -Xcc -I/Users/richard/code/BicTerm/.build-artifacts/DerivedData/g12-app/SourcePackages/checkouts/swift-nio/Sources/CNIOWindows/include -Xcc -I/Users/richard/code/BicTerm/.build-artifacts/DerivedData/g12-app/SourcePackages/checkouts/swift-nio/Sources/CNIODarwin/include -Xcc -I/Users/richard/code/BicTerm/.build-artifacts/DerivedData/g12-app/SourcePackages/checkouts/swift-nio/Sources/CNIOLinux/include -Xcc -I/Users/richard/code/BicTerm/.build-artifacts/DerivedData/g12-app/SourcePackages/checkouts/swift-nio/Sources/CNIOOpenBSD/include -Xcc -I/Users/richard/code/BicTerm/BicTermCore/Sources/CBcryptPBKDF/include -Xcc -I/Users/richard/code/BicTerm/.build-artifacts/DerivedData/g12-app/Build/Products/Debug-iphonesimulator/include -Xcc -I/Users/richard/code/BicTerm/.build-artifacts/DerivedData/g12-app/Build/Intermediates.noindex/BicTermCore.build/Debug-iphonesimulator/BicTermCore.build/DerivedSources-normal/arm64 -Xcc -I/Users/richard/code/BicTerm/.build-artifacts/DerivedData/g12-app/Build/Intermediates.noindex/BicTermCore.build/Debug-iphonesimulator/BicTermCore.build/DerivedSources/arm64 -Xcc -I/Users/richard/code/BicTerm/.build-artifacts/DerivedData/g12-app/Build/Intermediates.noindex/BicTermCore.build/Debug-iphonesimulator/BicTermCore.build/DerivedSources -Xcc -DSWIFT_PACKAGE -Xcc -DDEBUG\=1 -emit-objc-header -emit-objc-header-path /Users/richard/code/BicTerm/.build-artifacts/DerivedData/g12-app/Build/Intermediates.noindex/BicTermCore.build/Debug-iphonesimulator/BicTermCore.build/Objects-normal/arm64/BicTermCore-Swift.h -working-directory /Users/richard/code/BicTerm/BicTerm.xcodeproj -experimental-emit-module-separately -disable-cmo

SwiftEmitModule normal arm64 Emitting\ module\ for\ BicTermCore (in target 'BicTermCore' from project 'BicTermCore')

EmitSwiftModule normal arm64 (in target 'BicTermCore' from project 'BicTermCore')
    cd /Users/richard/code/BicTerm/BicTerm.xcodeproj
    
/Users/richard/code/BicTerm/BicTermCore/Sources/BicTermCore/Coder/UsageHeartbeat.swift:138:27: warning: 'as' test is always true
        } catch let error as CoderRequestLoadingError {
                          ^

SwiftDriverJobDiscovery normal arm64 Emitting module for BicTermCore (in target 'BicTermCore' from project 'BicTermCore')

SwiftDriver\ Compilation\ Requirements BicTermCore normal arm64 com.apple.xcode.tools.swift.compiler (in target 'BicTermCore' from project 'BicTermCore')
    cd /Users/richard/code/BicTerm/BicTerm.xcodeproj
    builtin-Swift-Compilation-Requirements -- /Applications/Xcode.app/Contents/Developer/Toolchains/XcodeDefault.xctoolchain/usr/bin/swiftc -module-name BicTermCore -Onone @/Users/richard/code/BicTerm/.build-artifacts/DerivedData/g12-app/Build/Intermediates.noindex/BicTermCore.build/Debug-iphonesimulator/BicTermCore.build/Objects-normal/arm64/BicTermCore.SwiftFileList -DSWIFT_PACKAGE -DDEBUG -DSWIFT_MODULE_RESOURCE_BUNDLE_UNAVAILABLE -Xcc -fmodule-map-file\=/Users/richard/code/BicTerm/.build-artifacts/DerivedData/g12-app/Build/Intermediates.noindex/GeneratedModuleMaps-iphonesimulator/CNIOPosix.modulemap -Xcc -fmodule-map-file\=/Users/richard/code/BicTerm/.build-artifacts/DerivedData/g12-app/Build/Intermediates.noindex/GeneratedModuleMaps-iphonesimulator/CNIOWASI.modulemap -Xcc -fmodule-map-file\=/Users/richard/code/BicTerm/.build-artifacts/DerivedData/g12-app/Build/Intermediates.noindex/GeneratedModuleMaps-iphonesimulator/CNIOFreeBSD.modulemap -Xcc -fmodule-map-file\=/Users/richard/code/BicTerm/.build-artifacts/DerivedData/g12-app/Build/Intermediates.noindex/GeneratedModuleMaps-iphonesimulator/CNIOAtomics.modulemap -Xcc -fmodule-map-file\=/Users/richard/code/BicTerm/.build-artifacts/DerivedData/g12-app/Build/Intermediates.noindex/GeneratedModuleMaps-iphonesimulator/CNIODarwin.modulemap -Xcc -fmodule-map-file\=/Users/richard/code/BicTerm/.build-artifacts/DerivedData/g12-app/Build/Intermediates.noindex/GeneratedModuleMaps-iphonesimulator/CNIOLinux.modulemap -Xcc -fmodule-map-file\=/Users/richard/code/BicTerm/.build-artifacts/DerivedData/g12-app/Build/Intermediates.noindex/GeneratedModuleMaps-iphonesimulator/CNIOOpenBSD.modulemap -Xcc -fmodule-map-file\=/Users/richard/code/BicTerm/.build-artifacts/DerivedData/g12-app/Build/Intermediates.noindex/GeneratedModuleMaps-iphonesimulator/CBcryptPBKDF.modulemap -DXcode -plugin-path /Applications/Xcode.app/Contents/Developer/Toolchains/XcodeDefault.xctoolchain/usr/lib/swift/host/plugins/testing -enable-experimental-feature DebugDescriptionMacro -sdk /Applications/Xcode.app/Contents/Developer/Platforms/iPhoneSimulator.platform/Developer/SDKs/iPhoneSimulator26.5.sdk -target arm64-apple-ios18.0-simulator -g -module-cache-path /Users/richard/code/BicTerm/.build-artifacts/DerivedData/g12-app/ModuleCache.noindex -Xfrontend -serialize-debugging-options -enable-testing -index-store-path /Users/richard/code/BicTerm/.build-artifacts/DerivedData/g12-app/Index.noindex/DataStore -Xcc -D_LIBCPP_HARDENING_MODE\=_LIBCPP_HARDENING_MODE_DEBUG -swift-version 6 -I /Users/richard/code/BicTerm/.build-artifacts/DerivedData/g12-app/Build/Products/Debug-iphonesimulator -Isystem /Applications/Xcode.app/Contents/Developer/Platforms/iPhoneSimulator.platform/Developer/usr/lib -F /Users/richard/code/BicTerm/.build-artifacts/DerivedData/g12-app/Build/Products/Debug-iphonesimulator/PackageFrameworks -F /Users/richard/code/BicTerm/.build-artifacts/DerivedData/g12-app/Build/Products/Debug-iphonesimulator/PackageFrameworks -F /Users/richard/code/BicTerm/.build-artifacts/DerivedData/g12-app/Build/Products/Debug-iphonesimulator/PackageFrameworks -F /Users/richard/code/BicTerm/.build-artifacts/DerivedData/g12-app/Build/Products/Debug-iphonesimulator/PackageFrameworks -F /Users/richard/code/BicTerm/.build-artifacts/DerivedData/g12-app/Build/Products/Debug-iphonesimulator/PackageFrameworks -F /Users/richard/code/BicTerm/.build-artifacts/DerivedData/g12-app/Build/Products/Debug-iphonesimulator/PackageFrameworks -F /Users/richard/code/BicTerm/.build-artifacts/DerivedData/g12-app/Build/Products/Debug-iphonesimulator/PackageFrameworks -F /Users/richard/code/BicTerm/.build-artifacts/DerivedData/g12-app/Build/Products/Debug-iphonesimulator/PackageFrameworks -F /Users/richard/code/BicTerm/.build-artifacts/DerivedData/g12-app/Build/Products/Debug-iphonesimulator/PackageFrameworks -F /Users/richard/code/BicTerm/.build-artifacts/DerivedData/g12-app/Build/Products/Debug-iphonesimulator/PackageFrameworks -F /Users/richard/code/BicTerm/.build-artifacts/DerivedData/g12-app/Build/Products/Debug-iphonesimulator/PackageFrameworks -F /Users/richard/code/BicTerm/.build-artifacts/DerivedData/g12-app/Build/Products/Debug-iphonesimulator/PackageFrameworks -F /Users/richard/code/BicTerm/.build-artifacts/DerivedData/g12-app/Build/Products/Debug-iphonesimulator/PackageFrameworks -F /Users/richard/code/BicTerm/.build-artifacts/DerivedData/g12-app/Build/Products/Debug-iphonesimulator/PackageFrameworks -F /Users/richard/code/BicTerm/.build-artifacts/DerivedData/g12-app/Build/Products/Debug-iphonesimulator/PackageFrameworks -F /Users/richard/code/BicTerm/.build-artifacts/DerivedData/g12-app/Build/Products/Debug-iphonesimulator/PackageFrameworks -F /Users/richard/code/BicTerm/.build-artifacts/DerivedData/g12-app/Build/Products/Debug-iphonesimulator/PackageFrameworks -F /Users/richard/code/BicTerm/.build-artifacts/DerivedData/g12-app/Build/Products/Debug-iphonesimulator/PackageFrameworks -F /Users/richard/code/BicTerm/.build-artifacts/DerivedData/g12-app/Build/Products/Debug-iphonesimulator/PackageFrameworks -F /Users/richard/code/BicTerm/.build-artifacts/DerivedData/g12-app/Build/Products/Debug-iphonesimulator/PackageFrameworks -F /Users/richard/code/BicTerm/.build-artifacts/DerivedData/g12-app/Build/Products/Debug-iphonesimulator/PackageFrameworks -F /Users/richard/code/BicTerm/.build-artifacts/DerivedData/g12-app/Build/Products/Debug-iphonesimulator/PackageFrameworks -F /Users/richard/code/BicTerm/.build-artifacts/DerivedData/g12-app/Build/Products/Debug-iphonesimulator/PackageFrameworks -F /Users/richard/code/BicTerm/.build-artifacts/DerivedData/g12-app/Build/Products/Debug-iphonesimulator/PackageFrameworks -F /Users/richard/code/BicTerm/.build-artifacts/DerivedData/g12-app/Build/Products/Debug-iphonesimulator/PackageFrameworks -F /Users/richard/code/BicTerm/.build-artifacts/DerivedData/g12-app/Build/Products/Debug-iphonesimulator -F /Applications/Xcode.app/Contents/Developer/Platforms/iPhoneSimulator.platform/Developer/Library/Frameworks -F /Applications/Xcode.app/Contents/Developer/Platforms/iPhoneSimulator.platform/Developer/SDKs/iPhoneSimulator26.5.sdk/Developer/Library/Frameworks -c -j20 -enable-batch-mode -incremental -Xcc -ivfsstatcache -Xcc /Users/richard/code/BicTerm/.build-artifacts/DerivedData/g12-app/SDKStatCaches.noindex/iphonesimulator26.5-23F81a-688ef53f1462e2c8f657fdc38a81448f6cfe768891a92b912361537c460fe42b.sdkstatcache -output-file-map /Users/richard/code/BicTerm/.build-artifacts/DerivedData/g12-app/Build/Intermediates.noindex/BicTermCore.build/Debug-iphonesimulator/BicTermCore.build/Objects-normal/arm64/BicTermCore-OutputFileMap.json -use-frontend-parseable-output -save-temps -no-color-diagnostics -explicit-module-build -module-cache-path /Users/richard/code/BicTerm/.build-artifacts/DerivedData/g12-app/Build/Intermediates.noindex/SwiftExplicitPrecompiledModules -clang-scanner-module-cache-path /Users/richard/code/BicTerm/.build-artifacts/DerivedData/g12-app/ModuleCache.noindex -sdk-module-cache-path /Users/richard/code/BicTerm/.build-artifacts/DerivedData/g12-app/ModuleCache.noindex -serialize-diagnostics -emit-dependencies -emit-module -emit-module-path /Users/richard/code/BicTerm/.build-artifacts/DerivedData/g12-app/Build/Intermediates.noindex/BicTermCore.build/Debug-iphonesimulator/BicTermCore.build/Objects-normal/arm64/BicTermCore.swiftmodule -validate-clang-modules-once -clang-build-session-file /Users/richard/code/BicTerm/.build-artifacts/DerivedData/g12-app/ModuleCache.noindex/Session.modulevalidation -package-name bictermcore -Xcc -I/Users/richard/code/BicTerm/.build-artifacts/DerivedData/g12-app/Build/Intermediates.noindex/BicTermCore.build/Debug-iphonesimulator/BicTermCore.build/swift-overrides.hmap -emit-const-values -Xfrontend -const-gather-protocols-file -Xfrontend /Users/richard/code/BicTerm/.build-artifacts/DerivedData/g12-app/Build/Intermediates.noindex/BicTermCore.build/Debug-iphonesimulator/BicTermCore.build/Objects-normal/arm64/BicTermCore_const_extract_protocols.json -Xcc -I/Users/richard/code/BicTerm/.build-artifacts/DerivedData/g12-app/SourcePackages/checkouts/swift-atomics/Sources/_AtomicsShims/include -Xcc -I/Users/richard/code/BicTerm/.build-artifacts/DerivedData/g12-app/SourcePackages/checkouts/swift-nio/Sources/CNIOPosix/include -Xcc -I/Users/richard/code/BicTerm/.build-artifacts/DerivedData/g12-app/SourcePackages/checkouts/swift-nio/Sources/CNIOWASI/include -Xcc -I/Users/richard/code/BicTerm/.build-artifacts/DerivedData/g12-app/SourcePackages/checkouts/swift-nio/Sources/CNIOFreeBSD/include -Xcc -I/Users/richard/code/BicTerm/.build-artifacts/DerivedData/g12-app/SourcePackages/checkouts/swift-nio/Sources/CNIOAtomics/include -Xcc -I/Users/richard/code/BicTerm/.build-artifacts/DerivedData/g12-app/SourcePackages/checkouts/swift-nio/Sources/CNIOWindows/include -Xcc -I/Users/richard/code/BicTerm/.build-artifacts/DerivedData/g12-app/SourcePackages/checkouts/swift-nio/Sources/CNIODarwin/include -Xcc -I/Users/richard/code/BicTerm/.build-artifacts/DerivedData/g12-app/SourcePackages/checkouts/swift-nio/Sources/CNIOLinux/include -Xcc -I/Users/richard/code/BicTerm/.build-artifacts/DerivedData/g12-app/SourcePackages/checkouts/swift-nio/Sources/CNIOOpenBSD/include -Xcc -I/Users/richard/code/BicTerm/BicTermCore/Sources/CBcryptPBKDF/include -Xcc -I/Users/richard/code/BicTerm/.build-artifacts/DerivedData/g12-app/Build/Products/Debug-iphonesimulator/include -Xcc -I/Users/richard/code/BicTerm/.build-artifacts/DerivedData/g12-app/Build/Intermediates.noindex/BicTermCore.build/Debug-iphonesimulator/BicTermCore.build/DerivedSources-normal/arm64 -Xcc -I/Users/richard/code/BicTerm/.build-artifacts/DerivedData/g12-app/Build/Intermediates.noindex/BicTermCore.build/Debug-iphonesimulator/BicTermCore.build/DerivedSources/arm64 -Xcc -I/Users/richard/code/BicTerm/.build-artifacts/DerivedData/g12-app/Build/Intermediates.noindex/BicTermCore.build/Debug-iphonesimulator/BicTermCore.build/DerivedSources -Xcc -DSWIFT_PACKAGE -Xcc -DDEBUG\=1 -emit-objc-header -emit-objc-header-path /Users/richard/code/BicTerm/.build-artifacts/DerivedData/g12-app/Build/Intermediates.noindex/BicTermCore.build/Debug-iphonesimulator/BicTermCore.build/Objects-normal/arm64/BicTermCore-Swift.h -working-directory /Users/richard/code/BicTerm/BicTerm.xcodeproj -experimental-emit-module-separately -disable-cmo

Copy /Users/richard/code/BicTerm/.build-artifacts/DerivedData/g12-app/Build/Products/Debug-iphonesimulator/BicTermCore.swiftmodule/Project/arm64-apple-ios-simulator.swiftsourceinfo /Users/richard/code/BicTerm/.build-artifacts/DerivedData/g12-app/Build/Intermediates.noindex/BicTermCore.build/Debug-iphonesimulator/BicTermCore.build/Objects-normal/arm64/BicTermCore.swiftsourceinfo (in target 'BicTermCore' from project 'BicTermCore')
    cd /Users/richard/code/BicTerm/BicTermCore
    builtin-copy -exclude .DS_Store -exclude CVS -exclude .svn -exclude .git -exclude .hg -resolve-src-symlinks -rename /Users/richard/code/BicTerm/.build-artifacts/DerivedData/g12-app/Build/Intermediates.noindex/BicTermCore.build/Debug-iphonesimulator/BicTermCore.build/Objects-normal/arm64/BicTermCore.swiftsourceinfo /Users/richard/code/BicTerm/.build-artifacts/DerivedData/g12-app/Build/Products/Debug-iphonesimulator/BicTermCore.swiftmodule/Project/arm64-apple-ios-simulator.swiftsourceinfo

Copy /Users/richard/code/BicTerm/.build-artifacts/DerivedData/g12-app/Build/Products/Debug-iphonesimulator/BicTermCore.swiftmodule/arm64-apple-ios-simulator.swiftmodule /Users/richard/code/BicTerm/.build-artifacts/DerivedData/g12-app/Build/Intermediates.noindex/BicTermCore.build/Debug-iphonesimulator/BicTermCore.build/Objects-normal/arm64/BicTermCore.swiftmodule (in target 'BicTermCore' from project 'BicTermCore')
    cd /Users/richard/code/BicTerm/BicTermCore
    builtin-copy -exclude .DS_Store -exclude CVS -exclude .svn -exclude .git -exclude .hg -resolve-src-symlinks -rename /Users/richard/code/BicTerm/.build-artifacts/DerivedData/g12-app/Build/Intermediates.noindex/BicTermCore.build/Debug-iphonesimulator/BicTermCore.build/Objects-normal/arm64/BicTermCore.swiftmodule /Users/richard/code/BicTerm/.build-artifacts/DerivedData/g12-app/Build/Products/Debug-iphonesimulator/BicTermCore.swiftmodule/arm64-apple-ios-simulator.swiftmodule

Copy /Users/richard/code/BicTerm/.build-artifacts/DerivedData/g12-app/Build/Products/Debug-iphonesimulator/BicTermCore.swiftmodule/arm64-apple-ios-simulator.swiftdoc /Users/richard/code/BicTerm/.build-artifacts/DerivedData/g12-app/Build/Intermediates.noindex/BicTermCore.build/Debug-iphonesimulator/BicTermCore.build/Objects-normal/arm64/BicTermCore.swiftdoc (in target 'BicTermCore' from project 'BicTermCore')
    cd /Users/richard/code/BicTerm/BicTermCore
    builtin-copy -exclude .DS_Store -exclude CVS -exclude .svn -exclude .git -exclude .hg -resolve-src-symlinks -rename /Users/richard/code/BicTerm/.build-artifacts/DerivedData/g12-app/Build/Intermediates.noindex/BicTermCore.build/Debug-iphonesimulator/BicTermCore.build/Objects-normal/arm64/BicTermCore.swiftdoc /Users/richard/code/BicTerm/.build-artifacts/DerivedData/g12-app/Build/Products/Debug-iphonesimulator/BicTermCore.swiftmodule/arm64-apple-ios-simulator.swiftdoc

Copy /Users/richard/code/BicTerm/.build-artifacts/DerivedData/g12-app/Build/Products/Debug-iphonesimulator/BicTermCore.swiftmodule/arm64-apple-ios-simulator.abi.json /Users/richard/code/BicTerm/.build-artifacts/DerivedData/g12-app/Build/Intermediates.noindex/BicTermCore.build/Debug-iphonesimulator/BicTermCore.build/Objects-normal/arm64/BicTermCore.abi.json (in target 'BicTermCore' from project 'BicTermCore')
    cd /Users/richard/code/BicTerm/BicTermCore
    builtin-copy -exclude .DS_Store -exclude CVS -exclude .svn -exclude .git -exclude .hg -resolve-src-symlinks -rename /Users/richard/code/BicTerm/.build-artifacts/DerivedData/g12-app/Build/Intermediates.noindex/BicTermCore.build/Debug-iphonesimulator/BicTermCore.build/Objects-normal/arm64/BicTermCore.abi.json /Users/richard/code/BicTerm/.build-artifacts/DerivedData/g12-app/Build/Products/Debug-iphonesimulator/BicTermCore.swiftmodule/arm64-apple-ios-simulator.abi.json

SwiftDriver CoderTunnel normal arm64 com.apple.xcode.tools.swift.compiler (in target 'CoderTunnel' from project 'BicTerm')
    cd /Users/richard/code/BicTerm
    builtin-SwiftDriver -- /Applications/Xcode.app/Contents/Developer/Toolchains/XcodeDefault.xctoolchain/usr/bin/swiftc -module-name CoderTunnel -Onone @/Users/richard/code/BicTerm/.build-artifacts/DerivedData/g12-app/Build/Intermediates.noindex/BicTerm.build/Debug-iphonesimulator/CoderTunnel.build/Objects-normal/arm64/CoderTunnel.SwiftFileList -DDEBUG -Xcc -fmodule-map-file\=/Users/richard/code/BicTerm/.build-artifacts/DerivedData/g12-app/Build/Intermediates.noindex/GeneratedModuleMaps-iphonesimulator/CNIOPosix.modulemap -Xcc -fmodule-map-file\=/Users/richard/code/BicTerm/.build-artifacts/DerivedData/g12-app/Build/Intermediates.noindex/GeneratedModuleMaps-iphonesimulator/CNIOWASI.modulemap -Xcc -fmodule-map-file\=/Users/richard/code/BicTerm/.build-artifacts/DerivedData/g12-app/Build/Intermediates.noindex/GeneratedModuleMaps-iphonesimulator/CNIOFreeBSD.modulemap -Xcc -fmodule-map-file\=/Users/richard/code/BicTerm/.build-artifacts/DerivedData/g12-app/Build/Intermediates.noindex/GeneratedModuleMaps-iphonesimulator/CNIOAtomics.modulemap -Xcc -fmodule-map-file\=/Users/richard/code/BicTerm/.build-artifacts/DerivedData/g12-app/Build/Intermediates.noindex/GeneratedModuleMaps-iphonesimulator/CNIODarwin.modulemap -Xcc -fmodule-map-file\=/Users/richard/code/BicTerm/.build-artifacts/DerivedData/g12-app/Build/Intermediates.noindex/GeneratedModuleMaps-iphonesimulator/CNIOLinux.modulemap -Xcc -fmodule-map-file\=/Users/richard/code/BicTerm/.build-artifacts/DerivedData/g12-app/Build/Intermediates.noindex/GeneratedModuleMaps-iphonesimulator/CNIOOpenBSD.modulemap -Xcc -fmodule-map-file\=/Users/richard/code/BicTerm/.build-artifacts/DerivedData/g12-app/Build/Intermediates.noindex/GeneratedModuleMaps-iphonesimulator/CBcryptPBKDF.modulemap -enable-experimental-feature DebugDescriptionMacro -sdk /Applications/Xcode.app/Contents/Developer/Platforms/iPhoneSimulator.platform/Developer/SDKs/iPhoneSimulator26.5.sdk -target arm64-apple-ios18.0-simulator -g -module-cache-path /Users/richard/code/BicTerm/.build-artifacts/DerivedData/g12-app/ModuleCache.noindex -Xfrontend -serialize-debugging-options -enable-testing -index-store-path /Users/richard/code/BicTerm/.build-artifacts/DerivedData/g12-app/Index.noindex/DataStore -Xcc -D_LIBCPP_HARDENING_MODE\=_LIBCPP_HARDENING_MODE_DEBUG -swift-version 6 -I /Users/richard/code/BicTerm/.build-artifacts/DerivedData/g12-app/Build/Products/Debug-iphonesimulator -F /Users/richard/code/BicTerm/.build-artifacts/DerivedData/g12-app/Build/Products/Debug-iphonesimulator/PackageFrameworks -F /Users/richard/code/BicTerm/.build-artifacts/DerivedData/g12-app/Build/Products/Debug-iphonesimulator/PackageFrameworks -F /Users/richard/code/BicTerm/.build-artifacts/DerivedData/g12-app/Build/Products/Debug-iphonesimulator/PackageFrameworks -F /Users/richard/code/BicTerm/.build-artifacts/DerivedData/g12-app/Build/Products/Debug-iphonesimulator/PackageFrameworks -F /Users/richard/code/BicTerm/.build-artifacts/DerivedData/g12-app/Build/Products/Debug-iphonesimulator/PackageFrameworks -F /Users/richard/code/BicTerm/.build-artifacts/DerivedData/g12-app/Build/Products/Debug-iphonesimulator/PackageFrameworks -F /Users/richard/code/BicTerm/.build-artifacts/DerivedData/g12-app/Build/Products/Debug-iphonesimulator/PackageFrameworks -F /Users/richard/code/BicTerm/.build-artifacts/DerivedData/g12-app/Build/Products/Debug-iphonesimulator/PackageFrameworks -F /Users/richard/code/BicTerm/.build-artifacts/DerivedData/g12-app/Build/Products/Debug-iphonesimulator/PackageFrameworks -F /Users/richard/code/BicTerm/.build-artifacts/DerivedData/g12-app/Build/Products/Debug-iphonesimulator/PackageFrameworks -F /Users/richard/code/BicTerm/.build-artifacts/DerivedData/g12-app/Build/Products/Debug-iphonesimulator/PackageFrameworks -F /Users/richard/code/BicTerm/.build-artifacts/DerivedData/g12-app/Build/Products/Debug-iphonesimulator/PackageFrameworks -F /Users/richard/code/BicTerm/.build-artifacts/DerivedData/g12-app/Build/Products/Debug-iphonesimulator/PackageFrameworks -F /Users/richard/code/BicTerm/.build-artifacts/DerivedData/g12-app/Build/Products/Debug-iphonesimulator/PackageFrameworks -F /Users/richard/code/BicTerm/.build-artifacts/DerivedData/g12-app/Build/Products/Debug-iphonesimulator/PackageFrameworks -F /Users/richard/code/BicTerm/.build-artifacts/DerivedData/g12-app/Build/Products/Debug-iphonesimulator/PackageFrameworks -F /Users/richard/code/BicTerm/.build-artifacts/DerivedData/g12-app/Build/Products/Debug-iphonesimulator/PackageFrameworks -F /Users/richard/code/BicTerm/.build-artifacts/DerivedData/g12-app/Build/Products/Debug-iphonesimulator/PackageFrameworks -F /Users/richard/code/BicTerm/.build-artifacts/DerivedData/g12-app/Build/Products/Debug-iphonesimulator/PackageFrameworks -F /Users/richard/code/BicTerm/.build-artifacts/DerivedData/g12-app/Build/Products/Debug-iphonesimulator/PackageFrameworks -F /Users/richard/code/BicTerm/.build-artifacts/DerivedData/g12-app/Build/Products/Debug-iphonesimulator/PackageFrameworks -F /Users/richard/code/BicTerm/.build-artifacts/DerivedData/g12-app/Build/Products/Debug-iphonesimulator/PackageFrameworks -F /Users/richard/code/BicTerm/.build-artifacts/DerivedData/g12-app/Build/Products/Debug-iphonesimulator/PackageFrameworks -F /Users/richard/code/BicTerm/.build-artifacts/DerivedData/g12-app/Build/Products/Debug-iphonesimulator/PackageFrameworks -F /Users/richard/code/BicTerm/.build-artifacts/DerivedData/g12-app/Build/Products/Debug-iphonesimulator/PackageFrameworks -F /Users/richard/code/BicTerm/.build-artifacts/DerivedData/g12-app/Build/Products/Debug-iphonesimulator/PackageFrameworks -F /Users/richard/code/BicTerm/.build-artifacts/DerivedData/g12-app/Build/Products/Debug-iphonesimulator -F .build-artifacts/coder-net -parse-as-library -c -j20 -enable-batch-mode -incremental -Xcc -ivfsstatcache -Xcc /Users/richard/code/BicTerm/.build-artifacts/DerivedData/g12-app/SDKStatCaches.noindex/iphonesimulator26.5-23F81a-688ef53f1462e2c8f657fdc38a81448f6cfe768891a92b912361537c460fe42b.sdkstatcache -output-file-map /Users/richard/code/BicTerm/.build-artifacts/DerivedData/g12-app/Build/Intermediates.noindex/BicTerm.build/Debug-iphonesimulator/CoderTunnel.build/Objects-normal/arm64/CoderTunnel-OutputFileMap.json -use-frontend-parseable-output -save-temps -no-color-diagnostics -explicit-module-build -module-cache-path /Users/richard/code/BicTerm/.build-artifacts/DerivedData/g12-app/Build/Intermediates.noindex/SwiftExplicitPrecompiledModules -clang-scanner-module-cache-path /Users/richard/code/BicTerm/.build-artifacts/DerivedData/g12-app/ModuleCache.noindex -sdk-module-cache-path /Users/richard/code/BicTerm/.build-artifacts/DerivedData/g12-app/ModuleCache.noindex -serialize-diagnostics -emit-dependencies -emit-module -emit-module-path /Users/richard/code/BicTerm/.build-artifacts/DerivedData/g12-app/Build/Intermediates.noindex/BicTerm.build/Debug-iphonesimulator/CoderTunnel.build/Objects-normal/arm64/CoderTunnel.swiftmodule -validate-clang-modules-once -clang-build-session-file /Users/richard/code/BicTerm/.build-artifacts/DerivedData/g12-app/ModuleCache.noindex/Session.modulevalidation -Xcc -I/Users/richard/code/BicTerm/.build-artifacts/DerivedData/g12-app/Build/Intermediates.noindex/BicTerm.build/Debug-iphonesimulator/CoderTunnel.build/swift-overrides.hmap -emit-const-values -Xfrontend -const-gather-protocols-file -Xfrontend /Users/richard/code/BicTerm/.build-artifacts/DerivedData/g12-app/Build/Intermediates.noindex/BicTerm.build/Debug-iphonesimulator/CoderTunnel.build/Objects-normal/arm64/CoderTunnel_const_extract_protocols.json -Xcc -iquote -Xcc /Users/richard/code/BicTerm/.build-artifacts/DerivedData/g12-app/Build/Intermediates.noindex/BicTerm.build/Debug-iphonesimulator/CoderTunnel.build/CoderTunnel-generated-files.hmap -Xcc -I/Users/richard/code/BicTerm/.build-artifacts/DerivedData/g12-app/Build/Intermediates.noindex/BicTerm.build/Debug-iphonesimulator/CoderTunnel.build/CoderTunnel-own-target-headers.hmap -Xcc -I/Users/richard/code/BicTerm/.build-artifacts/DerivedData/g12-app/Build/Intermediates.noindex/BicTerm.build/Debug-iphonesimulator/CoderTunnel.build/CoderTunnel-all-non-framework-target-headers.hmap -Xcc -ivfsoverlay -Xcc /Users/richard/code/BicTerm/.build-artifacts/DerivedData/g12-app/Build/Intermediates.noindex/BicTerm.build/Debug-iphonesimulator/BicTerm-016255f037ae87c93052aa8a3749f82d-VFS-iphonesimulator/all-product-headers.yaml -Xcc -iquote -Xcc /Users/richard/code/BicTerm/.build-artifacts/DerivedData/g12-app/Build/Intermediates.noindex/BicTerm.build/Debug-iphonesimulator/CoderTunnel.build/CoderTunnel-project-headers.hmap -Xcc -I/Users/richard/code/BicTerm/.build-artifacts/DerivedData/g12-app/SourcePackages/checkouts/swift-atomics/Sources/_AtomicsShims/include -Xcc -I/Users/richard/code/BicTerm/.build-artifacts/DerivedData/g12-app/SourcePackages/checkouts/swift-nio/Sources/CNIOPosix/include -Xcc -I/Users/richard/code/BicTerm/.build-artifacts/DerivedData/g12-app/SourcePackages/checkouts/swift-nio/Sources/CNIOWASI/include -Xcc -I/Users/richard/code/BicTerm/.build-artifacts/DerivedData/g12-app/SourcePackages/checkouts/swift-nio/Sources/CNIOFreeBSD/include -Xcc -I/Users/richard/code/BicTerm/.build-artifacts/DerivedData/g12-app/SourcePackages/checkouts/swift-nio/Sources/CNIOAtomics/include -Xcc -I/Users/richard/code/BicTerm/.build-artifacts/DerivedData/g12-app/SourcePackages/checkouts/swift-nio/Sources/CNIOWindows/include -Xcc -I/Users/richard/code/BicTerm/.build-artifacts/DerivedData/g12-app/SourcePackages/checkouts/swift-nio/Sources/CNIODarwin/include -Xcc -I/Users/richard/code/BicTerm/.build-artifacts/DerivedData/g12-app/SourcePackages/checkouts/swift-nio/Sources/CNIOLinux/include -Xcc -I/Users/richard/code/BicTerm/.build-artifacts/DerivedData/g12-app/SourcePackages/checkouts/swift-nio/Sources/CNIOOpenBSD/include -Xcc -I/Users/richard/code/BicTerm/BicTermCore/Sources/CBcryptPBKDF/include -Xcc -I/Users/richard/code/BicTerm/.build-artifacts/DerivedData/g12-app/Build/Products/Debug-iphonesimulator/include -Xcc -I/Users/richard/code/BicTerm/.build-artifacts/DerivedData/g12-app/Build/Intermediates.noindex/BicTerm.build/Debug-iphonesimulator/CoderTunnel.build/DerivedSources-normal/arm64 -Xcc -I/Users/richard/code/BicTerm/.build-artifacts/DerivedData/g12-app/Build/Intermediates.noindex/BicTerm.build/Debug-iphonesimulator/CoderTunnel.build/DerivedSources/arm64 -Xcc -I/Users/richard/code/BicTerm/.build-artifacts/DerivedData/g12-app/Build/Intermediates.noindex/BicTerm.build/Debug-iphonesimulator/CoderTunnel.build/DerivedSources -Xcc -DDEBUG\=1 -emit-objc-header -emit-objc-header-path /Users/richard/code/BicTerm/.build-artifacts/DerivedData/g12-app/Build/Intermediates.noindex/BicTerm.build/Debug-iphonesimulator/CoderTunnel.build/Objects-normal/arm64/CoderTunnel-Swift.h -working-directory /Users/richard/code/BicTerm -experimental-emit-module-separately -disable-cmo

SwiftEmitModule normal arm64 Emitting\ module\ for\ CoderTunnel (in target 'CoderTunnel' from project 'BicTerm')

SwiftCompile normal arm64 /Users/richard/code/BicTerm/CoderTunnel/CoderNetTunnel.swift (in target 'CoderTunnel' from project 'BicTerm')
    cd /Users/richard/code/BicTerm
    

SwiftDriverJobDiscovery normal arm64 Emitting module for CoderTunnel (in target 'CoderTunnel' from project 'BicTerm')

SwiftDriver\ Compilation\ Requirements CoderTunnel normal arm64 com.apple.xcode.tools.swift.compiler (in target 'CoderTunnel' from project 'BicTerm')
    cd /Users/richard/code/BicTerm
    builtin-Swift-Compilation-Requirements -- /Applications/Xcode.app/Contents/Developer/Toolchains/XcodeDefault.xctoolchain/usr/bin/swiftc -module-name CoderTunnel -Onone @/Users/richard/code/BicTerm/.build-artifacts/DerivedData/g12-app/Build/Intermediates.noindex/BicTerm.build/Debug-iphonesimulator/CoderTunnel.build/Objects-normal/arm64/CoderTunnel.SwiftFileList -DDEBUG -Xcc -fmodule-map-file\=/Users/richard/code/BicTerm/.build-artifacts/DerivedData/g12-app/Build/Intermediates.noindex/GeneratedModuleMaps-iphonesimulator/CNIOPosix.modulemap -Xcc -fmodule-map-file\=/Users/richard/code/BicTerm/.build-artifacts/DerivedData/g12-app/Build/Intermediates.noindex/GeneratedModuleMaps-iphonesimulator/CNIOWASI.modulemap -Xcc -fmodule-map-file\=/Users/richard/code/BicTerm/.build-artifacts/DerivedData/g12-app/Build/Intermediates.noindex/GeneratedModuleMaps-iphonesimulator/CNIOFreeBSD.modulemap -Xcc -fmodule-map-file\=/Users/richard/code/BicTerm/.build-artifacts/DerivedData/g12-app/Build/Intermediates.noindex/GeneratedModuleMaps-iphonesimulator/CNIOAtomics.modulemap -Xcc -fmodule-map-file\=/Users/richard/code/BicTerm/.build-artifacts/DerivedData/g12-app/Build/Intermediates.noindex/GeneratedModuleMaps-iphonesimulator/CNIODarwin.modulemap -Xcc -fmodule-map-file\=/Users/richard/code/BicTerm/.build-artifacts/DerivedData/g12-app/Build/Intermediates.noindex/GeneratedModuleMaps-iphonesimulator/CNIOLinux.modulemap -Xcc -fmodule-map-file\=/Users/richard/code/BicTerm/.build-artifacts/DerivedData/g12-app/Build/Intermediates.noindex/GeneratedModuleMaps-iphonesimulator/CNIOOpenBSD.modulemap -Xcc -fmodule-map-file\=/Users/richard/code/BicTerm/.build-artifacts/DerivedData/g12-app/Build/Intermediates.noindex/GeneratedModuleMaps-iphonesimulator/CBcryptPBKDF.modulemap -enable-experimental-feature DebugDescriptionMacro -sdk /Applications/Xcode.app/Contents/Developer/Platforms/iPhoneSimulator.platform/Developer/SDKs/iPhoneSimulator26.5.sdk -target arm64-apple-ios18.0-simulator -g -module-cache-path /Users/richard/code/BicTerm/.build-artifacts/DerivedData/g12-app/ModuleCache.noindex -Xfrontend -serialize-debugging-options -enable-testing -index-store-path /Users/richard/code/BicTerm/.build-artifacts/DerivedData/g12-app/Index.noindex/DataStore -Xcc -D_LIBCPP_HARDENING_MODE\=_LIBCPP_HARDENING_MODE_DEBUG -swift-version 6 -I /Users/richard/code/BicTerm/.build-artifacts/DerivedData/g12-app/Build/Products/Debug-iphonesimulator -F /Users/richard/code/BicTerm/.build-artifacts/DerivedData/g12-app/Build/Products/Debug-iphonesimulator/PackageFrameworks -F /Users/richard/code/BicTerm/.build-artifacts/DerivedData/g12-app/Build/Products/Debug-iphonesimulator/PackageFrameworks -F /Users/richard/code/BicTerm/.build-artifacts/DerivedData/g12-app/Build/Products/Debug-iphonesimulator/PackageFrameworks -F /Users/richard/code/BicTerm/.build-artifacts/DerivedData/g12-app/Build/Products/Debug-iphonesimulator/PackageFrameworks -F /Users/richard/code/BicTerm/.build-artifacts/DerivedData/g12-app/Build/Products/Debug-iphonesimulator/PackageFrameworks -F /Users/richard/code/BicTerm/.build-artifacts/DerivedData/g12-app/Build/Products/Debug-iphonesimulator/PackageFrameworks -F /Users/richard/code/BicTerm/.build-artifacts/DerivedData/g12-app/Build/Products/Debug-iphonesimulator/PackageFrameworks -F /Users/richard/code/BicTerm/.build-artifacts/DerivedData/g12-app/Build/Products/Debug-iphonesimulator/PackageFrameworks -F /Users/richard/code/BicTerm/.build-artifacts/DerivedData/g12-app/Build/Products/Debug-iphonesimulator/PackageFrameworks -F /Users/richard/code/BicTerm/.build-artifacts/DerivedData/g12-app/Build/Products/Debug-iphonesimulator/PackageFrameworks -F /Users/richard/code/BicTerm/.build-artifacts/DerivedData/g12-app/Build/Products/Debug-iphonesimulator/PackageFrameworks -F /Users/richard/code/BicTerm/.build-artifacts/DerivedData/g12-app/Build/Products/Debug-iphonesimulator/PackageFrameworks -F /Users/richard/code/BicTerm/.build-artifacts/DerivedData/g12-app/Build/Products/Debug-iphonesimulator/PackageFrameworks -F /Users/richard/code/BicTerm/.build-artifacts/DerivedData/g12-app/Build/Products/Debug-iphonesimulator/PackageFrameworks -F /Users/richard/code/BicTerm/.build-artifacts/DerivedData/g12-app/Build/Products/Debug-iphonesimulator/PackageFrameworks -F /Users/richard/code/BicTerm/.build-artifacts/DerivedData/g12-app/Build/Products/Debug-iphonesimulator/PackageFrameworks -F /Users/richard/code/BicTerm/.build-artifacts/DerivedData/g12-app/Build/Products/Debug-iphonesimulator/PackageFrameworks -F /Users/richard/code/BicTerm/.build-artifacts/DerivedData/g12-app/Build/Products/Debug-iphonesimulator/PackageFrameworks -F /Users/richard/code/BicTerm/.build-artifacts/DerivedData/g12-app/Build/Products/Debug-iphonesimulator/PackageFrameworks -F /Users/richard/code/BicTerm/.build-artifacts/DerivedData/g12-app/Build/Products/Debug-iphonesimulator/PackageFrameworks -F /Users/richard/code/BicTerm/.build-artifacts/DerivedData/g12-app/Build/Products/Debug-iphonesimulator/PackageFrameworks -F /Users/richard/code/BicTerm/.build-artifacts/DerivedData/g12-app/Build/Products/Debug-iphonesimulator/PackageFrameworks -F /Users/richard/code/BicTerm/.build-artifacts/DerivedData/g12-app/Build/Products/Debug-iphonesimulator/PackageFrameworks -F /Users/richard/code/BicTerm/.build-artifacts/DerivedData/g12-app/Build/Products/Debug-iphonesimulator/PackageFrameworks -F /Users/richard/code/BicTerm/.build-artifacts/DerivedData/g12-app/Build/Products/Debug-iphonesimulator/PackageFrameworks -F /Users/richard/code/BicTerm/.build-artifacts/DerivedData/g12-app/Build/Products/Debug-iphonesimulator/PackageFrameworks -F /Users/richard/code/BicTerm/.build-artifacts/DerivedData/g12-app/Build/Products/Debug-iphonesimulator -F .build-artifacts/coder-net -parse-as-library -c -j20 -enable-batch-mode -incremental -Xcc -ivfsstatcache -Xcc /Users/richard/code/BicTerm/.build-artifacts/DerivedData/g12-app/SDKStatCaches.noindex/iphonesimulator26.5-23F81a-688ef53f1462e2c8f657fdc38a81448f6cfe768891a92b912361537c460fe42b.sdkstatcache -output-file-map /Users/richard/code/BicTerm/.build-artifacts/DerivedData/g12-app/Build/Intermediates.noindex/BicTerm.build/Debug-iphonesimulator/CoderTunnel.build/Objects-normal/arm64/CoderTunnel-OutputFileMap.json -use-frontend-parseable-output -save-temps -no-color-diagnostics -explicit-module-build -module-cache-path /Users/richard/code/BicTerm/.build-artifacts/DerivedData/g12-app/Build/Intermediates.noindex/SwiftExplicitPrecompiledModules -clang-scanner-module-cache-path /Users/richard/code/BicTerm/.build-artifacts/DerivedData/g12-app/ModuleCache.noindex -sdk-module-cache-path /Users/richard/code/BicTerm/.build-artifacts/DerivedData/g12-app/ModuleCache.noindex -serialize-diagnostics -emit-dependencies -emit-module -emit-module-path /Users/richard/code/BicTerm/.build-artifacts/DerivedData/g12-app/Build/Intermediates.noindex/BicTerm.build/Debug-iphonesimulator/CoderTunnel.build/Objects-normal/arm64/CoderTunnel.swiftmodule -validate-clang-modules-once -clang-build-session-file /Users/richard/code/BicTerm/.build-artifacts/DerivedData/g12-app/ModuleCache.noindex/Session.modulevalidation -Xcc -I/Users/richard/code/BicTerm/.build-artifacts/DerivedData/g12-app/Build/Intermediates.noindex/BicTerm.build/Debug-iphonesimulator/CoderTunnel.build/swift-overrides.hmap -emit-const-values -Xfrontend -const-gather-protocols-file -Xfrontend /Users/richard/code/BicTerm/.build-artifacts/DerivedData/g12-app/Build/Intermediates.noindex/BicTerm.build/Debug-iphonesimulator/CoderTunnel.build/Objects-normal/arm64/CoderTunnel_const_extract_protocols.json -Xcc -iquote -Xcc /Users/richard/code/BicTerm/.build-artifacts/DerivedData/g12-app/Build/Intermediates.noindex/BicTerm.build/Debug-iphonesimulator/CoderTunnel.build/CoderTunnel-generated-files.hmap -Xcc -I/Users/richard/code/BicTerm/.build-artifacts/DerivedData/g12-app/Build/Intermediates.noindex/BicTerm.build/Debug-iphonesimulator/CoderTunnel.build/CoderTunnel-own-target-headers.hmap -Xcc -I/Users/richard/code/BicTerm/.build-artifacts/DerivedData/g12-app/Build/Intermediates.noindex/BicTerm.build/Debug-iphonesimulator/CoderTunnel.build/CoderTunnel-all-non-framework-target-headers.hmap -Xcc -ivfsoverlay -Xcc /Users/richard/code/BicTerm/.build-artifacts/DerivedData/g12-app/Build/Intermediates.noindex/BicTerm.build/Debug-iphonesimulator/BicTerm-016255f037ae87c93052aa8a3749f82d-VFS-iphonesimulator/all-product-headers.yaml -Xcc -iquote -Xcc /Users/richard/code/BicTerm/.build-artifacts/DerivedData/g12-app/Build/Intermediates.noindex/BicTerm.build/Debug-iphonesimulator/CoderTunnel.build/CoderTunnel-project-headers.hmap -Xcc -I/Users/richard/code/BicTerm/.build-artifacts/DerivedData/g12-app/SourcePackages/checkouts/swift-atomics/Sources/_AtomicsShims/include -Xcc -I/Users/richard/code/BicTerm/.build-artifacts/DerivedData/g12-app/SourcePackages/checkouts/swift-nio/Sources/CNIOPosix/include -Xcc -I/Users/richard/code/BicTerm/.build-artifacts/DerivedData/g12-app/SourcePackages/checkouts/swift-nio/Sources/CNIOWASI/include -Xcc -I/Users/richard/code/BicTerm/.build-artifacts/DerivedData/g12-app/SourcePackages/checkouts/swift-nio/Sources/CNIOFreeBSD/include -Xcc -I/Users/richard/code/BicTerm/.build-artifacts/DerivedData/g12-app/SourcePackages/checkouts/swift-nio/Sources/CNIOAtomics/include -Xcc -I/Users/richard/code/BicTerm/.build-artifacts/DerivedData/g12-app/SourcePackages/checkouts/swift-nio/Sources/CNIOWindows/include -Xcc -I/Users/richard/code/BicTerm/.build-artifacts/DerivedData/g12-app/SourcePackages/checkouts/swift-nio/Sources/CNIODarwin/include -Xcc -I/Users/richard/code/BicTerm/.build-artifacts/DerivedData/g12-app/SourcePackages/checkouts/swift-nio/Sources/CNIOLinux/include -Xcc -I/Users/richard/code/BicTerm/.build-artifacts/DerivedData/g12-app/SourcePackages/checkouts/swift-nio/Sources/CNIOOpenBSD/include -Xcc -I/Users/richard/code/BicTerm/BicTermCore/Sources/CBcryptPBKDF/include -Xcc -I/Users/richard/code/BicTerm/.build-artifacts/DerivedData/g12-app/Build/Products/Debug-iphonesimulator/include -Xcc -I/Users/richard/code/BicTerm/.build-artifacts/DerivedData/g12-app/Build/Intermediates.noindex/BicTerm.build/Debug-iphonesimulator/CoderTunnel.build/DerivedSources-normal/arm64 -Xcc -I/Users/richard/code/BicTerm/.build-artifacts/DerivedData/g12-app/Build/Intermediates.noindex/BicTerm.build/Debug-iphonesimulator/CoderTunnel.build/DerivedSources/arm64 -Xcc -I/Users/richard/code/BicTerm/.build-artifacts/DerivedData/g12-app/Build/Intermediates.noindex/BicTerm.build/Debug-iphonesimulator/CoderTunnel.build/DerivedSources -Xcc -DDEBUG\=1 -emit-objc-header -emit-objc-header-path /Users/richard/code/BicTerm/.build-artifacts/DerivedData/g12-app/Build/Intermediates.noindex/BicTerm.build/Debug-iphonesimulator/CoderTunnel.build/Objects-normal/arm64/CoderTunnel-Swift.h -working-directory /Users/richard/code/BicTerm -experimental-emit-module-separately -disable-cmo

Copy /Users/richard/code/BicTerm/.build-artifacts/DerivedData/g12-app/Build/Products/Debug-iphonesimulator/CoderTunnel.framework/Modules/CoderTunnel.swiftmodule/arm64-apple-ios-simulator.abi.json /Users/richard/code/BicTerm/.build-artifacts/DerivedData/g12-app/Build/Intermediates.noindex/BicTerm.build/Debug-iphonesimulator/CoderTunnel.build/Objects-normal/arm64/CoderTunnel.abi.json (in target 'CoderTunnel' from project 'BicTerm')
    cd /Users/richard/code/BicTerm
    builtin-copy -exclude .DS_Store -exclude CVS -exclude .svn -exclude .git -exclude .hg -resolve-src-symlinks -rename /Users/richard/code/BicTerm/.build-artifacts/DerivedData/g12-app/Build/Intermediates.noindex/BicTerm.build/Debug-iphonesimulator/CoderTunnel.build/Objects-normal/arm64/CoderTunnel.abi.json /Users/richard/code/BicTerm/.build-artifacts/DerivedData/g12-app/Build/Products/Debug-iphonesimulator/CoderTunnel.framework/Modules/CoderTunnel.swiftmodule/arm64-apple-ios-simulator.abi.json

ClangStatCache /Applications/Xcode.app/Contents/Developer/Toolchains/XcodeDefault.xctoolchain/usr/bin/clang-stat-cache /Applications/Xcode.app/Contents/Developer/Platforms/MacOSX.platform/Developer/SDKs/MacOSX26.5.sdk /Users/richard/code/BicTerm/.build-artifacts/DerivedData/g12-app/SDKStatCaches.noindex/macosx26.5-25F70-688ef53f1462e2c8f657fdc38a81448fe082c4a02f00227109f4ed75e425c832.sdkstatcache
    cd /Users/richard/code/BicTerm/BicTerm.xcodeproj
    /Applications/Xcode.app/Contents/Developer/Toolchains/XcodeDefault.xctoolchain/usr/bin/clang-stat-cache /Applications/Xcode.app/Contents/Developer/Platforms/MacOSX.platform/Developer/SDKs/MacOSX26.5.sdk -o /Users/richard/code/BicTerm/.build-artifacts/DerivedData/g12-app/SDKStatCaches.noindex/macosx26.5-25F70-688ef53f1462e2c8f657fdc38a81448fe082c4a02f00227109f4ed75e425c832.sdkstatcache

ProcessInfoPlistFile /Users/richard/code/BicTerm/.build-artifacts/DerivedData/g12-app/Build/Products/Debug-iphonesimulator/SwiftTerm_SwiftTerm.bundle/Info.plist /Users/richard/code/BicTerm/.build-artifacts/DerivedData/g12-app/Build/Intermediates.noindex/SwiftTerm.build/Debug-iphonesimulator/SwiftTerm_SwiftTerm.build/empty-SwiftTerm_SwiftTerm.plist (in target 'SwiftTerm_SwiftTerm' from project 'SwiftTerm')
    cd /Users/richard/code/BicTerm/Vendor/SwiftTerm
    builtin-infoPlistUtility /Users/richard/code/BicTerm/.build-artifacts/DerivedData/g12-app/Build/Intermediates.noindex/SwiftTerm.build/Debug-iphonesimulator/SwiftTerm_SwiftTerm.build/empty-SwiftTerm_SwiftTerm.plist -producttype com.apple.product-type.bundle -expandbuildsettings -format binary -platform iphonesimulator -o /Users/richard/code/BicTerm/.build-artifacts/DerivedData/g12-app/Build/Products/Debug-iphonesimulator/SwiftTerm_SwiftTerm.bundle/Info.plist

CustomTask Generate\ SwiftTerm\ build\ information 5509f0efb9f14cdab931e882b67ca216 (in target 'SwiftTerm' from project 'SwiftTerm')
    cd /Users/richard/code/BicTerm/Vendor/SwiftTerm
    export ACTION\=build
    export AD_HOC_CODE_SIGNING_ALLOWED\=YES
    export ALLOW_BUILD_REQUEST_OVERRIDES\=NO
    export ALLOW_TARGET_PLATFORM_SPECIALIZATION\=NO
    export ALTERNATE_GROUP\=staff
    export ALTERNATE_MODE\=u+w,go-w,a+rX
    export ALTERNATE_OWNER\=richard
    export ALTERNATIVE_DISTRIBUTION_WEB\=NO
    export ALWAYS_EMBED_SWIFT_STANDARD_LIBRARIES\=NO
    export ALWAYS_SEARCH_USER_PATHS\=YES
    export ALWAYS_USE_SEPARATE_HEADERMAPS\=NO
    export APPLICATION_EXTENSION_API_ONLY\=NO
    export APPLY_RULES_IN_COPY_FILES\=NO
    export APPLY_RULES_IN_COPY_HEADERS\=NO
    export APP_SHORTCUTS_ENABLE_FLEXIBLE_MATCHING\=YES
    export ARCHS\=arm64
    export ARCHS_BASE\=arm64
    export ARCHS_STANDARD\=arm64\ x86_64
    export ARCHS_STANDARD_32_64_BIT\=arm64\ x86_64
    export ARCHS_STANDARD_64_BIT\=arm64\ x86_64
    export ARCHS_STANDARD_INCLUDING_64_BIT\=arm64\ x86_64
    export ARCHS_UNIVERSAL_IPHONE_OS\=arm64\ x86_64
    export ASSETCATALOG_FILTER_FOR_DEVICE_MODEL\=iPhone18,1
    export ASSETCATALOG_FILTER_FOR_DEVICE_OS_VERSION\=26.5
    export ASSETCATALOG_FILTER_FOR_THINNING_DEVICE_CONFIGURATION\=iPhone18,1
    export AUTOMATICALLY_MERGE_DEPENDENCIES\=NO
    export AUTOMATION_APPLE_EVENTS\=NO
    export AVAILABLE_PLATFORMS\=android\ appletvos\ appletvsimulator\ driverkit\ freebsd\ iphoneos\ iphonesimulator\ linux\ macosx\ none\ openbsd\ qnx\ watchos\ watchsimulator\ webassembly\ xros\ xrsimulator
    export BUILD_ACTIVE_RESOURCES_ONLY\=YES
    export BUILD_COMPONENTS\=headers\ build
    export BUILD_DIR\=/Users/richard/code/BicTerm/.build-artifacts/DerivedData/g12-app/Build/Products
    export BUILD_LIBRARY_FOR_DISTRIBUTION\=NO
    export BUILD_ONLY_KNOWN_LOCALIZATIONS\=NO
    export BUILD_ROOT\=/Users/richard/code/BicTerm/.build-artifacts/DerivedData/g12-app/Build/Products
    export BUILD_STYLE\=
    export BUILD_VARIANTS\=normal
    export BUILT_PRODUCTS_DIR\=/Users/richard/code/BicTerm/.build-artifacts/DerivedData/g12-app/Build/Products/Debug-iphonesimulator
    export BUNDLE_CONTENTS_FOLDER_PATH_deep\=Contents/
    export BUNDLE_EXECUTABLE_FOLDER_NAME_deep\=MacOS
    export BUNDLE_EXTENSIONS_FOLDER_PATH\=Extensions
    export BUNDLE_FORMAT\=shallow
    export BUNDLE_FRAMEWORKS_FOLDER_PATH\=Frameworks
    export BUNDLE_PLUGINS_FOLDER_PATH\=PlugIns
    export BUNDLE_PRIVATE_HEADERS_FOLDER_PATH\=PrivateHeaders
    export BUNDLE_PUBLIC_HEADERS_FOLDER_PATH\=Headers
    export CACHE_ROOT\=/var/folders/hy/m79bdqfj21g6ndt8hbtf0c6w0000gn/C/com.apple.DeveloperTools/26.6-17F113/Xcode
    export CCHROOT\=/var/folders/hy/m79bdqfj21g6ndt8hbtf0c6w0000gn/C/com.apple.DeveloperTools/26.6-17F113/Xcode
    export CHMOD\=/bin/chmod
    export CHOWN\=chown
    export CLANG_CACHE_FINE_GRAINED_OUTPUTS\=YES
    export CLANG_COVERAGE_MAPPING_LINKER_ARGS\=NO
    export CLANG_ENABLE_EXPLICIT_MODULES\=YES
    export CLANG_ENABLE_MODULES\=YES
    export CLANG_ENABLE_OBJC_ARC\=YES
    export CLANG_MODULES_BUILD_SESSION_FILE\=/Users/richard/code/BicTerm/.build-artifacts/DerivedData/g12-app/ModuleCache.noindex/Session.modulevalidation
    export CLASS_FILE_DIR\=/Users/richard/code/BicTerm/.build-artifacts/DerivedData/g12-app/Build/Intermediates.noindex/SwiftTerm.build/Debug-iphonesimulator/SwiftTerm.build/JavaClasses
    export CLEAN_PRECOMPS\=YES
    export CLONE_HEADERS\=NO
    export CODESIGNING_FOLDER_PATH\=/Users/richard/code/BicTerm/.build-artifacts/DerivedData/g12-app/Build/Products/Debug-iphonesimulator/SwiftTerm.o
    export CODE_SIGNING_ALLOWED\=NO
    export CODE_SIGNING_REQUIRED\=NO
    export CODE_SIGN_CONTEXT_CLASS\=XCiPhoneSimulatorCodeSignContext
    export CODE_SIGN_INJECT_BASE_ENTITLEMENTS\=YES
    export COLOR_DIAGNOSTICS\=NO
    export COMBINE_HIDPI_IMAGES\=NO
    export COMPILATION_CACHE_CAS_PATH\=/Users/richard/code/BicTerm/.build-artifacts/DerivedData/g12-app/CompilationCache.noindex
    export COMPILATION_CACHE_KEEP_CAS_DIRECTORY\=YES
    export COMPILER_INDEX_STORE_ENABLE\=Default
    export COMPILER_WORKING_DIRECTORY\=/Users/richard/code/BicTerm/BicTerm.xcodeproj
    export COMPOSITE_SDK_DIRS\=/Users/richard/code/BicTerm/.build-artifacts/DerivedData/g12-app/Build/Intermediates.noindex/CompositeSDKs
    export COMPRESS_PNG_FILES\=YES
    export CONFIGURATION\=Debug
    export CONFIGURATION_BUILD_DIR\=/Users/richard/code/BicTerm/.build-artifacts/DerivedData/g12-app/Build/Products/Debug-iphonesimulator
    export CONFIGURATION_TEMP_DIR\=/Users/richard/code/BicTerm/.build-artifacts/DerivedData/g12-app/Build/Intermediates.noindex/SwiftTerm.build/Debug-iphonesimulator
    export COPYING_PRESERVES_HFS_DATA\=NO
    export COPY_HEADERS_RUN_UNIFDEF\=NO
    export COPY_PHASE_STRIP\=NO
    export COREML_CODEGEN_LANGUAGE\=Swift
    export COREML_COMPILER_CONTAINER\=swift-package
    export CORRESPONDING_DEVICE_PLATFORM_DIR\=/Applications/Xcode.app/Contents/Developer/Platforms/iPhoneOS.platform
    export CORRESPONDING_DEVICE_PLATFORM_NAME\=iphoneos
    export CORRESPONDING_DEVICE_SDK_DIR\=/Applications/Xcode.app/Contents/Developer/Platforms/iPhoneOS.platform/Developer/SDKs/iPhoneOS26.5.sdk
    export CORRESPONDING_DEVICE_SDK_NAME\=iphoneos26.5
    export CP\=/bin/cp
    export CREATE_INFOPLIST_SECTION_IN_BINARY\=NO
    export CURRENT_ARCH\=undefined_arch
    export CURRENT_VARIANT\=normal
    export DEAD_CODE_STRIPPING\=NO
    export DEBUGGING_SYMBOLS\=YES
    export DEBUG_INFORMATION_FORMAT\=dwarf
    export DEBUG_INFORMATION_VERSION\=compiler-default
    export DEFAULT_COMPILER\=com.apple.compilers.llvm.clang.1_0
    export DEFAULT_DEXT_INSTALL_PATH\=/System/Library/DriverExtensions
    export DEFAULT_KEXT_INSTALL_PATH\=/System/Library/Extensions
    export DEFINES_MODULE\=YES
    export DEPLOYMENT_LOCATION\=NO
    export DEPLOYMENT_POSTPROCESSING\=NO
    export DEPLOYMENT_TARGET_SETTING_NAME\=IPHONEOS_DEPLOYMENT_TARGET
    export DEPLOYMENT_TARGET_SUGGESTED_VALUES\=12.0\ 12.1\ 12.2\ 12.3\ 12.4\ 13.0\ 13.1\ 13.2\ 13.3\ 13.4\ 13.5\ 13.6\ 14.0\ 14.1\ 14.2\ 14.3\ 14.4\ 14.5\ 14.6\ 14.7\ 15.0\ 15.1\ 15.2\ 15.3\ 15.4\ 15.5\ 15.6\ 16.0\ 16.1\ 16.2\ 16.3\ 16.4\ 16.5\ 16.6\ 17.0\ 17.1\ 17.2\ 17.3\ 17.4\ 17.5\ 17.6\ 18.0\ 18.1\ 18.2\ 18.3\ 18.4\ 18.5\ 18.6\ 26.0\ 26.2\ 26.3\ 26.4\ 26.5
    export DERIVED_FILES_DIR\=/Users/richard/code/BicTerm/.build-artifacts/DerivedData/g12-app/Build/Intermediates.noindex/SwiftTerm.build/Debug-iphonesimulator/SwiftTerm.build/DerivedSources
    export DERIVED_FILE_DIR\=/Users/richard/code/BicTerm/.build-artifacts/DerivedData/g12-app/Build/Intermediates.noindex/SwiftTerm.build/Debug-iphonesimulator/SwiftTerm.build/DerivedSources
    export DERIVED_SOURCES_DIR\=/Users/richard/code/BicTerm/.build-artifacts/DerivedData/g12-app/Build/Intermediates.noindex/SwiftTerm.build/Debug-iphonesimulator/SwiftTerm.build/DerivedSources
    export DEVELOPER_APPLICATIONS_DIR\=/Applications/Xcode.app/Contents/Developer/Applications
    export DEVELOPER_BIN_DIR\=/Applications/Xcode.app/Contents/Developer/usr/bin
    export DEVELOPER_DIR\=/Applications/Xcode.app/Contents/Developer
    export DEVELOPER_FRAMEWORKS_DIR\=/Applications/Xcode.app/Contents/Developer/Library/Frameworks
    export DEVELOPER_FRAMEWORKS_DIR_QUOTED\=/Applications/Xcode.app/Contents/Developer/Library/Frameworks
    export DEVELOPER_LIBRARY_DIR\=/Applications/Xcode.app/Contents/Developer/Library
    export DEVELOPER_SDK_DIR\=/Applications/Xcode.app/Contents/Developer/Platforms/MacOSX.platform/Developer/SDKs
    export DEVELOPER_TOOLS_DIR\=/Applications/Xcode.app/Contents/Developer/Tools
    export DEVELOPER_USR_DIR\=/Applications/Xcode.app/Contents/Developer/usr
    export DEVELOPMENT_LANGUAGE\=en
    export DIAGNOSE_MISSING_TARGET_DEPENDENCIES\=YES
    export DIFF\=/usr/bin/diff
    export DONT_GENERATE_INFOPLIST_FILE\=NO
    export DSTROOT\=/tmp/SwiftTerm.dst
    export DT_TOOLCHAIN_DIR\=/Applications/Xcode.app/Contents/Developer/Toolchains/XcodeDefault.xctoolchain
    export DUMP_DEPENDENCIES\=NO
    export DUMP_DEPENDENCIES_OUTPUT_PATH\=/Users/richard/code/BicTerm/.build-artifacts/DerivedData/g12-app/Build/Intermediates.noindex/SwiftTerm.build/Debug-iphonesimulator/SwiftTerm.build/SwiftTerm-BuildDependencyInfo.json
    export DWARF_DSYM_FILE_NAME\=SwiftTerm.o.dSYM
    export DWARF_DSYM_FILE_SHOULD_ACCOMPANY_PRODUCT\=NO
    export DWARF_DSYM_FOLDER_PATH\=/Users/richard/code/BicTerm/.build-artifacts/DerivedData/g12-app/Build/Products/Debug-iphonesimulator
    export DYLIB_INSTALL_NAME_BASE\=@rpath
    export DYNAMIC_LIBRARY_EXTENSION\=dylib
    export EAGER_COMPILATION_ALLOW_SCRIPTS\=NO
    export EAGER_LINKING\=NO
    export EFFECTIVE_PLATFORM_NAME\=-iphonesimulator
    export EFFECTIVE_SWIFT_VERSION\=5
    export EMBEDDED_CONTENT_CONTAINS_SWIFT\=NO
    export EMBED_ASSET_PACKS_IN_PRODUCT_BUNDLE\=NO
    export ENABLE_APP_SANDBOX\=NO
    export ENABLE_CODE_COVERAGE\=YES
    export ENABLE_COHORT_ARCHS\=NO
    export ENABLE_CPLUSPLUS_BOUNDS_SAFE_BUFFERS\=NO
    export ENABLE_C_BOUNDS_SAFETY\=NO
    export ENABLE_DEFAULT_HEADER_SEARCH_PATHS\=YES
    export ENABLE_DEFAULT_SEARCH_PATHS\=YES
    export ENABLE_ENHANCED_SECURITY\=NO
    export ENABLE_HARDENED_RUNTIME\=NO
    export ENABLE_HEADER_DEPENDENCIES\=YES
    export ENABLE_INCOMING_NETWORK_CONNECTIONS\=NO
    export ENABLE_NS_ASSERTIONS\=YES
    export ENABLE_ON_DEMAND_RESOURCES\=NO
    export ENABLE_OUTGOING_NETWORK_CONNECTIONS\=NO
    export ENABLE_POINTER_AUTHENTICATION\=NO
    export ENABLE_PREVIEWS\=NO
    export ENABLE_RESOURCE_ACCESS_AUDIO_INPUT\=NO
    export ENABLE_RESOURCE_ACCESS_BLUETOOTH\=NO
    export ENABLE_RESOURCE_ACCESS_CALENDARS\=NO
    export ENABLE_RESOURCE_ACCESS_CAMERA\=NO
    export ENABLE_RESOURCE_ACCESS_CONTACTS\=NO
    export ENABLE_RESOURCE_ACCESS_LOCATION\=NO
    export ENABLE_RESOURCE_ACCESS_PHOTO_LIBRARY\=NO
    export ENABLE_RESOURCE_ACCESS_PRINTING\=NO
    export ENABLE_RESOURCE_ACCESS_USB\=NO
    export ENABLE_SDK_IMPORTS\=NO
    export ENABLE_SECURITY_COMPILER_WARNINGS\=NO
    export ENABLE_TESTABILITY\=YES
    export ENABLE_TESTING_SEARCH_PATHS\=YES
    export ENABLE_USER_SCRIPT_SANDBOXING\=NO
    export ENABLE_XOJIT_PREVIEWS\=YES
    export ENFORCE_VALID_ARCHS\=YES
    export ENTITLEMENTS_DESTINATION\=__entitlements
    export ENTITLEMENTS_REQUIRED\=NO
    export EXCLUDED_INSTALLSRC_SUBDIRECTORY_PATTERNS\=.DS_Store\ .svn\ .git\ .hg\ CVS
    export EXCLUDED_RECURSIVE_SEARCH_PATH_SUBDIRECTORIES\=\*.nib\ \*.lproj\ \*.framework\ \*.gch\ \*.xcode\*\ \*.xcassets\ \*.icon\ \(\*\)\ .DS_Store\ CVS\ .svn\ .git\ .hg\ \*.pbproj\ \*.pbxproj
    export EXECUTABLE_EXTENSION\=o
    export EXECUTABLE_NAME\=SwiftTerm.o
    export EXECUTABLE_PATH\=SwiftTerm.o
    export EXECUTABLE_SUFFIX\=.o
    export FILE_LIST\=/Users/richard/code/BicTerm/.build-artifacts/DerivedData/g12-app/Build/Intermediates.noindex/SwiftTerm.build/Debug-iphonesimulator/SwiftTerm.build/Objects/LinkFileList
    export FIXED_FILES_DIR\=/Users/richard/code/BicTerm/.build-artifacts/DerivedData/g12-app/Build/Intermediates.noindex/SwiftTerm.build/Debug-iphonesimulator/SwiftTerm.build/FixedFiles
    export FRAMEWORK_FLAG_PREFIX\=-framework
    export FRAMEWORK_SEARCH_PATHS\=/Users/richard/code/BicTerm/.build-artifacts/DerivedData/g12-app/Build/Products/Debug-iphonesimulator\ 
    export FRAMEWORK_VERSION\=A
    export FULL_PRODUCT_NAME\=SwiftTerm.o
    export FUSE_BUILD_PHASES\=YES
    export FUSE_BUILD_SCRIPT_PHASES\=NO
    export GCC3_VERSION\=3.3
    export GCC_INLINES_ARE_PRIVATE_EXTERN\=YES
    export GCC_OBJC_LEGACY_DISPATCH\=YES
    export GCC_OPTIMIZATION_LEVEL\=0
    export GCC_PFE_FILE_C_DIALECTS\=c\ objective-c\ c++\ objective-c++
    export GCC_PREPROCESSOR_DEFINITIONS\=\ SWIFT_PACKAGE\ DEBUG\=1
    export GCC_TREAT_WARNINGS_AS_ERRORS\=NO
    export GCC_VERSION\=com.apple.compilers.llvm.clang.1_0
    export GCC_VERSION_IDENTIFIER\=com_apple_compilers_llvm_clang_1_0
    export GCC_WARN_64_TO_32_BIT_CONVERSION\=NO
    export GENERATED_MODULEMAP_DIR\=/Users/richard/code/BicTerm/.build-artifacts/DerivedData/g12-app/Build/Intermediates.noindex/GeneratedModuleMaps-iphonesimulator
    export GENERATE_INFOPLIST_FILE\=NO
    export GENERATE_INTERMEDIATE_TEXT_BASED_STUBS\=YES
    export GENERATE_MASTER_OBJECT_FILE\=NO
    export GENERATE_PKGINFO_FILE\=NO
    export GENERATE_PRELINK_OBJECT_FILE\=NO
    export GENERATE_PROFILING_CODE\=NO
    export GENERATE_RESOURCE_ACCESSORS\=YES
    export GENERATE_TEXT_BASED_STUBS\=NO
    export GID\=20
    export GROUP\=staff
    export HEADERMAP_INCLUDES_FLAT_ENTRIES_FOR_TARGET_BEING_BUILT\=YES
    export HEADERMAP_INCLUDES_FRAMEWORK_ENTRIES_FOR_ALL_PRODUCT_TYPES\=YES
    export HEADERMAP_INCLUDES_FRAMEWORK_ENTRIES_FOR_TARGETS_NOT_BEING_BUILT\=YES
    export HEADERMAP_INCLUDES_NONPUBLIC_NONPRIVATE_HEADERS\=YES
    export HEADERMAP_INCLUDES_PROJECT_HEADERS\=YES
    export HEADERMAP_USES_FRAMEWORK_PREFIX_ENTRIES\=YES
    export HEADERMAP_USES_VFS\=YES
    export HEADER_SEARCH_PATHS\=/Users/richard/code/BicTerm/.build-artifacts/DerivedData/g12-app/Build/Products/Debug-iphonesimulator/include\ 
    export HOME\=/Users/richard
    export HOST_ARCH\=arm64
    export HOST_PLATFORM\=macosx
    export ICONV\=/usr/bin/iconv
    export IMPLICIT_DEPENDENCY_DOMAIN\=default
    export INDEX_STORE_COMPRESS\=NO
    export INDEX_STORE_ONLY_PROJECT_FILES\=NO
    export INFOPLIST_ENABLE_CFBUNDLEICONS_MERGE\=YES
    export INFOPLIST_EXPAND_BUILD_SETTINGS\=YES
    export INFOPLIST_OUTPUT_FORMAT\=binary
    export INFOPLIST_PREPROCESS\=NO
    export INLINE_PRIVATE_FRAMEWORKS\=NO
    export INSTALLAPI_IGNORE_SKIP_INSTALL\=YES
    export INSTALLHDRS_COPY_PHASE\=NO
    export INSTALLHDRS_SCRIPT_PHASE\=NO
    export INSTALL_DIR\=/tmp/SwiftTerm.dst/Users/richard/Objects
    export INSTALL_GROUP\=staff
    export INSTALL_MODE_FLAG\=u+w,go-w,a+rX
    export INSTALL_OWNER\=richard
    export INSTALL_PATH\=/Users/richard/Objects
    export INSTALL_ROOT\=/tmp/SwiftTerm.dst
    export IPHONEOS_DEPLOYMENT_TARGET\=14.0
    export IS_UNOPTIMIZED_BUILD\=YES
    export JAVAC_DEFAULT_FLAGS\=-J-Xms64m\ -J-XX:NewSize\=4M\ -J-Dfile.encoding\=UTF8
    export JAVA_APP_STUB\=/System/Library/Frameworks/JavaVM.framework/Resources/MacOS/JavaApplicationStub
    export JAVA_ARCHIVE_CLASSES\=YES
    export JAVA_ARCHIVE_TYPE\=JAR
    export JAVA_COMPILER\=/usr/bin/javac
    export JAVA_FRAMEWORK_RESOURCES_DIRS\=Resources
    export JAVA_JAR_FLAGS\=cv
    export JAVA_SOURCE_SUBDIR\=.
    export JAVA_USE_DEPENDENCIES\=YES
    export JAVA_ZIP_FLAGS\=-urg
    export JIKES_DEFAULT_FLAGS\=+E\ +OLDCSO
    export KEEP_PRIVATE_EXTERNS\=NO
    export LD_DEPENDENCY_INFO_FILE\=/Users/richard/code/BicTerm/.build-artifacts/DerivedData/g12-app/Build/Intermediates.noindex/SwiftTerm.build/Debug-iphonesimulator/SwiftTerm.build/Objects-normal/undefined_arch/SwiftTerm_dependency_info.dat
    export LD_EXPORT_SYMBOLS\=YES
    export LD_GENERATE_MAP_FILE\=NO
    export LD_MAP_FILE_PATH\=/Users/richard/code/BicTerm/.build-artifacts/DerivedData/g12-app/Build/Intermediates.noindex/SwiftTerm.build/Debug-iphonesimulator/SwiftTerm.build/SwiftTerm-LinkMap-normal-undefined_arch.txt
    export LD_NO_PIE\=NO
    export LD_QUOTE_LINKER_ARGUMENTS_FOR_COMPILER_DRIVER\=YES
    export LD_SHARED_CACHE_ELIGIBLE\=Automatic
    export LD_WARN_DUPLICATE_LIBRARIES\=NO
    export LD_WARN_UNUSED_DYLIBS\=NO
    export LEGACY_DEVELOPER_DIR\=/Applications/Xcode.app/Contents/PlugIns/Xcode3Core.ideplugin/Contents/SharedSupport/Developer
    export LEX\=lex
    export LIBRARY_DEXT_INSTALL_PATH\=/Library/DriverExtensions
    export LIBRARY_FLAG_NOSPACE\=YES
    export LIBRARY_FLAG_PREFIX\=-l
    export LIBRARY_KEXT_INSTALL_PATH\=/Library/Extensions
    export LIBRARY_SEARCH_PATHS\=/Users/richard/code/BicTerm/.build-artifacts/DerivedData/g12-app/Build/Products/Debug-iphonesimulator\ \ \ /Applications/Xcode.app/Contents/Developer/Platforms/iPhoneSimulator.platform/Developer/usr/lib
    export LINKER_DISPLAYS_MANGLED_NAMES\=NO
    export LINK_FILE_LIST_normal_arm64\=/Users/richard/code/BicTerm/.build-artifacts/DerivedData/g12-app/Build/Intermediates.noindex/SwiftTerm.build/Debug-iphonesimulator/SwiftTerm.build/Objects-normal/arm64/SwiftTerm.LinkFileList
    export LINK_OBJC_RUNTIME\=YES
    export LINK_WITH_STANDARD_LIBRARIES\=NO
    export LLVM_TARGET_TRIPLE_OS_VERSION\=ios14.0
    export LLVM_TARGET_TRIPLE_SUFFIX\=-simulator
    export LLVM_TARGET_TRIPLE_VENDOR\=apple
    export LM_AUX_CONST_METADATA_LIST_PATH_normal_arm64\=/Users/richard/code/BicTerm/.build-artifacts/DerivedData/g12-app/Build/Intermediates.noindex/SwiftTerm.build/Debug-iphonesimulator/SwiftTerm.build/Objects-normal/arm64/SwiftTerm.SwiftConstValuesFileList
    export LOCALIZATION_EXPORT_SUPPORTED\=YES
    export LOCALIZATION_PREFERS_STRING_CATALOGS\=NO
    export LOCALIZED_STRING_CODE_COMMENTS\=NO
    export LOCALIZED_STRING_MACRO_NAMES\=NSLocalizedString\ CFCopyLocalizedString
    export LOCALIZED_STRING_SWIFTUI_SUPPORT\=YES
    export LOCAL_ADMIN_APPS_DIR\=/Applications/Utilities
    export LOCAL_APPS_DIR\=/Applications
    export LOCAL_DEVELOPER_DIR\=/Library/Developer
    export LOCAL_LIBRARY_DIR\=/Library
    export LOCROOT\=/Users/richard/code/BicTerm/Vendor/SwiftTerm
    export LOCSYMROOT\=/Users/richard/code/BicTerm/Vendor/SwiftTerm
    export MACH_O_TYPE\=mh_object
    export MAC_OS_X_PRODUCT_BUILD_VERSION\=25G83
    export MAC_OS_X_VERSION_ACTUAL\=260602
    export MAC_OS_X_VERSION_MAJOR\=260000
    export MAC_OS_X_VERSION_MINOR\=260600
    export MAKE_MERGEABLE\=NO
    export MERGEABLE_LIBRARY\=NO
    export MERGED_BINARY_TYPE\=none
    export MERGE_LINKED_LIBRARIES\=NO
    export METAL_LIBRARY_FILE_BASE\=default
    export METAL_LIBRARY_OUTPUT_DIR\=/Users/richard/code/BicTerm/.build-artifacts/DerivedData/g12-app/Build/Products/Debug-iphonesimulator/
    export MODULEMAP_FILE_CONTENTS\=module\ SwiftTerm\ \{'
'header\ \"SwiftTerm-Swift.h\"'
'export\ \*'
'\}
    export MODULEMAP_PATH\=/Users/richard/code/BicTerm/.build-artifacts/DerivedData/g12-app/Build/Intermediates.noindex/GeneratedModuleMaps-iphonesimulator/SwiftTerm.modulemap
    export MODULE_CACHE_DIR\=/Users/richard/code/BicTerm/.build-artifacts/DerivedData/g12-app/ModuleCache.noindex
    export NATIVE_ARCH\=arm64
    export NATIVE_ARCH_32_BIT\=arm
    export NATIVE_ARCH_64_BIT\=arm64
    export NATIVE_ARCH_ACTUAL\=arm64
    export NO_COMMON\=YES
    export OBJC_ABI_VERSION\=2
    export OBJECT_FILE_DIR\=/Users/richard/code/BicTerm/.build-artifacts/DerivedData/g12-app/Build/Intermediates.noindex/SwiftTerm.build/Debug-iphonesimulator/SwiftTerm.build/Objects
    export OBJECT_FILE_DIR_normal\=/Users/richard/code/BicTerm/.build-artifacts/DerivedData/g12-app/Build/Intermediates.noindex/SwiftTerm.build/Debug-iphonesimulator/SwiftTerm.build/Objects-normal
    export OBJROOT\=/Users/richard/code/BicTerm/.build-artifacts/DerivedData/g12-app/Build/Intermediates.noindex
    export ONLY_ACTIVE_ARCH\=YES
    export OS\=MACOS
    export OSAC\=/usr/bin/osacompile
    export OTHER_CFLAGS\=\ -DXcode
    export OTHER_CPLUSPLUSFLAGS\=\ -DXcode
    export OTHER_SWIFT_FLAGS\=\ -DXcode\ -plugin-path\ /Applications/Xcode.app/Contents/Developer/Toolchains/XcodeDefault.xctoolchain/usr/lib/swift/host/plugins/testing
    export PACKAGE_RESOURCE_BUNDLE_NAME\=SwiftTerm_SwiftTerm
    export PACKAGE_RESOURCE_TARGET_KIND\=regular
    export PACKAGE_TYPE\=com.apple.package-type.mach-o-objfile
    export PASCAL_STRINGS\=YES
    export PATH\=/Applications/Xcode.app/Contents/SharedFrameworks/SwiftBuild.framework/Versions/A/PlugIns/SWBBuildService.bundle/Contents/PlugIns/SWBUniversalPlatformPlugin.bundle/Contents/Frameworks/SWBUniversalPlatform.framework/Resources:/var/run/com.apple.security.cryptexd/mnt/com.apple.MobileAsset.MetalToolchain-v17.6.109.0.ozHyXD/Metal.xctoolchain/usr/bin:/var/run/com.apple.security.cryptexd/mnt/com.apple.MobileAsset.MetalToolchain-v17.6.109.0.ozHyXD/Metal.xctoolchain/usr/local/bin:/var/run/com.apple.security.cryptexd/mnt/com.apple.MobileAsset.MetalToolchain-v17.6.109.0.ozHyXD/Metal.xctoolchain/usr/libexec:/Applications/Xcode.app/Contents/Developer/Toolchains/XcodeDefault.xctoolchain/usr/bin:/Applications/Xcode.app/Contents/Developer/Toolchains/XcodeDefault.xctoolchain/usr/local/bin:/Applications/Xcode.app/Contents/Developer/Toolchains/XcodeDefault.xctoolchain/usr/libexec:/Applications/Xcode.app/Contents/Developer/Platforms/iPhoneSimulator.platform/usr/bin:/Applications/Xcode.app/Contents/Developer/Platforms/iPhoneSimulator.platform/usr/local/bin:/Applications/Xcode.app/Contents/Developer/Platforms/iPhoneSimulator.platform/Developer/usr/bin:/Applications/Xcode.app/Contents/Developer/Platforms/iPhoneSimulator.platform/Developer/usr/local/bin:/Applications/Xcode.app/Contents/Developer/usr/bin:/Applications/Xcode.app/Contents/Developer/usr/local/bin:/Users/richard/.opencode/bin:/Users/richard/.bun/bin:/Users/richard/.local/bin:/opt/homebrew/opt/ruby/bin:/Users/richard/.pyenv/shims:/Users/richard/.krew/bin:/opt/homebrew/bin:/Users/richard/.nvm/versions/node/v22.22.0/bin:/usr/local/bin:/opt/local/bin:/opt/local/sbin:/System/Cryptexes/App/usr/bin:/usr/bin:/bin:/usr/sbin:/sbin:/var/run/com.apple.security.cryptexd/codex.system/bootstrap/usr/local/bin:/var/run/com.apple.security.cryptexd/codex.system/bootstrap/usr/bin:/var/run/com.apple.security.cryptexd/codex.system/bootstrap/usr/appleinternal/bin:/pkg/env/global/bin:/Library/Apple/usr/bin:/usr/local/MacGPG2/bin:/usr/local/share/dotnet:/Library/Frameworks/Mono.framework/Versions/Current/Commands:/Users/richard/.cargo/bin:/Users/richard/go/bin:/opt/homebrew/opt/go/libexec/bin:/Users/richard/.lmstudio/bin
    export PATH_PREFIXES_EXCLUDED_FROM_HEADER_DEPENDENCIES\=/usr/include\ /usr/local/include\ /System/Library/Frameworks\ /System/Library/PrivateFrameworks\ /Applications/Xcode.app/Contents/Developer/Headers\ /Applications/Xcode.app/Contents/Developer/SDKs\ /Applications/Xcode.app/Contents/Developer/Platforms
    export PER_ARCH_MODULE_FILE_DIR\=/Users/richard/code/BicTerm/.build-artifacts/DerivedData/g12-app/Build/Intermediates.noindex/SwiftTerm.build/Debug-iphonesimulator/SwiftTerm.build/Objects-normal/undefined_arch
    export PER_ARCH_OBJECT_FILE_DIR\=/Users/richard/code/BicTerm/.build-artifacts/DerivedData/g12-app/Build/Intermediates.noindex/SwiftTerm.build/Debug-iphonesimulator/SwiftTerm.build/Objects-normal/undefined_arch
    export PER_VARIANT_OBJECT_FILE_DIR\=/Users/richard/code/BicTerm/.build-artifacts/DerivedData/g12-app/Build/Intermediates.noindex/SwiftTerm.build/Debug-iphonesimulator/SwiftTerm.build/Objects-normal
    export PKGINFO_FILE_PATH\=/Users/richard/code/BicTerm/.build-artifacts/DerivedData/g12-app/Build/Intermediates.noindex/SwiftTerm.build/Debug-iphonesimulator/SwiftTerm.build/PkgInfo
    export PLATFORM_DEVELOPER_APPLICATIONS_DIR\=/Applications/Xcode.app/Contents/Developer/Platforms/iPhoneSimulator.platform/Developer/Applications
    export PLATFORM_DEVELOPER_BIN_DIR\=/Applications/Xcode.app/Contents/Developer/Platforms/iPhoneSimulator.platform/Developer/usr/bin
    export PLATFORM_DEVELOPER_LIBRARY_DIR\=/Applications/Xcode.app/Contents/Developer/Platforms/iPhoneSimulator.platform/Developer/Library
    export PLATFORM_DEVELOPER_SDK_DIR\=/Applications/Xcode.app/Contents/Developer/Platforms/iPhoneSimulator.platform/Developer/SDKs
    export PLATFORM_DEVELOPER_TOOLS_DIR\=/Applications/Xcode.app/Contents/Developer/Platforms/iPhoneSimulator.platform/Developer/Tools
    export PLATFORM_DEVELOPER_USR_DIR\=/Applications/Xcode.app/Contents/Developer/Platforms/iPhoneSimulator.platform/Developer/usr
    export PLATFORM_DIR\=/Applications/Xcode.app/Contents/Developer/Platforms/iPhoneSimulator.platform
    export PLATFORM_DISPLAY_NAME\=iOS\ Simulator
    export PLATFORM_FAMILY_NAME\=iOS
    export PLATFORM_NAME\=iphonesimulator
    export PLATFORM_PREFERRED_ARCH\=x86_64
    export PLATFORM_PRODUCT_BUILD_VERSION\=23F81a
    export PLATFORM_REQUIRES_SWIFT_AUTOLINK_EXTRACT\=NO
    export PLATFORM_REQUIRES_SWIFT_MODULEWRAP\=NO
    export PLATFORM_USES_DSYMS\=YES
    export PLIST_FILE_OUTPUT_FORMAT\=binary
    export PRECOMPS_INCLUDE_HEADERS_FROM_BUILT_PRODUCTS_DIR\=YES
    export PRECOMP_DESTINATION_DIR\=/Users/richard/code/BicTerm/.build-artifacts/DerivedData/g12-app/Build/Intermediates.noindex/SwiftTerm.build/Debug-iphonesimulator/SwiftTerm.build/PrefixHeaders
    export PRIVATE_HEADERS_FOLDER_PATH\=/usr/local/include
    export PROCESSED_INFOPLIST_PATH\=/Users/richard/code/BicTerm/.build-artifacts/DerivedData/g12-app/Build/Intermediates.noindex/SwiftTerm.build/Debug-iphonesimulator/SwiftTerm.build/Objects-normal/undefined_arch/Processed-Info.plist
    export PRODUCT_BUNDLE_IDENTIFIER\=swiftterm.SwiftTerm
    export PRODUCT_MODULE_NAME\=SwiftTerm
    export PRODUCT_NAME\=SwiftTerm
    export PRODUCT_SETTINGS_PATH\=
    export PRODUCT_TYPE\=com.apple.product-type.objfile
    export PROFILING_CODE\=NO
    export PROJECT\=SwiftTerm
    export PROJECT_DERIVED_FILE_DIR\=/Users/richard/code/BicTerm/.build-artifacts/DerivedData/g12-app/Build/Intermediates.noindex/SwiftTerm.build/DerivedSources
    export PROJECT_DIR\=/Users/richard/code/BicTerm/Vendor/SwiftTerm
    export PROJECT_FILE_PATH\=/Users/richard/code/BicTerm/Vendor/SwiftTerm/Package.swift
    export PROJECT_GUID\=PACKAGE:/Users/richard/code/BicTerm/Vendor/SwiftTerm
    export PROJECT_NAME\=SwiftTerm
    export PROJECT_TEMP_DIR\=/Users/richard/code/BicTerm/.build-artifacts/DerivedData/g12-app/Build/Intermediates.noindex/SwiftTerm.build
    export PROJECT_TEMP_ROOT\=/Users/richard/code/BicTerm/.build-artifacts/DerivedData/g12-app/Build/Intermediates.noindex
    export PUBLIC_HEADERS_FOLDER_PATH\=/usr/local/include
    export RECOMMENDED_IPHONEOS_DEPLOYMENT_TARGET\=15.0
    export RECURSIVE_SEARCH_PATHS_FOLLOW_SYMLINKS\=YES
    export REMOVE_CVS_FROM_RESOURCES\=YES
    export REMOVE_GIT_FROM_RESOURCES\=YES
    export REMOVE_HEADERS_FROM_EMBEDDED_BUNDLES\=YES
    export REMOVE_HG_FROM_RESOURCES\=YES
    export REMOVE_STATIC_EXECUTABLES_FROM_EMBEDDED_BUNDLES\=YES
    export REMOVE_SVN_FROM_RESOURCES\=YES
    export RESCHEDULE_INDEPENDENT_HEADERS_PHASES\=YES
    export REZ_COLLECTOR_DIR\=/Users/richard/code/BicTerm/.build-artifacts/DerivedData/g12-app/Build/Intermediates.noindex/SwiftTerm.build/Debug-iphonesimulator/SwiftTerm.build/ResourceManagerResources
    export REZ_EXECUTABLE\=YES
    export REZ_OBJECTS_DIR\=/Users/richard/code/BicTerm/.build-artifacts/DerivedData/g12-app/Build/Intermediates.noindex/SwiftTerm.build/Debug-iphonesimulator/SwiftTerm.build/ResourceManagerResources/Objects
    export REZ_SEARCH_PATHS\=/Users/richard/code/BicTerm/.build-artifacts/DerivedData/g12-app/Build/Products/Debug-iphonesimulator\ 
    export RPATH_ORIGIN\=@loader_path
    export RUNTIME_EXCEPTION_ALLOW_DYLD_ENVIRONMENT_VARIABLES\=NO
    export RUNTIME_EXCEPTION_ALLOW_JIT\=NO
    export RUNTIME_EXCEPTION_ALLOW_UNSIGNED_EXECUTABLE_MEMORY\=NO
    export RUNTIME_EXCEPTION_DEBUGGING_TOOL\=NO
    export RUNTIME_EXCEPTION_DISABLE_EXECUTABLE_PAGE_PROTECTION\=NO
    export RUNTIME_EXCEPTION_DISABLE_LIBRARY_VALIDATION\=NO
    export SCANNING_PCM_KEEP_CACHE_DIRECTORY\=YES
    export SCAN_ALL_SOURCE_FILES_FOR_INCLUDES\=NO
    export SDKROOT\=/Applications/Xcode.app/Contents/Developer/Platforms/iPhoneSimulator.platform/Developer/SDKs/iPhoneSimulator26.5.sdk
    export SDK_DIR\=/Applications/Xcode.app/Contents/Developer/Platforms/iPhoneSimulator.platform/Developer/SDKs/iPhoneSimulator26.5.sdk
    export SDK_DIR_iphonesimulator\=/Applications/Xcode.app/Contents/Developer/Platforms/iPhoneSimulator.platform/Developer/SDKs/iPhoneSimulator26.5.sdk
    export SDK_DIR_iphonesimulator26_5\=/Applications/Xcode.app/Contents/Developer/Platforms/iPhoneSimulator.platform/Developer/SDKs/iPhoneSimulator26.5.sdk
    export SDK_NAME\=iphonesimulator26.5
    export SDK_NAMES\=iphonesimulator26.5
    export SDK_PRODUCT_BUILD_VERSION\=23F81a
    export SDK_STAT_CACHE_DIR\=/Users/richard/code/BicTerm/.build-artifacts/DerivedData/g12-app
    export SDK_STAT_CACHE_ENABLE\=YES
    export SDK_STAT_CACHE_PATH\=/Users/richard/code/BicTerm/.build-artifacts/DerivedData/g12-app/SDKStatCaches.noindex/iphonesimulator26.5-23F81a-688ef53f1462e2c8f657fdc38a81448f6cfe768891a92b912361537c460fe42b.sdkstatcache
    export SDK_VERSION\=26.5
    export SDK_VERSION_ACTUAL\=260500
    export SDK_VERSION_MAJOR\=260000
    export SDK_VERSION_MINOR\=260500
    export SED\=/usr/bin/sed
    export SEPARATE_STRIP\=NO
    export SEPARATE_SYMBOL_EDIT\=NO
    export SET_DIR_MODE_OWNER_GROUP\=YES
    export SET_FILE_MODE_OWNER_GROUP\=NO
    export SHALLOW_BUNDLE\=NO
    export SHARED_DERIVED_FILE_DIR\=/Users/richard/code/BicTerm/.build-artifacts/DerivedData/g12-app/Build/Products/Debug-iphonesimulator/DerivedSources
    export SHARED_PRECOMPS_DIR\=/Users/richard/code/BicTerm/.build-artifacts/DerivedData/g12-app/Build/Intermediates.noindex/PrecompiledHeaders
    export SKIP_INSTALL\=YES
    export SKIP_MERGEABLE_LIBRARY_BUNDLE_HOOK\=NO
    export SOURCE_ROOT\=/Users/richard/code/BicTerm/Vendor/SwiftTerm
    export SRCROOT\=/Users/richard/code/BicTerm/Vendor/SwiftTerm
    export STRINGSDATA_DIR\=/Users/richard/code/BicTerm/.build-artifacts/DerivedData/g12-app/Build/Intermediates.noindex/SwiftTerm.build/Debug-iphonesimulator/SwiftTerm.build/Objects-normal/undefined_arch
    export STRINGSDATA_ROOT\=/Users/richard/code/BicTerm/.build-artifacts/DerivedData/g12-app/Build/Intermediates.noindex/SwiftTerm.build/Debug-iphonesimulator/SwiftTerm.build
    export STRINGS_FILE_INFOPLIST_RENAME\=YES
    export STRINGS_FILE_OUTPUT_ENCODING\=binary
    export STRING_CATALOG_GENERATE_SYMBOLS\=NO
    export STRIP_BITCODE_FROM_COPIED_FILES\=NO
    export STRIP_INSTALLED_PRODUCT\=NO
    export STRIP_STYLE\=debugging
    export STRIP_SWIFT_SYMBOLS\=YES
    export SUPPORTED_DEVICE_FAMILIES\=1,2
    export SUPPORTED_PLATFORMS\=android\ appletvos\ appletvsimulator\ driverkit\ freebsd\ iphoneos\ iphonesimulator\ linux\ macosx\ none\ openbsd\ qnx\ watchos\ watchsimulator\ webassembly\ xros\ xrsimulator
    export SUPPORTS_MACCATALYST\=NO
    export SUPPORTS_TEXT_BASED_API\=NO
    export SUPPRESS_WARNINGS\=NO
    export SWIFT_ACTIVE_COMPILATION_CONDITIONS\=\ SWIFT_PACKAGE\ DEBUG\ SWIFT_MODULE_RESOURCE_BUNDLE_AVAILABLE
    export SWIFT_EMIT_CONST_VALUE_PROTOCOLS\=AnyResolverProviding\ AppEntity\ AppEnum\ AppExtension\ AppIntent\ AppIntentsPackage\ AppShortcutProviding\ AppShortcutsProvider\ DynamicOptionsProvider\ EntityQuery\ ExtensionPointDefining\ IntentValueQuery\ Resolver\ TransientEntity\ _AssistantIntentsProvider\ _GenerativeFunctionExtractable\ _IntentValueRepresentable
    export SWIFT_EMIT_LOC_STRINGS\=NO
    export SWIFT_ENABLE_BARE_SLASH_REGEX\=NO
    export SWIFT_ENABLE_EXPLICIT_MODULES\=YES
    export SWIFT_INSTALL_OBJC_HEADER\=NO
    export SWIFT_OBJC_INTERFACE_HEADER_DIR\=/Users/richard/code/BicTerm/.build-artifacts/DerivedData/g12-app/Build/Intermediates.noindex/GeneratedModuleMaps-iphonesimulator
    export SWIFT_OBJC_INTERFACE_HEADER_NAME\=SwiftTerm-Swift.h
    export SWIFT_OPTIMIZATION_LEVEL\=-Onone
    export SWIFT_PACKAGE_NAME\=swiftterm
    export SWIFT_PLATFORM_TARGET_PREFIX\=ios
    export SWIFT_RESPONSE_FILE_PATH_normal_arm64\=/Users/richard/code/BicTerm/.build-artifacts/DerivedData/g12-app/Build/Intermediates.noindex/SwiftTerm.build/Debug-iphonesimulator/SwiftTerm.build/Objects-normal/arm64/SwiftTerm.SwiftFileList
    export SWIFT_VERSION\=5
    export SYMROOT\=/Users/richard/code/BicTerm/.build-artifacts/DerivedData/g12-app/Build/Products
    export SYSTEM_ADMIN_APPS_DIR\=/Applications/Utilities
    export SYSTEM_APPS_DIR\=/Applications
    export SYSTEM_CORE_SERVICES_DIR\=/System/Library/CoreServices
    export SYSTEM_DEMOS_DIR\=/Applications/Extras
    export SYSTEM_DEVELOPER_APPS_DIR\=/Applications/Xcode.app/Contents/Developer/Applications
    export SYSTEM_DEVELOPER_BIN_DIR\=/Applications/Xcode.app/Contents/Developer/usr/bin
    export SYSTEM_DEVELOPER_DEMOS_DIR\=/Applications/Xcode.app/Contents/Developer/Applications/Utilities/Built\ Examples
    export SYSTEM_DEVELOPER_DIR\=/Applications/Xcode.app/Contents/Developer
    export SYSTEM_DEVELOPER_DOC_DIR\=/Applications/Xcode.app/Contents/Developer/ADC\ Reference\ Library
    export SYSTEM_DEVELOPER_GRAPHICS_TOOLS_DIR\=/Applications/Xcode.app/Contents/Developer/Applications/Graphics\ Tools
    export SYSTEM_DEVELOPER_JAVA_TOOLS_DIR\=/Applications/Xcode.app/Contents/Developer/Applications/Java\ Tools
    export SYSTEM_DEVELOPER_PERFORMANCE_TOOLS_DIR\=/Applications/Xcode.app/Contents/Developer/Applications/Performance\ Tools
    export SYSTEM_DEVELOPER_RELEASENOTES_DIR\=/Applications/Xcode.app/Contents/Developer/ADC\ Reference\ Library/releasenotes
    export SYSTEM_DEVELOPER_TOOLS\=/Applications/Xcode.app/Contents/Developer/Tools
    export SYSTEM_DEVELOPER_TOOLS_DOC_DIR\=/Applications/Xcode.app/Contents/Developer/ADC\ Reference\ Library/documentation/DeveloperTools
    export SYSTEM_DEVELOPER_TOOLS_RELEASENOTES_DIR\=/Applications/Xcode.app/Contents/Developer/ADC\ Reference\ Library/releasenotes/DeveloperTools
    export SYSTEM_DEVELOPER_USR_DIR\=/Applications/Xcode.app/Contents/Developer/usr
    export SYSTEM_DEVELOPER_UTILITIES_DIR\=/Applications/Xcode.app/Contents/Developer/Applications/Utilities
    export SYSTEM_DEXT_INSTALL_PATH\=/System/Library/DriverExtensions
    export SYSTEM_DOCUMENTATION_DIR\=/Library/Documentation
    export SYSTEM_FRAMEWORK_SEARCH_PATHS\=\ \ /Applications/Xcode.app/Contents/Developer/Platforms/iPhoneSimulator.platform/Developer/Library/Frameworks\ /Applications/Xcode.app/Contents/Developer/Platforms/iPhoneSimulator.platform/Developer/SDKs/iPhoneSimulator26.5.sdk/Developer/Library/Frameworks
    export SYSTEM_KEXT_INSTALL_PATH\=/System/Library/Extensions
    export SYSTEM_LIBRARY_DIR\=/System/Library
    export TAPI_DEMANGLE\=YES
    export TAPI_DYLIB_INSTALL_NAME\=SwiftTerm
    export TAPI_ENABLE_PROJECT_HEADERS\=NO
    export TAPI_LANGUAGE\=objective-c
    export TAPI_LANGUAGE_STANDARD\=compiler-default
    export TAPI_USE_SRCROOT\=YES
    export TAPI_VERIFY_MODE\=Pedantic
    export TARGETED_DEVICE_FAMILY\=1,2,3,4,6,7
    export TARGETNAME\=SwiftTerm
    export TARGET_BUILD_DIR\=/Users/richard/code/BicTerm/.build-artifacts/DerivedData/g12-app/Build/Products/Debug-iphonesimulator
    export TARGET_DEVICE_IDENTIFIER\=732CE8E1-F9EF-4020-BF93-5BA1AA365B0E
    export TARGET_DEVICE_MODEL\=iPhone18,1
    export TARGET_DEVICE_OS_VERSION\=26.5
    export TARGET_DEVICE_PLATFORM_NAME\=iphonesimulator
    export TARGET_NAME\=SwiftTerm
    export TARGET_TEMP_DIR\=/Users/richard/code/BicTerm/.build-artifacts/DerivedData/g12-app/Build/Intermediates.noindex/SwiftTerm.build/Debug-iphonesimulator/SwiftTerm.build
    export TEMP_DIR\=/Users/richard/code/BicTerm/.build-artifacts/DerivedData/g12-app/Build/Intermediates.noindex/SwiftTerm.build/Debug-iphonesimulator/SwiftTerm.build
    export TEMP_FILES_DIR\=/Users/richard/code/BicTerm/.build-artifacts/DerivedData/g12-app/Build/Intermediates.noindex/SwiftTerm.build/Debug-iphonesimulator/SwiftTerm.build
    export TEMP_FILE_DIR\=/Users/richard/code/BicTerm/.build-artifacts/DerivedData/g12-app/Build/Intermediates.noindex/SwiftTerm.build/Debug-iphonesimulator/SwiftTerm.build
    export TEMP_ROOT\=/Users/richard/code/BicTerm/.build-artifacts/DerivedData/g12-app/Build/Intermediates.noindex
    export TEMP_SANDBOX_DIR\=/Users/richard/code/BicTerm/.build-artifacts/DerivedData/g12-app/Build/Intermediates.noindex/TemporaryTaskSandboxes
    export TEST_FRAMEWORK_SEARCH_PATHS\=\ /Applications/Xcode.app/Contents/Developer/Platforms/iPhoneSimulator.platform/Developer/Library/Frameworks\ /Applications/Xcode.app/Contents/Developer/Platforms/iPhoneSimulator.platform/Developer/SDKs/iPhoneSimulator26.5.sdk/Developer/Library/Frameworks
    export TEST_LIBRARY_SEARCH_PATHS\=\ /Applications/Xcode.app/Contents/Developer/Platforms/iPhoneSimulator.platform/Developer/usr/lib
    export TOOLCHAINS\=com.apple.dt.toolchain.Metal.32023.883\ com.apple.dt.toolchain.XcodeDefault
    export TOOLCHAIN_DIR\=/var/run/com.apple.security.cryptexd/mnt/com.apple.MobileAsset.MetalToolchain-v17.6.109.0.ozHyXD/Metal.xctoolchain
    export TOOLCHAIN_VERSION\=32023.883
    export TREAT_MISSING_BASELINES_AS_TEST_FAILURES\=NO
    export TREAT_MISSING_SCRIPT_PHASE_OUTPUTS_AS_ERRORS\=NO
    export UID\=501
    export UNINSTALLED_PRODUCTS_DIR\=/Users/richard/code/BicTerm/.build-artifacts/DerivedData/g12-app/Build/Intermediates.noindex/UninstalledProducts
    export UNSTRIPPED_PRODUCT\=NO
    export USER\=richard
    export USER_APPS_DIR\=/Users/richard/Applications
    export USER_LIBRARY_DIR\=/Users/richard/Library
    export USE_DYNAMIC_NO_PIC\=YES
    export USE_HEADERMAP\=NO
    export USE_HEADER_SYMLINKS\=NO
    export VALIDATE_DEVELOPMENT_ASSET_PATHS\=YES_ERROR
    export VALIDATE_PRODUCT\=NO
    export VALID_ARCHS\=arm64\ x86_64
    export VERBOSE_PBXCP\=NO
    export VERSION_INFO_BUILDER\=richard
    export VERSION_INFO_FILE\=SwiftTerm_vers.c
    export VERSION_INFO_STRING\=\"@\(\#\)PROGRAM:SwiftTerm\ \ PROJECT:SwiftTerm-\"
    export WORKSPACE_DIR\=/Users/richard/code/BicTerm/BicTerm.xcodeproj
    export WRAP_ASSET_PACKS_IN_SEPARATE_DIRECTORIES\=NO
    export XCODE_APP_SUPPORT_DIR\=/Applications/Xcode.app/Contents/Developer/Library/Xcode
    export XCODE_PRODUCT_BUILD_VERSION\=17F113
    export XCODE_VERSION_ACTUAL\=2660
    export XCODE_VERSION_MAJOR\=2600
    export XCODE_VERSION_MINOR\=2660
    export XPCSERVICES_FOLDER_PATH\=/XPCServices
    export YACC\=yacc
    export _DISCOVER_COMMAND_LINE_LINKER_INPUTS\=YES
    export _DISCOVER_COMMAND_LINE_LINKER_INPUTS_INCLUDE_WL\=YES
    export _LD_MULTIARCH\=YES
    export __DIAGNOSE_DEPRECATED_ARCHS\=YES
    export __ORIGINAL_SDK_DEFINED_LLVM_TARGET_TRIPLE_SYS\=ios
    export arch\=undefined_arch
    export variant\=normal
    /usr/bin/sandbox-exec -p \(version\ 1\)'
'\(deny\ default\)'
'\(import\ \"system.sb\"\)'
'\(allow\ file-read\*\)'
'\(allow\ process\*\)'
'\(allow\ mach-lookup\ \(global-name\ \"com.apple.lsd.mapdb\"\)\)'
'\(allow\ mach-lookup\ \(global-name\ \"com.apple.mobileassetd.v2\"\)\)'
'\(allow\ file-write\*'
'\ \ \ \ \(subpath\ \"/private/tmp\"\)'
'\ \ \ \ \(subpath\ \"/private/var/tmp\"\)'
'\ \ \ \ \(subpath\ \"/Users/richard/code/BicTerm/.scratch/tmp\"\)'
'\ \ \ \ \(subpath\ \"/private/var/folders/hy/m79bdqfj21g6ndt8hbtf0c6w0000gn/T\"\)'
'\ \ \ \ \(subpath\ \"/private/var/folders/hy/m79bdqfj21g6ndt8hbtf0c6w0000gn/C\"\)'
'\)'
'\(deny\ file-write\*'
'\ \ \ \ \(subpath\ \"/Users/richard/code/BicTerm/Vendor/SwiftTerm\"\)'
'\)'
'\(allow\ file-write\*'
'\ \ \ \ \(subpath\ \"/Users/richard/code/BicTerm/.build-artifacts/DerivedData/g12-app/Build/Intermediates.noindex/BuildToolPluginIntermediates/swiftterm.output/SwiftTerm/SwiftTermBuildInfoPlugin\"\)'
'\ \ \ \ \(subpath\ \"/Users/richard/code/.TemporaryItems/folders.501/TemporaryItems\"\)'
'\)'
' //Users/richard/code/BicTerm/.build-artifacts/DerivedData/g12-app/Build/Products/Debug/SwiftTermBuildInfoGenerator /Users/richard/code/BicTerm/Vendor/SwiftTerm /Users/richard/code/BicTerm/.build-artifacts/DerivedData/g12-app/Build/Intermediates.noindex/BuildToolPluginIntermediates/swiftterm.output/SwiftTerm/SwiftTermBuildInfoPlugin/Generated/SwiftTermBuildInfo.swift

SwiftDriver SwiftTerm normal arm64 com.apple.xcode.tools.swift.compiler (in target 'SwiftTerm' from project 'SwiftTerm')
    cd /Users/richard/code/BicTerm/BicTerm.xcodeproj
    builtin-SwiftDriver -- /Applications/Xcode.app/Contents/Developer/Toolchains/XcodeDefault.xctoolchain/usr/bin/swiftc -module-name SwiftTerm -Onone @/Users/richard/code/BicTerm/.build-artifacts/DerivedData/g12-app/Build/Intermediates.noindex/SwiftTerm.build/Debug-iphonesimulator/SwiftTerm.build/Objects-normal/arm64/SwiftTerm.SwiftFileList -DSWIFT_PACKAGE -DDEBUG -DSWIFT_MODULE_RESOURCE_BUNDLE_AVAILABLE -DXcode -plugin-path /Applications/Xcode.app/Contents/Developer/Toolchains/XcodeDefault.xctoolchain/usr/lib/swift/host/plugins/testing -enable-experimental-feature DebugDescriptionMacro -sdk /Applications/Xcode.app/Contents/Developer/Platforms/iPhoneSimulator.platform/Developer/SDKs/iPhoneSimulator26.5.sdk -target arm64-apple-ios14.0-simulator -g -module-cache-path /Users/richard/code/BicTerm/.build-artifacts/DerivedData/g12-app/ModuleCache.noindex -Xfrontend -serialize-debugging-options -enable-testing -index-store-path /Users/richard/code/BicTerm/.build-artifacts/DerivedData/g12-app/Index.noindex/DataStore -Xcc -D_LIBCPP_HARDENING_MODE\=_LIBCPP_HARDENING_MODE_DEBUG -swift-version 5 -I /Users/richard/code/BicTerm/.build-artifacts/DerivedData/g12-app/Build/Products/Debug-iphonesimulator -Isystem /Applications/Xcode.app/Contents/Developer/Platforms/iPhoneSimulator.platform/Developer/usr/lib -F /Users/richard/code/BicTerm/.build-artifacts/DerivedData/g12-app/Build/Products/Debug-iphonesimulator -F /Applications/Xcode.app/Contents/Developer/Platforms/iPhoneSimulator.platform/Developer/Library/Frameworks -F /Applications/Xcode.app/Contents/Developer/Platforms/iPhoneSimulator.platform/Developer/SDKs/iPhoneSimulator26.5.sdk/Developer/Library/Frameworks -c -j20 -enable-batch-mode -incremental -Xcc -ivfsstatcache -Xcc /Users/richard/code/BicTerm/.build-artifacts/DerivedData/g12-app/SDKStatCaches.noindex/iphonesimulator26.5-23F81a-688ef53f1462e2c8f657fdc38a81448f6cfe768891a92b912361537c460fe42b.sdkstatcache -output-file-map /Users/richard/code/BicTerm/.build-artifacts/DerivedData/g12-app/Build/Intermediates.noindex/SwiftTerm.build/Debug-iphonesimulator/SwiftTerm.build/Objects-normal/arm64/SwiftTerm-OutputFileMap.json -use-frontend-parseable-output -save-temps -no-color-diagnostics -explicit-module-build -module-cache-path /Users/richard/code/BicTerm/.build-artifacts/DerivedData/g12-app/Build/Intermediates.noindex/SwiftExplicitPrecompiledModules -clang-scanner-module-cache-path /Users/richard/code/BicTerm/.build-artifacts/DerivedData/g12-app/ModuleCache.noindex -sdk-module-cache-path /Users/richard/code/BicTerm/.build-artifacts/DerivedData/g12-app/ModuleCache.noindex -serialize-diagnostics -emit-dependencies -emit-module -emit-module-path /Users/richard/code/BicTerm/.build-artifacts/DerivedData/g12-app/Build/Intermediates.noindex/SwiftTerm.build/Debug-iphonesimulator/SwiftTerm.build/Objects-normal/arm64/SwiftTerm.swiftmodule -validate-clang-modules-once -clang-build-session-file /Users/richard/code/BicTerm/.build-artifacts/DerivedData/g12-app/ModuleCache.noindex/Session.modulevalidation -package-name swiftterm -Xcc -I/Users/richard/code/BicTerm/.build-artifacts/DerivedData/g12-app/Build/Intermediates.noindex/SwiftTerm.build/Debug-iphonesimulator/SwiftTerm.build/swift-overrides.hmap -emit-const-values -Xfrontend -const-gather-protocols-file -Xfrontend /Users/richard/code/BicTerm/.build-artifacts/DerivedData/g12-app/Build/Intermediates.noindex/SwiftTerm.build/Debug-iphonesimulator/SwiftTerm.build/Objects-normal/arm64/SwiftTerm_const_extract_protocols.json -Xcc -I/Users/richard/code/BicTerm/.build-artifacts/DerivedData/g12-app/Build/Products/Debug-iphonesimulator/include -Xcc -I/Users/richard/code/BicTerm/.build-artifacts/DerivedData/g12-app/Build/Intermediates.noindex/SwiftTerm.build/Debug-iphonesimulator/SwiftTerm.build/DerivedSources-normal/arm64 -Xcc -I/Users/richard/code/BicTerm/.build-artifacts/DerivedData/g12-app/Build/Intermediates.noindex/SwiftTerm.build/Debug-iphonesimulator/SwiftTerm.build/DerivedSources/arm64 -Xcc -I/Users/richard/code/BicTerm/.build-artifacts/DerivedData/g12-app/Build/Intermediates.noindex/SwiftTerm.build/Debug-iphonesimulator/SwiftTerm.build/DerivedSources -Xcc -DSWIFT_PACKAGE -Xcc -DDEBUG\=1 -emit-objc-header -emit-objc-header-path /Users/richard/code/BicTerm/.build-artifacts/DerivedData/g12-app/Build/Intermediates.noindex/SwiftTerm.build/Debug-iphonesimulator/SwiftTerm.build/Objects-normal/arm64/SwiftTerm-Swift.h -working-directory /Users/richard/code/BicTerm/BicTerm.xcodeproj -experimental-emit-module-separately -disable-cmo

SwiftEmitModule normal arm64 Emitting\ module\ for\ SwiftTerm (in target 'SwiftTerm' from project 'SwiftTerm')

EmitSwiftModule normal arm64 (in target 'SwiftTerm' from project 'SwiftTerm')
    cd /Users/richard/code/BicTerm/BicTerm.xcodeproj
    

SwiftDriverJobDiscovery normal arm64 Emitting module for SwiftTerm (in target 'SwiftTerm' from project 'SwiftTerm')

SwiftDriver\ Compilation\ Requirements SwiftTerm normal arm64 com.apple.xcode.tools.swift.compiler (in target 'SwiftTerm' from project 'SwiftTerm')
    cd /Users/richard/code/BicTerm/BicTerm.xcodeproj
    builtin-Swift-Compilation-Requirements -- /Applications/Xcode.app/Contents/Developer/Toolchains/XcodeDefault.xctoolchain/usr/bin/swiftc -module-name SwiftTerm -Onone @/Users/richard/code/BicTerm/.build-artifacts/DerivedData/g12-app/Build/Intermediates.noindex/SwiftTerm.build/Debug-iphonesimulator/SwiftTerm.build/Objects-normal/arm64/SwiftTerm.SwiftFileList -DSWIFT_PACKAGE -DDEBUG -DSWIFT_MODULE_RESOURCE_BUNDLE_AVAILABLE -DXcode -plugin-path /Applications/Xcode.app/Contents/Developer/Toolchains/XcodeDefault.xctoolchain/usr/lib/swift/host/plugins/testing -enable-experimental-feature DebugDescriptionMacro -sdk /Applications/Xcode.app/Contents/Developer/Platforms/iPhoneSimulator.platform/Developer/SDKs/iPhoneSimulator26.5.sdk -target arm64-apple-ios14.0-simulator -g -module-cache-path /Users/richard/code/BicTerm/.build-artifacts/DerivedData/g12-app/ModuleCache.noindex -Xfrontend -serialize-debugging-options -enable-testing -index-store-path /Users/richard/code/BicTerm/.build-artifacts/DerivedData/g12-app/Index.noindex/DataStore -Xcc -D_LIBCPP_HARDENING_MODE\=_LIBCPP_HARDENING_MODE_DEBUG -swift-version 5 -I /Users/richard/code/BicTerm/.build-artifacts/DerivedData/g12-app/Build/Products/Debug-iphonesimulator -Isystem /Applications/Xcode.app/Contents/Developer/Platforms/iPhoneSimulator.platform/Developer/usr/lib -F /Users/richard/code/BicTerm/.build-artifacts/DerivedData/g12-app/Build/Products/Debug-iphonesimulator -F /Applications/Xcode.app/Contents/Developer/Platforms/iPhoneSimulator.platform/Developer/Library/Frameworks -F /Applications/Xcode.app/Contents/Developer/Platforms/iPhoneSimulator.platform/Developer/SDKs/iPhoneSimulator26.5.sdk/Developer/Library/Frameworks -c -j20 -enable-batch-mode -incremental -Xcc -ivfsstatcache -Xcc /Users/richard/code/BicTerm/.build-artifacts/DerivedData/g12-app/SDKStatCaches.noindex/iphonesimulator26.5-23F81a-688ef53f1462e2c8f657fdc38a81448f6cfe768891a92b912361537c460fe42b.sdkstatcache -output-file-map /Users/richard/code/BicTerm/.build-artifacts/DerivedData/g12-app/Build/Intermediates.noindex/SwiftTerm.build/Debug-iphonesimulator/SwiftTerm.build/Objects-normal/arm64/SwiftTerm-OutputFileMap.json -use-frontend-parseable-output -save-temps -no-color-diagnostics -explicit-module-build -module-cache-path /Users/richard/code/BicTerm/.build-artifacts/DerivedData/g12-app/Build/Intermediates.noindex/SwiftExplicitPrecompiledModules -clang-scanner-module-cache-path /Users/richard/code/BicTerm/.build-artifacts/DerivedData/g12-app/ModuleCache.noindex -sdk-module-cache-path /Users/richard/code/BicTerm/.build-artifacts/DerivedData/g12-app/ModuleCache.noindex -serialize-diagnostics -emit-dependencies -emit-module -emit-module-path /Users/richard/code/BicTerm/.build-artifacts/DerivedData/g12-app/Build/Intermediates.noindex/SwiftTerm.build/Debug-iphonesimulator/SwiftTerm.build/Objects-normal/arm64/SwiftTerm.swiftmodule -validate-clang-modules-once -clang-build-session-file /Users/richard/code/BicTerm/.build-artifacts/DerivedData/g12-app/ModuleCache.noindex/Session.modulevalidation -package-name swiftterm -Xcc -I/Users/richard/code/BicTerm/.build-artifacts/DerivedData/g12-app/Build/Intermediates.noindex/SwiftTerm.build/Debug-iphonesimulator/SwiftTerm.build/swift-overrides.hmap -emit-const-values -Xfrontend -const-gather-protocols-file -Xfrontend /Users/richard/code/BicTerm/.build-artifacts/DerivedData/g12-app/Build/Intermediates.noindex/SwiftTerm.build/Debug-iphonesimulator/SwiftTerm.build/Objects-normal/arm64/SwiftTerm_const_extract_protocols.json -Xcc -I/Users/richard/code/BicTerm/.build-artifacts/DerivedData/g12-app/Build/Products/Debug-iphonesimulator/include -Xcc -I/Users/richard/code/BicTerm/.build-artifacts/DerivedData/g12-app/Build/Intermediates.noindex/SwiftTerm.build/Debug-iphonesimulator/SwiftTerm.build/DerivedSources-normal/arm64 -Xcc -I/Users/richard/code/BicTerm/.build-artifacts/DerivedData/g12-app/Build/Intermediates.noindex/SwiftTerm.build/Debug-iphonesimulator/SwiftTerm.build/DerivedSources/arm64 -Xcc -I/Users/richard/code/BicTerm/.build-artifacts/DerivedData/g12-app/Build/Intermediates.noindex/SwiftTerm.build/Debug-iphonesimulator/SwiftTerm.build/DerivedSources -Xcc -DSWIFT_PACKAGE -Xcc -DDEBUG\=1 -emit-objc-header -emit-objc-header-path /Users/richard/code/BicTerm/.build-artifacts/DerivedData/g12-app/Build/Intermediates.noindex/SwiftTerm.build/Debug-iphonesimulator/SwiftTerm.build/Objects-normal/arm64/SwiftTerm-Swift.h -working-directory /Users/richard/code/BicTerm/BicTerm.xcodeproj -experimental-emit-module-separately -disable-cmo

Copy /Users/richard/code/BicTerm/.build-artifacts/DerivedData/g12-app/Build/Products/Debug-iphonesimulator/SwiftTerm.swiftmodule/Project/arm64-apple-ios-simulator.swiftsourceinfo /Users/richard/code/BicTerm/.build-artifacts/DerivedData/g12-app/Build/Intermediates.noindex/SwiftTerm.build/Debug-iphonesimulator/SwiftTerm.build/Objects-normal/arm64/SwiftTerm.swiftsourceinfo (in target 'SwiftTerm' from project 'SwiftTerm')
    cd /Users/richard/code/BicTerm/Vendor/SwiftTerm
    builtin-copy -exclude .DS_Store -exclude CVS -exclude .svn -exclude .git -exclude .hg -resolve-src-symlinks -rename /Users/richard/code/BicTerm/.build-artifacts/DerivedData/g12-app/Build/Intermediates.noindex/SwiftTerm.build/Debug-iphonesimulator/SwiftTerm.build/Objects-normal/arm64/SwiftTerm.swiftsourceinfo /Users/richard/code/BicTerm/.build-artifacts/DerivedData/g12-app/Build/Products/Debug-iphonesimulator/SwiftTerm.swiftmodule/Project/arm64-apple-ios-simulator.swiftsourceinfo

Copy /Users/richard/code/BicTerm/.build-artifacts/DerivedData/g12-app/Build/Products/Debug-iphonesimulator/SwiftTerm.swiftmodule/arm64-apple-ios-simulator.swiftmodule /Users/richard/code/BicTerm/.build-artifacts/DerivedData/g12-app/Build/Intermediates.noindex/SwiftTerm.build/Debug-iphonesimulator/SwiftTerm.build/Objects-normal/arm64/SwiftTerm.swiftmodule (in target 'SwiftTerm' from project 'SwiftTerm')
    cd /Users/richard/code/BicTerm/Vendor/SwiftTerm
    builtin-copy -exclude .DS_Store -exclude CVS -exclude .svn -exclude .git -exclude .hg -resolve-src-symlinks -rename /Users/richard/code/BicTerm/.build-artifacts/DerivedData/g12-app/Build/Intermediates.noindex/SwiftTerm.build/Debug-iphonesimulator/SwiftTerm.build/Objects-normal/arm64/SwiftTerm.swiftmodule /Users/richard/code/BicTerm/.build-artifacts/DerivedData/g12-app/Build/Products/Debug-iphonesimulator/SwiftTerm.swiftmodule/arm64-apple-ios-simulator.swiftmodule

Copy /Users/richard/code/BicTerm/.build-artifacts/DerivedData/g12-app/Build/Products/Debug-iphonesimulator/SwiftTerm.swiftmodule/arm64-apple-ios-simulator.abi.json /Users/richard/code/BicTerm/.build-artifacts/DerivedData/g12-app/Build/Intermediates.noindex/SwiftTerm.build/Debug-iphonesimulator/SwiftTerm.build/Objects-normal/arm64/SwiftTerm.abi.json (in target 'SwiftTerm' from project 'SwiftTerm')
    cd /Users/richard/code/BicTerm/Vendor/SwiftTerm
    builtin-copy -exclude .DS_Store -exclude CVS -exclude .svn -exclude .git -exclude .hg -resolve-src-symlinks -rename /Users/richard/code/BicTerm/.build-artifacts/DerivedData/g12-app/Build/Intermediates.noindex/SwiftTerm.build/Debug-iphonesimulator/SwiftTerm.build/Objects-normal/arm64/SwiftTerm.abi.json /Users/richard/code/BicTerm/.build-artifacts/DerivedData/g12-app/Build/Products/Debug-iphonesimulator/SwiftTerm.swiftmodule/arm64-apple-ios-simulator.abi.json

SwiftDriver BicTerm normal arm64 com.apple.xcode.tools.swift.compiler (in target 'BicTerm' from project 'BicTerm')
    cd /Users/richard/code/BicTerm
    builtin-SwiftDriver -- /Applications/Xcode.app/Contents/Developer/Toolchains/XcodeDefault.xctoolchain/usr/bin/swiftc -module-name BicTerm -Onone @/Users/richard/code/BicTerm/.build-artifacts/DerivedData/g12-app/Build/Intermediates.noindex/BicTerm.build/Debug-iphonesimulator/BicTerm.build/Objects-normal/arm64/BicTerm.SwiftFileList -DDEBUG -DCODER_TUNNEL -Xcc -fmodule-map-file\=/Users/richard/code/BicTerm/.build-artifacts/DerivedData/g12-app/Build/Intermediates.noindex/GeneratedModuleMaps-iphonesimulator/CNIOPosix.modulemap -Xcc -fmodule-map-file\=/Users/richard/code/BicTerm/.build-artifacts/DerivedData/g12-app/Build/Intermediates.noindex/GeneratedModuleMaps-iphonesimulator/CNIOWASI.modulemap -Xcc -fmodule-map-file\=/Users/richard/code/BicTerm/.build-artifacts/DerivedData/g12-app/Build/Intermediates.noindex/GeneratedModuleMaps-iphonesimulator/CNIOFreeBSD.modulemap -Xcc -fmodule-map-file\=/Users/richard/code/BicTerm/.build-artifacts/DerivedData/g12-app/Build/Intermediates.noindex/GeneratedModuleMaps-iphonesimulator/CNIOAtomics.modulemap -Xcc -fmodule-map-file\=/Users/richard/code/BicTerm/.build-artifacts/DerivedData/g12-app/Build/Intermediates.noindex/GeneratedModuleMaps-iphonesimulator/CNIODarwin.modulemap -Xcc -fmodule-map-file\=/Users/richard/code/BicTerm/.build-artifacts/DerivedData/g12-app/Build/Intermediates.noindex/GeneratedModuleMaps-iphonesimulator/CNIOLinux.modulemap -Xcc -fmodule-map-file\=/Users/richard/code/BicTerm/.build-artifacts/DerivedData/g12-app/Build/Intermediates.noindex/GeneratedModuleMaps-iphonesimulator/CNIOOpenBSD.modulemap -Xcc -fmodule-map-file\=/Users/richard/code/BicTerm/.build-artifacts/DerivedData/g12-app/Build/Intermediates.noindex/GeneratedModuleMaps-iphonesimulator/CBcryptPBKDF.modulemap -enable-experimental-feature DebugDescriptionMacro -sdk /Applications/Xcode.app/Contents/Developer/Platforms/iPhoneSimulator.platform/Developer/SDKs/iPhoneSimulator26.5.sdk -target arm64-apple-ios18.0-simulator -g -module-cache-path /Users/richard/code/BicTerm/.build-artifacts/DerivedData/g12-app/ModuleCache.noindex -Xfrontend -serialize-debugging-options -enable-testing -index-store-path /Users/richard/code/BicTerm/.build-artifacts/DerivedData/g12-app/Index.noindex/DataStore -Xcc -D_LIBCPP_HARDENING_MODE\=_LIBCPP_HARDENING_MODE_DEBUG -swift-version 6 -I /Users/richard/code/BicTerm/.build-artifacts/DerivedData/g12-app/Build/Products/Debug-iphonesimulator -F /Users/richard/code/BicTerm/.build-artifacts/DerivedData/g12-app/Build/Products/Debug-iphonesimulator/PackageFrameworks -F /Users/richard/code/BicTerm/.build-artifacts/DerivedData/g12-app/Build/Products/Debug-iphonesimulator/PackageFrameworks -F /Users/richard/code/BicTerm/.build-artifacts/DerivedData/g12-app/Build/Products/Debug-iphonesimulator/PackageFrameworks -F /Users/richard/code/BicTerm/.build-artifacts/DerivedData/g12-app/Build/Products/Debug-iphonesimulator/PackageFrameworks -F /Users/richard/code/BicTerm/.build-artifacts/DerivedData/g12-app/Build/Products/Debug-iphonesimulator/PackageFrameworks -F /Users/richard/code/BicTerm/.build-artifacts/DerivedData/g12-app/Build/Products/Debug-iphonesimulator/PackageFrameworks -F /Users/richard/code/BicTerm/.build-artifacts/DerivedData/g12-app/Build/Products/Debug-iphonesimulator/PackageFrameworks -F /Users/richard/code/BicTerm/.build-artifacts/DerivedData/g12-app/Build/Products/Debug-iphonesimulator/PackageFrameworks -F /Users/richard/code/BicTerm/.build-artifacts/DerivedData/g12-app/Build/Products/Debug-iphonesimulator/PackageFrameworks -F /Users/richard/code/BicTerm/.build-artifacts/DerivedData/g12-app/Build/Products/Debug-iphonesimulator/PackageFrameworks -F /Users/richard/code/BicTerm/.build-artifacts/DerivedData/g12-app/Build/Products/Debug-iphonesimulator/PackageFrameworks -F /Users/richard/code/BicTerm/.build-artifacts/DerivedData/g12-app/Build/Products/Debug-iphonesimulator/PackageFrameworks -F /Users/richard/code/BicTerm/.build-artifacts/DerivedData/g12-app/Build/Products/Debug-iphonesimulator/PackageFrameworks -F /Users/richard/code/BicTerm/.build-artifacts/DerivedData/g12-app/Build/Products/Debug-iphonesimulator/PackageFrameworks -F /Users/richard/code/BicTerm/.build-artifacts/DerivedData/g12-app/Build/Products/Debug-iphonesimulator/PackageFrameworks -F /Users/richard/code/BicTerm/.build-artifacts/DerivedData/g12-app/Build/Products/Debug-iphonesimulator/PackageFrameworks -F /Users/richard/code/BicTerm/.build-artifacts/DerivedData/g12-app/Build/Products/Debug-iphonesimulator/PackageFrameworks -F /Users/richard/code/BicTerm/.build-artifacts/DerivedData/g12-app/Build/Products/Debug-iphonesimulator/PackageFrameworks -F /Users/richard/code/BicTerm/.build-artifacts/DerivedData/g12-app/Build/Products/Debug-iphonesimulator/PackageFrameworks -F /Users/richard/code/BicTerm/.build-artifacts/DerivedData/g12-app/Build/Products/Debug-iphonesimulator/PackageFrameworks -F /Users/richard/code/BicTerm/.build-artifacts/DerivedData/g12-app/Build/Products/Debug-iphonesimulator/PackageFrameworks -F /Users/richard/code/BicTerm/.build-artifacts/DerivedData/g12-app/Build/Products/Debug-iphonesimulator/PackageFrameworks -F /Users/richard/code/BicTerm/.build-artifacts/DerivedData/g12-app/Build/Products/Debug-iphonesimulator/PackageFrameworks -F /Users/richard/code/BicTerm/.build-artifacts/DerivedData/g12-app/Build/Products/Debug-iphonesimulator/PackageFrameworks -F /Users/richard/code/BicTerm/.build-artifacts/DerivedData/g12-app/Build/Products/Debug-iphonesimulator/PackageFrameworks -F /Users/richard/code/BicTerm/.build-artifacts/DerivedData/g12-app/Build/Products/Debug-iphonesimulator/PackageFrameworks -F /Users/richard/code/BicTerm/.build-artifacts/DerivedData/g12-app/Build/Products/Debug-iphonesimulator/PackageFrameworks -F /Users/richard/code/BicTerm/.build-artifacts/DerivedData/g12-app/Build/Products/Debug-iphonesimulator -F /Users/richard/code/BicTerm/.build-artifacts/DerivedData/g12-app/Build/Products/Debug-iphonesimulator -c -j20 -enable-batch-mode -incremental -Xcc -ivfsstatcache -Xcc /Users/richard/code/BicTerm/.build-artifacts/DerivedData/g12-app/SDKStatCaches.noindex/iphonesimulator26.5-23F81a-688ef53f1462e2c8f657fdc38a81448f6cfe768891a92b912361537c460fe42b.sdkstatcache -output-file-map /Users/richard/code/BicTerm/.build-artifacts/DerivedData/g12-app/Build/Intermediates.noindex/BicTerm.build/Debug-iphonesimulator/BicTerm.build/Objects-normal/arm64/BicTerm-OutputFileMap.json -use-frontend-parseable-output -save-temps -no-color-diagnostics -explicit-module-build -module-cache-path /Users/richard/code/BicTerm/.build-artifacts/DerivedData/g12-app/Build/Intermediates.noindex/SwiftExplicitPrecompiledModules -clang-scanner-module-cache-path /Users/richard/code/BicTerm/.build-artifacts/DerivedData/g12-app/ModuleCache.noindex -sdk-module-cache-path /Users/richard/code/BicTerm/.build-artifacts/DerivedData/g12-app/ModuleCache.noindex -serialize-diagnostics -emit-dependencies -emit-module -emit-module-path /Users/richard/code/BicTerm/.build-artifacts/DerivedData/g12-app/Build/Intermediates.noindex/BicTerm.build/Debug-iphonesimulator/BicTerm.build/Objects-normal/arm64/BicTerm.swiftmodule -validate-clang-modules-once -clang-build-session-file /Users/richard/code/BicTerm/.build-artifacts/DerivedData/g12-app/ModuleCache.noindex/Session.modulevalidation -Xcc -I/Users/richard/code/BicTerm/.build-artifacts/DerivedData/g12-app/Build/Intermediates.noindex/BicTerm.build/Debug-iphonesimulator/BicTerm.build/swift-overrides.hmap -emit-const-values -Xfrontend -const-gather-protocols-file -Xfrontend /Users/richard/code/BicTerm/.build-artifacts/DerivedData/g12-app/Build/Intermediates.noindex/BicTerm.build/Debug-iphonesimulator/BicTerm.build/Objects-normal/arm64/BicTerm_const_extract_protocols.json -Xcc -iquote -Xcc /Users/richard/code/BicTerm/.build-artifacts/DerivedData/g12-app/Build/Intermediates.noindex/BicTerm.build/Debug-iphonesimulator/BicTerm.build/BicTerm-generated-files.hmap -Xcc -I/Users/richard/code/BicTerm/.build-artifacts/DerivedData/g12-app/Build/Intermediates.noindex/BicTerm.build/Debug-iphonesimulator/BicTerm.build/BicTerm-own-target-headers.hmap -Xcc -I/Users/richard/code/BicTerm/.build-artifacts/DerivedData/g12-app/Build/Intermediates.noindex/BicTerm.build/Debug-iphonesimulator/BicTerm.build/BicTerm-all-non-framework-target-headers.hmap -Xcc -ivfsoverlay -Xcc /Users/richard/code/BicTerm/.build-artifacts/DerivedData/g12-app/Build/Intermediates.noindex/BicTerm.build/Debug-iphonesimulator/BicTerm-016255f037ae87c93052aa8a3749f82d-VFS-iphonesimulator/all-product-headers.yaml -Xcc -iquote -Xcc /Users/richard/code/BicTerm/.build-artifacts/DerivedData/g12-app/Build/Intermediates.noindex/BicTerm.build/Debug-iphonesimulator/BicTerm.build/BicTerm-project-headers.hmap -Xcc -I/Users/richard/code/BicTerm/.build-artifacts/DerivedData/g12-app/SourcePackages/checkouts/swift-atomics/Sources/_AtomicsShims/include -Xcc -I/Users/richard/code/BicTerm/.build-artifacts/DerivedData/g12-app/SourcePackages/checkouts/swift-nio/Sources/CNIOPosix/include -Xcc -I/Users/richard/code/BicTerm/.build-artifacts/DerivedData/g12-app/SourcePackages/checkouts/swift-nio/Sources/CNIOWASI/include -Xcc -I/Users/richard/code/BicTerm/.build-artifacts/DerivedData/g12-app/SourcePackages/checkouts/swift-nio/Sources/CNIOFreeBSD/include -Xcc -I/Users/richard/code/BicTerm/.build-artifacts/DerivedData/g12-app/SourcePackages/checkouts/swift-nio/Sources/CNIOAtomics/include -Xcc -I/Users/richard/code/BicTerm/.build-artifacts/DerivedData/g12-app/SourcePackages/checkouts/swift-nio/Sources/CNIOWindows/include -Xcc -I/Users/richard/code/BicTerm/.build-artifacts/DerivedData/g12-app/SourcePackages/checkouts/swift-nio/Sources/CNIODarwin/include -Xcc -I/Users/richard/code/BicTerm/.build-artifacts/DerivedData/g12-app/SourcePackages/checkouts/swift-nio/Sources/CNIOLinux/include -Xcc -I/Users/richard/code/BicTerm/.build-artifacts/DerivedData/g12-app/SourcePackages/checkouts/swift-nio/Sources/CNIOOpenBSD/include -Xcc -I/Users/richard/code/BicTerm/BicTermCore/Sources/CBcryptPBKDF/include -Xcc -I/Users/richard/code/BicTerm/.build-artifacts/DerivedData/g12-app/Build/Products/Debug-iphonesimulator/include -Xcc -I/Users/richard/code/BicTerm/.build-artifacts/DerivedData/g12-app/Build/Intermediates.noindex/BicTerm.build/Debug-iphonesimulator/BicTerm.build/DerivedSources-normal/arm64 -Xcc -I/Users/richard/code/BicTerm/.build-artifacts/DerivedData/g12-app/Build/Intermediates.noindex/BicTerm.build/Debug-iphonesimulator/BicTerm.build/DerivedSources/arm64 -Xcc -I/Users/richard/code/BicTerm/.build-artifacts/DerivedData/g12-app/Build/Intermediates.noindex/BicTerm.build/Debug-iphonesimulator/BicTerm.build/DerivedSources -Xcc -DDEBUG\=1 -emit-objc-header -emit-objc-header-path /Users/richard/code/BicTerm/.build-artifacts/DerivedData/g12-app/Build/Intermediates.noindex/BicTerm.build/Debug-iphonesimulator/BicTerm.build/Objects-normal/arm64/BicTerm-Swift.h -working-directory /Users/richard/code/BicTerm -experimental-emit-module-separately -disable-cmo

SwiftCompile normal arm64 Compiling\ BicTermApp.swift /Users/richard/code/BicTerm/BicTerm/App/BicTermApp.swift (in target 'BicTerm' from project 'BicTerm')

SwiftCompile normal arm64 /Users/richard/code/BicTerm/BicTerm/App/BicTermApp.swift (in target 'BicTerm' from project 'BicTerm')
    cd /Users/richard/code/BicTerm
    

SwiftCompile normal arm64 Compiling\ AppServices.swift /Users/richard/code/BicTerm/BicTerm/Connections/AppServices.swift (in target 'BicTerm' from project 'BicTerm')

SwiftCompile normal arm64 /Users/richard/code/BicTerm/BicTerm/Connections/AppServices.swift (in target 'BicTerm' from project 'BicTerm')
    cd /Users/richard/code/BicTerm
    

SwiftCompile normal arm64 Compiling\ AgentForwardingTransport.swift /Users/richard/code/BicTerm/BicTerm/Agent/AgentForwardingTransport.swift (in target 'BicTerm' from project 'BicTerm')

SwiftCompile normal arm64 /Users/richard/code/BicTerm/BicTerm/Agent/AgentForwardingTransport.swift (in target 'BicTerm' from project 'BicTerm')
    cd /Users/richard/code/BicTerm
    

SwiftCompile normal arm64 Compiling\ CoderServerEditorView.swift /Users/richard/code/BicTerm/BicTerm/Coder/CoderServerEditorView.swift (in target 'BicTerm' from project 'BicTerm')
SwiftCompile normal arm64 /Users/richard/code/BicTerm/BicTerm/Coder/CoderServerEditorView.swift (in target 'BicTerm' from project 'BicTerm')
    cd /Users/richard/code/BicTerm
    

SwiftCompile normal arm64 Compiling\ CoderAgentPickerView.swift /Users/richard/code/BicTerm/BicTerm/Coder/CoderAgentPickerView.swift (in target 'BicTerm' from project 'BicTerm')

SwiftCompile normal arm64 /Users/richard/code/BicTerm/BicTerm/Coder/CoderAgentPickerView.swift (in target 'BicTerm' from project 'BicTerm')
    cd /Users/richard/code/BicTerm
    

SwiftCompile normal arm64 Compiling\ CoderServersListView.swift /Users/richard/code/BicTerm/BicTerm/Coder/CoderServersListView.swift (in target 'BicTerm' from project 'BicTerm')
SwiftCompile normal arm64 /Users/richard/code/BicTerm/BicTerm/Coder/CoderServersListView.swift (in target 'BicTerm' from project 'BicTerm')
    cd /Users/richard/code/BicTerm
    

SwiftCompile normal arm64 Compiling\ CoderSessionInfoView.swift /Users/richard/code/BicTerm/BicTerm/Coder/CoderSessionInfoView.swift (in target 'BicTerm' from project 'BicTerm')

SwiftCompile normal arm64 /Users/richard/code/BicTerm/BicTerm/Coder/CoderSessionInfoView.swift (in target 'BicTerm' from project 'BicTerm')
    cd /Users/richard/code/BicTerm
    

SwiftCompile normal arm64 Compiling\ CoderWorkspaceStarter.swift /Users/richard/code/BicTerm/BicTerm/Coder/CoderWorkspaceStarter.swift (in target 'BicTerm' from project 'BicTerm')

SwiftCompile normal arm64 /Users/richard/code/BicTerm/BicTerm/Coder/CoderWorkspaceStarter.swift (in target 'BicTerm' from project 'BicTerm')
    cd /Users/richard/code/BicTerm
    

SwiftCompile normal arm64 Compiling\ CoderStartPolicyView.swift /Users/richard/code/BicTerm/BicTerm/Coder/CoderStartPolicyView.swift (in target 'BicTerm' from project 'BicTerm')

SwiftCompile normal arm64 /Users/richard/code/BicTerm/BicTerm/Coder/CoderStartPolicyView.swift (in target 'BicTerm' from project 'BicTerm')
    cd /Users/richard/code/BicTerm
    

SwiftCompile normal arm64 Compiling\ ConnectionListContainer.swift /Users/richard/code/BicTerm/BicTerm/Connections/ConnectionListContainer.swift (in target 'BicTerm' from project 'BicTerm')

SwiftCompile normal arm64 /Users/richard/code/BicTerm/BicTerm/Connections/ConnectionListContainer.swift (in target 'BicTerm' from project 'BicTerm')
    cd /Users/richard/code/BicTerm
    

SwiftCompile normal arm64 Compiling\ SessionSceneModel.swift /Users/richard/code/BicTerm/BicTerm/Sessions/SessionSceneModel.swift (in target 'BicTerm' from project 'BicTerm')

SwiftCompile normal arm64 /Users/richard/code/BicTerm/BicTerm/Sessions/SessionSceneModel.swift (in target 'BicTerm' from project 'BicTerm')
    cd /Users/richard/code/BicTerm
    
/Users/richard/code/BicTerm/BicTerm/Sessions/SessionSceneModel.swift:41:5: warning: 'nonisolated(unsafe)' has no effect on property 'lifecycleObservers', consider using 'nonisolated'
    nonisolated(unsafe) private var lifecycleObservers: [NSObjectProtocol] = []
    ^~~~~~~~~~~
    nonisolated
/Users/richard/code/BicTerm/BicTerm/Sessions/SessionSceneModel.swift:166:41: warning: conditional cast from 'SessionRegistryError' to 'SessionRegistryError' always succeeds
            launchErrorMessage = (error as? SessionRegistryError)?.localizedDescription
                                        ^

SwiftCompile normal arm64 Compiling\ ConnectionEditorView.swift /Users/richard/code/BicTerm/BicTerm/Connections/ConnectionEditorView.swift (in target 'BicTerm' from project 'BicTerm')

SwiftCompile normal arm64 /Users/richard/code/BicTerm/BicTerm/Connections/ConnectionEditorView.swift (in target 'BicTerm' from project 'BicTerm')
    cd /Users/richard/code/BicTerm
    

SwiftCompile normal arm64 Compiling\ SessionSwitcherView.swift /Users/richard/code/BicTerm/BicTerm/Sessions/SessionSwitcherView.swift (in target 'BicTerm' from project 'BicTerm')

SwiftCompile normal arm64 /Users/richard/code/BicTerm/BicTerm/Sessions/SessionSwitcherView.swift (in target 'BicTerm' from project 'BicTerm')
    cd /Users/richard/code/BicTerm
    

SwiftCompile normal arm64 Compiling\ SessionSceneView.swift /Users/richard/code/BicTerm/BicTerm/Sessions/SessionSceneView.swift (in target 'BicTerm' from project 'BicTerm')

SwiftCompile normal arm64 /Users/richard/code/BicTerm/BicTerm/Sessions/SessionSceneView.swift (in target 'BicTerm' from project 'BicTerm')
    cd /Users/richard/code/BicTerm
    

SwiftCompile normal arm64 Compiling\ SessionStore.swift /Users/richard/code/BicTerm/BicTerm/Sessions/SessionStore.swift (in target 'BicTerm' from project 'BicTerm')

SwiftCompile normal arm64 /Users/richard/code/BicTerm/BicTerm/Sessions/SessionStore.swift (in target 'BicTerm' from project 'BicTerm')
    cd /Users/richard/code/BicTerm
    
/Users/richard/code/BicTerm/BicTerm/Sessions/SessionStore.swift:376:27: warning: 'as' test is always true
        } catch let error as HostKeyTrustError {
                          ^
/Users/richard/code/BicTerm/BicTerm/Sessions/SessionStore.swift:475:13: warning: no calls to throwing functions occur within 'try' expression
            try? store.saveSync(HostKeyRecord(
            ^

SwiftEmitModule normal arm64 Emitting\ module\ for\ BicTerm (in target 'BicTerm' from project 'BicTerm')

EmitSwiftModule normal arm64 (in target 'BicTerm' from project 'BicTerm')
    cd /Users/richard/code/BicTerm
    
/Users/richard/code/BicTerm/BicTerm/Sessions/SessionSceneModel.swift:41:5: warning: 'nonisolated(unsafe)' has no effect on property 'lifecycleObservers', consider using 'nonisolated'
    nonisolated(unsafe) private var lifecycleObservers: [NSObjectProtocol] = []
    ^~~~~~~~~~~
    nonisolated

SwiftCompile normal arm64 Compiling\ TerminalPreviewController.swift /Users/richard/code/BicTerm/BicTerm/Terminal/TerminalPreviewController.swift (in target 'BicTerm' from project 'BicTerm')

SwiftCompile normal arm64 /Users/richard/code/BicTerm/BicTerm/Terminal/TerminalPreviewController.swift (in target 'BicTerm' from project 'BicTerm')
    cd /Users/richard/code/BicTerm
    
/Users/richard/code/BicTerm/BicTerm/Terminal/TerminalPreviewController.swift:137:21: warning: no 'async' operations occur within 'await' expression
                    await self.handle(chunk)
                    ^
/Users/richard/code/BicTerm/BicTerm/Terminal/TerminalPreviewController.swift:142:17: warning: no 'async' operations occur within 'await' expression
                await self.remoteClosed()
                ^

SwiftCompile normal arm64 Compiling\ TerminalViewCache.swift /Users/richard/code/BicTerm/BicTerm/Terminal/TerminalViewCache.swift (in target 'BicTerm' from project 'BicTerm')

SwiftCompile normal arm64 /Users/richard/code/BicTerm/BicTerm/Terminal/TerminalViewCache.swift (in target 'BicTerm' from project 'BicTerm')
    cd /Users/richard/code/BicTerm
    
/Users/richard/code/BicTerm/BicTerm/Terminal/TerminalViewCache.swift:32:20: warning: call to main actor-isolated initializer 'init(frame:font:options:)' in a synchronous nonisolated context
        let view = TerminalContainerView(frame: .zero, font: font, options: options)
                   ^
/Users/richard/code/BicTerm/BicTerm/Terminal/TerminalRepresentable.swift:186:49: note: calls to initializer 'init(frame:font:options:)' from outside of its actor context are implicitly asynchronous
final class TerminalContainerView: TerminalView {
                                                ^
/Users/richard/code/BicTerm/BicTerm/Terminal/TerminalRepresentable.swift:186:49: note: main actor isolation inferred from inheritance from class 'TerminalView'
final class TerminalContainerView: TerminalView {
                                                ^
/Users/richard/code/BicTerm/BicTerm/Terminal/TerminalViewCache.swift:36:14: warning: main actor-isolated property 'optionAsMetaKey' can not be mutated from a nonisolated context
        view.optionAsMetaKey = true
             ^
SwiftTerm.TerminalView.optionAsMetaKey:2:23: note: mutation of this property is only permitted within the actor
@MainActor public var optionAsMetaKey: Bool}
                      ^
/Users/richard/code/BicTerm/BicTerm/Terminal/TerminalViewCache.swift:37:14: warning: main actor-isolated property 'nativeBackgroundColor' can not be mutated from a nonisolated context
        view.nativeBackgroundColor = UIColor(red: 0x0D / 255, green: 0x11 / 255, blue: 0x17 / 255, alpha: 1)
             ^
SwiftTerm.TerminalView.nativeBackgroundColor:2:23: note: mutation of this property is only permitted within the actor
@MainActor public var nativeBackgroundColor: UIColor { get set }}
                      ^
/Users/richard/code/BicTerm/BicTerm/Terminal/TerminalViewCache.swift:38:14: warning: main actor-isolated property 'nativeForegroundColor' can not be mutated from a nonisolated context
        view.nativeForegroundColor = UIColor(red: 0xE6 / 255, green: 0xED / 255, blue: 0xF3 / 255, alpha: 1)
             ^
SwiftTerm.TerminalView.nativeForegroundColor:2:23: note: mutation of this property is only permitted within the actor
@MainActor public var nativeForegroundColor: UIColor { get set }}
                      ^
/Users/richard/code/BicTerm/BicTerm/Terminal/TerminalViewCache.swift:39:14: warning: main actor-isolated property 'terminalDelegate' can not be mutated from a nonisolated context
        view.terminalDelegate = self
             ^
SwiftTerm.TerminalView.terminalDelegate:2:28: note: mutation of this property is only permitted within the actor
@MainActor weak public var terminalDelegate: (any SwiftTerm.TerminalViewDelegate)?}
                           ^
/Users/richard/code/BicTerm/BicTerm/Terminal/TerminalViewCache.swift:40:14: warning: main actor-isolated property 'accessibilityIdentifier' can not be mutated from a nonisolated context
        view.accessibilityIdentifier = "terminalView"
             ^
/Applications/Xcode.app/Contents/Developer/Platforms/iPhoneSimulator.platform/Developer/SDKs/iPhoneSimulator26.5.sdk/System/Library/Frameworks/UIKit.framework/Headers/UIAccessibilityIdentification.h:25:48: note: mutation of this property is only permitted within the actor
@property(nullable, nonatomic, copy) NSString *accessibilityIdentifier API_AVAILABLE(ios(5.0)) NS_SWIFT_UI_ACTOR;
                                               ^
/Users/richard/code/BicTerm/BicTerm/Terminal/TerminalViewCache.swift:57:14: warning: main actor-isolated property 'terminalDelegate' can not be mutated from a nonisolated context
        view.terminalDelegate = nil
             ^
SwiftTerm.TerminalView.terminalDelegate:2:28: note: mutation of this property is only permitted within the actor
@MainActor weak public var terminalDelegate: (any SwiftTerm.TerminalViewDelegate)?}
                           ^
/Users/richard/code/BicTerm/BicTerm/Terminal/TerminalViewCache.swift:54:10: note: add '@MainActor' to make instance method 'stop()' part of global actor 'MainActor'
    func stop() {
         ^
    @MainActor 
/Users/richard/code/BicTerm/BicTerm/Terminal/TerminalViewCache.swift:58:14: warning: call to main actor-isolated instance method 'updateUiClosed()' in a synchronous nonisolated context
        view.updateUiClosed()
             ^
SwiftTerm.TerminalView.updateUiClosed:2:24: note: calls to instance method 'updateUiClosed()' from outside of its actor context are implicitly asynchronous
@MainActor public func updateUiClosed()}
                       ^
/Users/richard/code/BicTerm/BicTerm/Terminal/TerminalViewCache.swift:54:10: note: add '@MainActor' to make instance method 'stop()' part of global actor 'MainActor'
    func stop() {
         ^
    @MainActor 

SwiftCompile normal arm64 Compiling\ SessionUITestSupport.swift /Users/richard/code/BicTerm/BicTerm/Sessions/SessionUITestSupport.swift (in target 'BicTerm' from project 'BicTerm')

SwiftCompile normal arm64 /Users/richard/code/BicTerm/BicTerm/Sessions/SessionUITestSupport.swift (in target 'BicTerm' from project 'BicTerm')
    cd /Users/richard/code/BicTerm
    

SwiftCompile normal arm64 Compiling\ CoderWorkspaceConnectionModel.swift /Users/richard/code/BicTerm/BicTerm/Coder/CoderWorkspaceConnectionModel.swift (in target 'BicTerm' from project 'BicTerm')

SwiftCompile normal arm64 /Users/richard/code/BicTerm/BicTerm/Coder/CoderWorkspaceConnectionModel.swift (in target 'BicTerm' from project 'BicTerm')
    cd /Users/richard/code/BicTerm
    
/Users/richard/code/BicTerm/BicTerm/Coder/CoderWorkspaceConnectionModel.swift:199:27: warning: 'as' test is always true
        } catch let error as CoderClientError {
                          ^

SwiftDriverJobDiscovery normal arm64 Compiling AgentForwardingTransport.swift (in target 'BicTerm' from project 'BicTerm')

SwiftDriverJobDiscovery normal arm64 Compiling AppServices.swift (in target 'BicTerm' from project 'BicTerm')

SwiftDriverJobDiscovery normal arm64 Compiling CoderWorkspaceConnectionModel.swift (in target 'BicTerm' from project 'BicTerm')

SwiftDriverJobDiscovery normal arm64 Compiling CoderSessionInfoView.swift (in target 'BicTerm' from project 'BicTerm')

SwiftDriverJobDiscovery normal arm64 Compiling CoderAgentPickerView.swift (in target 'BicTerm' from project 'BicTerm')

SwiftDriverJobDiscovery normal arm64 Compiling TerminalPreviewController.swift (in target 'BicTerm' from project 'BicTerm')

SwiftDriverJobDiscovery normal arm64 Compiling BicTermApp.swift (in target 'BicTerm' from project 'BicTerm')

SwiftDriverJobDiscovery normal arm64 Compiling SessionUITestSupport.swift (in target 'BicTerm' from project 'BicTerm')

SwiftDriverJobDiscovery normal arm64 Compiling CoderServerEditorView.swift (in target 'BicTerm' from project 'BicTerm')

SwiftDriverJobDiscovery normal arm64 Compiling SessionSwitcherView.swift (in target 'BicTerm' from project 'BicTerm')

SwiftDriverJobDiscovery normal arm64 Compiling TerminalViewCache.swift (in target 'BicTerm' from project 'BicTerm')

SwiftDriverJobDiscovery normal arm64 Compiling CoderWorkspaceStarter.swift (in target 'BicTerm' from project 'BicTerm')

SwiftDriverJobDiscovery normal arm64 Compiling SessionSceneModel.swift (in target 'BicTerm' from project 'BicTerm')

SwiftDriverJobDiscovery normal arm64 Compiling ConnectionListContainer.swift (in target 'BicTerm' from project 'BicTerm')

SwiftDriverJobDiscovery normal arm64 Compiling CoderStartPolicyView.swift (in target 'BicTerm' from project 'BicTerm')

SwiftDriverJobDiscovery normal arm64 Compiling SessionStore.swift (in target 'BicTerm' from project 'BicTerm')

SwiftDriverJobDiscovery normal arm64 Compiling SessionSceneView.swift (in target 'BicTerm' from project 'BicTerm')

SwiftDriverJobDiscovery normal arm64 Compiling ConnectionEditorView.swift (in target 'BicTerm' from project 'BicTerm')

SwiftDriverJobDiscovery normal arm64 Compiling CoderServersListView.swift (in target 'BicTerm' from project 'BicTerm')

SwiftDriver\ Compilation BicTerm normal arm64 com.apple.xcode.tools.swift.compiler (in target 'BicTerm' from project 'BicTerm')
    cd /Users/richard/code/BicTerm
    builtin-Swift-Compilation -- /Applications/Xcode.app/Contents/Developer/Toolchains/XcodeDefault.xctoolchain/usr/bin/swiftc -module-name BicTerm -Onone @/Users/richard/code/BicTerm/.build-artifacts/DerivedData/g12-app/Build/Intermediates.noindex/BicTerm.build/Debug-iphonesimulator/BicTerm.build/Objects-normal/arm64/BicTerm.SwiftFileList -DDEBUG -DCODER_TUNNEL -Xcc -fmodule-map-file\=/Users/richard/code/BicTerm/.build-artifacts/DerivedData/g12-app/Build/Intermediates.noindex/GeneratedModuleMaps-iphonesimulator/CNIOPosix.modulemap -Xcc -fmodule-map-file\=/Users/richard/code/BicTerm/.build-artifacts/DerivedData/g12-app/Build/Intermediates.noindex/GeneratedModuleMaps-iphonesimulator/CNIOWASI.modulemap -Xcc -fmodule-map-file\=/Users/richard/code/BicTerm/.build-artifacts/DerivedData/g12-app/Build/Intermediates.noindex/GeneratedModuleMaps-iphonesimulator/CNIOFreeBSD.modulemap -Xcc -fmodule-map-file\=/Users/richard/code/BicTerm/.build-artifacts/DerivedData/g12-app/Build/Intermediates.noindex/GeneratedModuleMaps-iphonesimulator/CNIOAtomics.modulemap -Xcc -fmodule-map-file\=/Users/richard/code/BicTerm/.build-artifacts/DerivedData/g12-app/Build/Intermediates.noindex/GeneratedModuleMaps-iphonesimulator/CNIODarwin.modulemap -Xcc -fmodule-map-file\=/Users/richard/code/BicTerm/.build-artifacts/DerivedData/g12-app/Build/Intermediates.noindex/GeneratedModuleMaps-iphonesimulator/CNIOLinux.modulemap -Xcc -fmodule-map-file\=/Users/richard/code/BicTerm/.build-artifacts/DerivedData/g12-app/Build/Intermediates.noindex/GeneratedModuleMaps-iphonesimulator/CNIOOpenBSD.modulemap -Xcc -fmodule-map-file\=/Users/richard/code/BicTerm/.build-artifacts/DerivedData/g12-app/Build/Intermediates.noindex/GeneratedModuleMaps-iphonesimulator/CBcryptPBKDF.modulemap -enable-experimental-feature DebugDescriptionMacro -sdk /Applications/Xcode.app/Contents/Developer/Platforms/iPhoneSimulator.platform/Developer/SDKs/iPhoneSimulator26.5.sdk -target arm64-apple-ios18.0-simulator -g -module-cache-path /Users/richard/code/BicTerm/.build-artifacts/DerivedData/g12-app/ModuleCache.noindex -Xfrontend -serialize-debugging-options -enable-testing -index-store-path /Users/richard/code/BicTerm/.build-artifacts/DerivedData/g12-app/Index.noindex/DataStore -Xcc -D_LIBCPP_HARDENING_MODE\=_LIBCPP_HARDENING_MODE_DEBUG -swift-version 6 -I /Users/richard/code/BicTerm/.build-artifacts/DerivedData/g12-app/Build/Products/Debug-iphonesimulator -F /Users/richard/code/BicTerm/.build-artifacts/DerivedData/g12-app/Build/Products/Debug-iphonesimulator/PackageFrameworks -F /Users/richard/code/BicTerm/.build-artifacts/DerivedData/g12-app/Build/Products/Debug-iphonesimulator/PackageFrameworks -F /Users/richard/code/BicTerm/.build-artifacts/DerivedData/g12-app/Build/Products/Debug-iphonesimulator/PackageFrameworks -F /Users/richard/code/BicTerm/.build-artifacts/DerivedData/g12-app/Build/Products/Debug-iphonesimulator/PackageFrameworks -F /Users/richard/code/BicTerm/.build-artifacts/DerivedData/g12-app/Build/Products/Debug-iphonesimulator/PackageFrameworks -F /Users/richard/code/BicTerm/.build-artifacts/DerivedData/g12-app/Build/Products/Debug-iphonesimulator/PackageFrameworks -F /Users/richard/code/BicTerm/.build-artifacts/DerivedData/g12-app/Build/Products/Debug-iphonesimulator/PackageFrameworks -F /Users/richard/code/BicTerm/.build-artifacts/DerivedData/g12-app/Build/Products/Debug-iphonesimulator/PackageFrameworks -F /Users/richard/code/BicTerm/.build-artifacts/DerivedData/g12-app/Build/Products/Debug-iphonesimulator/PackageFrameworks -F /Users/richard/code/BicTerm/.build-artifacts/DerivedData/g12-app/Build/Products/Debug-iphonesimulator/PackageFrameworks -F /Users/richard/code/BicTerm/.build-artifacts/DerivedData/g12-app/Build/Products/Debug-iphonesimulator/PackageFrameworks -F /Users/richard/code/BicTerm/.build-artifacts/DerivedData/g12-app/Build/Products/Debug-iphonesimulator/PackageFrameworks -F /Users/richard/code/BicTerm/.build-artifacts/DerivedData/g12-app/Build/Products/Debug-iphonesimulator/PackageFrameworks -F /Users/richard/code/BicTerm/.build-artifacts/DerivedData/g12-app/Build/Products/Debug-iphonesimulator/PackageFrameworks -F /Users/richard/code/BicTerm/.build-artifacts/DerivedData/g12-app/Build/Products/Debug-iphonesimulator/PackageFrameworks -F /Users/richard/code/BicTerm/.build-artifacts/DerivedData/g12-app/Build/Products/Debug-iphonesimulator/PackageFrameworks -F /Users/richard/code/BicTerm/.build-artifacts/DerivedData/g12-app/Build/Products/Debug-iphonesimulator/PackageFrameworks -F /Users/richard/code/BicTerm/.build-artifacts/DerivedData/g12-app/Build/Products/Debug-iphonesimulator/PackageFrameworks -F /Users/richard/code/BicTerm/.build-artifacts/DerivedData/g12-app/Build/Products/Debug-iphonesimulator/PackageFrameworks -F /Users/richard/code/BicTerm/.build-artifacts/DerivedData/g12-app/Build/Products/Debug-iphonesimulator/PackageFrameworks -F /Users/richard/code/BicTerm/.build-artifacts/DerivedData/g12-app/Build/Products/Debug-iphonesimulator/PackageFrameworks -F /Users/richard/code/BicTerm/.build-artifacts/DerivedData/g12-app/Build/Products/Debug-iphonesimulator/PackageFrameworks -F /Users/richard/code/BicTerm/.build-artifacts/DerivedData/g12-app/Build/Products/Debug-iphonesimulator/PackageFrameworks -F /Users/richard/code/BicTerm/.build-artifacts/DerivedData/g12-app/Build/Products/Debug-iphonesimulator/PackageFrameworks -F /Users/richard/code/BicTerm/.build-artifacts/DerivedData/g12-app/Build/Products/Debug-iphonesimulator/PackageFrameworks -F /Users/richard/code/BicTerm/.build-artifacts/DerivedData/g12-app/Build/Products/Debug-iphonesimulator/PackageFrameworks -F /Users/richard/code/BicTerm/.build-artifacts/DerivedData/g12-app/Build/Products/Debug-iphonesimulator/PackageFrameworks -F /Users/richard/code/BicTerm/.build-artifacts/DerivedData/g12-app/Build/Products/Debug-iphonesimulator -F /Users/richard/code/BicTerm/.build-artifacts/DerivedData/g12-app/Build/Products/Debug-iphonesimulator -c -j20 -enable-batch-mode -incremental -Xcc -ivfsstatcache -Xcc /Users/richard/code/BicTerm/.build-artifacts/DerivedData/g12-app/SDKStatCaches.noindex/iphonesimulator26.5-23F81a-688ef53f1462e2c8f657fdc38a81448f6cfe768891a92b912361537c460fe42b.sdkstatcache -output-file-map /Users/richard/code/BicTerm/.build-artifacts/DerivedData/g12-app/Build/Intermediates.noindex/BicTerm.build/Debug-iphonesimulator/BicTerm.build/Objects-normal/arm64/BicTerm-OutputFileMap.json -use-frontend-parseable-output -save-temps -no-color-diagnostics -explicit-module-build -module-cache-path /Users/richard/code/BicTerm/.build-artifacts/DerivedData/g12-app/Build/Intermediates.noindex/SwiftExplicitPrecompiledModules -clang-scanner-module-cache-path /Users/richard/code/BicTerm/.build-artifacts/DerivedData/g12-app/ModuleCache.noindex -sdk-module-cache-path /Users/richard/code/BicTerm/.build-artifacts/DerivedData/g12-app/ModuleCache.noindex -serialize-diagnostics -emit-dependencies -emit-module -emit-module-path /Users/richard/code/BicTerm/.build-artifacts/DerivedData/g12-app/Build/Intermediates.noindex/BicTerm.build/Debug-iphonesimulator/BicTerm.build/Objects-normal/arm64/BicTerm.swiftmodule -validate-clang-modules-once -clang-build-session-file /Users/richard/code/BicTerm/.build-artifacts/DerivedData/g12-app/ModuleCache.noindex/Session.modulevalidation -Xcc -I/Users/richard/code/BicTerm/.build-artifacts/DerivedData/g12-app/Build/Intermediates.noindex/BicTerm.build/Debug-iphonesimulator/BicTerm.build/swift-overrides.hmap -emit-const-values -Xfrontend -const-gather-protocols-file -Xfrontend /Users/richard/code/BicTerm/.build-artifacts/DerivedData/g12-app/Build/Intermediates.noindex/BicTerm.build/Debug-iphonesimulator/BicTerm.build/Objects-normal/arm64/BicTerm_const_extract_protocols.json -Xcc -iquote -Xcc /Users/richard/code/BicTerm/.build-artifacts/DerivedData/g12-app/Build/Intermediates.noindex/BicTerm.build/Debug-iphonesimulator/BicTerm.build/BicTerm-generated-files.hmap -Xcc -I/Users/richard/code/BicTerm/.build-artifacts/DerivedData/g12-app/Build/Intermediates.noindex/BicTerm.build/Debug-iphonesimulator/BicTerm.build/BicTerm-own-target-headers.hmap -Xcc -I/Users/richard/code/BicTerm/.build-artifacts/DerivedData/g12-app/Build/Intermediates.noindex/BicTerm.build/Debug-iphonesimulator/BicTerm.build/BicTerm-all-non-framework-target-headers.hmap -Xcc -ivfsoverlay -Xcc /Users/richard/code/BicTerm/.build-artifacts/DerivedData/g12-app/Build/Intermediates.noindex/BicTerm.build/Debug-iphonesimulator/BicTerm-016255f037ae87c93052aa8a3749f82d-VFS-iphonesimulator/all-product-headers.yaml -Xcc -iquote -Xcc /Users/richard/code/BicTerm/.build-artifacts/DerivedData/g12-app/Build/Intermediates.noindex/BicTerm.build/Debug-iphonesimulator/BicTerm.build/BicTerm-project-headers.hmap -Xcc -I/Users/richard/code/BicTerm/.build-artifacts/DerivedData/g12-app/SourcePackages/checkouts/swift-atomics/Sources/_AtomicsShims/include -Xcc -I/Users/richard/code/BicTerm/.build-artifacts/DerivedData/g12-app/SourcePackages/checkouts/swift-nio/Sources/CNIOPosix/include -Xcc -I/Users/richard/code/BicTerm/.build-artifacts/DerivedData/g12-app/SourcePackages/checkouts/swift-nio/Sources/CNIOWASI/include -Xcc -I/Users/richard/code/BicTerm/.build-artifacts/DerivedData/g12-app/SourcePackages/checkouts/swift-nio/Sources/CNIOFreeBSD/include -Xcc -I/Users/richard/code/BicTerm/.build-artifacts/DerivedData/g12-app/SourcePackages/checkouts/swift-nio/Sources/CNIOAtomics/include -Xcc -I/Users/richard/code/BicTerm/.build-artifacts/DerivedData/g12-app/SourcePackages/checkouts/swift-nio/Sources/CNIOWindows/include -Xcc -I/Users/richard/code/BicTerm/.build-artifacts/DerivedData/g12-app/SourcePackages/checkouts/swift-nio/Sources/CNIODarwin/include -Xcc -I/Users/richard/code/BicTerm/.build-artifacts/DerivedData/g12-app/SourcePackages/checkouts/swift-nio/Sources/CNIOLinux/include -Xcc -I/Users/richard/code/BicTerm/.build-artifacts/DerivedData/g12-app/SourcePackages/checkouts/swift-nio/Sources/CNIOOpenBSD/include -Xcc -I/Users/richard/code/BicTerm/BicTermCore/Sources/CBcryptPBKDF/include -Xcc -I/Users/richard/code/BicTerm/.build-artifacts/DerivedData/g12-app/Build/Products/Debug-iphonesimulator/include -Xcc -I/Users/richard/code/BicTerm/.build-artifacts/DerivedData/g12-app/Build/Intermediates.noindex/BicTerm.build/Debug-iphonesimulator/BicTerm.build/DerivedSources-normal/arm64 -Xcc -I/Users/richard/code/BicTerm/.build-artifacts/DerivedData/g12-app/Build/Intermediates.noindex/BicTerm.build/Debug-iphonesimulator/BicTerm.build/DerivedSources/arm64 -Xcc -I/Users/richard/code/BicTerm/.build-artifacts/DerivedData/g12-app/Build/Intermediates.noindex/BicTerm.build/Debug-iphonesimulator/BicTerm.build/DerivedSources -Xcc -DDEBUG\=1 -emit-objc-header -emit-objc-header-path /Users/richard/code/BicTerm/.build-artifacts/DerivedData/g12-app/Build/Intermediates.noindex/BicTerm.build/Debug-iphonesimulator/BicTerm.build/Objects-normal/arm64/BicTerm-Swift.h -working-directory /Users/richard/code/BicTerm -experimental-emit-module-separately -disable-cmo

SwiftDriverJobDiscovery normal arm64 Emitting module for BicTerm (in target 'BicTerm' from project 'BicTerm')

ProcessInfoPlistFile /Users/richard/code/BicTerm/.build-artifacts/DerivedData/g12-app/Build/Products/Debug-iphonesimulator/swift-nio_NIOPosix.bundle/Info.plist /Users/richard/code/BicTerm/.build-artifacts/DerivedData/g12-app/Build/Intermediates.noindex/swift-nio.build/Debug-iphonesimulator/swift-nio_NIOPosix.build/empty-swift-nio_NIOPosix.plist (in target 'swift-nio_NIOPosix' from project 'swift-nio')
    cd /Users/richard/code/BicTerm/.build-artifacts/DerivedData/g12-app/SourcePackages/checkouts/swift-nio
    builtin-infoPlistUtility /Users/richard/code/BicTerm/.build-artifacts/DerivedData/g12-app/Build/Intermediates.noindex/swift-nio.build/Debug-iphonesimulator/swift-nio_NIOPosix.build/empty-swift-nio_NIOPosix.plist -producttype com.apple.product-type.bundle -expandbuildsettings -format binary -platform iphonesimulator -o /Users/richard/code/BicTerm/.build-artifacts/DerivedData/g12-app/Build/Products/Debug-iphonesimulator/swift-nio_NIOPosix.bundle/Info.plist

ProcessInfoPlistFile /Users/richard/code/BicTerm/.build-artifacts/DerivedData/g12-app/Build/Products/Debug-iphonesimulator/swift-crypto_Crypto.bundle/Info.plist /Users/richard/code/BicTerm/.build-artifacts/DerivedData/g12-app/Build/Intermediates.noindex/swift-crypto.build/Debug-iphonesimulator/swift-crypto_Crypto.build/empty-swift-crypto_Crypto.plist (in target 'swift-crypto_Crypto' from project 'swift-crypto')
    cd /Users/richard/code/BicTerm/.build-artifacts/DerivedData/g12-app/SourcePackages/checkouts/swift-crypto
    builtin-infoPlistUtility /Users/richard/code/BicTerm/.build-artifacts/DerivedData/g12-app/Build/Intermediates.noindex/swift-crypto.build/Debug-iphonesimulator/swift-crypto_Crypto.build/empty-swift-crypto_Crypto.plist -producttype com.apple.product-type.bundle -expandbuildsettings -format binary -platform iphonesimulator -o /Users/richard/code/BicTerm/.build-artifacts/DerivedData/g12-app/Build/Products/Debug-iphonesimulator/swift-crypto_Crypto.bundle/Info.plist

SwiftCompile normal arm64 Compiling\ CoderWorkspace.swift /Users/richard/code/BicTerm/BicTermCore/Sources/BicTermCore/Coder/CoderWorkspace.swift (in target 'BicTermCore' from project 'BicTermCore')

SwiftCompile normal arm64 /Users/richard/code/BicTerm/BicTermCore/Sources/BicTermCore/Coder/CoderWorkspace.swift (in target 'BicTermCore' from project 'BicTermCore')
    cd /Users/richard/code/BicTerm/BicTerm.xcodeproj
    

SwiftCompile normal arm64 Compiling\ SwiftTermBuildInfo.swift /Users/richard/code/BicTerm/.build-artifacts/DerivedData/g12-app/Build/Intermediates.noindex/BuildToolPluginIntermediates/swiftterm.output/SwiftTerm/SwiftTermBuildInfoPlugin/Generated/SwiftTermBuildInfo.swift (in target 'SwiftTerm' from project 'SwiftTerm')

SwiftCompile normal arm64 /Users/richard/code/BicTerm/.build-artifacts/DerivedData/g12-app/Build/Intermediates.noindex/BuildToolPluginIntermediates/swiftterm.output/SwiftTerm/SwiftTermBuildInfoPlugin/Generated/SwiftTermBuildInfo.swift (in target 'SwiftTerm' from project 'SwiftTerm')
    cd /Users/richard/code/BicTerm/BicTerm.xcodeproj
    

SwiftCompile normal arm64 Compiling\ TransportError.swift /Users/richard/code/BicTerm/BicTermCore/Sources/BicTermCore/Transport/TransportError.swift (in target 'BicTermCore' from project 'BicTermCore')

SwiftCompile normal arm64 /Users/richard/code/BicTerm/BicTermCore/Sources/BicTermCore/Transport/TransportError.swift (in target 'BicTermCore' from project 'BicTermCore')
    cd /Users/richard/code/BicTerm/BicTerm.xcodeproj
    

SwiftCompile normal arm64 Compiling\ JumpChainBuilder.swift /Users/richard/code/BicTerm/BicTermCore/Sources/BicTermCore/SSH/Jump/JumpChainBuilder.swift (in target 'BicTermCore' from project 'BicTermCore')

SwiftCompile normal arm64 /Users/richard/code/BicTerm/BicTermCore/Sources/BicTermCore/SSH/Jump/JumpChainBuilder.swift (in target 'BicTermCore' from project 'BicTermCore')
    cd /Users/richard/code/BicTerm/BicTerm.xcodeproj
    
/Users/richard/code/BicTerm/BicTermCore/Sources/BicTermCore/SSH/Jump/JumpChainBuilder.swift:85:27: warning: 'as' test is always true
        } catch let error as SSHTransportError {
                          ^
/Users/richard/code/BicTerm/BicTermCore/Sources/BicTermCore/SSH/Jump/JumpChainBuilder.swift:95:31: warning: 'as' test is always true
            } catch let error as SSHTransportError {
                              ^
/Users/richard/code/BicTerm/BicTermCore/Sources/BicTermCore/SSH/Jump/JumpChainBuilder.swift:114:31: warning: 'as' test is always true
            } catch let error as SSHTransportError {
                              ^
/Users/richard/code/BicTerm/BicTermCore/Sources/BicTermCore/SSH/Jump/JumpChainBuilder.swift:133:27: warning: 'as' test is always true
        } catch let error as SSHTransportError {
                          ^
/Users/richard/code/BicTerm/BicTermCore/Sources/BicTermCore/SSH/Jump/JumpChainBuilder.swift:199:27: warning: 'as' test is always true
        } catch let error as SSHTransportError {
                          ^

SwiftCompile normal arm64 Compiling\ CoderTransport.swift /Users/richard/code/BicTerm/BicTermCore/Sources/BicTermCore/Transport/CoderTransport.swift (in target 'BicTermCore' from project 'BicTermCore')
SwiftCompile normal arm64 /Users/richard/code/BicTerm/BicTermCore/Sources/BicTermCore/Transport/CoderTransport.swift (in target 'BicTermCore' from project 'BicTermCore')
    cd /Users/richard/code/BicTerm/BicTerm.xcodeproj
    
/Users/richard/code/BicTerm/BicTermCore/Sources/BicTermCore/Transport/CoderTransport.swift:114:27: warning: 'as' test is always true
        } catch let error as CoderResolutionError {
                          ^
/Users/richard/code/BicTerm/BicTermCore/Sources/BicTermCore/Transport/CoderTransport.swift:132:17: warning: 'is' test is always true
        } catch is CoderTunnelError {
                ^
/Users/richard/code/BicTerm/BicTermCore/Sources/BicTermCore/Transport/CoderTransport.swift:142:27: warning: 'as' test is always true
        } catch let error as TransportError {
                          ^
/Users/richard/code/BicTerm/BicTermCore/Sources/BicTermCore/Transport/CoderTransport.swift:214:27: warning: 'as' test is always true
        } catch let error as TransportError {
                          ^
/Users/richard/code/BicTerm/BicTermCore/Sources/BicTermCore/Transport/CoderTransport.swift:267:17: warning: 'is' test is always true
        } catch is CoderTunnelError {
                ^
/Users/richard/code/BicTerm/BicTermCore/Sources/BicTermCore/Transport/CoderTransport.swift:281:17: warning: 'is' test is always true
        } catch is CoderTunnelError {
                ^

SwiftCompile normal arm64 Compiling\ CoderWorkspaceResolver.swift /Users/richard/code/BicTerm/BicTermCore/Sources/BicTermCore/Coder/CoderWorkspaceResolver.swift (in target 'BicTermCore' from project 'BicTermCore')

SwiftCompile normal arm64 /Users/richard/code/BicTerm/BicTermCore/Sources/BicTermCore/Coder/CoderWorkspaceResolver.swift (in target 'BicTermCore' from project 'BicTermCore')
    cd /Users/richard/code/BicTerm/BicTerm.xcodeproj
    
/Users/richard/code/BicTerm/BicTermCore/Sources/BicTermCore/Coder/CoderWorkspaceResolver.swift:110:31: warning: 'as' test is always true
            } catch let error as CoderClientError {
                              ^

SwiftDriver\ Compilation\ Requirements BicTerm normal arm64 com.apple.xcode.tools.swift.compiler (in target 'BicTerm' from project 'BicTerm')
    cd /Users/richard/code/BicTerm
    builtin-Swift-Compilation-Requirements -- /Applications/Xcode.app/Contents/Developer/Toolchains/XcodeDefault.xctoolchain/usr/bin/swiftc -module-name BicTerm -Onone @/Users/richard/code/BicTerm/.build-artifacts/DerivedData/g12-app/Build/Intermediates.noindex/BicTerm.build/Debug-iphonesimulator/BicTerm.build/Objects-normal/arm64/BicTerm.SwiftFileList -DDEBUG -DCODER_TUNNEL -Xcc -fmodule-map-file\=/Users/richard/code/BicTerm/.build-artifacts/DerivedData/g12-app/Build/Intermediates.noindex/GeneratedModuleMaps-iphonesimulator/CNIOPosix.modulemap -Xcc -fmodule-map-file\=/Users/richard/code/BicTerm/.build-artifacts/DerivedData/g12-app/Build/Intermediates.noindex/GeneratedModuleMaps-iphonesimulator/CNIOWASI.modulemap -Xcc -fmodule-map-file\=/Users/richard/code/BicTerm/.build-artifacts/DerivedData/g12-app/Build/Intermediates.noindex/GeneratedModuleMaps-iphonesimulator/CNIOFreeBSD.modulemap -Xcc -fmodule-map-file\=/Users/richard/code/BicTerm/.build-artifacts/DerivedData/g12-app/Build/Intermediates.noindex/GeneratedModuleMaps-iphonesimulator/CNIOAtomics.modulemap -Xcc -fmodule-map-file\=/Users/richard/code/BicTerm/.build-artifacts/DerivedData/g12-app/Build/Intermediates.noindex/GeneratedModuleMaps-iphonesimulator/CNIODarwin.modulemap -Xcc -fmodule-map-file\=/Users/richard/code/BicTerm/.build-artifacts/DerivedData/g12-app/Build/Intermediates.noindex/GeneratedModuleMaps-iphonesimulator/CNIOLinux.modulemap -Xcc -fmodule-map-file\=/Users/richard/code/BicTerm/.build-artifacts/DerivedData/g12-app/Build/Intermediates.noindex/GeneratedModuleMaps-iphonesimulator/CNIOOpenBSD.modulemap -Xcc -fmodule-map-file\=/Users/richard/code/BicTerm/.build-artifacts/DerivedData/g12-app/Build/Intermediates.noindex/GeneratedModuleMaps-iphonesimulator/CBcryptPBKDF.modulemap -enable-experimental-feature DebugDescriptionMacro -sdk /Applications/Xcode.app/Contents/Developer/Platforms/iPhoneSimulator.platform/Developer/SDKs/iPhoneSimulator26.5.sdk -target arm64-apple-ios18.0-simulator -g -module-cache-path /Users/richard/code/BicTerm/.build-artifacts/DerivedData/g12-app/ModuleCache.noindex -Xfrontend -serialize-debugging-options -enable-testing -index-store-path /Users/richard/code/BicTerm/.build-artifacts/DerivedData/g12-app/Index.noindex/DataStore -Xcc -D_LIBCPP_HARDENING_MODE\=_LIBCPP_HARDENING_MODE_DEBUG -swift-version 6 -I /Users/richard/code/BicTerm/.build-artifacts/DerivedData/g12-app/Build/Products/Debug-iphonesimulator -F /Users/richard/code/BicTerm/.build-artifacts/DerivedData/g12-app/Build/Products/Debug-iphonesimulator/PackageFrameworks -F /Users/richard/code/BicTerm/.build-artifacts/DerivedData/g12-app/Build/Products/Debug-iphonesimulator/PackageFrameworks -F /Users/richard/code/BicTerm/.build-artifacts/DerivedData/g12-app/Build/Products/Debug-iphonesimulator/PackageFrameworks -F /Users/richard/code/BicTerm/.build-artifacts/DerivedData/g12-app/Build/Products/Debug-iphonesimulator/PackageFrameworks -F /Users/richard/code/BicTerm/.build-artifacts/DerivedData/g12-app/Build/Products/Debug-iphonesimulator/PackageFrameworks -F /Users/richard/code/BicTerm/.build-artifacts/DerivedData/g12-app/Build/Products/Debug-iphonesimulator/PackageFrameworks -F /Users/richard/code/BicTerm/.build-artifacts/DerivedData/g12-app/Build/Products/Debug-iphonesimulator/PackageFrameworks -F /Users/richard/code/BicTerm/.build-artifacts/DerivedData/g12-app/Build/Products/Debug-iphonesimulator/PackageFrameworks -F /Users/richard/code/BicTerm/.build-artifacts/DerivedData/g12-app/Build/Products/Debug-iphonesimulator/PackageFrameworks -F /Users/richard/code/BicTerm/.build-artifacts/DerivedData/g12-app/Build/Products/Debug-iphonesimulator/PackageFrameworks -F /Users/richard/code/BicTerm/.build-artifacts/DerivedData/g12-app/Build/Products/Debug-iphonesimulator/PackageFrameworks -F /Users/richard/code/BicTerm/.build-artifacts/DerivedData/g12-app/Build/Products/Debug-iphonesimulator/PackageFrameworks -F /Users/richard/code/BicTerm/.build-artifacts/DerivedData/g12-app/Build/Products/Debug-iphonesimulator/PackageFrameworks -F /Users/richard/code/BicTerm/.build-artifacts/DerivedData/g12-app/Build/Products/Debug-iphonesimulator/PackageFrameworks -F /Users/richard/code/BicTerm/.build-artifacts/DerivedData/g12-app/Build/Products/Debug-iphonesimulator/PackageFrameworks -F /Users/richard/code/BicTerm/.build-artifacts/DerivedData/g12-app/Build/Products/Debug-iphonesimulator/PackageFrameworks -F /Users/richard/code/BicTerm/.build-artifacts/DerivedData/g12-app/Build/Products/Debug-iphonesimulator/PackageFrameworks -F /Users/richard/code/BicTerm/.build-artifacts/DerivedData/g12-app/Build/Products/Debug-iphonesimulator/PackageFrameworks -F /Users/richard/code/BicTerm/.build-artifacts/DerivedData/g12-app/Build/Products/Debug-iphonesimulator/PackageFrameworks -F /Users/richard/code/BicTerm/.build-artifacts/DerivedData/g12-app/Build/Products/Debug-iphonesimulator/PackageFrameworks -F /Users/richard/code/BicTerm/.build-artifacts/DerivedData/g12-app/Build/Products/Debug-iphonesimulator/PackageFrameworks -F /Users/richard/code/BicTerm/.build-artifacts/DerivedData/g12-app/Build/Products/Debug-iphonesimulator/PackageFrameworks -F /Users/richard/code/BicTerm/.build-artifacts/DerivedData/g12-app/Build/Products/Debug-iphonesimulator/PackageFrameworks -F /Users/richard/code/BicTerm/.build-artifacts/DerivedData/g12-app/Build/Products/Debug-iphonesimulator/PackageFrameworks -F /Users/richard/code/BicTerm/.build-artifacts/DerivedData/g12-app/Build/Products/Debug-iphonesimulator/PackageFrameworks -F /Users/richard/code/BicTerm/.build-artifacts/DerivedData/g12-app/Build/Products/Debug-iphonesimulator/PackageFrameworks -F /Users/richard/code/BicTerm/.build-artifacts/DerivedData/g12-app/Build/Products/Debug-iphonesimulator/PackageFrameworks -F /Users/richard/code/BicTerm/.build-artifacts/DerivedData/g12-app/Build/Products/Debug-iphonesimulator -F /Users/richard/code/BicTerm/.build-artifacts/DerivedData/g12-app/Build/Products/Debug-iphonesimulator -c -j20 -enable-batch-mode -incremental -Xcc -ivfsstatcache -Xcc /Users/richard/code/BicTerm/.build-artifacts/DerivedData/g12-app/SDKStatCaches.noindex/iphonesimulator26.5-23F81a-688ef53f1462e2c8f657fdc38a81448f6cfe768891a92b912361537c460fe42b.sdkstatcache -output-file-map /Users/richard/code/BicTerm/.build-artifacts/DerivedData/g12-app/Build/Intermediates.noindex/BicTerm.build/Debug-iphonesimulator/BicTerm.build/Objects-normal/arm64/BicTerm-OutputFileMap.json -use-frontend-parseable-output -save-temps -no-color-diagnostics -explicit-module-build -module-cache-path /Users/richard/code/BicTerm/.build-artifacts/DerivedData/g12-app/Build/Intermediates.noindex/SwiftExplicitPrecompiledModules -clang-scanner-module-cache-path /Users/richard/code/BicTerm/.build-artifacts/DerivedData/g12-app/ModuleCache.noindex -sdk-module-cache-path /Users/richard/code/BicTerm/.build-artifacts/DerivedData/g12-app/ModuleCache.noindex -serialize-diagnostics -emit-dependencies -emit-module -emit-module-path /Users/richard/code/BicTerm/.build-artifacts/DerivedData/g12-app/Build/Intermediates.noindex/BicTerm.build/Debug-iphonesimulator/BicTerm.build/Objects-normal/arm64/BicTerm.swiftmodule -validate-clang-modules-once -clang-build-session-file /Users/richard/code/BicTerm/.build-artifacts/DerivedData/g12-app/ModuleCache.noindex/Session.modulevalidation -Xcc -I/Users/richard/code/BicTerm/.build-artifacts/DerivedData/g12-app/Build/Intermediates.noindex/BicTerm.build/Debug-iphonesimulator/BicTerm.build/swift-overrides.hmap -emit-const-values -Xfrontend -const-gather-protocols-file -Xfrontend /Users/richard/code/BicTerm/.build-artifacts/DerivedData/g12-app/Build/Intermediates.noindex/BicTerm.build/Debug-iphonesimulator/BicTerm.build/Objects-normal/arm64/BicTerm_const_extract_protocols.json -Xcc -iquote -Xcc /Users/richard/code/BicTerm/.build-artifacts/DerivedData/g12-app/Build/Intermediates.noindex/BicTerm.build/Debug-iphonesimulator/BicTerm.build/BicTerm-generated-files.hmap -Xcc -I/Users/richard/code/BicTerm/.build-artifacts/DerivedData/g12-app/Build/Intermediates.noindex/BicTerm.build/Debug-iphonesimulator/BicTerm.build/BicTerm-own-target-headers.hmap -Xcc -I/Users/richard/code/BicTerm/.build-artifacts/DerivedData/g12-app/Build/Intermediates.noindex/BicTerm.build/Debug-iphonesimulator/BicTerm.build/BicTerm-all-non-framework-target-headers.hmap -Xcc -ivfsoverlay -Xcc /Users/richard/code/BicTerm/.build-artifacts/DerivedData/g12-app/Build/Intermediates.noindex/BicTerm.build/Debug-iphonesimulator/BicTerm-016255f037ae87c93052aa8a3749f82d-VFS-iphonesimulator/all-product-headers.yaml -Xcc -iquote -Xcc /Users/richard/code/BicTerm/.build-artifacts/DerivedData/g12-app/Build/Intermediates.noindex/BicTerm.build/Debug-iphonesimulator/BicTerm.build/BicTerm-project-headers.hmap -Xcc -I/Users/richard/code/BicTerm/.build-artifacts/DerivedData/g12-app/SourcePackages/checkouts/swift-atomics/Sources/_AtomicsShims/include -Xcc -I/Users/richard/code/BicTerm/.build-artifacts/DerivedData/g12-app/SourcePackages/checkouts/swift-nio/Sources/CNIOPosix/include -Xcc -I/Users/richard/code/BicTerm/.build-artifacts/DerivedData/g12-app/SourcePackages/checkouts/swift-nio/Sources/CNIOWASI/include -Xcc -I/Users/richard/code/BicTerm/.build-artifacts/DerivedData/g12-app/SourcePackages/checkouts/swift-nio/Sources/CNIOFreeBSD/include -Xcc -I/Users/richard/code/BicTerm/.build-artifacts/DerivedData/g12-app/SourcePackages/checkouts/swift-nio/Sources/CNIOAtomics/include -Xcc -I/Users/richard/code/BicTerm/.build-artifacts/DerivedData/g12-app/SourcePackages/checkouts/swift-nio/Sources/CNIOWindows/include -Xcc -I/Users/richard/code/BicTerm/.build-artifacts/DerivedData/g12-app/SourcePackages/checkouts/swift-nio/Sources/CNIODarwin/include -Xcc -I/Users/richard/code/BicTerm/.build-artifacts/DerivedData/g12-app/SourcePackages/checkouts/swift-nio/Sources/CNIOLinux/include -Xcc -I/Users/richard/code/BicTerm/.build-artifacts/DerivedData/g12-app/SourcePackages/checkouts/swift-nio/Sources/CNIOOpenBSD/include -Xcc -I/Users/richard/code/BicTerm/BicTermCore/Sources/CBcryptPBKDF/include -Xcc -I/Users/richard/code/BicTerm/.build-artifacts/DerivedData/g12-app/Build/Products/Debug-iphonesimulator/include -Xcc -I/Users/richard/code/BicTerm/.build-artifacts/DerivedData/g12-app/Build/Intermediates.noindex/BicTerm.build/Debug-iphonesimulator/BicTerm.build/DerivedSources-normal/arm64 -Xcc -I/Users/richard/code/BicTerm/.build-artifacts/DerivedData/g12-app/Build/Intermediates.noindex/BicTerm.build/Debug-iphonesimulator/BicTerm.build/DerivedSources/arm64 -Xcc -I/Users/richard/code/BicTerm/.build-artifacts/DerivedData/g12-app/Build/Intermediates.noindex/BicTerm.build/Debug-iphonesimulator/BicTerm.build/DerivedSources -Xcc -DDEBUG\=1 -emit-objc-header -emit-objc-header-path /Users/richard/code/BicTerm/.build-artifacts/DerivedData/g12-app/Build/Intermediates.noindex/BicTerm.build/Debug-iphonesimulator/BicTerm.build/Objects-normal/arm64/BicTerm-Swift.h -working-directory /Users/richard/code/BicTerm -experimental-emit-module-separately -disable-cmo

SwiftDriverJobDiscovery normal arm64 Compiling TransportError.swift (in target 'BicTermCore' from project 'BicTermCore')

SwiftCompile normal arm64 Compiling\ JumpPipeline.swift /Users/richard/code/BicTerm/BicTermCore/Sources/BicTermCore/SSH/Jump/JumpPipeline.swift (in target 'BicTermCore' from project 'BicTermCore')
SwiftCompile normal arm64 /Users/richard/code/BicTerm/BicTermCore/Sources/BicTermCore/SSH/Jump/JumpPipeline.swift (in target 'BicTermCore' from project 'BicTermCore')
    cd /Users/richard/code/BicTerm/BicTerm.xcodeproj
    
/Users/richard/code/BicTerm/BicTermCore/Sources/BicTermCore/SSH/Jump/JumpPipeline.swift:100:47: warning: capture of 'userAuth' with non-Sendable type 'any NIOSSHClientUserAuthenticationDelegate' in a '@Sendable' closure
                            userAuthDelegate: userAuth,
                                              ^
NIOSSH.NIOSSHClientUserAuthenticationDelegate:1:17: note: protocol 'NIOSSHClientUserAuthenticationDelegate' does not conform to the 'Sendable' protocol
public protocol NIOSSHClientUserAuthenticationDelegate {
                ^
/Users/richard/code/BicTerm/BicTermCore/Sources/BicTermCore/SSH/Jump/JumpPipeline.swift:100:47: warning: capture of 'userAuth' with non-Sendable type 'any NIOSSHClientUserAuthenticationDelegate' in an isolated closure
                            userAuthDelegate: userAuth,
                                              ^
NIOSSH.NIOSSHClientUserAuthenticationDelegate:1:17: note: protocol 'NIOSSHClientUserAuthenticationDelegate' does not conform to the 'Sendable' protocol
public protocol NIOSSHClientUserAuthenticationDelegate {
                ^
/Users/richard/code/BicTerm/BicTermCore/Sources/BicTermCore/SSH/Jump/JumpPipeline.swift:134:43: warning: capture of 'userAuth' with non-Sendable type 'any NIOSSHClientUserAuthenticationDelegate' in a '@Sendable' closure
                        userAuthDelegate: userAuth,
                                          ^
NIOSSH.NIOSSHClientUserAuthenticationDelegate:1:17: note: protocol 'NIOSSHClientUserAuthenticationDelegate' does not conform to the 'Sendable' protocol
public protocol NIOSSHClientUserAuthenticationDelegate {
                ^

SwiftCompile normal arm64 Compiling\ DebugPasswordServer.swift /Users/richard/code/BicTerm/BicTermCore/Sources/BicTermCore/SSH/DebugPasswordServer.swift (in target 'BicTermCore' from project 'BicTermCore')

SwiftCompile normal arm64 /Users/richard/code/BicTerm/BicTermCore/Sources/BicTermCore/SSH/DebugPasswordServer.swift (in target 'BicTermCore' from project 'BicTermCore')
    cd /Users/richard/code/BicTerm/BicTerm.xcodeproj
    

SwiftCompile normal arm64 Compiling\ SSHTransport+DirectTCPIP.swift /Users/richard/code/BicTerm/BicTermCore/Sources/BicTermCore/SSH/SSHTransport+DirectTCPIP.swift (in target 'BicTermCore' from project 'BicTermCore')

SwiftCompile normal arm64 /Users/richard/code/BicTerm/BicTermCore/Sources/BicTermCore/SSH/SSHTransport+DirectTCPIP.swift (in target 'BicTermCore' from project 'BicTermCore')
    cd /Users/richard/code/BicTerm/BicTerm.xcodeproj
    

SwiftCompile normal arm64 Compiling\ SSHNIOBridge.swift /Users/richard/code/BicTerm/BicTermCore/Sources/BicTermCore/SSH/SSHNIOBridge.swift (in target 'BicTermCore' from project 'BicTermCore')

SwiftCompile normal arm64 /Users/richard/code/BicTerm/BicTermCore/Sources/BicTermCore/SSH/SSHNIOBridge.swift (in target 'BicTermCore' from project 'BicTermCore')
    cd /Users/richard/code/BicTerm/BicTerm.xcodeproj
    
/Users/richard/code/BicTerm/BicTermCore/Sources/BicTermCore/SSH/SSHNIOBridge.swift:337:55: warning: capture of 'context' with non-Sendable type 'ChannelHandlerContext' in a '@Sendable' closure
        return (try? await context.eventLoop.submit { context.channel.isWritable }.get()) ?? false
                                                      ^
NIOCore.ChannelHandlerContext:1:20: note: class 'ChannelHandlerContext' does not conform to the 'Sendable' protocol
final public class ChannelHandlerContext : NIOCore.ChannelInvoker {
                   ^
/Users/richard/code/BicTerm/BicTermCore/Sources/BicTermCore/SSH/SSHNIOBridge.swift:349:24: warning: capture of 'context' with non-Sendable type 'ChannelHandlerContext' in a '@Sendable' closure
                    if context.channel.isWritable {
                       ^
NIOCore.ChannelHandlerContext:1:20: note: class 'ChannelHandlerContext' does not conform to the 'Sendable' protocol
final public class ChannelHandlerContext : NIOCore.ChannelInvoker {
                   ^
/Users/richard/code/BicTerm/BicTermCore/Sources/BicTermCore/SSH/SSHNIOBridge.swift:367:35: warning: capture of 'context' with non-Sendable type 'ChannelHandlerContext' in a '@Sendable' closure
                    let promise = context.eventLoop.makePromise(of: Void.self)
                                  ^
NIOCore.ChannelHandlerContext:1:20: note: class 'ChannelHandlerContext' does not conform to the 'Sendable' protocol
final public class ChannelHandlerContext : NIOCore.ChannelInvoker {
                   ^

SwiftCompile normal arm64 Compiling\ JumpError.swift /Users/richard/code/BicTerm/BicTermCore/Sources/BicTermCore/SSH/Jump/JumpError.swift (in target 'BicTermCore' from project 'BicTermCore')

SwiftCompile normal arm64 /Users/richard/code/BicTerm/BicTermCore/Sources/BicTermCore/SSH/Jump/JumpError.swift (in target 'BicTermCore' from project 'BicTermCore')
    cd /Users/richard/code/BicTerm/BicTerm.xcodeproj
    

SwiftCompile normal arm64 Compiling\ SSHTerminalTransportFactory.swift /Users/richard/code/BicTerm/BicTermCore/Sources/BicTermCore/SSH/SSHTerminalTransportFactory.swift (in target 'BicTermCore' from project 'BicTermCore')

SwiftCompile normal arm64 /Users/richard/code/BicTerm/BicTermCore/Sources/BicTermCore/SSH/SSHTerminalTransportFactory.swift (in target 'BicTermCore' from project 'BicTermCore')
    cd /Users/richard/code/BicTerm/BicTerm.xcodeproj
    

SwiftCompile normal arm64 Compiling\ CoderTransportFactory.swift /Users/richard/code/BicTerm/BicTermCore/Sources/BicTermCore/Transport/CoderTransportFactory.swift (in target 'BicTermCore' from project 'BicTermCore')

SwiftCompile normal arm64 /Users/richard/code/BicTerm/BicTermCore/Sources/BicTermCore/Transport/CoderTransportFactory.swift (in target 'BicTermCore' from project 'BicTermCore')
    cd /Users/richard/code/BicTerm/BicTerm.xcodeproj
    

SwiftCompile normal arm64 Compiling\ SSHTransport+UDS.swift /Users/richard/code/BicTerm/BicTermCore/Sources/BicTermCore/SSH/SSHTransport+UDS.swift (in target 'BicTermCore' from project 'BicTermCore')

SwiftCompile normal arm64 /Users/richard/code/BicTerm/BicTermCore/Sources/BicTermCore/SSH/SSHTransport+UDS.swift (in target 'BicTermCore' from project 'BicTermCore')
    cd /Users/richard/code/BicTerm/BicTerm.xcodeproj
    

SwiftCompile normal arm64 Compiling\ SSHTransportError.swift /Users/richard/code/BicTerm/BicTermCore/Sources/BicTermCore/SSH/SSHTransportError.swift (in target 'BicTermCore' from project 'BicTermCore')

SwiftCompile normal arm64 /Users/richard/code/BicTerm/BicTermCore/Sources/BicTermCore/SSH/SSHTransportError.swift (in target 'BicTermCore' from project 'BicTermCore')
    cd /Users/richard/code/BicTerm/BicTerm.xcodeproj
    

SwiftCompile normal arm64 Compiling\ SessionRegistry.swift /Users/richard/code/BicTerm/BicTermCore/Sources/BicTermCore/Sessions/SessionRegistry.swift (in target 'BicTermCore' from project 'BicTermCore')
SwiftCompile normal arm64 /Users/richard/code/BicTerm/BicTermCore/Sources/BicTermCore/Sessions/SessionRegistry.swift (in target 'BicTermCore' from project 'BicTermCore')
    cd /Users/richard/code/BicTerm/BicTerm.xcodeproj
    
/Users/richard/code/BicTerm/BicTermCore/Sources/BicTermCore/Sessions/SessionRegistry.swift:427:17: warning: no 'async' operations occur within 'await' expression
                await bridgeYield(chunk, for: record, transport: transport)
                ^
/Users/richard/code/BicTerm/BicTermCore/Sources/BicTermCore/Sessions/SessionRegistry.swift:429:13: warning: no 'async' operations occur within 'await' expression
            await bridgeFinished(for: record, transport: transport)
            ^

SwiftCompile normal arm64 Compiling\ SessionState.swift /Users/richard/code/BicTerm/BicTermCore/Sources/BicTermCore/Sessions/SessionState.swift (in target 'BicTermCore' from project 'BicTermCore')

SwiftCompile normal arm64 /Users/richard/code/BicTerm/BicTermCore/Sources/BicTermCore/Sessions/SessionState.swift (in target 'BicTermCore' from project 'BicTermCore')
    cd /Users/richard/code/BicTerm/BicTerm.xcodeproj
    

SwiftCompile normal arm64 Compiling\ SessionTransport.swift /Users/richard/code/BicTerm/BicTermCore/Sources/BicTermCore/Sessions/SessionTransport.swift (in target 'BicTermCore' from project 'BicTermCore')

SwiftCompile normal arm64 /Users/richard/code/BicTerm/BicTermCore/Sources/BicTermCore/Sessions/SessionTransport.swift (in target 'BicTermCore' from project 'BicTermCore')
    cd /Users/richard/code/BicTerm/BicTerm.xcodeproj
    

SwiftCompile normal arm64 Compiling\ JumpTerminalTransport.swift /Users/richard/code/BicTerm/BicTermCore/Sources/BicTermCore/SSH/Jump/JumpTerminalTransport.swift (in target 'BicTermCore' from project 'BicTermCore')

SwiftCompile normal arm64 /Users/richard/code/BicTerm/BicTermCore/Sources/BicTermCore/SSH/Jump/JumpTerminalTransport.swift (in target 'BicTermCore' from project 'BicTermCore')
    cd /Users/richard/code/BicTerm/BicTerm.xcodeproj
    

SwiftCompile normal arm64 Compiling\ TransportRegistry.swift /Users/richard/code/BicTerm/BicTermCore/Sources/BicTermCore/Transport/TransportRegistry.swift (in target 'BicTermCore' from project 'BicTermCore')

SwiftCompile normal arm64 /Users/richard/code/BicTerm/BicTermCore/Sources/BicTermCore/Transport/TransportRegistry.swift (in target 'BicTermCore' from project 'BicTermCore')
    cd /Users/richard/code/BicTerm/BicTerm.xcodeproj
    

SwiftCompile normal arm64 Compiling\ TerminalTransport.swift /Users/richard/code/BicTerm/BicTermCore/Sources/BicTermCore/Transport/TerminalTransport.swift (in target 'BicTermCore' from project 'BicTermCore')

SwiftCompile normal arm64 /Users/richard/code/BicTerm/BicTermCore/Sources/BicTermCore/Transport/TerminalTransport.swift (in target 'BicTermCore' from project 'BicTermCore')
    cd /Users/richard/code/BicTerm/BicTerm.xcodeproj
    

SwiftCompile normal arm64 Compiling\ JumpTransport.swift /Users/richard/code/BicTerm/BicTermCore/Sources/BicTermCore/SSH/Jump/JumpTransport.swift (in target 'BicTermCore' from project 'BicTermCore')

SwiftCompile normal arm64 /Users/richard/code/BicTerm/BicTermCore/Sources/BicTermCore/SSH/Jump/JumpTransport.swift (in target 'BicTermCore' from project 'BicTermCore')
    cd /Users/richard/code/BicTerm/BicTerm.xcodeproj
    

SwiftDriverJobDiscovery normal arm64 Compiling SwiftTermBuildInfo.swift (in target 'SwiftTerm' from project 'SwiftTerm')

SwiftCompile normal arm64 Compiling\ Terminal.swift /Users/richard/code/BicTerm/Vendor/SwiftTerm/Sources/SwiftTerm/Terminal.swift (in target 'SwiftTerm' from project 'SwiftTerm')
SwiftCompile normal arm64 /Users/richard/code/BicTerm/Vendor/SwiftTerm/Sources/SwiftTerm/Terminal.swift (in target 'SwiftTerm' from project 'SwiftTerm')
    cd /Users/richard/code/BicTerm/BicTerm.xcodeproj
    

SwiftDriverJobDiscovery normal arm64 Compiling JumpChainBuilder.swift (in target 'BicTermCore' from project 'BicTermCore')

SwiftCompile normal arm64 Compiling\ SSHSessionTransportProtocol.swift /Users/richard/code/BicTerm/BicTermCore/Sources/BicTermCore/SSH/Jump/SSHSessionTransportProtocol.swift (in target 'BicTermCore' from project 'BicTermCore')

SwiftCompile normal arm64 /Users/richard/code/BicTerm/BicTermCore/Sources/BicTermCore/SSH/Jump/SSHSessionTransportProtocol.swift (in target 'BicTermCore' from project 'BicTermCore')
    cd /Users/richard/code/BicTerm/BicTerm.xcodeproj
    

SwiftDriverJobDiscovery normal arm64 Compiling CoderWorkspaceResolver.swift (in target 'BicTermCore' from project 'BicTermCore')

SwiftCompile normal arm64 Compiling\ CoderLifecycleCoordinator.swift /Users/richard/code/BicTerm/BicTermCore/Sources/BicTermCore/Coder/CoderLifecycleCoordinator.swift (in target 'BicTermCore' from project 'BicTermCore')

SwiftCompile normal arm64 /Users/richard/code/BicTerm/BicTermCore/Sources/BicTermCore/Coder/CoderLifecycleCoordinator.swift (in target 'BicTermCore' from project 'BicTermCore')
    cd /Users/richard/code/BicTerm/BicTerm.xcodeproj
    

SwiftDriverJobDiscovery normal arm64 Compiling CoderWorkspace.swift (in target 'BicTermCore' from project 'BicTermCore')

SwiftCompile normal arm64 Compiling\ CoderClient.swift /Users/richard/code/BicTerm/BicTermCore/Sources/BicTermCore/Coder/CoderClient.swift (in target 'BicTermCore' from project 'BicTermCore')

SwiftCompile normal arm64 /Users/richard/code/BicTerm/BicTermCore/Sources/BicTermCore/Coder/CoderClient.swift (in target 'BicTermCore' from project 'BicTermCore')
    cd /Users/richard/code/BicTerm/BicTerm.xcodeproj
    

SwiftDriverJobDiscovery normal arm64 Compiling SSHTransportError.swift (in target 'BicTermCore' from project 'BicTermCore')

SwiftCompile normal arm64 Compiling\ SSHTransport.swift /Users/richard/code/BicTerm/BicTermCore/Sources/BicTermCore/SSH/SSHTransport.swift (in target 'BicTermCore' from project 'BicTermCore')

SwiftCompile normal arm64 /Users/richard/code/BicTerm/BicTermCore/Sources/BicTermCore/SSH/SSHTransport.swift (in target 'BicTermCore' from project 'BicTermCore')
    cd /Users/richard/code/BicTerm/BicTerm.xcodeproj
    
/Users/richard/code/BicTerm/BicTermCore/Sources/BicTermCore/SSH/SSHTransport.swift:148:47: warning: capture of 'userAuth' with non-Sendable type 'any NIOSSHClientUserAuthenticationDelegate' in a '@Sendable' closure
                            userAuthDelegate: userAuth,
                                              ^
NIOSSH.NIOSSHClientUserAuthenticationDelegate:1:17: note: protocol 'NIOSSHClientUserAuthenticationDelegate' does not conform to the 'Sendable' protocol
public protocol NIOSSHClientUserAuthenticationDelegate {
                ^
/Users/richard/code/BicTerm/BicTermCore/Sources/BicTermCore/SSH/SSHTransport.swift:149:49: warning: capture of 'serverAuth' with non-Sendable type 'any NIOSSHClientServerAuthenticationDelegate' in a '@Sendable' closure
                            serverAuthDelegate: serverAuth
                                                ^
NIOSSH.NIOSSHClientServerAuthenticationDelegate:1:17: note: protocol 'NIOSSHClientServerAuthenticationDelegate' does not conform to the 'Sendable' protocol
public protocol NIOSSHClientServerAuthenticationDelegate {
                ^
/Users/richard/code/BicTerm/BicTermCore/Sources/BicTermCore/SSH/SSHTransport.swift:148:47: warning: capture of 'userAuth' with non-Sendable type 'any NIOSSHClientUserAuthenticationDelegate' in an isolated closure
                            userAuthDelegate: userAuth,
                                              ^
NIOSSH.NIOSSHClientUserAuthenticationDelegate:1:17: note: protocol 'NIOSSHClientUserAuthenticationDelegate' does not conform to the 'Sendable' protocol
public protocol NIOSSHClientUserAuthenticationDelegate {
                ^
/Users/richard/code/BicTerm/BicTermCore/Sources/BicTermCore/SSH/SSHTransport.swift:149:49: warning: capture of 'serverAuth' with non-Sendable type 'any NIOSSHClientServerAuthenticationDelegate' in an isolated closure
                            serverAuthDelegate: serverAuth
                                                ^
NIOSSH.NIOSSHClientServerAuthenticationDelegate:1:17: note: protocol 'NIOSSHClientServerAuthenticationDelegate' does not conform to the 'Sendable' protocol
public protocol NIOSSHClientServerAuthenticationDelegate {
                ^

SwiftDriverJobDiscovery normal arm64 Compiling SSHTerminalTransportFactory.swift (in target 'BicTermCore' from project 'BicTermCore')

SwiftDriverJobDiscovery normal arm64 Compiling TransportRegistry.swift (in target 'BicTermCore' from project 'BicTermCore')

SwiftDriverJobDiscovery normal arm64 Compiling SessionTransport.swift (in target 'BicTermCore' from project 'BicTermCore')

SwiftDriverJobDiscovery normal arm64 Compiling JumpTransport.swift (in target 'BicTermCore' from project 'BicTermCore')

SwiftDriverJobDiscovery normal arm64 Compiling TerminalTransport.swift (in target 'BicTermCore' from project 'BicTermCore')

SwiftDriverJobDiscovery normal arm64 Compiling CoderTransport.swift (in target 'BicTermCore' from project 'BicTermCore')

SwiftDriverJobDiscovery normal arm64 Compiling SSHSessionTransportProtocol.swift (in target 'BicTermCore' from project 'BicTermCore')

SwiftDriverJobDiscovery normal arm64 Compiling SSHTransport+UDS.swift (in target 'BicTermCore' from project 'BicTermCore')

SwiftDriverJobDiscovery normal arm64 Compiling CoderTransportFactory.swift (in target 'BicTermCore' from project 'BicTermCore')

SwiftDriverJobDiscovery normal arm64 Compiling SSHTransport+DirectTCPIP.swift (in target 'BicTermCore' from project 'BicTermCore')

SwiftDriverJobDiscovery normal arm64 Compiling SessionState.swift (in target 'BicTermCore' from project 'BicTermCore')

SwiftDriverJobDiscovery normal arm64 Compiling JumpError.swift (in target 'BicTermCore' from project 'BicTermCore')

SwiftDriverJobDiscovery normal arm64 Compiling JumpTerminalTransport.swift (in target 'BicTermCore' from project 'BicTermCore')

SwiftDriverJobDiscovery normal arm64 Compiling CoderLifecycleCoordinator.swift (in target 'BicTermCore' from project 'BicTermCore')

SwiftDriverJobDiscovery normal arm64 Compiling DebugPasswordServer.swift (in target 'BicTermCore' from project 'BicTermCore')

SwiftDriverJobDiscovery normal arm64 Compiling SSHNIOBridge.swift (in target 'BicTermCore' from project 'BicTermCore')

SwiftDriverJobDiscovery normal arm64 Compiling CoderClient.swift (in target 'BicTermCore' from project 'BicTermCore')

SwiftDriverJobDiscovery normal arm64 Compiling JumpPipeline.swift (in target 'BicTermCore' from project 'BicTermCore')

SwiftDriverJobDiscovery normal arm64 Compiling SessionRegistry.swift (in target 'BicTermCore' from project 'BicTermCore')

SwiftDriverJobDiscovery normal arm64 Compiling SSHTransport.swift (in target 'BicTermCore' from project 'BicTermCore')

SwiftDriver\ Compilation BicTermCore normal arm64 com.apple.xcode.tools.swift.compiler (in target 'BicTermCore' from project 'BicTermCore')
    cd /Users/richard/code/BicTerm/BicTerm.xcodeproj
    builtin-Swift-Compilation -- /Applications/Xcode.app/Contents/Developer/Toolchains/XcodeDefault.xctoolchain/usr/bin/swiftc -module-name BicTermCore -Onone @/Users/richard/code/BicTerm/.build-artifacts/DerivedData/g12-app/Build/Intermediates.noindex/BicTermCore.build/Debug-iphonesimulator/BicTermCore.build/Objects-normal/arm64/BicTermCore.SwiftFileList -DSWIFT_PACKAGE -DDEBUG -DSWIFT_MODULE_RESOURCE_BUNDLE_UNAVAILABLE -Xcc -fmodule-map-file\=/Users/richard/code/BicTerm/.build-artifacts/DerivedData/g12-app/Build/Intermediates.noindex/GeneratedModuleMaps-iphonesimulator/CNIOPosix.modulemap -Xcc -fmodule-map-file\=/Users/richard/code/BicTerm/.build-artifacts/DerivedData/g12-app/Build/Intermediates.noindex/GeneratedModuleMaps-iphonesimulator/CNIOWASI.modulemap -Xcc -fmodule-map-file\=/Users/richard/code/BicTerm/.build-artifacts/DerivedData/g12-app/Build/Intermediates.noindex/GeneratedModuleMaps-iphonesimulator/CNIOFreeBSD.modulemap -Xcc -fmodule-map-file\=/Users/richard/code/BicTerm/.build-artifacts/DerivedData/g12-app/Build/Intermediates.noindex/GeneratedModuleMaps-iphonesimulator/CNIOAtomics.modulemap -Xcc -fmodule-map-file\=/Users/richard/code/BicTerm/.build-artifacts/DerivedData/g12-app/Build/Intermediates.noindex/GeneratedModuleMaps-iphonesimulator/CNIODarwin.modulemap -Xcc -fmodule-map-file\=/Users/richard/code/BicTerm/.build-artifacts/DerivedData/g12-app/Build/Intermediates.noindex/GeneratedModuleMaps-iphonesimulator/CNIOLinux.modulemap -Xcc -fmodule-map-file\=/Users/richard/code/BicTerm/.build-artifacts/DerivedData/g12-app/Build/Intermediates.noindex/GeneratedModuleMaps-iphonesimulator/CNIOOpenBSD.modulemap -Xcc -fmodule-map-file\=/Users/richard/code/BicTerm/.build-artifacts/DerivedData/g12-app/Build/Intermediates.noindex/GeneratedModuleMaps-iphonesimulator/CBcryptPBKDF.modulemap -DXcode -plugin-path /Applications/Xcode.app/Contents/Developer/Toolchains/XcodeDefault.xctoolchain/usr/lib/swift/host/plugins/testing -enable-experimental-feature DebugDescriptionMacro -sdk /Applications/Xcode.app/Contents/Developer/Platforms/iPhoneSimulator.platform/Developer/SDKs/iPhoneSimulator26.5.sdk -target arm64-apple-ios18.0-simulator -g -module-cache-path /Users/richard/code/BicTerm/.build-artifacts/DerivedData/g12-app/ModuleCache.noindex -Xfrontend -serialize-debugging-options -enable-testing -index-store-path /Users/richard/code/BicTerm/.build-artifacts/DerivedData/g12-app/Index.noindex/DataStore -Xcc -D_LIBCPP_HARDENING_MODE\=_LIBCPP_HARDENING_MODE_DEBUG -swift-version 6 -I /Users/richard/code/BicTerm/.build-artifacts/DerivedData/g12-app/Build/Products/Debug-iphonesimulator -Isystem /Applications/Xcode.app/Contents/Developer/Platforms/iPhoneSimulator.platform/Developer/usr/lib -F /Users/richard/code/BicTerm/.build-artifacts/DerivedData/g12-app/Build/Products/Debug-iphonesimulator/PackageFrameworks -F /Users/richard/code/BicTerm/.build-artifacts/DerivedData/g12-app/Build/Products/Debug-iphonesimulator/PackageFrameworks -F /Users/richard/code/BicTerm/.build-artifacts/DerivedData/g12-app/Build/Products/Debug-iphonesimulator/PackageFrameworks -F /Users/richard/code/BicTerm/.build-artifacts/DerivedData/g12-app/Build/Products/Debug-iphonesimulator/PackageFrameworks -F /Users/richard/code/BicTerm/.build-artifacts/DerivedData/g12-app/Build/Products/Debug-iphonesimulator/PackageFrameworks -F /Users/richard/code/BicTerm/.build-artifacts/DerivedData/g12-app/Build/Products/Debug-iphonesimulator/PackageFrameworks -F /Users/richard/code/BicTerm/.build-artifacts/DerivedData/g12-app/Build/Products/Debug-iphonesimulator/PackageFrameworks -F /Users/richard/code/BicTerm/.build-artifacts/DerivedData/g12-app/Build/Products/Debug-iphonesimulator/PackageFrameworks -F /Users/richard/code/BicTerm/.build-artifacts/DerivedData/g12-app/Build/Products/Debug-iphonesimulator/PackageFrameworks -F /Users/richard/code/BicTerm/.build-artifacts/DerivedData/g12-app/Build/Products/Debug-iphonesimulator/PackageFrameworks -F /Users/richard/code/BicTerm/.build-artifacts/DerivedData/g12-app/Build/Products/Debug-iphonesimulator/PackageFrameworks -F /Users/richard/code/BicTerm/.build-artifacts/DerivedData/g12-app/Build/Products/Debug-iphonesimulator/PackageFrameworks -F /Users/richard/code/BicTerm/.build-artifacts/DerivedData/g12-app/Build/Products/Debug-iphonesimulator/PackageFrameworks -F /Users/richard/code/BicTerm/.build-artifacts/DerivedData/g12-app/Build/Products/Debug-iphonesimulator/PackageFrameworks -F /Users/richard/code/BicTerm/.build-artifacts/DerivedData/g12-app/Build/Products/Debug-iphonesimulator/PackageFrameworks -F /Users/richard/code/BicTerm/.build-artifacts/DerivedData/g12-app/Build/Products/Debug-iphonesimulator/PackageFrameworks -F /Users/richard/code/BicTerm/.build-artifacts/DerivedData/g12-app/Build/Products/Debug-iphonesimulator/PackageFrameworks -F /Users/richard/code/BicTerm/.build-artifacts/DerivedData/g12-app/Build/Products/Debug-iphonesimulator/PackageFrameworks -F /Users/richard/code/BicTerm/.build-artifacts/DerivedData/g12-app/Build/Products/Debug-iphonesimulator/PackageFrameworks -F /Users/richard/code/BicTerm/.build-artifacts/DerivedData/g12-app/Build/Products/Debug-iphonesimulator/PackageFrameworks -F /Users/richard/code/BicTerm/.build-artifacts/DerivedData/g12-app/Build/Products/Debug-iphonesimulator/PackageFrameworks -F /Users/richard/code/BicTerm/.build-artifacts/DerivedData/g12-app/Build/Products/Debug-iphonesimulator/PackageFrameworks -F /Users/richard/code/BicTerm/.build-artifacts/DerivedData/g12-app/Build/Products/Debug-iphonesimulator/PackageFrameworks -F /Users/richard/code/BicTerm/.build-artifacts/DerivedData/g12-app/Build/Products/Debug-iphonesimulator/PackageFrameworks -F /Users/richard/code/BicTerm/.build-artifacts/DerivedData/g12-app/Build/Products/Debug-iphonesimulator/PackageFrameworks -F /Users/richard/code/BicTerm/.build-artifacts/DerivedData/g12-app/Build/Products/Debug-iphonesimulator -F /Applications/Xcode.app/Contents/Developer/Platforms/iPhoneSimulator.platform/Developer/Library/Frameworks -F /Applications/Xcode.app/Contents/Developer/Platforms/iPhoneSimulator.platform/Developer/SDKs/iPhoneSimulator26.5.sdk/Developer/Library/Frameworks -c -j20 -enable-batch-mode -incremental -Xcc -ivfsstatcache -Xcc /Users/richard/code/BicTerm/.build-artifacts/DerivedData/g12-app/SDKStatCaches.noindex/iphonesimulator26.5-23F81a-688ef53f1462e2c8f657fdc38a81448f6cfe768891a92b912361537c460fe42b.sdkstatcache -output-file-map /Users/richard/code/BicTerm/.build-artifacts/DerivedData/g12-app/Build/Intermediates.noindex/BicTermCore.build/Debug-iphonesimulator/BicTermCore.build/Objects-normal/arm64/BicTermCore-OutputFileMap.json -use-frontend-parseable-output -save-temps -no-color-diagnostics -explicit-module-build -module-cache-path /Users/richard/code/BicTerm/.build-artifacts/DerivedData/g12-app/Build/Intermediates.noindex/SwiftExplicitPrecompiledModules -clang-scanner-module-cache-path /Users/richard/code/BicTerm/.build-artifacts/DerivedData/g12-app/ModuleCache.noindex -sdk-module-cache-path /Users/richard/code/BicTerm/.build-artifacts/DerivedData/g12-app/ModuleCache.noindex -serialize-diagnostics -emit-dependencies -emit-module -emit-module-path /Users/richard/code/BicTerm/.build-artifacts/DerivedData/g12-app/Build/Intermediates.noindex/BicTermCore.build/Debug-iphonesimulator/BicTermCore.build/Objects-normal/arm64/BicTermCore.swiftmodule -validate-clang-modules-once -clang-build-session-file /Users/richard/code/BicTerm/.build-artifacts/DerivedData/g12-app/ModuleCache.noindex/Session.modulevalidation -package-name bictermcore -Xcc -I/Users/richard/code/BicTerm/.build-artifacts/DerivedData/g12-app/Build/Intermediates.noindex/BicTermCore.build/Debug-iphonesimulator/BicTermCore.build/swift-overrides.hmap -emit-const-values -Xfrontend -const-gather-protocols-file -Xfrontend /Users/richard/code/BicTerm/.build-artifacts/DerivedData/g12-app/Build/Intermediates.noindex/BicTermCore.build/Debug-iphonesimulator/BicTermCore.build/Objects-normal/arm64/BicTermCore_const_extract_protocols.json -Xcc -I/Users/richard/code/BicTerm/.build-artifacts/DerivedData/g12-app/SourcePackages/checkouts/swift-atomics/Sources/_AtomicsShims/include -Xcc -I/Users/richard/code/BicTerm/.build-artifacts/DerivedData/g12-app/SourcePackages/checkouts/swift-nio/Sources/CNIOPosix/include -Xcc -I/Users/richard/code/BicTerm/.build-artifacts/DerivedData/g12-app/SourcePackages/checkouts/swift-nio/Sources/CNIOWASI/include -Xcc -I/Users/richard/code/BicTerm/.build-artifacts/DerivedData/g12-app/SourcePackages/checkouts/swift-nio/Sources/CNIOFreeBSD/include -Xcc -I/Users/richard/code/BicTerm/.build-artifacts/DerivedData/g12-app/SourcePackages/checkouts/swift-nio/Sources/CNIOAtomics/include -Xcc -I/Users/richard/code/BicTerm/.build-artifacts/DerivedData/g12-app/SourcePackages/checkouts/swift-nio/Sources/CNIOWindows/include -Xcc -I/Users/richard/code/BicTerm/.build-artifacts/DerivedData/g12-app/SourcePackages/checkouts/swift-nio/Sources/CNIODarwin/include -Xcc -I/Users/richard/code/BicTerm/.build-artifacts/DerivedData/g12-app/SourcePackages/checkouts/swift-nio/Sources/CNIOLinux/include -Xcc -I/Users/richard/code/BicTerm/.build-artifacts/DerivedData/g12-app/SourcePackages/checkouts/swift-nio/Sources/CNIOOpenBSD/include -Xcc -I/Users/richard/code/BicTerm/BicTermCore/Sources/CBcryptPBKDF/include -Xcc -I/Users/richard/code/BicTerm/.build-artifacts/DerivedData/g12-app/Build/Products/Debug-iphonesimulator/include -Xcc -I/Users/richard/code/BicTerm/.build-artifacts/DerivedData/g12-app/Build/Intermediates.noindex/BicTermCore.build/Debug-iphonesimulator/BicTermCore.build/DerivedSources-normal/arm64 -Xcc -I/Users/richard/code/BicTerm/.build-artifacts/DerivedData/g12-app/Build/Intermediates.noindex/BicTermCore.build/Debug-iphonesimulator/BicTermCore.build/DerivedSources/arm64 -Xcc -I/Users/richard/code/BicTerm/.build-artifacts/DerivedData/g12-app/Build/Intermediates.noindex/BicTermCore.build/Debug-iphonesimulator/BicTermCore.build/DerivedSources -Xcc -DSWIFT_PACKAGE -Xcc -DDEBUG\=1 -emit-objc-header -emit-objc-header-path /Users/richard/code/BicTerm/.build-artifacts/DerivedData/g12-app/Build/Intermediates.noindex/BicTermCore.build/Debug-iphonesimulator/BicTermCore.build/Objects-normal/arm64/BicTermCore-Swift.h -working-directory /Users/richard/code/BicTerm/BicTerm.xcodeproj -experimental-emit-module-separately -disable-cmo

Ld /Users/richard/code/BicTerm/.build-artifacts/DerivedData/g12-app/Build/Products/Debug-iphonesimulator/BicTermCore.o normal (in target 'BicTermCore' from project 'BicTermCore')
    cd /Users/richard/code/BicTerm/BicTermCore
    /Applications/Xcode.app/Contents/Developer/Toolchains/XcodeDefault.xctoolchain/usr/bin/clang -Xlinker -reproducible -target arm64-apple-ios18.0-simulator -r -isysroot /Applications/Xcode.app/Contents/Developer/Platforms/iPhoneSimulator.platform/Developer/SDKs/iPhoneSimulator26.5.sdk -O0 -F/Users/richard/code/BicTerm/.build-artifacts/DerivedData/g12-app/Build/Intermediates.noindex/EagerLinkingTBDs/Debug-iphonesimulator -F/Users/richard/code/BicTerm/.build-artifacts/DerivedData/g12-app/Build/Products/Debug-iphonesimulator/PackageFrameworks -F/Users/richard/code/BicTerm/.build-artifacts/DerivedData/g12-app/Build/Products/Debug-iphonesimulator/PackageFrameworks -F/Users/richard/code/BicTerm/.build-artifacts/DerivedData/g12-app/Build/Products/Debug-iphonesimulator/PackageFrameworks -F/Users/richard/code/BicTerm/.build-artifacts/DerivedData/g12-app/Build/Products/Debug-iphonesimulator/PackageFrameworks -F/Users/richard/code/BicTerm/.build-artifacts/DerivedData/g12-app/Build/Products/Debug-iphonesimulator/PackageFrameworks -F/Users/richard/code/BicTerm/.build-artifacts/DerivedData/g12-app/Build/Products/Debug-iphonesimulator/PackageFrameworks -F/Users/richard/code/BicTerm/.build-artifacts/DerivedData/g12-app/Build/Products/Debug-iphonesimulator/PackageFrameworks -F/Users/richard/code/BicTerm/.build-artifacts/DerivedData/g12-app/Build/Products/Debug-iphonesimulator/PackageFrameworks -F/Users/richard/code/BicTerm/.build-artifacts/DerivedData/g12-app/Build/Products/Debug-iphonesimulator/PackageFrameworks -F/Users/richard/code/BicTerm/.build-artifacts/DerivedData/g12-app/Build/Products/Debug-iphonesimulator/PackageFrameworks -F/Users/richard/code/BicTerm/.build-artifacts/DerivedData/g12-app/Build/Products/Debug-iphonesimulator/PackageFrameworks -F/Users/richard/code/BicTerm/.build-artifacts/DerivedData/g12-app/Build/Products/Debug-iphonesimulator/PackageFrameworks -F/Users/richard/code/BicTerm/.build-artifacts/DerivedData/g12-app/Build/Products/Debug-iphonesimulator/PackageFrameworks -F/Users/richard/code/BicTerm/.build-artifacts/DerivedData/g12-app/Build/Products/Debug-iphonesimulator/PackageFrameworks -F/Users/richard/code/BicTerm/.build-artifacts/DerivedData/g12-app/Build/Products/Debug-iphonesimulator/PackageFrameworks -F/Users/richard/code/BicTerm/.build-artifacts/DerivedData/g12-app/Build/Products/Debug-iphonesimulator/PackageFrameworks -F/Users/richard/code/BicTerm/.build-artifacts/DerivedData/g12-app/Build/Products/Debug-iphonesimulator/PackageFrameworks -F/Users/richard/code/BicTerm/.build-artifacts/DerivedData/g12-app/Build/Products/Debug-iphonesimulator/PackageFrameworks -F/Users/richard/code/BicTerm/.build-artifacts/DerivedData/g12-app/Build/Products/Debug-iphonesimulator/PackageFrameworks -F/Users/richard/code/BicTerm/.build-artifacts/DerivedData/g12-app/Build/Products/Debug-iphonesimulator/PackageFrameworks -F/Users/richard/code/BicTerm/.build-artifacts/DerivedData/g12-app/Build/Products/Debug-iphonesimulator/PackageFrameworks -F/Users/richard/code/BicTerm/.build-artifacts/DerivedData/g12-app/Build/Products/Debug-iphonesimulator/PackageFrameworks -F/Users/richard/code/BicTerm/.build-artifacts/DerivedData/g12-app/Build/Products/Debug-iphonesimulator/PackageFrameworks -F/Users/richard/code/BicTerm/.build-artifacts/DerivedData/g12-app/Build/Products/Debug-iphonesimulator/PackageFrameworks -F/Users/richard/code/BicTerm/.build-artifacts/DerivedData/g12-app/Build/Products/Debug-iphonesimulator/PackageFrameworks -F/Users/richard/code/BicTerm/.build-artifacts/DerivedData/g12-app/Build/Products/Debug-iphonesimulator -iframework /Applications/Xcode.app/Contents/Developer/Platforms/iPhoneSimulator.platform/Developer/Library/Frameworks -iframework /Applications/Xcode.app/Contents/Developer/Platforms/iPhoneSimulator.platform/Developer/SDKs/iPhoneSimulator26.5.sdk/Developer/Library/Frameworks -filelist /Users/richard/code/BicTerm/.build-artifacts/DerivedData/g12-app/Build/Intermediates.noindex/BicTermCore.build/Debug-iphonesimulator/BicTermCore.build/Objects-normal/arm64/BicTermCore.LinkFileList -nostdlib -Xlinker -object_path_lto -Xlinker /Users/richard/code/BicTerm/.build-artifacts/DerivedData/g12-app/Build/Intermediates.noindex/BicTermCore.build/Debug-iphonesimulator/BicTermCore.build/Objects-normal/arm64/BicTermCore_lto.o -Xlinker -no_deduplicate -Xlinker -objc_abi_version -Xlinker 2 -Xlinker -dependency_info -Xlinker /Users/richard/code/BicTerm/.build-artifacts/DerivedData/g12-app/Build/Intermediates.noindex/BicTermCore.build/Debug-iphonesimulator/BicTermCore.build/Objects-normal/arm64/BicTermCore_dependency_info.dat -fobjc-link-runtime -L/Applications/Xcode.app/Contents/Developer/Toolchains/XcodeDefault.xctoolchain/usr/lib/swift/iphonesimulator -L/usr/lib/swift -Xlinker -add_ast_path -Xlinker /Users/richard/code/BicTerm/.build-artifacts/DerivedData/g12-app/Build/Intermediates.noindex/BicTermCore.build/Debug-iphonesimulator/BicTermCore.build/Objects-normal/arm64/BicTermCore.swiftmodule @/Users/richard/code/BicTerm/.build-artifacts/DerivedData/g12-app/Build/Intermediates.noindex/BicTermCore.build/Debug-iphonesimulator/BicTermCore.build/Objects-normal/arm64/BicTermCore-linker-args.resp -o /Users/richard/code/BicTerm/.build-artifacts/DerivedData/g12-app/Build/Products/Debug-iphonesimulator/BicTermCore.o

ExtractAppIntentsMetadata (in target 'BicTermCore' from project 'BicTermCore')
    cd /Users/richard/code/BicTerm/BicTermCore
    /Applications/Xcode.app/Contents/Developer/Toolchains/XcodeDefault.xctoolchain/usr/bin/appintentsmetadataprocessor --toolchain-dir /var/run/com.apple.security.cryptexd/mnt/com.apple.MobileAsset.MetalToolchain-v17.6.109.0.ozHyXD/Metal.xctoolchain --module-name BicTermCore --sdk-root /Applications/Xcode.app/Contents/Developer/Platforms/iPhoneSimulator.platform/Developer/SDKs/iPhoneSimulator26.5.sdk --xcode-version 17F113 --platform-family iOS --deployment-target 18.0 --bundle-identifier bictermcore.BicTermCore --output /Users/richard/code/BicTerm/.build-artifacts/DerivedData/g12-app/Build/Products/Debug-iphonesimulator/BicTermCore.appintents --target-triple arm64-apple-ios18.0-simulator --binary-file /Users/richard/code/BicTerm/.build-artifacts/DerivedData/g12-app/Build/Products/Debug-iphonesimulator/BicTermCore.o --dependency-file /Users/richard/code/BicTerm/.build-artifacts/DerivedData/g12-app/Build/Intermediates.noindex/BicTermCore.build/Debug-iphonesimulator/BicTermCore.build/Objects-normal/arm64/BicTermCore_dependency_info.dat --stringsdata-file /Users/richard/code/BicTerm/.build-artifacts/DerivedData/g12-app/Build/Intermediates.noindex/BicTermCore.build/Debug-iphonesimulator/BicTermCore.build/Objects-normal/arm64/ExtractedAppShortcutsMetadata.stringsdata --source-file-list /Users/richard/code/BicTerm/.build-artifacts/DerivedData/g12-app/Build/Intermediates.noindex/BicTermCore.build/Debug-iphonesimulator/BicTermCore.build/Objects-normal/arm64/BicTermCore.SwiftFileList --metadata-file-list /Users/richard/code/BicTerm/.build-artifacts/DerivedData/g12-app/Build/Intermediates.noindex/BicTermCore.build/Debug-iphonesimulator/BicTermCore.build/BicTermCore.DependencyMetadataFileList --static-metadata-file-list /Users/richard/code/BicTerm/.build-artifacts/DerivedData/g12-app/Build/Intermediates.noindex/BicTermCore.build/Debug-iphonesimulator/BicTermCore.build/BicTermCore.DependencyStaticMetadataFileList --swift-const-vals-list /Users/richard/code/BicTerm/.build-artifacts/DerivedData/g12-app/Build/Intermediates.noindex/BicTermCore.build/Debug-iphonesimulator/BicTermCore.build/Objects-normal/arm64/BicTermCore.SwiftConstValuesFileList --force --compile-time-extraction --deployment-aware-processing --validate-assistant-intents --no-app-shortcuts-localization
2026-09-09 16:25:02.893 appintentsmetadataprocessor[81755:32208249] Starting appintentsmetadataprocessor export
2026-09-09 16:25:02.910 appintentsmetadataprocessor[81755:32208249] Extracted no relevant App Intents symbols, skipping writing output

RegisterExecutionPolicyException /Users/richard/code/BicTerm/.build-artifacts/DerivedData/g12-app/Build/Products/Debug-iphonesimulator/BicTermCore.o (in target 'BicTermCore' from project 'BicTermCore')
    cd /Users/richard/code/BicTerm/BicTermCore
    builtin-RegisterExecutionPolicyException /Users/richard/code/BicTerm/.build-artifacts/DerivedData/g12-app/Build/Products/Debug-iphonesimulator/BicTermCore.o

ProcessInfoPlistFile /Users/richard/code/BicTerm/.build-artifacts/DerivedData/g12-app/Build/Products/Debug-iphonesimulator/CoderTunnel.framework/Info.plist /Users/richard/code/BicTerm/.build-artifacts/DerivedData/g12-app/Build/Intermediates.noindex/BicTerm.build/Debug-iphonesimulator/CoderTunnel.build/empty-CoderTunnel.plist (in target 'CoderTunnel' from project 'BicTerm')
    cd /Users/richard/code/BicTerm
    builtin-infoPlistUtility /Users/richard/code/BicTerm/.build-artifacts/DerivedData/g12-app/Build/Intermediates.noindex/BicTerm.build/Debug-iphonesimulator/CoderTunnel.build/empty-CoderTunnel.plist -producttype com.apple.product-type.framework -expandbuildsettings -format binary -platform iphonesimulator -o /Users/richard/code/BicTerm/.build-artifacts/DerivedData/g12-app/Build/Products/Debug-iphonesimulator/CoderTunnel.framework/Info.plist

SwiftDriver\ Compilation CoderTunnel normal arm64 com.apple.xcode.tools.swift.compiler (in target 'CoderTunnel' from project 'BicTerm')
    cd /Users/richard/code/BicTerm
    builtin-Swift-Compilation -- /Applications/Xcode.app/Contents/Developer/Toolchains/XcodeDefault.xctoolchain/usr/bin/swiftc -module-name CoderTunnel -Onone @/Users/richard/code/BicTerm/.build-artifacts/DerivedData/g12-app/Build/Intermediates.noindex/BicTerm.build/Debug-iphonesimulator/CoderTunnel.build/Objects-normal/arm64/CoderTunnel.SwiftFileList -DDEBUG -Xcc -fmodule-map-file\=/Users/richard/code/BicTerm/.build-artifacts/DerivedData/g12-app/Build/Intermediates.noindex/GeneratedModuleMaps-iphonesimulator/CNIOPosix.modulemap -Xcc -fmodule-map-file\=/Users/richard/code/BicTerm/.build-artifacts/DerivedData/g12-app/Build/Intermediates.noindex/GeneratedModuleMaps-iphonesimulator/CNIOWASI.modulemap -Xcc -fmodule-map-file\=/Users/richard/code/BicTerm/.build-artifacts/DerivedData/g12-app/Build/Intermediates.noindex/GeneratedModuleMaps-iphonesimulator/CNIOFreeBSD.modulemap -Xcc -fmodule-map-file\=/Users/richard/code/BicTerm/.build-artifacts/DerivedData/g12-app/Build/Intermediates.noindex/GeneratedModuleMaps-iphonesimulator/CNIOAtomics.modulemap -Xcc -fmodule-map-file\=/Users/richard/code/BicTerm/.build-artifacts/DerivedData/g12-app/Build/Intermediates.noindex/GeneratedModuleMaps-iphonesimulator/CNIODarwin.modulemap -Xcc -fmodule-map-file\=/Users/richard/code/BicTerm/.build-artifacts/DerivedData/g12-app/Build/Intermediates.noindex/GeneratedModuleMaps-iphonesimulator/CNIOLinux.modulemap -Xcc -fmodule-map-file\=/Users/richard/code/BicTerm/.build-artifacts/DerivedData/g12-app/Build/Intermediates.noindex/GeneratedModuleMaps-iphonesimulator/CNIOOpenBSD.modulemap -Xcc -fmodule-map-file\=/Users/richard/code/BicTerm/.build-artifacts/DerivedData/g12-app/Build/Intermediates.noindex/GeneratedModuleMaps-iphonesimulator/CBcryptPBKDF.modulemap -enable-experimental-feature DebugDescriptionMacro -sdk /Applications/Xcode.app/Contents/Developer/Platforms/iPhoneSimulator.platform/Developer/SDKs/iPhoneSimulator26.5.sdk -target arm64-apple-ios18.0-simulator -g -module-cache-path /Users/richard/code/BicTerm/.build-artifacts/DerivedData/g12-app/ModuleCache.noindex -Xfrontend -serialize-debugging-options -enable-testing -index-store-path /Users/richard/code/BicTerm/.build-artifacts/DerivedData/g12-app/Index.noindex/DataStore -Xcc -D_LIBCPP_HARDENING_MODE\=_LIBCPP_HARDENING_MODE_DEBUG -swift-version 6 -I /Users/richard/code/BicTerm/.build-artifacts/DerivedData/g12-app/Build/Products/Debug-iphonesimulator -F /Users/richard/code/BicTerm/.build-artifacts/DerivedData/g12-app/Build/Products/Debug-iphonesimulator/PackageFrameworks -F /Users/richard/code/BicTerm/.build-artifacts/DerivedData/g12-app/Build/Products/Debug-iphonesimulator/PackageFrameworks -F /Users/richard/code/BicTerm/.build-artifacts/DerivedData/g12-app/Build/Products/Debug-iphonesimulator/PackageFrameworks -F /Users/richard/code/BicTerm/.build-artifacts/DerivedData/g12-app/Build/Products/Debug-iphonesimulator/PackageFrameworks -F /Users/richard/code/BicTerm/.build-artifacts/DerivedData/g12-app/Build/Products/Debug-iphonesimulator/PackageFrameworks -F /Users/richard/code/BicTerm/.build-artifacts/DerivedData/g12-app/Build/Products/Debug-iphonesimulator/PackageFrameworks -F /Users/richard/code/BicTerm/.build-artifacts/DerivedData/g12-app/Build/Products/Debug-iphonesimulator/PackageFrameworks -F /Users/richard/code/BicTerm/.build-artifacts/DerivedData/g12-app/Build/Products/Debug-iphonesimulator/PackageFrameworks -F /Users/richard/code/BicTerm/.build-artifacts/DerivedData/g12-app/Build/Products/Debug-iphonesimulator/PackageFrameworks -F /Users/richard/code/BicTerm/.build-artifacts/DerivedData/g12-app/Build/Products/Debug-iphonesimulator/PackageFrameworks -F /Users/richard/code/BicTerm/.build-artifacts/DerivedData/g12-app/Build/Products/Debug-iphonesimulator/PackageFrameworks -F /Users/richard/code/BicTerm/.build-artifacts/DerivedData/g12-app/Build/Products/Debug-iphonesimulator/PackageFrameworks -F /Users/richard/code/BicTerm/.build-artifacts/DerivedData/g12-app/Build/Products/Debug-iphonesimulator/PackageFrameworks -F /Users/richard/code/BicTerm/.build-artifacts/DerivedData/g12-app/Build/Products/Debug-iphonesimulator/PackageFrameworks -F /Users/richard/code/BicTerm/.build-artifacts/DerivedData/g12-app/Build/Products/Debug-iphonesimulator/PackageFrameworks -F /Users/richard/code/BicTerm/.build-artifacts/DerivedData/g12-app/Build/Products/Debug-iphonesimulator/PackageFrameworks -F /Users/richard/code/BicTerm/.build-artifacts/DerivedData/g12-app/Build/Products/Debug-iphonesimulator/PackageFrameworks -F /Users/richard/code/BicTerm/.build-artifacts/DerivedData/g12-app/Build/Products/Debug-iphonesimulator/PackageFrameworks -F /Users/richard/code/BicTerm/.build-artifacts/DerivedData/g12-app/Build/Products/Debug-iphonesimulator/PackageFrameworks -F /Users/richard/code/BicTerm/.build-artifacts/DerivedData/g12-app/Build/Products/Debug-iphonesimulator/PackageFrameworks -F /Users/richard/code/BicTerm/.build-artifacts/DerivedData/g12-app/Build/Products/Debug-iphonesimulator/PackageFrameworks -F /Users/richard/code/BicTerm/.build-artifacts/DerivedData/g12-app/Build/Products/Debug-iphonesimulator/PackageFrameworks -F /Users/richard/code/BicTerm/.build-artifacts/DerivedData/g12-app/Build/Products/Debug-iphonesimulator/PackageFrameworks -F /Users/richard/code/BicTerm/.build-artifacts/DerivedData/g12-app/Build/Products/Debug-iphonesimulator/PackageFrameworks -F /Users/richard/code/BicTerm/.build-artifacts/DerivedData/g12-app/Build/Products/Debug-iphonesimulator/PackageFrameworks -F /Users/richard/code/BicTerm/.build-artifacts/DerivedData/g12-app/Build/Products/Debug-iphonesimulator/PackageFrameworks -F /Users/richard/code/BicTerm/.build-artifacts/DerivedData/g12-app/Build/Products/Debug-iphonesimulator -F .build-artifacts/coder-net -parse-as-library -c -j20 -enable-batch-mode -incremental -Xcc -ivfsstatcache -Xcc /Users/richard/code/BicTerm/.build-artifacts/DerivedData/g12-app/SDKStatCaches.noindex/iphonesimulator26.5-23F81a-688ef53f1462e2c8f657fdc38a81448f6cfe768891a92b912361537c460fe42b.sdkstatcache -output-file-map /Users/richard/code/BicTerm/.build-artifacts/DerivedData/g12-app/Build/Intermediates.noindex/BicTerm.build/Debug-iphonesimulator/CoderTunnel.build/Objects-normal/arm64/CoderTunnel-OutputFileMap.json -use-frontend-parseable-output -save-temps -no-color-diagnostics -explicit-module-build -module-cache-path /Users/richard/code/BicTerm/.build-artifacts/DerivedData/g12-app/Build/Intermediates.noindex/SwiftExplicitPrecompiledModules -clang-scanner-module-cache-path /Users/richard/code/BicTerm/.build-artifacts/DerivedData/g12-app/ModuleCache.noindex -sdk-module-cache-path /Users/richard/code/BicTerm/.build-artifacts/DerivedData/g12-app/ModuleCache.noindex -serialize-diagnostics -emit-dependencies -emit-module -emit-module-path /Users/richard/code/BicTerm/.build-artifacts/DerivedData/g12-app/Build/Intermediates.noindex/BicTerm.build/Debug-iphonesimulator/CoderTunnel.build/Objects-normal/arm64/CoderTunnel.swiftmodule -validate-clang-modules-once -clang-build-session-file /Users/richard/code/BicTerm/.build-artifacts/DerivedData/g12-app/ModuleCache.noindex/Session.modulevalidation -Xcc -I/Users/richard/code/BicTerm/.build-artifacts/DerivedData/g12-app/Build/Intermediates.noindex/BicTerm.build/Debug-iphonesimulator/CoderTunnel.build/swift-overrides.hmap -emit-const-values -Xfrontend -const-gather-protocols-file -Xfrontend /Users/richard/code/BicTerm/.build-artifacts/DerivedData/g12-app/Build/Intermediates.noindex/BicTerm.build/Debug-iphonesimulator/CoderTunnel.build/Objects-normal/arm64/CoderTunnel_const_extract_protocols.json -Xcc -iquote -Xcc /Users/richard/code/BicTerm/.build-artifacts/DerivedData/g12-app/Build/Intermediates.noindex/BicTerm.build/Debug-iphonesimulator/CoderTunnel.build/CoderTunnel-generated-files.hmap -Xcc -I/Users/richard/code/BicTerm/.build-artifacts/DerivedData/g12-app/Build/Intermediates.noindex/BicTerm.build/Debug-iphonesimulator/CoderTunnel.build/CoderTunnel-own-target-headers.hmap -Xcc -I/Users/richard/code/BicTerm/.build-artifacts/DerivedData/g12-app/Build/Intermediates.noindex/BicTerm.build/Debug-iphonesimulator/CoderTunnel.build/CoderTunnel-all-non-framework-target-headers.hmap -Xcc -ivfsoverlay -Xcc /Users/richard/code/BicTerm/.build-artifacts/DerivedData/g12-app/Build/Intermediates.noindex/BicTerm.build/Debug-iphonesimulator/BicTerm-016255f037ae87c93052aa8a3749f82d-VFS-iphonesimulator/all-product-headers.yaml -Xcc -iquote -Xcc /Users/richard/code/BicTerm/.build-artifacts/DerivedData/g12-app/Build/Intermediates.noindex/BicTerm.build/Debug-iphonesimulator/CoderTunnel.build/CoderTunnel-project-headers.hmap -Xcc -I/Users/richard/code/BicTerm/.build-artifacts/DerivedData/g12-app/SourcePackages/checkouts/swift-atomics/Sources/_AtomicsShims/include -Xcc -I/Users/richard/code/BicTerm/.build-artifacts/DerivedData/g12-app/SourcePackages/checkouts/swift-nio/Sources/CNIOPosix/include -Xcc -I/Users/richard/code/BicTerm/.build-artifacts/DerivedData/g12-app/SourcePackages/checkouts/swift-nio/Sources/CNIOWASI/include -Xcc -I/Users/richard/code/BicTerm/.build-artifacts/DerivedData/g12-app/SourcePackages/checkouts/swift-nio/Sources/CNIOFreeBSD/include -Xcc -I/Users/richard/code/BicTerm/.build-artifacts/DerivedData/g12-app/SourcePackages/checkouts/swift-nio/Sources/CNIOAtomics/include -Xcc -I/Users/richard/code/BicTerm/.build-artifacts/DerivedData/g12-app/SourcePackages/checkouts/swift-nio/Sources/CNIOWindows/include -Xcc -I/Users/richard/code/BicTerm/.build-artifacts/DerivedData/g12-app/SourcePackages/checkouts/swift-nio/Sources/CNIODarwin/include -Xcc -I/Users/richard/code/BicTerm/.build-artifacts/DerivedData/g12-app/SourcePackages/checkouts/swift-nio/Sources/CNIOLinux/include -Xcc -I/Users/richard/code/BicTerm/.build-artifacts/DerivedData/g12-app/SourcePackages/checkouts/swift-nio/Sources/CNIOOpenBSD/include -Xcc -I/Users/richard/code/BicTerm/BicTermCore/Sources/CBcryptPBKDF/include -Xcc -I/Users/richard/code/BicTerm/.build-artifacts/DerivedData/g12-app/Build/Products/Debug-iphonesimulator/include -Xcc -I/Users/richard/code/BicTerm/.build-artifacts/DerivedData/g12-app/Build/Intermediates.noindex/BicTerm.build/Debug-iphonesimulator/CoderTunnel.build/DerivedSources-normal/arm64 -Xcc -I/Users/richard/code/BicTerm/.build-artifacts/DerivedData/g12-app/Build/Intermediates.noindex/BicTerm.build/Debug-iphonesimulator/CoderTunnel.build/DerivedSources/arm64 -Xcc -I/Users/richard/code/BicTerm/.build-artifacts/DerivedData/g12-app/Build/Intermediates.noindex/BicTerm.build/Debug-iphonesimulator/CoderTunnel.build/DerivedSources -Xcc -DDEBUG\=1 -emit-objc-header -emit-objc-header-path /Users/richard/code/BicTerm/.build-artifacts/DerivedData/g12-app/Build/Intermediates.noindex/BicTerm.build/Debug-iphonesimulator/CoderTunnel.build/Objects-normal/arm64/CoderTunnel-Swift.h -working-directory /Users/richard/code/BicTerm -experimental-emit-module-separately -disable-cmo

Libtool /Users/richard/code/BicTerm/.build-artifacts/DerivedData/g12-app/Build/Products/Debug-iphonesimulator/CoderTunnel.framework/CoderTunnel normal (in target 'CoderTunnel' from project 'BicTerm')
    cd /Users/richard/code/BicTerm
    /Applications/Xcode.app/Contents/Developer/Toolchains/XcodeDefault.xctoolchain/usr/bin/libtool -static -arch_only arm64 -D -syslibroot /Applications/Xcode.app/Contents/Developer/Platforms/iPhoneSimulator.platform/Developer/SDKs/iPhoneSimulator26.5.sdk -L/Users/richard/code/BicTerm/.build-artifacts/DerivedData/g12-app/Build/Products/Debug-iphonesimulator -filelist /Users/richard/code/BicTerm/.build-artifacts/DerivedData/g12-app/Build/Intermediates.noindex/BicTerm.build/Debug-iphonesimulator/CoderTunnel.build/Objects-normal/arm64/CoderTunnel.LinkFileList /Users/richard/code/BicTerm/.build-artifacts/DerivedData/g12-app/Build/Products/Debug-iphonesimulator/CoderNet.a -dependency_info /Users/richard/code/BicTerm/.build-artifacts/DerivedData/g12-app/Build/Intermediates.noindex/BicTerm.build/Debug-iphonesimulator/CoderTunnel.build/Objects-normal/arm64/CoderTunnel_libtool_dependency_info.dat -o /Users/richard/code/BicTerm/.build-artifacts/DerivedData/g12-app/Build/Products/Debug-iphonesimulator/CoderTunnel.framework/CoderTunnel
libtool: warning: 'CNIOWindows.o' has no symbols
libtool: warning: 'CNIOWASI.o' has no symbols
libtool: warning: 'NIO.o' has no symbols
libtool: warning: 'CoderNet.a(000002.o)' has no symbols
libtool: warning: 'CoderNet.a(000003.o)' has no symbols
libtool: warning: 'CoderNet.a(000014.o)' has no symbols

ExtractAppIntentsMetadata (in target 'CoderTunnel' from project 'BicTerm')
    cd /Users/richard/code/BicTerm
    /Applications/Xcode.app/Contents/Developer/Toolchains/XcodeDefault.xctoolchain/usr/bin/appintentsmetadataprocessor --toolchain-dir /var/run/com.apple.security.cryptexd/mnt/com.apple.MobileAsset.MetalToolchain-v17.6.109.0.ozHyXD/Metal.xctoolchain --module-name CoderTunnel --sdk-root /Applications/Xcode.app/Contents/Developer/Platforms/iPhoneSimulator.platform/Developer/SDKs/iPhoneSimulator26.5.sdk --xcode-version 17F113 --platform-family iOS --deployment-target 18.0 --bundle-identifier com.bicterm.CoderTunnel --output /Users/richard/code/BicTerm/.build-artifacts/DerivedData/g12-app/Build/Products/Debug-iphonesimulator/CoderTunnel.appintents --target-triple arm64-apple-ios18.0-simulator --binary-file /Users/richard/code/BicTerm/.build-artifacts/DerivedData/g12-app/Build/Products/Debug-iphonesimulator/CoderTunnel.framework/CoderTunnel --dependency-file /Users/richard/code/BicTerm/.build-artifacts/DerivedData/g12-app/Build/Intermediates.noindex/BicTerm.build/Debug-iphonesimulator/CoderTunnel.build/Objects-normal/arm64/CoderTunnel_libtool_dependency_info.dat --stringsdata-file /Users/richard/code/BicTerm/.build-artifacts/DerivedData/g12-app/Build/Intermediates.noindex/BicTerm.build/Debug-iphonesimulator/CoderTunnel.build/Objects-normal/arm64/ExtractedAppShortcutsMetadata.stringsdata --source-file-list /Users/richard/code/BicTerm/.build-artifacts/DerivedData/g12-app/Build/Intermediates.noindex/BicTerm.build/Debug-iphonesimulator/CoderTunnel.build/Objects-normal/arm64/CoderTunnel.SwiftFileList --metadata-file-list /Users/richard/code/BicTerm/.build-artifacts/DerivedData/g12-app/Build/Intermediates.noindex/BicTerm.build/Debug-iphonesimulator/CoderTunnel.build/CoderTunnel.DependencyMetadataFileList --static-metadata-file-list /Users/richard/code/BicTerm/.build-artifacts/DerivedData/g12-app/Build/Intermediates.noindex/BicTerm.build/Debug-iphonesimulator/CoderTunnel.build/CoderTunnel.DependencyStaticMetadataFileList --swift-const-vals-list /Users/richard/code/BicTerm/.build-artifacts/DerivedData/g12-app/Build/Intermediates.noindex/BicTerm.build/Debug-iphonesimulator/CoderTunnel.build/Objects-normal/arm64/CoderTunnel.SwiftConstValuesFileList --force --compile-time-extraction --deployment-aware-processing --validate-assistant-intents --no-app-shortcuts-localization
2026-09-09 16:25:03.037 appintentsmetadataprocessor[81760:32208275] Starting appintentsmetadataprocessor export
2026-09-09 16:25:03.045 appintentsmetadataprocessor[81760:32208275] Extracted no relevant App Intents symbols, skipping writing output

CodeSign /Users/richard/code/BicTerm/.build-artifacts/DerivedData/g12-app/Build/Products/Debug-iphonesimulator/CoderTunnel.framework (in target 'CoderTunnel' from project 'BicTerm')
    cd /Users/richard/code/BicTerm
    
    Signing Identity:     "Sign to Run Locally"
    
    /usr/bin/codesign --force --sign - --timestamp\=none --generate-entitlement-der /Users/richard/code/BicTerm/.build-artifacts/DerivedData/g12-app/Build/Products/Debug-iphonesimulator/CoderTunnel.framework
note: Signing static framework with --generate-pre-encrypt-hashes (in target 'CoderTunnel' from project 'BicTerm')
/Users/richard/code/BicTerm/.build-artifacts/DerivedData/g12-app/Build/Products/Debug-iphonesimulator/CoderTunnel.framework: replacing existing signature

SwiftDriverJobDiscovery normal arm64 Compiling Terminal.swift (in target 'SwiftTerm' from project 'SwiftTerm')

SwiftDriver\ Compilation SwiftTerm normal arm64 com.apple.xcode.tools.swift.compiler (in target 'SwiftTerm' from project 'SwiftTerm')
    cd /Users/richard/code/BicTerm/BicTerm.xcodeproj
    builtin-Swift-Compilation -- /Applications/Xcode.app/Contents/Developer/Toolchains/XcodeDefault.xctoolchain/usr/bin/swiftc -module-name SwiftTerm -Onone @/Users/richard/code/BicTerm/.build-artifacts/DerivedData/g12-app/Build/Intermediates.noindex/SwiftTerm.build/Debug-iphonesimulator/SwiftTerm.build/Objects-normal/arm64/SwiftTerm.SwiftFileList -DSWIFT_PACKAGE -DDEBUG -DSWIFT_MODULE_RESOURCE_BUNDLE_AVAILABLE -DXcode -plugin-path /Applications/Xcode.app/Contents/Developer/Toolchains/XcodeDefault.xctoolchain/usr/lib/swift/host/plugins/testing -enable-experimental-feature DebugDescriptionMacro -sdk /Applications/Xcode.app/Contents/Developer/Platforms/iPhoneSimulator.platform/Developer/SDKs/iPhoneSimulator26.5.sdk -target arm64-apple-ios14.0-simulator -g -module-cache-path /Users/richard/code/BicTerm/.build-artifacts/DerivedData/g12-app/ModuleCache.noindex -Xfrontend -serialize-debugging-options -enable-testing -index-store-path /Users/richard/code/BicTerm/.build-artifacts/DerivedData/g12-app/Index.noindex/DataStore -Xcc -D_LIBCPP_HARDENING_MODE\=_LIBCPP_HARDENING_MODE_DEBUG -swift-version 5 -I /Users/richard/code/BicTerm/.build-artifacts/DerivedData/g12-app/Build/Products/Debug-iphonesimulator -Isystem /Applications/Xcode.app/Contents/Developer/Platforms/iPhoneSimulator.platform/Developer/usr/lib -F /Users/richard/code/BicTerm/.build-artifacts/DerivedData/g12-app/Build/Products/Debug-iphonesimulator -F /Applications/Xcode.app/Contents/Developer/Platforms/iPhoneSimulator.platform/Developer/Library/Frameworks -F /Applications/Xcode.app/Contents/Developer/Platforms/iPhoneSimulator.platform/Developer/SDKs/iPhoneSimulator26.5.sdk/Developer/Library/Frameworks -c -j20 -enable-batch-mode -incremental -Xcc -ivfsstatcache -Xcc /Users/richard/code/BicTerm/.build-artifacts/DerivedData/g12-app/SDKStatCaches.noindex/iphonesimulator26.5-23F81a-688ef53f1462e2c8f657fdc38a81448f6cfe768891a92b912361537c460fe42b.sdkstatcache -output-file-map /Users/richard/code/BicTerm/.build-artifacts/DerivedData/g12-app/Build/Intermediates.noindex/SwiftTerm.build/Debug-iphonesimulator/SwiftTerm.build/Objects-normal/arm64/SwiftTerm-OutputFileMap.json -use-frontend-parseable-output -save-temps -no-color-diagnostics -explicit-module-build -module-cache-path /Users/richard/code/BicTerm/.build-artifacts/DerivedData/g12-app/Build/Intermediates.noindex/SwiftExplicitPrecompiledModules -clang-scanner-module-cache-path /Users/richard/code/BicTerm/.build-artifacts/DerivedData/g12-app/ModuleCache.noindex -sdk-module-cache-path /Users/richard/code/BicTerm/.build-artifacts/DerivedData/g12-app/ModuleCache.noindex -serialize-diagnostics -emit-dependencies -emit-module -emit-module-path /Users/richard/code/BicTerm/.build-artifacts/DerivedData/g12-app/Build/Intermediates.noindex/SwiftTerm.build/Debug-iphonesimulator/SwiftTerm.build/Objects-normal/arm64/SwiftTerm.swiftmodule -validate-clang-modules-once -clang-build-session-file /Users/richard/code/BicTerm/.build-artifacts/DerivedData/g12-app/ModuleCache.noindex/Session.modulevalidation -package-name swiftterm -Xcc -I/Users/richard/code/BicTerm/.build-artifacts/DerivedData/g12-app/Build/Intermediates.noindex/SwiftTerm.build/Debug-iphonesimulator/SwiftTerm.build/swift-overrides.hmap -emit-const-values -Xfrontend -const-gather-protocols-file -Xfrontend /Users/richard/code/BicTerm/.build-artifacts/DerivedData/g12-app/Build/Intermediates.noindex/SwiftTerm.build/Debug-iphonesimulator/SwiftTerm.build/Objects-normal/arm64/SwiftTerm_const_extract_protocols.json -Xcc -I/Users/richard/code/BicTerm/.build-artifacts/DerivedData/g12-app/Build/Products/Debug-iphonesimulator/include -Xcc -I/Users/richard/code/BicTerm/.build-artifacts/DerivedData/g12-app/Build/Intermediates.noindex/SwiftTerm.build/Debug-iphonesimulator/SwiftTerm.build/DerivedSources-normal/arm64 -Xcc -I/Users/richard/code/BicTerm/.build-artifacts/DerivedData/g12-app/Build/Intermediates.noindex/SwiftTerm.build/Debug-iphonesimulator/SwiftTerm.build/DerivedSources/arm64 -Xcc -I/Users/richard/code/BicTerm/.build-artifacts/DerivedData/g12-app/Build/Intermediates.noindex/SwiftTerm.build/Debug-iphonesimulator/SwiftTerm.build/DerivedSources -Xcc -DSWIFT_PACKAGE -Xcc -DDEBUG\=1 -emit-objc-header -emit-objc-header-path /Users/richard/code/BicTerm/.build-artifacts/DerivedData/g12-app/Build/Intermediates.noindex/SwiftTerm.build/Debug-iphonesimulator/SwiftTerm.build/Objects-normal/arm64/SwiftTerm-Swift.h -working-directory /Users/richard/code/BicTerm/BicTerm.xcodeproj -experimental-emit-module-separately -disable-cmo

Ld /Users/richard/code/BicTerm/.build-artifacts/DerivedData/g12-app/Build/Products/Debug-iphonesimulator/SwiftTerm.o normal (in target 'SwiftTerm' from project 'SwiftTerm')
    cd /Users/richard/code/BicTerm/Vendor/SwiftTerm
    /Applications/Xcode.app/Contents/Developer/Toolchains/XcodeDefault.xctoolchain/usr/bin/clang -Xlinker -reproducible -target arm64-apple-ios14.0-simulator -r -isysroot /Applications/Xcode.app/Contents/Developer/Platforms/iPhoneSimulator.platform/Developer/SDKs/iPhoneSimulator26.5.sdk -O0 -F/Users/richard/code/BicTerm/.build-artifacts/DerivedData/g12-app/Build/Intermediates.noindex/EagerLinkingTBDs/Debug-iphonesimulator -F/Users/richard/code/BicTerm/.build-artifacts/DerivedData/g12-app/Build/Products/Debug-iphonesimulator -iframework /Applications/Xcode.app/Contents/Developer/Platforms/iPhoneSimulator.platform/Developer/Library/Frameworks -iframework /Applications/Xcode.app/Contents/Developer/Platforms/iPhoneSimulator.platform/Developer/SDKs/iPhoneSimulator26.5.sdk/Developer/Library/Frameworks -filelist /Users/richard/code/BicTerm/.build-artifacts/DerivedData/g12-app/Build/Intermediates.noindex/SwiftTerm.build/Debug-iphonesimulator/SwiftTerm.build/Objects-normal/arm64/SwiftTerm.LinkFileList -nostdlib -Xlinker -object_path_lto -Xlinker /Users/richard/code/BicTerm/.build-artifacts/DerivedData/g12-app/Build/Intermediates.noindex/SwiftTerm.build/Debug-iphonesimulator/SwiftTerm.build/Objects-normal/arm64/SwiftTerm_lto.o -Xlinker -no_deduplicate -Xlinker -objc_abi_version -Xlinker 2 -Xlinker -dependency_info -Xlinker /Users/richard/code/BicTerm/.build-artifacts/DerivedData/g12-app/Build/Intermediates.noindex/SwiftTerm.build/Debug-iphonesimulator/SwiftTerm.build/Objects-normal/arm64/SwiftTerm_dependency_info.dat -fobjc-link-runtime -L/Applications/Xcode.app/Contents/Developer/Toolchains/XcodeDefault.xctoolchain/usr/lib/swift/iphonesimulator -L/usr/lib/swift -Xlinker -add_ast_path -Xlinker /Users/richard/code/BicTerm/.build-artifacts/DerivedData/g12-app/Build/Intermediates.noindex/SwiftTerm.build/Debug-iphonesimulator/SwiftTerm.build/Objects-normal/arm64/SwiftTerm.swiftmodule @/Users/richard/code/BicTerm/.build-artifacts/DerivedData/g12-app/Build/Intermediates.noindex/SwiftTerm.build/Debug-iphonesimulator/SwiftTerm.build/Objects-normal/arm64/SwiftTerm-linker-args.resp -o /Users/richard/code/BicTerm/.build-artifacts/DerivedData/g12-app/Build/Products/Debug-iphonesimulator/SwiftTerm.o

ExtractAppIntentsMetadata (in target 'SwiftTerm' from project 'SwiftTerm')
    cd /Users/richard/code/BicTerm/Vendor/SwiftTerm
    /Applications/Xcode.app/Contents/Developer/Toolchains/XcodeDefault.xctoolchain/usr/bin/appintentsmetadataprocessor --toolchain-dir /var/run/com.apple.security.cryptexd/mnt/com.apple.MobileAsset.MetalToolchain-v17.6.109.0.ozHyXD/Metal.xctoolchain --module-name SwiftTerm --sdk-root /Applications/Xcode.app/Contents/Developer/Platforms/iPhoneSimulator.platform/Developer/SDKs/iPhoneSimulator26.5.sdk --xcode-version 17F113 --platform-family iOS --deployment-target 14.0 --bundle-identifier swiftterm.SwiftTerm --output /Users/richard/code/BicTerm/.build-artifacts/DerivedData/g12-app/Build/Products/Debug-iphonesimulator/SwiftTerm.appintents --target-triple arm64-apple-ios14.0-simulator --binary-file /Users/richard/code/BicTerm/.build-artifacts/DerivedData/g12-app/Build/Products/Debug-iphonesimulator/SwiftTerm.o --dependency-file /Users/richard/code/BicTerm/.build-artifacts/DerivedData/g12-app/Build/Intermediates.noindex/SwiftTerm.build/Debug-iphonesimulator/SwiftTerm.build/Objects-normal/arm64/SwiftTerm_dependency_info.dat --stringsdata-file /Users/richard/code/BicTerm/.build-artifacts/DerivedData/g12-app/Build/Intermediates.noindex/SwiftTerm.build/Debug-iphonesimulator/SwiftTerm.build/Objects-normal/arm64/ExtractedAppShortcutsMetadata.stringsdata --source-file-list /Users/richard/code/BicTerm/.build-artifacts/DerivedData/g12-app/Build/Intermediates.noindex/SwiftTerm.build/Debug-iphonesimulator/SwiftTerm.build/Objects-normal/arm64/SwiftTerm.SwiftFileList --metadata-file-list /Users/richard/code/BicTerm/.build-artifacts/DerivedData/g12-app/Build/Intermediates.noindex/SwiftTerm.build/Debug-iphonesimulator/SwiftTerm.build/SwiftTerm.DependencyMetadataFileList --static-metadata-file-list /Users/richard/code/BicTerm/.build-artifacts/DerivedData/g12-app/Build/Intermediates.noindex/SwiftTerm.build/Debug-iphonesimulator/SwiftTerm.build/SwiftTerm.DependencyStaticMetadataFileList --swift-const-vals-list /Users/richard/code/BicTerm/.build-artifacts/DerivedData/g12-app/Build/Intermediates.noindex/SwiftTerm.build/Debug-iphonesimulator/SwiftTerm.build/Objects-normal/arm64/SwiftTerm.SwiftConstValuesFileList --force --compile-time-extraction --deployment-aware-processing --validate-assistant-intents --no-app-shortcuts-localization
2026-09-09 16:25:04.537 appintentsmetadataprocessor[81777:32208450] Starting appintentsmetadataprocessor export
2026-09-09 16:25:04.554 appintentsmetadataprocessor[81777:32208450] Extracted no relevant App Intents symbols, skipping writing output

RegisterExecutionPolicyException /Users/richard/code/BicTerm/.build-artifacts/DerivedData/g12-app/Build/Products/Debug-iphonesimulator/SwiftTerm.o (in target 'SwiftTerm' from project 'SwiftTerm')
    cd /Users/richard/code/BicTerm/Vendor/SwiftTerm
    builtin-RegisterExecutionPolicyException /Users/richard/code/BicTerm/.build-artifacts/DerivedData/g12-app/Build/Products/Debug-iphonesimulator/SwiftTerm.o

Ld /Users/richard/code/BicTerm/.build-artifacts/DerivedData/g12-app/Build/Products/Debug-iphonesimulator/BicTerm.app/BicTerm.debug.dylib normal (in target 'BicTerm' from project 'BicTerm')
    cd /Users/richard/code/BicTerm
    /Applications/Xcode.app/Contents/Developer/Toolchains/XcodeDefault.xctoolchain/usr/bin/clang -Xlinker -reproducible -target arm64-apple-ios18.0-simulator -dynamiclib -isysroot /Applications/Xcode.app/Contents/Developer/Platforms/iPhoneSimulator.platform/Developer/SDKs/iPhoneSimulator26.5.sdk -O0 -L/Users/richard/code/BicTerm/.build-artifacts/DerivedData/g12-app/Build/Intermediates.noindex/EagerLinkingTBDs/Debug-iphonesimulator -L/Users/richard/code/BicTerm/.build-artifacts/DerivedData/g12-app/Build/Products/Debug-iphonesimulator -F/Users/richard/code/BicTerm/.build-artifacts/DerivedData/g12-app/Build/Intermediates.noindex/EagerLinkingTBDs/Debug-iphonesimulator -F/Users/richard/code/BicTerm/.build-artifacts/DerivedData/g12-app/Build/Products/Debug-iphonesimulator/PackageFrameworks -F/Users/richard/code/BicTerm/.build-artifacts/DerivedData/g12-app/Build/Products/Debug-iphonesimulator/PackageFrameworks -F/Users/richard/code/BicTerm/.build-artifacts/DerivedData/g12-app/Build/Products/Debug-iphonesimulator/PackageFrameworks -F/Users/richard/code/BicTerm/.build-artifacts/DerivedData/g12-app/Build/Products/Debug-iphonesimulator/PackageFrameworks -F/Users/richard/code/BicTerm/.build-artifacts/DerivedData/g12-app/Build/Products/Debug-iphonesimulator/PackageFrameworks -F/Users/richard/code/BicTerm/.build-artifacts/DerivedData/g12-app/Build/Products/Debug-iphonesimulator/PackageFrameworks -F/Users/richard/code/BicTerm/.build-artifacts/DerivedData/g12-app/Build/Products/Debug-iphonesimulator/PackageFrameworks -F/Users/richard/code/BicTerm/.build-artifacts/DerivedData/g12-app/Build/Products/Debug-iphonesimulator/PackageFrameworks -F/Users/richard/code/BicTerm/.build-artifacts/DerivedData/g12-app/Build/Products/Debug-iphonesimulator/PackageFrameworks -F/Users/richard/code/BicTerm/.build-artifacts/DerivedData/g12-app/Build/Products/Debug-iphonesimulator/PackageFrameworks -F/Users/richard/code/BicTerm/.build-artifacts/DerivedData/g12-app/Build/Products/Debug-iphonesimulator/PackageFrameworks -F/Users/richard/code/BicTerm/.build-artifacts/DerivedData/g12-app/Build/Products/Debug-iphonesimulator/PackageFrameworks -F/Users/richard/code/BicTerm/.build-artifacts/DerivedData/g12-app/Build/Products/Debug-iphonesimulator/PackageFrameworks -F/Users/richard/code/BicTerm/.build-artifacts/DerivedData/g12-app/Build/Products/Debug-iphonesimulator/PackageFrameworks -F/Users/richard/code/BicTerm/.build-artifacts/DerivedData/g12-app/Build/Products/Debug-iphonesimulator/PackageFrameworks -F/Users/richard/code/BicTerm/.build-artifacts/DerivedData/g12-app/Build/Products/Debug-iphonesimulator/PackageFrameworks -F/Users/richard/code/BicTerm/.build-artifacts/DerivedData/g12-app/Build/Products/Debug-iphonesimulator/PackageFrameworks -F/Users/richard/code/BicTerm/.build-artifacts/DerivedData/g12-app/Build/Products/Debug-iphonesimulator/PackageFrameworks -F/Users/richard/code/BicTerm/.build-artifacts/DerivedData/g12-app/Build/Products/Debug-iphonesimulator/PackageFrameworks -F/Users/richard/code/BicTerm/.build-artifacts/DerivedData/g12-app/Build/Products/Debug-iphonesimulator/PackageFrameworks -F/Users/richard/code/BicTerm/.build-artifacts/DerivedData/g12-app/Build/Products/Debug-iphonesimulator/PackageFrameworks -F/Users/richard/code/BicTerm/.build-artifacts/DerivedData/g12-app/Build/Products/Debug-iphonesimulator/PackageFrameworks -F/Users/richard/code/BicTerm/.build-artifacts/DerivedData/g12-app/Build/Products/Debug-iphonesimulator/PackageFrameworks -F/Users/richard/code/BicTerm/.build-artifacts/DerivedData/g12-app/Build/Products/Debug-iphonesimulator/PackageFrameworks -F/Users/richard/code/BicTerm/.build-artifacts/DerivedData/g12-app/Build/Products/Debug-iphonesimulator/PackageFrameworks -F/Users/richard/code/BicTerm/.build-artifacts/DerivedData/g12-app/Build/Products/Debug-iphonesimulator/PackageFrameworks -F/Users/richard/code/BicTerm/.build-artifacts/DerivedData/g12-app/Build/Products/Debug-iphonesimulator/PackageFrameworks -F/Users/richard/code/BicTerm/.build-artifacts/DerivedData/g12-app/Build/Products/Debug-iphonesimulator -F/Users/richard/code/BicTerm/.build-artifacts/DerivedData/g12-app/Build/Products/Debug-iphonesimulator -filelist /Users/richard/code/BicTerm/.build-artifacts/DerivedData/g12-app/Build/Intermediates.noindex/BicTerm.build/Debug-iphonesimulator/BicTerm.build/Objects-normal/arm64/BicTerm.LinkFileList -install_name @rpath/BicTerm.debug.dylib -Xlinker -rpath -Xlinker /usr/lib/swift -Xlinker -rpath -Xlinker /Users/richard/code/BicTerm/.build-artifacts/DerivedData/g12-app/Build/Products/Debug-iphonesimulator/PackageFrameworks -Xlinker -rpath -Xlinker @executable_path/Frameworks -Xlinker -dead_strip -Xlinker -object_path_lto -Xlinker /Users/richard/code/BicTerm/.build-artifacts/DerivedData/g12-app/Build/Intermediates.noindex/BicTerm.build/Debug-iphonesimulator/BicTerm.build/Objects-normal/arm64/BicTerm_lto.o -rdynamic -Xlinker -no_deduplicate -Xlinker -objc_abi_version -Xlinker 2 -Xlinker -dependency_info -Xlinker /Users/richard/code/BicTerm/.build-artifacts/DerivedData/g12-app/Build/Intermediates.noindex/BicTerm.build/Debug-iphonesimulator/BicTerm.build/Objects-normal/arm64/BicTerm_dependency_info.dat -fobjc-link-runtime -L/Applications/Xcode.app/Contents/Developer/Toolchains/XcodeDefault.xctoolchain/usr/lib/swift/iphonesimulator -L/usr/lib/swift -Xlinker -add_ast_path -Xlinker /Users/richard/code/BicTerm/.build-artifacts/DerivedData/g12-app/Build/Intermediates.noindex/BicTerm.build/Debug-iphonesimulator/BicTerm.build/Objects-normal/arm64/BicTerm.swiftmodule @/Users/richard/code/BicTerm/.build-artifacts/DerivedData/g12-app/Build/Intermediates.noindex/BicTerm.build/Debug-iphonesimulator/BicTerm.build/Objects-normal/arm64/BicTerm-linker-args.resp -Wl,-no_warn_duplicate_libraries -Wl,-no_warn_duplicate_libraries -Wl,-no_warn_duplicate_libraries -Wl,-no_warn_duplicate_libraries -Wl,-no_warn_duplicate_libraries -Wl,-no_warn_duplicate_libraries -Wl,-no_warn_duplicate_libraries -Wl,-no_warn_duplicate_libraries -Wl,-no_warn_duplicate_libraries -Wl,-no_warn_duplicate_libraries -Wl,-no_warn_duplicate_libraries -Wl,-no_warn_duplicate_libraries -Wl,-no_warn_duplicate_libraries -Wl,-no_warn_duplicate_libraries -Wl,-no_warn_duplicate_libraries -Wl,-no_warn_duplicate_libraries -Wl,-no_warn_duplicate_libraries -Wl,-no_warn_duplicate_libraries -Wl,-no_warn_duplicate_libraries -Wl,-no_warn_duplicate_libraries -Wl,-no_warn_duplicate_libraries -Wl,-no_warn_duplicate_libraries -Wl,-no_warn_duplicate_libraries -Wl,-no_warn_duplicate_libraries -Wl,-no_warn_duplicate_libraries -Wl,-no_warn_duplicate_libraries -Wl,-no_warn_duplicate_libraries -framework CoderTunnel -lresolv -u _CoderNetVersion -Xlinker -alias -Xlinker _main -Xlinker ___debug_main_executable_dylib_entry_point -Xlinker -no_adhoc_codesign -o /Users/richard/code/BicTerm/.build-artifacts/DerivedData/g12-app/Build/Products/Debug-iphonesimulator/BicTerm.app/BicTerm.debug.dylib -Xlinker -add_ast_path -Xlinker /Users/richard/code/BicTerm/.build-artifacts/DerivedData/g12-app/Build/Intermediates.noindex/BicTermCore.build/Debug-iphonesimulator/BicTermCore.build/Objects-normal/arm64/BicTermCore.swiftmodule @/Users/richard/code/BicTerm/.build-artifacts/DerivedData/g12-app/Build/Intermediates.noindex/BicTermCore.build/Debug-iphonesimulator/BicTermCore.build/Objects-normal/arm64/BicTermCore-linker-args.resp -Xlinker -add_ast_path -Xlinker /Users/richard/code/BicTerm/.build-artifacts/DerivedData/g12-app/Build/Intermediates.noindex/swift-nio-ssh.build/Debug-iphonesimulator/NIOSSH.build/Objects-normal/arm64/NIOSSH.swiftmodule @/Users/richard/code/BicTerm/.build-artifacts/DerivedData/g12-app/Build/Intermediates.noindex/swift-nio-ssh.build/Debug-iphonesimulator/NIOSSH.build/Objects-normal/arm64/NIOSSH-linker-args.resp -Xlinker -add_ast_path -Xlinker /Users/richard/code/BicTerm/.build-artifacts/DerivedData/g12-app/Build/Intermediates.noindex/swift-nio.build/Debug-iphonesimulator/NIOCore.build/Objects-normal/arm64/NIOCore.swiftmodule @/Users/richard/code/BicTerm/.build-artifacts/DerivedData/g12-app/Build/Intermediates.noindex/swift-nio.build/Debug-iphonesimulator/NIOCore.build/Objects-normal/arm64/NIOCore-linker-args.resp -Xlinker -add_ast_path -Xlinker /Users/richard/code/BicTerm/.build-artifacts/DerivedData/g12-app/Build/Intermediates.noindex/swift-nio.build/Debug-iphonesimulator/NIOConcurrencyHelpers.build/Objects-normal/arm64/NIOConcurrencyHelpers.swiftmodule @/Users/richard/code/BicTerm/.build-artifacts/DerivedData/g12-app/Build/Intermediates.noindex/swift-nio.build/Debug-iphonesimulator/NIOConcurrencyHelpers.build/Objects-normal/arm64/NIOConcurrencyHelpers-linker-args.resp -Xlinker -add_ast_path -Xlinker /Users/richard/code/BicTerm/.build-artifacts/DerivedData/g12-app/Build/Intermediates.noindex/swift-nio.build/Debug-iphonesimulator/_NIOBase64.build/Objects-normal/arm64/_NIOBase64.swiftmodule @/Users/richard/code/BicTerm/.build-artifacts/DerivedData/g12-app/Build/Intermediates.noindex/swift-nio.build/Debug-iphonesimulator/_NIOBase64.build/Objects-normal/arm64/_NIOBase64-linker-args.resp -Xlinker -add_ast_path -Xlinker /Users/richard/code/BicTerm/.build-artifacts/DerivedData/g12-app/Build/Intermediates.noindex/swift-nio.build/Debug-iphonesimulator/_NIODataStructures.build/Objects-normal/arm64/_NIODataStructures.swiftmodule @/Users/richard/code/BicTerm/.build-artifacts/DerivedData/g12-app/Build/Intermediates.noindex/swift-nio.build/Debug-iphonesimulator/_NIODataStructures.build/Objects-normal/arm64/_NIODataStructures-linker-args.resp -Xlinker -add_ast_path -Xlinker /Users/richard/code/BicTerm/.build-artifacts/DerivedData/g12-app/Build/Intermediates.noindex/swift-collections.build/Debug-iphonesimulator/DequeModule.build/Objects-normal/arm64/DequeModule.swiftmodule @/Users/richard/code/BicTerm/.build-artifacts/DerivedData/g12-app/Build/Intermediates.noindex/swift-collections.build/Debug-iphonesimulator/DequeModule.build/Objects-normal/arm64/DequeModule-linker-args.resp -Xlinker -add_ast_path -Xlinker /Users/richard/code/BicTerm/.build-artifacts/DerivedData/g12-app/Build/Intermediates.noindex/swift-collections.build/Debug-iphonesimulator/InternalCollectionsUtilities.build/Objects-normal/arm64/InternalCollectionsUtilities.swiftmodule @/Users/richard/code/BicTerm/.build-artifacts/DerivedData/g12-app/Build/Intermediates.noindex/swift-collections.build/Debug-iphonesimulator/InternalCollectionsUtilities.build/Objects-normal/arm64/InternalCollectionsUtilities-linker-args.resp -Xlinker -add_ast_path -Xlinker /Users/richard/code/BicTerm/.build-artifacts/DerivedData/g12-app/Build/Intermediates.noindex/swift-collections.build/Debug-iphonesimulator/ContainersPreview.build/Objects-normal/arm64/ContainersPreview.swiftmodule @/Users/richard/code/BicTerm/.build-artifacts/DerivedData/g12-app/Build/Intermediates.noindex/swift-collections.build/Debug-iphonesimulator/ContainersPreview.build/Objects-normal/arm64/ContainersPreview-linker-args.resp -Xlinker -add_ast_path -Xlinker /Users/richard/code/BicTerm/.build-artifacts/DerivedData/g12-app/Build/Intermediates.noindex/swift-atomics.build/Debug-iphonesimulator/Atomics.build/Objects-normal/arm64/Atomics.swiftmodule @/Users/richard/code/BicTerm/.build-artifacts/DerivedData/g12-app/Build/Intermediates.noindex/swift-atomics.build/Debug-iphonesimulator/Atomics.build/Objects-normal/arm64/Atomics-linker-args.resp -Xlinker -add_ast_path -Xlinker /Users/richard/code/BicTerm/.build-artifacts/DerivedData/g12-app/Build/Intermediates.noindex/swift-nio.build/Debug-iphonesimulator/NIOFoundationCompat.build/Objects-normal/arm64/NIOFoundationCompat.swiftmodule @/Users/richard/code/BicTerm/.build-artifacts/DerivedData/g12-app/Build/Intermediates.noindex/swift-nio.build/Debug-iphonesimulator/NIOFoundationCompat.build/Objects-normal/arm64/NIOFoundationCompat-linker-args.resp -Xlinker -add_ast_path -Xlinker /Users/richard/code/BicTerm/.build-artifacts/DerivedData/g12-app/Build/Intermediates.noindex/swift-nio.build/Debug-iphonesimulator/NIOEmbedded.build/Objects-normal/arm64/NIOEmbedded.swiftmodule @/Users/richard/code/BicTerm/.build-artifacts/DerivedData/g12-app/Build/Intermediates.noindex/swift-nio.build/Debug-iphonesimulator/NIOEmbedded.build/Objects-normal/arm64/NIOEmbedded-linker-args.resp -Xlinker -add_ast_path -Xlinker /Users/richard/code/BicTerm/.build-artifacts/DerivedData/g12-app/Build/Intermediates.noindex/swift-nio.build/Debug-iphonesimulator/NIOPosix.build/Objects-normal/arm64/NIOPosix.swiftmodule @/Users/richard/code/BicTerm/.build-artifacts/DerivedData/g12-app/Build/Intermediates.noindex/swift-nio.build/Debug-iphonesimulator/NIOPosix.build/Objects-normal/arm64/NIOPosix-linker-args.resp -Xlinker -add_ast_path -Xlinker /Users/richard/code/BicTerm/.build-artifacts/DerivedData/g12-app/Build/Intermediates.noindex/swift-nio.build/Debug-iphonesimulator/NIO.build/Objects-normal/arm64/NIO.swiftmodule @/Users/richard/code/BicTerm/.build-artifacts/DerivedData/g12-app/Build/Intermediates.noindex/swift-nio.build/Debug-iphonesimulator/NIO.build/Objects-normal/arm64/NIO-linker-args.resp -Xlinker -add_ast_path -Xlinker /Users/richard/code/BicTerm/.build-artifacts/DerivedData/g12-app/Build/Intermediates.noindex/swift-nio.build/Debug-iphonesimulator/NIOFoundationEssentialsCompat.build/Objects-normal/arm64/NIOFoundationEssentialsCompat.swiftmodule @/Users/richard/code/BicTerm/.build-artifacts/DerivedData/g12-app/Build/Intermediates.noindex/swift-nio.build/Debug-iphonesimulator/NIOFoundationEssentialsCompat.build/Objects-normal/arm64/NIOFoundationEssentialsCompat-linker-args.resp -Xlinker -add_ast_path -Xlinker /Users/richard/code/BicTerm/.build-artifacts/DerivedData/g12-app/Build/Intermediates.noindex/swift-crypto.build/Debug-iphonesimulator/Crypto.build/Objects-normal/arm64/Crypto.swiftmodule @/Users/richard/code/BicTerm/.build-artifacts/DerivedData/g12-app/Build/Intermediates.noindex/swift-crypto.build/Debug-iphonesimulator/Crypto.build/Objects-normal/arm64/Crypto-linker-args.resp -Xlinker -add_ast_path -Xlinker /Users/richard/code/BicTerm/.build-artifacts/DerivedData/g12-app/Build/Intermediates.noindex/SwiftTerm.build/Debug-iphonesimulator/SwiftTerm.build/Objects-normal/arm64/SwiftTerm.swiftmodule @/Users/richard/code/BicTerm/.build-artifacts/DerivedData/g12-app/Build/Intermediates.noindex/SwiftTerm.build/Debug-iphonesimulator/SwiftTerm.build/Objects-normal/arm64/SwiftTerm-linker-args.resp

ConstructStubExecutorLinkFileList /Users/richard/code/BicTerm/.build-artifacts/DerivedData/g12-app/Build/Intermediates.noindex/BicTerm.build/Debug-iphonesimulator/BicTerm.build/BicTerm-ExecutorLinkFileList-normal-arm64.txt (in target 'BicTerm' from project 'BicTerm')
    cd /Users/richard/code/BicTerm
    construct-stub-executor-link-file-list /Users/richard/code/BicTerm/.build-artifacts/DerivedData/g12-app/Build/Products/Debug-iphonesimulator/BicTerm.app/BicTerm.debug.dylib /Applications/Xcode.app/Contents/Developer/Platforms/iPhoneSimulator.platform/Developer/usr/lib/libPreviewsJITStubExecutor_no_swift_entry_point.a /Applications/Xcode.app/Contents/Developer/Platforms/iPhoneSimulator.platform/Developer/usr/lib/libPreviewsJITStubExecutor.a --output /Users/richard/code/BicTerm/.build-artifacts/DerivedData/g12-app/Build/Intermediates.noindex/BicTerm.build/Debug-iphonesimulator/BicTerm.build/BicTerm-ExecutorLinkFileList-normal-arm64.txt
note: Using stub executor library with Swift entry point. (in target 'BicTerm' from project 'BicTerm')

Copy /Users/richard/code/BicTerm/.build-artifacts/DerivedData/g12-app/Build/Products/Debug-iphonesimulator/BicTerm.swiftmodule/arm64-apple-ios-simulator.abi.json /Users/richard/code/BicTerm/.build-artifacts/DerivedData/g12-app/Build/Intermediates.noindex/BicTerm.build/Debug-iphonesimulator/BicTerm.build/Objects-normal/arm64/BicTerm.abi.json (in target 'BicTerm' from project 'BicTerm')
    cd /Users/richard/code/BicTerm
    builtin-copy -exclude .DS_Store -exclude CVS -exclude .svn -exclude .git -exclude .hg -resolve-src-symlinks -rename /Users/richard/code/BicTerm/.build-artifacts/DerivedData/g12-app/Build/Intermediates.noindex/BicTerm.build/Debug-iphonesimulator/BicTerm.build/Objects-normal/arm64/BicTerm.abi.json /Users/richard/code/BicTerm/.build-artifacts/DerivedData/g12-app/Build/Products/Debug-iphonesimulator/BicTerm.swiftmodule/arm64-apple-ios-simulator.abi.json

Ld /Users/richard/code/BicTerm/.build-artifacts/DerivedData/g12-app/Build/Products/Debug-iphonesimulator/BicTerm.app/BicTerm normal (in target 'BicTerm' from project 'BicTerm')
    cd /Users/richard/code/BicTerm
    /Applications/Xcode.app/Contents/Developer/Toolchains/XcodeDefault.xctoolchain/usr/bin/clang -Xlinker -reproducible -target arm64-apple-ios18.0-simulator -isysroot /Applications/Xcode.app/Contents/Developer/Platforms/iPhoneSimulator.platform/Developer/SDKs/iPhoneSimulator26.5.sdk -O0 -L/Users/richard/code/BicTerm/.build-artifacts/DerivedData/g12-app/Build/Products/Debug-iphonesimulator -F/Users/richard/code/BicTerm/.build-artifacts/DerivedData/g12-app/Build/Products/Debug-iphonesimulator/PackageFrameworks -F/Users/richard/code/BicTerm/.build-artifacts/DerivedData/g12-app/Build/Products/Debug-iphonesimulator/PackageFrameworks -F/Users/richard/code/BicTerm/.build-artifacts/DerivedData/g12-app/Build/Products/Debug-iphonesimulator/PackageFrameworks -F/Users/richard/code/BicTerm/.build-artifacts/DerivedData/g12-app/Build/Products/Debug-iphonesimulator/PackageFrameworks -F/Users/richard/code/BicTerm/.build-artifacts/DerivedData/g12-app/Build/Products/Debug-iphonesimulator/PackageFrameworks -F/Users/richard/code/BicTerm/.build-artifacts/DerivedData/g12-app/Build/Products/Debug-iphonesimulator/PackageFrameworks -F/Users/richard/code/BicTerm/.build-artifacts/DerivedData/g12-app/Build/Products/Debug-iphonesimulator/PackageFrameworks -F/Users/richard/code/BicTerm/.build-artifacts/DerivedData/g12-app/Build/Products/Debug-iphonesimulator/PackageFrameworks -F/Users/richard/code/BicTerm/.build-artifacts/DerivedData/g12-app/Build/Products/Debug-iphonesimulator/PackageFrameworks -F/Users/richard/code/BicTerm/.build-artifacts/DerivedData/g12-app/Build/Products/Debug-iphonesimulator/PackageFrameworks -F/Users/richard/code/BicTerm/.build-artifacts/DerivedData/g12-app/Build/Products/Debug-iphonesimulator/PackageFrameworks -F/Users/richard/code/BicTerm/.build-artifacts/DerivedData/g12-app/Build/Products/Debug-iphonesimulator/PackageFrameworks -F/Users/richard/code/BicTerm/.build-artifacts/DerivedData/g12-app/Build/Products/Debug-iphonesimulator/PackageFrameworks -F/Users/richard/code/BicTerm/.build-artifacts/DerivedData/g12-app/Build/Products/Debug-iphonesimulator/PackageFrameworks -F/Users/richard/code/BicTerm/.build-artifacts/DerivedData/g12-app/Build/Products/Debug-iphonesimulator/PackageFrameworks -F/Users/richard/code/BicTerm/.build-artifacts/DerivedData/g12-app/Build/Products/Debug-iphonesimulator/PackageFrameworks -F/Users/richard/code/BicTerm/.build-artifacts/DerivedData/g12-app/Build/Products/Debug-iphonesimulator/PackageFrameworks -F/Users/richard/code/BicTerm/.build-artifacts/DerivedData/g12-app/Build/Products/Debug-iphonesimulator/PackageFrameworks -F/Users/richard/code/BicTerm/.build-artifacts/DerivedData/g12-app/Build/Products/Debug-iphonesimulator/PackageFrameworks -F/Users/richard/code/BicTerm/.build-artifacts/DerivedData/g12-app/Build/Products/Debug-iphonesimulator/PackageFrameworks -F/Users/richard/code/BicTerm/.build-artifacts/DerivedData/g12-app/Build/Products/Debug-iphonesimulator/PackageFrameworks -F/Users/richard/code/BicTerm/.build-artifacts/DerivedData/g12-app/Build/Products/Debug-iphonesimulator/PackageFrameworks -F/Users/richard/code/BicTerm/.build-artifacts/DerivedData/g12-app/Build/Products/Debug-iphonesimulator/PackageFrameworks -F/Users/richard/code/BicTerm/.build-artifacts/DerivedData/g12-app/Build/Products/Debug-iphonesimulator/PackageFrameworks -F/Users/richard/code/BicTerm/.build-artifacts/DerivedData/g12-app/Build/Products/Debug-iphonesimulator/PackageFrameworks -F/Users/richard/code/BicTerm/.build-artifacts/DerivedData/g12-app/Build/Products/Debug-iphonesimulator/PackageFrameworks -F/Users/richard/code/BicTerm/.build-artifacts/DerivedData/g12-app/Build/Products/Debug-iphonesimulator/PackageFrameworks -F/Users/richard/code/BicTerm/.build-artifacts/DerivedData/g12-app/Build/Products/Debug-iphonesimulator -F/Users/richard/code/BicTerm/.build-artifacts/DerivedData/g12-app/Build/Products/Debug-iphonesimulator -Xlinker -rpath -Xlinker @executable_path -Xlinker -rpath -Xlinker /Users/richard/code/BicTerm/.build-artifacts/DerivedData/g12-app/Build/Products/Debug-iphonesimulator/PackageFrameworks -Xlinker -rpath -Xlinker @executable_path/Frameworks -rdynamic -Xlinker -no_deduplicate -Xlinker -objc_abi_version -Xlinker 2 -e ___debug_blank_executor_main -Xlinker -sectcreate -Xlinker __TEXT -Xlinker __debug_dylib -Xlinker /Users/richard/code/BicTerm/.build-artifacts/DerivedData/g12-app/Build/Intermediates.noindex/BicTerm.build/Debug-iphonesimulator/BicTerm.build/BicTerm-DebugDylibPath-normal-arm64.txt -Xlinker -sectcreate -Xlinker __TEXT -Xlinker __debug_instlnm -Xlinker /Users/richard/code/BicTerm/.build-artifacts/DerivedData/g12-app/Build/Intermediates.noindex/BicTerm.build/Debug-iphonesimulator/BicTerm.build/BicTerm-DebugDylibInstallName-normal-arm64.txt -Xlinker -filelist -Xlinker /Users/richard/code/BicTerm/.build-artifacts/DerivedData/g12-app/Build/Intermediates.noindex/BicTerm.build/Debug-iphonesimulator/BicTerm.build/BicTerm-ExecutorLinkFileList-normal-arm64.txt -Xlinker -sectcreate -Xlinker __TEXT -Xlinker __entitlements -Xlinker /Users/richard/code/BicTerm/.build-artifacts/DerivedData/g12-app/Build/Intermediates.noindex/BicTerm.build/Debug-iphonesimulator/BicTerm.build/BicTerm.app-Simulated.xcent -Xlinker -sectcreate -Xlinker __TEXT -Xlinker __ents_der -Xlinker /Users/richard/code/BicTerm/.build-artifacts/DerivedData/g12-app/Build/Intermediates.noindex/BicTerm.build/Debug-iphonesimulator/BicTerm.build/BicTerm.app-Simulated.xcent.der /Users/richard/code/BicTerm/.build-artifacts/DerivedData/g12-app/Build/Products/Debug-iphonesimulator/BicTerm.app/BicTerm.debug.dylib -Xlinker -no_adhoc_codesign -o /Users/richard/code/BicTerm/.build-artifacts/DerivedData/g12-app/Build/Products/Debug-iphonesimulator/BicTerm.app/BicTerm

ExtractAppIntentsMetadata (in target 'BicTerm' from project 'BicTerm')
    cd /Users/richard/code/BicTerm
    /Applications/Xcode.app/Contents/Developer/Toolchains/XcodeDefault.xctoolchain/usr/bin/appintentsmetadataprocessor --toolchain-dir /var/run/com.apple.security.cryptexd/mnt/com.apple.MobileAsset.MetalToolchain-v17.6.109.0.ozHyXD/Metal.xctoolchain --module-name BicTerm --sdk-root /Applications/Xcode.app/Contents/Developer/Platforms/iPhoneSimulator.platform/Developer/SDKs/iPhoneSimulator26.5.sdk --xcode-version 17F113 --platform-family iOS --deployment-target 18.0 --bundle-identifier com.bicterm.app --output /Users/richard/code/BicTerm/.build-artifacts/DerivedData/g12-app/Build/Products/Debug-iphonesimulator/BicTerm.app --target-triple arm64-apple-ios18.0-simulator --binary-file /Users/richard/code/BicTerm/.build-artifacts/DerivedData/g12-app/Build/Products/Debug-iphonesimulator/BicTerm.app/BicTerm --dependency-file /Users/richard/code/BicTerm/.build-artifacts/DerivedData/g12-app/Build/Intermediates.noindex/BicTerm.build/Debug-iphonesimulator/BicTerm.build/Objects-normal/arm64/BicTerm_dependency_info.dat --stringsdata-file /Users/richard/code/BicTerm/.build-artifacts/DerivedData/g12-app/Build/Intermediates.noindex/BicTerm.build/Debug-iphonesimulator/BicTerm.build/Objects-normal/arm64/ExtractedAppShortcutsMetadata.stringsdata --source-file-list /Users/richard/code/BicTerm/.build-artifacts/DerivedData/g12-app/Build/Intermediates.noindex/BicTerm.build/Debug-iphonesimulator/BicTerm.build/Objects-normal/arm64/BicTerm.SwiftFileList --metadata-file-list /Users/richard/code/BicTerm/.build-artifacts/DerivedData/g12-app/Build/Intermediates.noindex/BicTerm.build/Debug-iphonesimulator/BicTerm.build/BicTerm.DependencyMetadataFileList --static-metadata-file-list /Users/richard/code/BicTerm/.build-artifacts/DerivedData/g12-app/Build/Intermediates.noindex/BicTerm.build/Debug-iphonesimulator/BicTerm.build/BicTerm.DependencyStaticMetadataFileList --swift-const-vals-list /Users/richard/code/BicTerm/.build-artifacts/DerivedData/g12-app/Build/Intermediates.noindex/BicTerm.build/Debug-iphonesimulator/BicTerm.build/Objects-normal/arm64/BicTerm.SwiftConstValuesFileList --compile-time-extraction --deployment-aware-processing --validate-assistant-intents --no-app-shortcuts-localization
2026-09-09 16:25:05.068 appintentsmetadataprocessor[81790:32208548] Starting appintentsmetadataprocessor export
2026-09-09 16:25:05.069 appintentsmetadataprocessor[81790:32208548] warning: Metadata extraction skipped. No AppIntents.framework dependency found.

ProcessInfoPlistFile /Users/richard/code/BicTerm/.build-artifacts/DerivedData/g12-app/Build/Products/Debug-iphonesimulator/BicTerm.app/Info.plist /Users/richard/code/BicTerm/.build-artifacts/DerivedData/g12-app/Build/Intermediates.noindex/BicTerm.build/Debug-iphonesimulator/BicTerm.build/empty-BicTerm.plist (in target 'BicTerm' from project 'BicTerm')
    cd /Users/richard/code/BicTerm
    builtin-infoPlistUtility /Users/richard/code/BicTerm/.build-artifacts/DerivedData/g12-app/Build/Intermediates.noindex/BicTerm.build/Debug-iphonesimulator/BicTerm.build/empty-BicTerm.plist -producttype com.apple.product-type.application -genpkginfo /Users/richard/code/BicTerm/.build-artifacts/DerivedData/g12-app/Build/Products/Debug-iphonesimulator/BicTerm.app/PkgInfo -expandbuildsettings -format binary -platform iphonesimulator -additionalcontentfile /Users/richard/code/BicTerm/.build-artifacts/DerivedData/g12-app/Build/Intermediates.noindex/BicTerm.build/Debug-iphonesimulator/BicTerm.build/assetcatalog_generated_info.plist -scanforprivacyfile /Users/richard/code/BicTerm/.build-artifacts/DerivedData/g12-app/Build/Products/Debug-iphonesimulator/BicTerm.app/SwiftTerm_SwiftTerm.bundle -scanforprivacyfile /Users/richard/code/BicTerm/.build-artifacts/DerivedData/g12-app/Build/Products/Debug-iphonesimulator/BicTerm.app/swift-crypto_Crypto.bundle -scanforprivacyfile /Users/richard/code/BicTerm/.build-artifacts/DerivedData/g12-app/Build/Products/Debug-iphonesimulator/BicTerm.app/swift-nio_NIOPosix.bundle -o /Users/richard/code/BicTerm/.build-artifacts/DerivedData/g12-app/Build/Products/Debug-iphonesimulator/BicTerm.app/Info.plist

WriteAuxiliaryFile /Users/richard/code/BicTerm/.build-artifacts/DerivedData/g12-app/Build/Intermediates.noindex/BicTerm.build/Debug-iphonesimulator/BicTermTests.build/Objects-normal/arm64/BicTermTests.SwiftFileList (in target 'BicTermTests' from project 'BicTerm')
    cd /Users/richard/code/BicTerm
    write-file /Users/richard/code/BicTerm/.build-artifacts/DerivedData/g12-app/Build/Intermediates.noindex/BicTerm.build/Debug-iphonesimulator/BicTermTests.build/Objects-normal/arm64/BicTermTests.SwiftFileList

WriteAuxiliaryFile /Users/richard/code/BicTerm/.build-artifacts/DerivedData/g12-app/Build/Intermediates.noindex/BicTerm.build/Debug-iphonesimulator/BicTermTests.build/Objects-normal/arm64/BicTermTests.SwiftConstValuesFileList (in target 'BicTermTests' from project 'BicTerm')
    cd /Users/richard/code/BicTerm
    write-file /Users/richard/code/BicTerm/.build-artifacts/DerivedData/g12-app/Build/Intermediates.noindex/BicTerm.build/Debug-iphonesimulator/BicTermTests.build/Objects-normal/arm64/BicTermTests.SwiftConstValuesFileList

WriteAuxiliaryFile /Users/richard/code/BicTerm/.build-artifacts/DerivedData/g12-app/Build/Intermediates.noindex/BicTerm.build/Debug-iphonesimulator/BicTermTests.build/Objects-normal/arm64/BicTermTests.LinkFileList (in target 'BicTermTests' from project 'BicTerm')
    cd /Users/richard/code/BicTerm
    write-file /Users/richard/code/BicTerm/.build-artifacts/DerivedData/g12-app/Build/Intermediates.noindex/BicTerm.build/Debug-iphonesimulator/BicTermTests.build/Objects-normal/arm64/BicTermTests.LinkFileList

WriteAuxiliaryFile /Users/richard/code/BicTerm/.build-artifacts/DerivedData/g12-app/Build/Intermediates.noindex/BicTerm.build/Debug-iphonesimulator/BicTermTests.build/Objects-normal/arm64/BicTermTests-OutputFileMap.json (in target 'BicTermTests' from project 'BicTerm')
    cd /Users/richard/code/BicTerm
    write-file /Users/richard/code/BicTerm/.build-artifacts/DerivedData/g12-app/Build/Intermediates.noindex/BicTerm.build/Debug-iphonesimulator/BicTermTests.build/Objects-normal/arm64/BicTermTests-OutputFileMap.json

SwiftDriver BicTermTests normal arm64 com.apple.xcode.tools.swift.compiler (in target 'BicTermTests' from project 'BicTerm')
    cd /Users/richard/code/BicTerm
    builtin-SwiftDriver -- /Applications/Xcode.app/Contents/Developer/Toolchains/XcodeDefault.xctoolchain/usr/bin/swiftc -module-name BicTermTests -Onone @/Users/richard/code/BicTerm/.build-artifacts/DerivedData/g12-app/Build/Intermediates.noindex/BicTerm.build/Debug-iphonesimulator/BicTermTests.build/Objects-normal/arm64/BicTermTests.SwiftFileList -DDEBUG -DCODER_TUNNEL -Xcc -fmodule-map-file\=/Users/richard/code/BicTerm/.build-artifacts/DerivedData/g12-app/Build/Intermediates.noindex/GeneratedModuleMaps-iphonesimulator/CNIOPosix.modulemap -Xcc -fmodule-map-file\=/Users/richard/code/BicTerm/.build-artifacts/DerivedData/g12-app/Build/Intermediates.noindex/GeneratedModuleMaps-iphonesimulator/CNIOWASI.modulemap -Xcc -fmodule-map-file\=/Users/richard/code/BicTerm/.build-artifacts/DerivedData/g12-app/Build/Intermediates.noindex/GeneratedModuleMaps-iphonesimulator/CNIOFreeBSD.modulemap -Xcc -fmodule-map-file\=/Users/richard/code/BicTerm/.build-artifacts/DerivedData/g12-app/Build/Intermediates.noindex/GeneratedModuleMaps-iphonesimulator/CNIOAtomics.modulemap -Xcc -fmodule-map-file\=/Users/richard/code/BicTerm/.build-artifacts/DerivedData/g12-app/Build/Intermediates.noindex/GeneratedModuleMaps-iphonesimulator/CNIODarwin.modulemap -Xcc -fmodule-map-file\=/Users/richard/code/BicTerm/.build-artifacts/DerivedData/g12-app/Build/Intermediates.noindex/GeneratedModuleMaps-iphonesimulator/CNIOLinux.modulemap -Xcc -fmodule-map-file\=/Users/richard/code/BicTerm/.build-artifacts/DerivedData/g12-app/Build/Intermediates.noindex/GeneratedModuleMaps-iphonesimulator/CNIOOpenBSD.modulemap -Xcc -fmodule-map-file\=/Users/richard/code/BicTerm/.build-artifacts/DerivedData/g12-app/Build/Intermediates.noindex/GeneratedModuleMaps-iphonesimulator/CBcryptPBKDF.modulemap -plugin-path /Applications/Xcode.app/Contents/Developer/Toolchains/XcodeDefault.xctoolchain/usr/lib/swift/host/plugins/testing -enable-experimental-feature DebugDescriptionMacro -sdk /Applications/Xcode.app/Contents/Developer/Platforms/iPhoneSimulator.platform/Developer/SDKs/iPhoneSimulator26.5.sdk -target arm64-apple-ios18.0-simulator -g -module-cache-path /Users/richard/code/BicTerm/.build-artifacts/DerivedData/g12-app/ModuleCache.noindex -Xfrontend -serialize-debugging-options -enable-testing -index-store-path /Users/richard/code/BicTerm/.build-artifacts/DerivedData/g12-app/Index.noindex/DataStore -Xcc -D_LIBCPP_HARDENING_MODE\=_LIBCPP_HARDENING_MODE_DEBUG -swift-version 6 -I /Users/richard/code/BicTerm/.build-artifacts/DerivedData/g12-app/Build/Products/Debug-iphonesimulator -Isystem /Applications/Xcode.app/Contents/Developer/Platforms/iPhoneSimulator.platform/Developer/usr/lib -F /Users/richard/code/BicTerm/.build-artifacts/DerivedData/g12-app/Build/Products/Debug-iphonesimulator/PackageFrameworks -F /Users/richard/code/BicTerm/.build-artifacts/DerivedData/g12-app/Build/Products/Debug-iphonesimulator/PackageFrameworks -F /Users/richard/code/BicTerm/.build-artifacts/DerivedData/g12-app/Build/Products/Debug-iphonesimulator/PackageFrameworks -F /Users/richard/code/BicTerm/.build-artifacts/DerivedData/g12-app/Build/Products/Debug-iphonesimulator/PackageFrameworks -F /Users/richard/code/BicTerm/.build-artifacts/DerivedData/g12-app/Build/Products/Debug-iphonesimulator/PackageFrameworks -F /Users/richard/code/BicTerm/.build-artifacts/DerivedData/g12-app/Build/Products/Debug-iphonesimulator/PackageFrameworks -F /Users/richard/code/BicTerm/.build-artifacts/DerivedData/g12-app/Build/Products/Debug-iphonesimulator/PackageFrameworks -F /Users/richard/code/BicTerm/.build-artifacts/DerivedData/g12-app/Build/Products/Debug-iphonesimulator/PackageFrameworks -F /Users/richard/code/BicTerm/.build-artifacts/DerivedData/g12-app/Build/Products/Debug-iphonesimulator/PackageFrameworks -F /Users/richard/code/BicTerm/.build-artifacts/DerivedData/g12-app/Build/Products/Debug-iphonesimulator/PackageFrameworks -F /Users/richard/code/BicTerm/.build-artifacts/DerivedData/g12-app/Build/Products/Debug-iphonesimulator/PackageFrameworks -F /Users/richard/code/BicTerm/.build-artifacts/DerivedData/g12-app/Build/Products/Debug-iphonesimulator/PackageFrameworks -F /Users/richard/code/BicTerm/.build-artifacts/DerivedData/g12-app/Build/Products/Debug-iphonesimulator/PackageFrameworks -F /Users/richard/code/BicTerm/.build-artifacts/DerivedData/g12-app/Build/Products/Debug-iphonesimulator/PackageFrameworks -F /Users/richard/code/BicTerm/.build-artifacts/DerivedData/g12-app/Build/Products/Debug-iphonesimulator/PackageFrameworks -F /Users/richard/code/BicTerm/.build-artifacts/DerivedData/g12-app/Build/Products/Debug-iphonesimulator/PackageFrameworks -F /Users/richard/code/BicTerm/.build-artifacts/DerivedData/g12-app/Build/Products/Debug-iphonesimulator/PackageFrameworks -F /Users/richard/code/BicTerm/.build-artifacts/DerivedData/g12-app/Build/Products/Debug-iphonesimulator/PackageFrameworks -F /Users/richard/code/BicTerm/.build-artifacts/DerivedData/g12-app/Build/Products/Debug-iphonesimulator/PackageFrameworks -F /Users/richard/code/BicTerm/.build-artifacts/DerivedData/g12-app/Build/Products/Debug-iphonesimulator/PackageFrameworks -F /Users/richard/code/BicTerm/.build-artifacts/DerivedData/g12-app/Build/Products/Debug-iphonesimulator/PackageFrameworks -F /Users/richard/code/BicTerm/.build-artifacts/DerivedData/g12-app/Build/Products/Debug-iphonesimulator/PackageFrameworks -F /Users/richard/code/BicTerm/.build-artifacts/DerivedData/g12-app/Build/Products/Debug-iphonesimulator/PackageFrameworks -F /Users/richard/code/BicTerm/.build-artifacts/DerivedData/g12-app/Build/Products/Debug-iphonesimulator/PackageFrameworks -F /Users/richard/code/BicTerm/.build-artifacts/DerivedData/g12-app/Build/Products/Debug-iphonesimulator/PackageFrameworks -F /Users/richard/code/BicTerm/.build-artifacts/DerivedData/g12-app/Build/Products/Debug-iphonesimulator/PackageFrameworks -F /Users/richard/code/BicTerm/.build-artifacts/DerivedData/g12-app/Build/Products/Debug-iphonesimulator/PackageFrameworks -F /Users/richard/code/BicTerm/.build-artifacts/DerivedData/g12-app/Build/Products/Debug-iphonesimulator -F /Applications/Xcode.app/Contents/Developer/Platforms/iPhoneSimulator.platform/Developer/Library/Frameworks -F /Applications/Xcode.app/Contents/Developer/Platforms/iPhoneSimulator.platform/Developer/SDKs/iPhoneSimulator26.5.sdk/Developer/Library/Frameworks -c -j20 -enable-batch-mode -incremental -Xcc -ivfsstatcache -Xcc /Users/richard/code/BicTerm/.build-artifacts/DerivedData/g12-app/SDKStatCaches.noindex/iphonesimulator26.5-23F81a-688ef53f1462e2c8f657fdc38a81448f6cfe768891a92b912361537c460fe42b.sdkstatcache -output-file-map /Users/richard/code/BicTerm/.build-artifacts/DerivedData/g12-app/Build/Intermediates.noindex/BicTerm.build/Debug-iphonesimulator/BicTermTests.build/Objects-normal/arm64/BicTermTests-OutputFileMap.json -use-frontend-parseable-output -save-temps -no-color-diagnostics -explicit-module-build -module-cache-path /Users/richard/code/BicTerm/.build-artifacts/DerivedData/g12-app/Build/Intermediates.noindex/SwiftExplicitPrecompiledModules -clang-scanner-module-cache-path /Users/richard/code/BicTerm/.build-artifacts/DerivedData/g12-app/ModuleCache.noindex -sdk-module-cache-path /Users/richard/code/BicTerm/.build-artifacts/DerivedData/g12-app/ModuleCache.noindex -serialize-diagnostics -emit-dependencies -emit-module -emit-module-path /Users/richard/code/BicTerm/.build-artifacts/DerivedData/g12-app/Build/Intermediates.noindex/BicTerm.build/Debug-iphonesimulator/BicTermTests.build/Objects-normal/arm64/BicTermTests.swiftmodule -validate-clang-modules-once -clang-build-session-file /Users/richard/code/BicTerm/.build-artifacts/DerivedData/g12-app/ModuleCache.noindex/Session.modulevalidation -Xcc -I/Users/richard/code/BicTerm/.build-artifacts/DerivedData/g12-app/Build/Intermediates.noindex/BicTerm.build/Debug-iphonesimulator/BicTermTests.build/swift-overrides.hmap -emit-const-values -Xfrontend -const-gather-protocols-file -Xfrontend /Users/richard/code/BicTerm/.build-artifacts/DerivedData/g12-app/Build/Intermediates.noindex/BicTerm.build/Debug-iphonesimulator/BicTermTests.build/Objects-normal/arm64/BicTermTests_const_extract_protocols.json -Xcc -iquote -Xcc /Users/richard/code/BicTerm/.build-artifacts/DerivedData/g12-app/Build/Intermediates.noindex/BicTerm.build/Debug-iphonesimulator/BicTermTests.build/BicTermTests-generated-files.hmap -Xcc -I/Users/richard/code/BicTerm/.build-artifacts/DerivedData/g12-app/Build/Intermediates.noindex/BicTerm.build/Debug-iphonesimulator/BicTermTests.build/BicTermTests-own-target-headers.hmap -Xcc -I/Users/richard/code/BicTerm/.build-artifacts/DerivedData/g12-app/Build/Intermediates.noindex/BicTerm.build/Debug-iphonesimulator/BicTermTests.build/BicTermTests-all-non-framework-target-headers.hmap -Xcc -ivfsoverlay -Xcc /Users/richard/code/BicTerm/.build-artifacts/DerivedData/g12-app/Build/Intermediates.noindex/BicTerm.build/Debug-iphonesimulator/BicTerm-016255f037ae87c93052aa8a3749f82d-VFS-iphonesimulator/all-product-headers.yaml -Xcc -iquote -Xcc /Users/richard/code/BicTerm/.build-artifacts/DerivedData/g12-app/Build/Intermediates.noindex/BicTerm.build/Debug-iphonesimulator/BicTermTests.build/BicTermTests-project-headers.hmap -Xcc -I/Users/richard/code/BicTerm/.build-artifacts/DerivedData/g12-app/SourcePackages/checkouts/swift-atomics/Sources/_AtomicsShims/include -Xcc -I/Users/richard/code/BicTerm/.build-artifacts/DerivedData/g12-app/SourcePackages/checkouts/swift-nio/Sources/CNIOPosix/include -Xcc -I/Users/richard/code/BicTerm/.build-artifacts/DerivedData/g12-app/SourcePackages/checkouts/swift-nio/Sources/CNIOWASI/include -Xcc -I/Users/richard/code/BicTerm/.build-artifacts/DerivedData/g12-app/SourcePackages/checkouts/swift-nio/Sources/CNIOFreeBSD/include -Xcc -I/Users/richard/code/BicTerm/.build-artifacts/DerivedData/g12-app/SourcePackages/checkouts/swift-nio/Sources/CNIOAtomics/include -Xcc -I/Users/richard/code/BicTerm/.build-artifacts/DerivedData/g12-app/SourcePackages/checkouts/swift-nio/Sources/CNIOWindows/include -Xcc -I/Users/richard/code/BicTerm/.build-artifacts/DerivedData/g12-app/SourcePackages/checkouts/swift-nio/Sources/CNIODarwin/include -Xcc -I/Users/richard/code/BicTerm/.build-artifacts/DerivedData/g12-app/SourcePackages/checkouts/swift-nio/Sources/CNIOLinux/include -Xcc -I/Users/richard/code/BicTerm/.build-artifacts/DerivedData/g12-app/SourcePackages/checkouts/swift-nio/Sources/CNIOOpenBSD/include -Xcc -I/Users/richard/code/BicTerm/BicTermCore/Sources/CBcryptPBKDF/include -Xcc -I/Users/richard/code/BicTerm/.build-artifacts/DerivedData/g12-app/Build/Products/Debug-iphonesimulator/include -Xcc -I/Users/richard/code/BicTerm/.build-artifacts/DerivedData/g12-app/Build/Intermediates.noindex/BicTerm.build/Debug-iphonesimulator/BicTermTests.build/DerivedSources-normal/arm64 -Xcc -I/Users/richard/code/BicTerm/.build-artifacts/DerivedData/g12-app/Build/Intermediates.noindex/BicTerm.build/Debug-iphonesimulator/BicTermTests.build/DerivedSources/arm64 -Xcc -I/Users/richard/code/BicTerm/.build-artifacts/DerivedData/g12-app/Build/Intermediates.noindex/BicTerm.build/Debug-iphonesimulator/BicTermTests.build/DerivedSources -Xcc -DDEBUG\=1 -emit-objc-header -emit-objc-header-path /Users/richard/code/BicTerm/.build-artifacts/DerivedData/g12-app/Build/Intermediates.noindex/BicTerm.build/Debug-iphonesimulator/BicTermTests.build/Objects-normal/arm64/BicTermTests-Swift.h -working-directory /Users/richard/code/BicTerm -experimental-emit-module-separately -disable-cmo

CopySwiftLibs /Users/richard/code/BicTerm/.build-artifacts/DerivedData/g12-app/Build/Products/Debug-iphonesimulator/BicTerm.app (in target 'BicTerm' from project 'BicTerm')
    cd /Users/richard/code/BicTerm
    builtin-swiftStdLibTool --copy --verbose --sign - --scan-executable /Users/richard/code/BicTerm/.build-artifacts/DerivedData/g12-app/Build/Products/Debug-iphonesimulator/BicTerm.app/BicTerm.debug.dylib --scan-folder /Users/richard/code/BicTerm/.build-artifacts/DerivedData/g12-app/Build/Products/Debug-iphonesimulator/BicTerm.app/Frameworks --scan-folder /Users/richard/code/BicTerm/.build-artifacts/DerivedData/g12-app/Build/Products/Debug-iphonesimulator/BicTerm.app/PlugIns --scan-folder /Users/richard/code/BicTerm/.build-artifacts/DerivedData/g12-app/Build/Products/Debug-iphonesimulator/BicTerm.app/SystemExtensions --scan-folder /Users/richard/code/BicTerm/.build-artifacts/DerivedData/g12-app/Build/Products/Debug-iphonesimulator/BicTerm.app/Extensions --platform iphonesimulator --toolchain /var/run/com.apple.security.cryptexd/mnt/com.apple.MobileAsset.MetalToolchain-v17.6.109.0.ozHyXD/Metal.xctoolchain --toolchain /Applications/Xcode.app/Contents/Developer/Toolchains/XcodeDefault.xctoolchain --destination /Users/richard/code/BicTerm/.build-artifacts/DerivedData/g12-app/Build/Products/Debug-iphonesimulator/BicTerm.app/Frameworks --strip-bitcode --strip-bitcode-tool /Applications/Xcode.app/Contents/Developer/Toolchains/XcodeDefault.xctoolchain/usr/bin/bitcode_strip --emit-dependency-info /Users/richard/code/BicTerm/.build-artifacts/DerivedData/g12-app/Build/Intermediates.noindex/BicTerm.build/Debug-iphonesimulator/BicTerm.build/SwiftStdLibToolInputDependencies.dep --filter-for-swift-os

ProcessInfoPlistFile /Users/richard/code/BicTerm/.build-artifacts/DerivedData/g12-app/Build/Products/Debug-iphonesimulator/BicTerm.app/PlugIns/BicTermTests.xctest/Info.plist /Users/richard/code/BicTerm/.build-artifacts/DerivedData/g12-app/Build/Intermediates.noindex/BicTerm.build/Debug-iphonesimulator/BicTermTests.build/empty-BicTermTests.plist (in target 'BicTermTests' from project 'BicTerm')
    cd /Users/richard/code/BicTerm
    builtin-infoPlistUtility /Users/richard/code/BicTerm/.build-artifacts/DerivedData/g12-app/Build/Intermediates.noindex/BicTerm.build/Debug-iphonesimulator/BicTermTests.build/empty-BicTermTests.plist -producttype com.apple.product-type.bundle.unit-test -expandbuildsettings -format binary -platform iphonesimulator -scanforprivacyfile /Users/richard/code/BicTerm/.build-artifacts/DerivedData/g12-app/Build/Products/Debug-iphonesimulator/BicTerm.app/PlugIns/BicTermTests.xctest/SwiftTerm_SwiftTerm.bundle -scanforprivacyfile /Users/richard/code/BicTerm/.build-artifacts/DerivedData/g12-app/Build/Products/Debug-iphonesimulator/BicTerm.app/PlugIns/BicTermTests.xctest/swift-crypto_Crypto.bundle -scanforprivacyfile /Users/richard/code/BicTerm/.build-artifacts/DerivedData/g12-app/Build/Products/Debug-iphonesimulator/BicTerm.app/PlugIns/BicTermTests.xctest/swift-nio_NIOPosix.bundle -o /Users/richard/code/BicTerm/.build-artifacts/DerivedData/g12-app/Build/Products/Debug-iphonesimulator/BicTerm.app/PlugIns/BicTermTests.xctest/Info.plist

SwiftCompile normal arm64 Compiling\ CoderNativeStartAcceptanceTests.swift /Users/richard/code/BicTerm/BicTermTests/CoderNativeStartAcceptanceTests.swift (in target 'BicTermTests' from project 'BicTerm')

SwiftCompile normal arm64 /Users/richard/code/BicTerm/BicTermTests/CoderNativeStartAcceptanceTests.swift (in target 'BicTermTests' from project 'BicTerm')
    cd /Users/richard/code/BicTerm
    

SwiftEmitModule normal arm64 Emitting\ module\ for\ BicTermTests (in target 'BicTermTests' from project 'BicTerm')

EmitSwiftModule normal arm64 (in target 'BicTermTests' from project 'BicTerm')
    cd /Users/richard/code/BicTerm
    

SwiftCompile normal arm64 Compiling\ CoderNativeStartupPolicyTests.swift /Users/richard/code/BicTerm/BicTermTests/CoderNativeStartupPolicyTests.swift (in target 'BicTermTests' from project 'BicTerm')

SwiftCompile normal arm64 /Users/richard/code/BicTerm/BicTermTests/CoderNativeStartupPolicyTests.swift (in target 'BicTermTests' from project 'BicTerm')
    cd /Users/richard/code/BicTerm
    

SwiftCompile normal arm64 Compiling\ SessionSceneModelTests.swift /Users/richard/code/BicTerm/BicTermTests/SessionSceneModelTests.swift (in target 'BicTermTests' from project 'BicTerm')
SwiftCompile normal arm64 /Users/richard/code/BicTerm/BicTermTests/SessionSceneModelTests.swift (in target 'BicTermTests' from project 'BicTerm')
    cd /Users/richard/code/BicTerm
    

SwiftCompile normal arm64 Compiling\ TerminalViewCacheTests.swift /Users/richard/code/BicTerm/BicTermTests/TerminalViewCacheTests.swift (in target 'BicTermTests' from project 'BicTerm')

SwiftCompile normal arm64 /Users/richard/code/BicTerm/BicTermTests/TerminalViewCacheTests.swift (in target 'BicTermTests' from project 'BicTerm')
    cd /Users/richard/code/BicTerm
    

SwiftCompile normal arm64 Compiling\ CoderServersModelTests.swift /Users/richard/code/BicTerm/BicTermTests/CoderServersModelTests.swift (in target 'BicTermTests' from project 'BicTerm')

SwiftCompile normal arm64 /Users/richard/code/BicTerm/BicTermTests/CoderServersModelTests.swift (in target 'BicTermTests' from project 'BicTerm')
    cd /Users/richard/code/BicTerm
    

SwiftCompile normal arm64 Compiling\ HostTrustFlowTests.swift /Users/richard/code/BicTerm/BicTermTests/HostTrustFlowTests.swift (in target 'BicTermTests' from project 'BicTerm')

SwiftCompile normal arm64 /Users/richard/code/BicTerm/BicTermTests/HostTrustFlowTests.swift (in target 'BicTermTests' from project 'BicTerm')
    cd /Users/richard/code/BicTerm
    
/Users/richard/code/BicTerm/BicTermTests/HostTrustFlowTests.swift:50:9: warning: no calls to throwing functions occur within 'try' expression
        try store.saveSync(HostKeyRecord(
        ^
/Users/richard/code/BicTerm/BicTermTests/HostTrustFlowTests.swift:220:9: warning: no calls to throwing functions occur within 'try' expression
        try hostKeys.saveSync(HostKeyRecord(
        ^

SwiftCompile normal arm64 Compiling\ CoderStartPolicyTests.swift /Users/richard/code/BicTerm/BicTermTests/CoderStartPolicyTests.swift (in target 'BicTermTests' from project 'BicTerm')

SwiftCompile normal arm64 /Users/richard/code/BicTerm/BicTermTests/CoderStartPolicyTests.swift (in target 'BicTermTests' from project 'BicTerm')
    cd /Users/richard/code/BicTerm
    

SwiftCompile normal arm64 Compiling\ AgentApprovalFlowTests.swift /Users/richard/code/BicTerm/BicTermTests/AgentApprovalFlowTests.swift (in target 'BicTermTests' from project 'BicTerm')

SwiftCompile normal arm64 /Users/richard/code/BicTerm/BicTermTests/AgentApprovalFlowTests.swift (in target 'BicTermTests' from project 'BicTerm')
    cd /Users/richard/code/BicTerm
    

SwiftDriverJobDiscovery normal arm64 Compiling CoderStartPolicyTests.swift (in target 'BicTermTests' from project 'BicTerm')

SwiftDriverJobDiscovery normal arm64 Compiling TerminalViewCacheTests.swift (in target 'BicTermTests' from project 'BicTerm')

SwiftDriverJobDiscovery normal arm64 Compiling CoderNativeStartupPolicyTests.swift (in target 'BicTermTests' from project 'BicTerm')

SwiftDriverJobDiscovery normal arm64 Emitting module for BicTermTests (in target 'BicTermTests' from project 'BicTerm')

SwiftDriver\ Compilation\ Requirements BicTermTests normal arm64 com.apple.xcode.tools.swift.compiler (in target 'BicTermTests' from project 'BicTerm')
    cd /Users/richard/code/BicTerm
    builtin-Swift-Compilation-Requirements -- /Applications/Xcode.app/Contents/Developer/Toolchains/XcodeDefault.xctoolchain/usr/bin/swiftc -module-name BicTermTests -Onone @/Users/richard/code/BicTerm/.build-artifacts/DerivedData/g12-app/Build/Intermediates.noindex/BicTerm.build/Debug-iphonesimulator/BicTermTests.build/Objects-normal/arm64/BicTermTests.SwiftFileList -DDEBUG -DCODER_TUNNEL -Xcc -fmodule-map-file\=/Users/richard/code/BicTerm/.build-artifacts/DerivedData/g12-app/Build/Intermediates.noindex/GeneratedModuleMaps-iphonesimulator/CNIOPosix.modulemap -Xcc -fmodule-map-file\=/Users/richard/code/BicTerm/.build-artifacts/DerivedData/g12-app/Build/Intermediates.noindex/GeneratedModuleMaps-iphonesimulator/CNIOWASI.modulemap -Xcc -fmodule-map-file\=/Users/richard/code/BicTerm/.build-artifacts/DerivedData/g12-app/Build/Intermediates.noindex/GeneratedModuleMaps-iphonesimulator/CNIOFreeBSD.modulemap -Xcc -fmodule-map-file\=/Users/richard/code/BicTerm/.build-artifacts/DerivedData/g12-app/Build/Intermediates.noindex/GeneratedModuleMaps-iphonesimulator/CNIOAtomics.modulemap -Xcc -fmodule-map-file\=/Users/richard/code/BicTerm/.build-artifacts/DerivedData/g12-app/Build/Intermediates.noindex/GeneratedModuleMaps-iphonesimulator/CNIODarwin.modulemap -Xcc -fmodule-map-file\=/Users/richard/code/BicTerm/.build-artifacts/DerivedData/g12-app/Build/Intermediates.noindex/GeneratedModuleMaps-iphonesimulator/CNIOLinux.modulemap -Xcc -fmodule-map-file\=/Users/richard/code/BicTerm/.build-artifacts/DerivedData/g12-app/Build/Intermediates.noindex/GeneratedModuleMaps-iphonesimulator/CNIOOpenBSD.modulemap -Xcc -fmodule-map-file\=/Users/richard/code/BicTerm/.build-artifacts/DerivedData/g12-app/Build/Intermediates.noindex/GeneratedModuleMaps-iphonesimulator/CBcryptPBKDF.modulemap -plugin-path /Applications/Xcode.app/Contents/Developer/Toolchains/XcodeDefault.xctoolchain/usr/lib/swift/host/plugins/testing -enable-experimental-feature DebugDescriptionMacro -sdk /Applications/Xcode.app/Contents/Developer/Platforms/iPhoneSimulator.platform/Developer/SDKs/iPhoneSimulator26.5.sdk -target arm64-apple-ios18.0-simulator -g -module-cache-path /Users/richard/code/BicTerm/.build-artifacts/DerivedData/g12-app/ModuleCache.noindex -Xfrontend -serialize-debugging-options -enable-testing -index-store-path /Users/richard/code/BicTerm/.build-artifacts/DerivedData/g12-app/Index.noindex/DataStore -Xcc -D_LIBCPP_HARDENING_MODE\=_LIBCPP_HARDENING_MODE_DEBUG -swift-version 6 -I /Users/richard/code/BicTerm/.build-artifacts/DerivedData/g12-app/Build/Products/Debug-iphonesimulator -Isystem /Applications/Xcode.app/Contents/Developer/Platforms/iPhoneSimulator.platform/Developer/usr/lib -F /Users/richard/code/BicTerm/.build-artifacts/DerivedData/g12-app/Build/Products/Debug-iphonesimulator/PackageFrameworks -F /Users/richard/code/BicTerm/.build-artifacts/DerivedData/g12-app/Build/Products/Debug-iphonesimulator/PackageFrameworks -F /Users/richard/code/BicTerm/.build-artifacts/DerivedData/g12-app/Build/Products/Debug-iphonesimulator/PackageFrameworks -F /Users/richard/code/BicTerm/.build-artifacts/DerivedData/g12-app/Build/Products/Debug-iphonesimulator/PackageFrameworks -F /Users/richard/code/BicTerm/.build-artifacts/DerivedData/g12-app/Build/Products/Debug-iphonesimulator/PackageFrameworks -F /Users/richard/code/BicTerm/.build-artifacts/DerivedData/g12-app/Build/Products/Debug-iphonesimulator/PackageFrameworks -F /Users/richard/code/BicTerm/.build-artifacts/DerivedData/g12-app/Build/Products/Debug-iphonesimulator/PackageFrameworks -F /Users/richard/code/BicTerm/.build-artifacts/DerivedData/g12-app/Build/Products/Debug-iphonesimulator/PackageFrameworks -F /Users/richard/code/BicTerm/.build-artifacts/DerivedData/g12-app/Build/Products/Debug-iphonesimulator/PackageFrameworks -F /Users/richard/code/BicTerm/.build-artifacts/DerivedData/g12-app/Build/Products/Debug-iphonesimulator/PackageFrameworks -F /Users/richard/code/BicTerm/.build-artifacts/DerivedData/g12-app/Build/Products/Debug-iphonesimulator/PackageFrameworks -F /Users/richard/code/BicTerm/.build-artifacts/DerivedData/g12-app/Build/Products/Debug-iphonesimulator/PackageFrameworks -F /Users/richard/code/BicTerm/.build-artifacts/DerivedData/g12-app/Build/Products/Debug-iphonesimulator/PackageFrameworks -F /Users/richard/code/BicTerm/.build-artifacts/DerivedData/g12-app/Build/Products/Debug-iphonesimulator/PackageFrameworks -F /Users/richard/code/BicTerm/.build-artifacts/DerivedData/g12-app/Build/Products/Debug-iphonesimulator/PackageFrameworks -F /Users/richard/code/BicTerm/.build-artifacts/DerivedData/g12-app/Build/Products/Debug-iphonesimulator/PackageFrameworks -F /Users/richard/code/BicTerm/.build-artifacts/DerivedData/g12-app/Build/Products/Debug-iphonesimulator/PackageFrameworks -F /Users/richard/code/BicTerm/.build-artifacts/DerivedData/g12-app/Build/Products/Debug-iphonesimulator/PackageFrameworks -F /Users/richard/code/BicTerm/.build-artifacts/DerivedData/g12-app/Build/Products/Debug-iphonesimulator/PackageFrameworks -F /Users/richard/code/BicTerm/.build-artifacts/DerivedData/g12-app/Build/Products/Debug-iphonesimulator/PackageFrameworks -F /Users/richard/code/BicTerm/.build-artifacts/DerivedData/g12-app/Build/Products/Debug-iphonesimulator/PackageFrameworks -F /Users/richard/code/BicTerm/.build-artifacts/DerivedData/g12-app/Build/Products/Debug-iphonesimulator/PackageFrameworks -F /Users/richard/code/BicTerm/.build-artifacts/DerivedData/g12-app/Build/Products/Debug-iphonesimulator/PackageFrameworks -F /Users/richard/code/BicTerm/.build-artifacts/DerivedData/g12-app/Build/Products/Debug-iphonesimulator/PackageFrameworks -F /Users/richard/code/BicTerm/.build-artifacts/DerivedData/g12-app/Build/Products/Debug-iphonesimulator/PackageFrameworks -F /Users/richard/code/BicTerm/.build-artifacts/DerivedData/g12-app/Build/Products/Debug-iphonesimulator/PackageFrameworks -F /Users/richard/code/BicTerm/.build-artifacts/DerivedData/g12-app/Build/Products/Debug-iphonesimulator/PackageFrameworks -F /Users/richard/code/BicTerm/.build-artifacts/DerivedData/g12-app/Build/Products/Debug-iphonesimulator -F /Applications/Xcode.app/Contents/Developer/Platforms/iPhoneSimulator.platform/Developer/Library/Frameworks -F /Applications/Xcode.app/Contents/Developer/Platforms/iPhoneSimulator.platform/Developer/SDKs/iPhoneSimulator26.5.sdk/Developer/Library/Frameworks -c -j20 -enable-batch-mode -incremental -Xcc -ivfsstatcache -Xcc /Users/richard/code/BicTerm/.build-artifacts/DerivedData/g12-app/SDKStatCaches.noindex/iphonesimulator26.5-23F81a-688ef53f1462e2c8f657fdc38a81448f6cfe768891a92b912361537c460fe42b.sdkstatcache -output-file-map /Users/richard/code/BicTerm/.build-artifacts/DerivedData/g12-app/Build/Intermediates.noindex/BicTerm.build/Debug-iphonesimulator/BicTermTests.build/Objects-normal/arm64/BicTermTests-OutputFileMap.json -use-frontend-parseable-output -save-temps -no-color-diagnostics -explicit-module-build -module-cache-path /Users/richard/code/BicTerm/.build-artifacts/DerivedData/g12-app/Build/Intermediates.noindex/SwiftExplicitPrecompiledModules -clang-scanner-module-cache-path /Users/richard/code/BicTerm/.build-artifacts/DerivedData/g12-app/ModuleCache.noindex -sdk-module-cache-path /Users/richard/code/BicTerm/.build-artifacts/DerivedData/g12-app/ModuleCache.noindex -serialize-diagnostics -emit-dependencies -emit-module -emit-module-path /Users/richard/code/BicTerm/.build-artifacts/DerivedData/g12-app/Build/Intermediates.noindex/BicTerm.build/Debug-iphonesimulator/BicTermTests.build/Objects-normal/arm64/BicTermTests.swiftmodule -validate-clang-modules-once -clang-build-session-file /Users/richard/code/BicTerm/.build-artifacts/DerivedData/g12-app/ModuleCache.noindex/Session.modulevalidation -Xcc -I/Users/richard/code/BicTerm/.build-artifacts/DerivedData/g12-app/Build/Intermediates.noindex/BicTerm.build/Debug-iphonesimulator/BicTermTests.build/swift-overrides.hmap -emit-const-values -Xfrontend -const-gather-protocols-file -Xfrontend /Users/richard/code/BicTerm/.build-artifacts/DerivedData/g12-app/Build/Intermediates.noindex/BicTerm.build/Debug-iphonesimulator/BicTermTests.build/Objects-normal/arm64/BicTermTests_const_extract_protocols.json -Xcc -iquote -Xcc /Users/richard/code/BicTerm/.build-artifacts/DerivedData/g12-app/Build/Intermediates.noindex/BicTerm.build/Debug-iphonesimulator/BicTermTests.build/BicTermTests-generated-files.hmap -Xcc -I/Users/richard/code/BicTerm/.build-artifacts/DerivedData/g12-app/Build/Intermediates.noindex/BicTerm.build/Debug-iphonesimulator/BicTermTests.build/BicTermTests-own-target-headers.hmap -Xcc -I/Users/richard/code/BicTerm/.build-artifacts/DerivedData/g12-app/Build/Intermediates.noindex/BicTerm.build/Debug-iphonesimulator/BicTermTests.build/BicTermTests-all-non-framework-target-headers.hmap -Xcc -ivfsoverlay -Xcc /Users/richard/code/BicTerm/.build-artifacts/DerivedData/g12-app/Build/Intermediates.noindex/BicTerm.build/Debug-iphonesimulator/BicTerm-016255f037ae87c93052aa8a3749f82d-VFS-iphonesimulator/all-product-headers.yaml -Xcc -iquote -Xcc /Users/richard/code/BicTerm/.build-artifacts/DerivedData/g12-app/Build/Intermediates.noindex/BicTerm.build/Debug-iphonesimulator/BicTermTests.build/BicTermTests-project-headers.hmap -Xcc -I/Users/richard/code/BicTerm/.build-artifacts/DerivedData/g12-app/SourcePackages/checkouts/swift-atomics/Sources/_AtomicsShims/include -Xcc -I/Users/richard/code/BicTerm/.build-artifacts/DerivedData/g12-app/SourcePackages/checkouts/swift-nio/Sources/CNIOPosix/include -Xcc -I/Users/richard/code/BicTerm/.build-artifacts/DerivedData/g12-app/SourcePackages/checkouts/swift-nio/Sources/CNIOWASI/include -Xcc -I/Users/richard/code/BicTerm/.build-artifacts/DerivedData/g12-app/SourcePackages/checkouts/swift-nio/Sources/CNIOFreeBSD/include -Xcc -I/Users/richard/code/BicTerm/.build-artifacts/DerivedData/g12-app/SourcePackages/checkouts/swift-nio/Sources/CNIOAtomics/include -Xcc -I/Users/richard/code/BicTerm/.build-artifacts/DerivedData/g12-app/SourcePackages/checkouts/swift-nio/Sources/CNIOWindows/include -Xcc -I/Users/richard/code/BicTerm/.build-artifacts/DerivedData/g12-app/SourcePackages/checkouts/swift-nio/Sources/CNIODarwin/include -Xcc -I/Users/richard/code/BicTerm/.build-artifacts/DerivedData/g12-app/SourcePackages/checkouts/swift-nio/Sources/CNIOLinux/include -Xcc -I/Users/richard/code/BicTerm/.build-artifacts/DerivedData/g12-app/SourcePackages/checkouts/swift-nio/Sources/CNIOOpenBSD/include -Xcc -I/Users/richard/code/BicTerm/BicTermCore/Sources/CBcryptPBKDF/include -Xcc -I/Users/richard/code/BicTerm/.build-artifacts/DerivedData/g12-app/Build/Products/Debug-iphonesimulator/include -Xcc -I/Users/richard/code/BicTerm/.build-artifacts/DerivedData/g12-app/Build/Intermediates.noindex/BicTerm.build/Debug-iphonesimulator/BicTermTests.build/DerivedSources-normal/arm64 -Xcc -I/Users/richard/code/BicTerm/.build-artifacts/DerivedData/g12-app/Build/Intermediates.noindex/BicTerm.build/Debug-iphonesimulator/BicTermTests.build/DerivedSources/arm64 -Xcc -I/Users/richard/code/BicTerm/.build-artifacts/DerivedData/g12-app/Build/Intermediates.noindex/BicTerm.build/Debug-iphonesimulator/BicTermTests.build/DerivedSources -Xcc -DDEBUG\=1 -emit-objc-header -emit-objc-header-path /Users/richard/code/BicTerm/.build-artifacts/DerivedData/g12-app/Build/Intermediates.noindex/BicTerm.build/Debug-iphonesimulator/BicTermTests.build/Objects-normal/arm64/BicTermTests-Swift.h -working-directory /Users/richard/code/BicTerm -experimental-emit-module-separately -disable-cmo

SwiftDriverJobDiscovery normal arm64 Compiling AgentApprovalFlowTests.swift (in target 'BicTermTests' from project 'BicTerm')

Copy /Users/richard/code/BicTerm/.build-artifacts/DerivedData/g12-app/Build/Products/Debug-iphonesimulator/BicTermTests.swiftmodule/Project/arm64-apple-ios-simulator.swiftsourceinfo /Users/richard/code/BicTerm/.build-artifacts/DerivedData/g12-app/Build/Intermediates.noindex/BicTerm.build/Debug-iphonesimulator/BicTermTests.build/Objects-normal/arm64/BicTermTests.swiftsourceinfo (in target 'BicTermTests' from project 'BicTerm')
    cd /Users/richard/code/BicTerm
    builtin-copy -exclude .DS_Store -exclude CVS -exclude .svn -exclude .git -exclude .hg -resolve-src-symlinks -rename /Users/richard/code/BicTerm/.build-artifacts/DerivedData/g12-app/Build/Intermediates.noindex/BicTerm.build/Debug-iphonesimulator/BicTermTests.build/Objects-normal/arm64/BicTermTests.swiftsourceinfo /Users/richard/code/BicTerm/.build-artifacts/DerivedData/g12-app/Build/Products/Debug-iphonesimulator/BicTermTests.swiftmodule/Project/arm64-apple-ios-simulator.swiftsourceinfo

Copy /Users/richard/code/BicTerm/.build-artifacts/DerivedData/g12-app/Build/Products/Debug-iphonesimulator/BicTermTests.swiftmodule/arm64-apple-ios-simulator.abi.json /Users/richard/code/BicTerm/.build-artifacts/DerivedData/g12-app/Build/Intermediates.noindex/BicTerm.build/Debug-iphonesimulator/BicTermTests.build/Objects-normal/arm64/BicTermTests.abi.json (in target 'BicTermTests' from project 'BicTerm')
    cd /Users/richard/code/BicTerm
    builtin-copy -exclude .DS_Store -exclude CVS -exclude .svn -exclude .git -exclude .hg -resolve-src-symlinks -rename /Users/richard/code/BicTerm/.build-artifacts/DerivedData/g12-app/Build/Intermediates.noindex/BicTerm.build/Debug-iphonesimulator/BicTermTests.build/Objects-normal/arm64/BicTermTests.abi.json /Users/richard/code/BicTerm/.build-artifacts/DerivedData/g12-app/Build/Products/Debug-iphonesimulator/BicTermTests.swiftmodule/arm64-apple-ios-simulator.abi.json

Copy /Users/richard/code/BicTerm/.build-artifacts/DerivedData/g12-app/Build/Products/Debug-iphonesimulator/BicTermTests.swiftmodule/arm64-apple-ios-simulator.swiftmodule /Users/richard/code/BicTerm/.build-artifacts/DerivedData/g12-app/Build/Intermediates.noindex/BicTerm.build/Debug-iphonesimulator/BicTermTests.build/Objects-normal/arm64/BicTermTests.swiftmodule (in target 'BicTermTests' from project 'BicTerm')
    cd /Users/richard/code/BicTerm
    builtin-copy -exclude .DS_Store -exclude CVS -exclude .svn -exclude .git -exclude .hg -resolve-src-symlinks -rename /Users/richard/code/BicTerm/.build-artifacts/DerivedData/g12-app/Build/Intermediates.noindex/BicTerm.build/Debug-iphonesimulator/BicTermTests.build/Objects-normal/arm64/BicTermTests.swiftmodule /Users/richard/code/BicTerm/.build-artifacts/DerivedData/g12-app/Build/Products/Debug-iphonesimulator/BicTermTests.swiftmodule/arm64-apple-ios-simulator.swiftmodule

SwiftDriverJobDiscovery normal arm64 Compiling CoderNativeStartAcceptanceTests.swift (in target 'BicTermTests' from project 'BicTerm')

SwiftDriverJobDiscovery normal arm64 Compiling HostTrustFlowTests.swift (in target 'BicTermTests' from project 'BicTerm')

SwiftDriverJobDiscovery normal arm64 Compiling CoderServersModelTests.swift (in target 'BicTermTests' from project 'BicTerm')

SwiftDriverJobDiscovery normal arm64 Compiling SessionSceneModelTests.swift (in target 'BicTermTests' from project 'BicTerm')

SwiftDriver\ Compilation BicTermTests normal arm64 com.apple.xcode.tools.swift.compiler (in target 'BicTermTests' from project 'BicTerm')
    cd /Users/richard/code/BicTerm
    builtin-Swift-Compilation -- /Applications/Xcode.app/Contents/Developer/Toolchains/XcodeDefault.xctoolchain/usr/bin/swiftc -module-name BicTermTests -Onone @/Users/richard/code/BicTerm/.build-artifacts/DerivedData/g12-app/Build/Intermediates.noindex/BicTerm.build/Debug-iphonesimulator/BicTermTests.build/Objects-normal/arm64/BicTermTests.SwiftFileList -DDEBUG -DCODER_TUNNEL -Xcc -fmodule-map-file\=/Users/richard/code/BicTerm/.build-artifacts/DerivedData/g12-app/Build/Intermediates.noindex/GeneratedModuleMaps-iphonesimulator/CNIOPosix.modulemap -Xcc -fmodule-map-file\=/Users/richard/code/BicTerm/.build-artifacts/DerivedData/g12-app/Build/Intermediates.noindex/GeneratedModuleMaps-iphonesimulator/CNIOWASI.modulemap -Xcc -fmodule-map-file\=/Users/richard/code/BicTerm/.build-artifacts/DerivedData/g12-app/Build/Intermediates.noindex/GeneratedModuleMaps-iphonesimulator/CNIOFreeBSD.modulemap -Xcc -fmodule-map-file\=/Users/richard/code/BicTerm/.build-artifacts/DerivedData/g12-app/Build/Intermediates.noindex/GeneratedModuleMaps-iphonesimulator/CNIOAtomics.modulemap -Xcc -fmodule-map-file\=/Users/richard/code/BicTerm/.build-artifacts/DerivedData/g12-app/Build/Intermediates.noindex/GeneratedModuleMaps-iphonesimulator/CNIODarwin.modulemap -Xcc -fmodule-map-file\=/Users/richard/code/BicTerm/.build-artifacts/DerivedData/g12-app/Build/Intermediates.noindex/GeneratedModuleMaps-iphonesimulator/CNIOLinux.modulemap -Xcc -fmodule-map-file\=/Users/richard/code/BicTerm/.build-artifacts/DerivedData/g12-app/Build/Intermediates.noindex/GeneratedModuleMaps-iphonesimulator/CNIOOpenBSD.modulemap -Xcc -fmodule-map-file\=/Users/richard/code/BicTerm/.build-artifacts/DerivedData/g12-app/Build/Intermediates.noindex/GeneratedModuleMaps-iphonesimulator/CBcryptPBKDF.modulemap -plugin-path /Applications/Xcode.app/Contents/Developer/Toolchains/XcodeDefault.xctoolchain/usr/lib/swift/host/plugins/testing -enable-experimental-feature DebugDescriptionMacro -sdk /Applications/Xcode.app/Contents/Developer/Platforms/iPhoneSimulator.platform/Developer/SDKs/iPhoneSimulator26.5.sdk -target arm64-apple-ios18.0-simulator -g -module-cache-path /Users/richard/code/BicTerm/.build-artifacts/DerivedData/g12-app/ModuleCache.noindex -Xfrontend -serialize-debugging-options -enable-testing -index-store-path /Users/richard/code/BicTerm/.build-artifacts/DerivedData/g12-app/Index.noindex/DataStore -Xcc -D_LIBCPP_HARDENING_MODE\=_LIBCPP_HARDENING_MODE_DEBUG -swift-version 6 -I /Users/richard/code/BicTerm/.build-artifacts/DerivedData/g12-app/Build/Products/Debug-iphonesimulator -Isystem /Applications/Xcode.app/Contents/Developer/Platforms/iPhoneSimulator.platform/Developer/usr/lib -F /Users/richard/code/BicTerm/.build-artifacts/DerivedData/g12-app/Build/Products/Debug-iphonesimulator/PackageFrameworks -F /Users/richard/code/BicTerm/.build-artifacts/DerivedData/g12-app/Build/Products/Debug-iphonesimulator/PackageFrameworks -F /Users/richard/code/BicTerm/.build-artifacts/DerivedData/g12-app/Build/Products/Debug-iphonesimulator/PackageFrameworks -F /Users/richard/code/BicTerm/.build-artifacts/DerivedData/g12-app/Build/Products/Debug-iphonesimulator/PackageFrameworks -F /Users/richard/code/BicTerm/.build-artifacts/DerivedData/g12-app/Build/Products/Debug-iphonesimulator/PackageFrameworks -F /Users/richard/code/BicTerm/.build-artifacts/DerivedData/g12-app/Build/Products/Debug-iphonesimulator/PackageFrameworks -F /Users/richard/code/BicTerm/.build-artifacts/DerivedData/g12-app/Build/Products/Debug-iphonesimulator/PackageFrameworks -F /Users/richard/code/BicTerm/.build-artifacts/DerivedData/g12-app/Build/Products/Debug-iphonesimulator/PackageFrameworks -F /Users/richard/code/BicTerm/.build-artifacts/DerivedData/g12-app/Build/Products/Debug-iphonesimulator/PackageFrameworks -F /Users/richard/code/BicTerm/.build-artifacts/DerivedData/g12-app/Build/Products/Debug-iphonesimulator/PackageFrameworks -F /Users/richard/code/BicTerm/.build-artifacts/DerivedData/g12-app/Build/Products/Debug-iphonesimulator/PackageFrameworks -F /Users/richard/code/BicTerm/.build-artifacts/DerivedData/g12-app/Build/Products/Debug-iphonesimulator/PackageFrameworks -F /Users/richard/code/BicTerm/.build-artifacts/DerivedData/g12-app/Build/Products/Debug-iphonesimulator/PackageFrameworks -F /Users/richard/code/BicTerm/.build-artifacts/DerivedData/g12-app/Build/Products/Debug-iphonesimulator/PackageFrameworks -F /Users/richard/code/BicTerm/.build-artifacts/DerivedData/g12-app/Build/Products/Debug-iphonesimulator/PackageFrameworks -F /Users/richard/code/BicTerm/.build-artifacts/DerivedData/g12-app/Build/Products/Debug-iphonesimulator/PackageFrameworks -F /Users/richard/code/BicTerm/.build-artifacts/DerivedData/g12-app/Build/Products/Debug-iphonesimulator/PackageFrameworks -F /Users/richard/code/BicTerm/.build-artifacts/DerivedData/g12-app/Build/Products/Debug-iphonesimulator/PackageFrameworks -F /Users/richard/code/BicTerm/.build-artifacts/DerivedData/g12-app/Build/Products/Debug-iphonesimulator/PackageFrameworks -F /Users/richard/code/BicTerm/.build-artifacts/DerivedData/g12-app/Build/Products/Debug-iphonesimulator/PackageFrameworks -F /Users/richard/code/BicTerm/.build-artifacts/DerivedData/g12-app/Build/Products/Debug-iphonesimulator/PackageFrameworks -F /Users/richard/code/BicTerm/.build-artifacts/DerivedData/g12-app/Build/Products/Debug-iphonesimulator/PackageFrameworks -F /Users/richard/code/BicTerm/.build-artifacts/DerivedData/g12-app/Build/Products/Debug-iphonesimulator/PackageFrameworks -F /Users/richard/code/BicTerm/.build-artifacts/DerivedData/g12-app/Build/Products/Debug-iphonesimulator/PackageFrameworks -F /Users/richard/code/BicTerm/.build-artifacts/DerivedData/g12-app/Build/Products/Debug-iphonesimulator/PackageFrameworks -F /Users/richard/code/BicTerm/.build-artifacts/DerivedData/g12-app/Build/Products/Debug-iphonesimulator/PackageFrameworks -F /Users/richard/code/BicTerm/.build-artifacts/DerivedData/g12-app/Build/Products/Debug-iphonesimulator/PackageFrameworks -F /Users/richard/code/BicTerm/.build-artifacts/DerivedData/g12-app/Build/Products/Debug-iphonesimulator -F /Applications/Xcode.app/Contents/Developer/Platforms/iPhoneSimulator.platform/Developer/Library/Frameworks -F /Applications/Xcode.app/Contents/Developer/Platforms/iPhoneSimulator.platform/Developer/SDKs/iPhoneSimulator26.5.sdk/Developer/Library/Frameworks -c -j20 -enable-batch-mode -incremental -Xcc -ivfsstatcache -Xcc /Users/richard/code/BicTerm/.build-artifacts/DerivedData/g12-app/SDKStatCaches.noindex/iphonesimulator26.5-23F81a-688ef53f1462e2c8f657fdc38a81448f6cfe768891a92b912361537c460fe42b.sdkstatcache -output-file-map /Users/richard/code/BicTerm/.build-artifacts/DerivedData/g12-app/Build/Intermediates.noindex/BicTerm.build/Debug-iphonesimulator/BicTermTests.build/Objects-normal/arm64/BicTermTests-OutputFileMap.json -use-frontend-parseable-output -save-temps -no-color-diagnostics -explicit-module-build -module-cache-path /Users/richard/code/BicTerm/.build-artifacts/DerivedData/g12-app/Build/Intermediates.noindex/SwiftExplicitPrecompiledModules -clang-scanner-module-cache-path /Users/richard/code/BicTerm/.build-artifacts/DerivedData/g12-app/ModuleCache.noindex -sdk-module-cache-path /Users/richard/code/BicTerm/.build-artifacts/DerivedData/g12-app/ModuleCache.noindex -serialize-diagnostics -emit-dependencies -emit-module -emit-module-path /Users/richard/code/BicTerm/.build-artifacts/DerivedData/g12-app/Build/Intermediates.noindex/BicTerm.build/Debug-iphonesimulator/BicTermTests.build/Objects-normal/arm64/BicTermTests.swiftmodule -validate-clang-modules-once -clang-build-session-file /Users/richard/code/BicTerm/.build-artifacts/DerivedData/g12-app/ModuleCache.noindex/Session.modulevalidation -Xcc -I/Users/richard/code/BicTerm/.build-artifacts/DerivedData/g12-app/Build/Intermediates.noindex/BicTerm.build/Debug-iphonesimulator/BicTermTests.build/swift-overrides.hmap -emit-const-values -Xfrontend -const-gather-protocols-file -Xfrontend /Users/richard/code/BicTerm/.build-artifacts/DerivedData/g12-app/Build/Intermediates.noindex/BicTerm.build/Debug-iphonesimulator/BicTermTests.build/Objects-normal/arm64/BicTermTests_const_extract_protocols.json -Xcc -iquote -Xcc /Users/richard/code/BicTerm/.build-artifacts/DerivedData/g12-app/Build/Intermediates.noindex/BicTerm.build/Debug-iphonesimulator/BicTermTests.build/BicTermTests-generated-files.hmap -Xcc -I/Users/richard/code/BicTerm/.build-artifacts/DerivedData/g12-app/Build/Intermediates.noindex/BicTerm.build/Debug-iphonesimulator/BicTermTests.build/BicTermTests-own-target-headers.hmap -Xcc -I/Users/richard/code/BicTerm/.build-artifacts/DerivedData/g12-app/Build/Intermediates.noindex/BicTerm.build/Debug-iphonesimulator/BicTermTests.build/BicTermTests-all-non-framework-target-headers.hmap -Xcc -ivfsoverlay -Xcc /Users/richard/code/BicTerm/.build-artifacts/DerivedData/g12-app/Build/Intermediates.noindex/BicTerm.build/Debug-iphonesimulator/BicTerm-016255f037ae87c93052aa8a3749f82d-VFS-iphonesimulator/all-product-headers.yaml -Xcc -iquote -Xcc /Users/richard/code/BicTerm/.build-artifacts/DerivedData/g12-app/Build/Intermediates.noindex/BicTerm.build/Debug-iphonesimulator/BicTermTests.build/BicTermTests-project-headers.hmap -Xcc -I/Users/richard/code/BicTerm/.build-artifacts/DerivedData/g12-app/SourcePackages/checkouts/swift-atomics/Sources/_AtomicsShims/include -Xcc -I/Users/richard/code/BicTerm/.build-artifacts/DerivedData/g12-app/SourcePackages/checkouts/swift-nio/Sources/CNIOPosix/include -Xcc -I/Users/richard/code/BicTerm/.build-artifacts/DerivedData/g12-app/SourcePackages/checkouts/swift-nio/Sources/CNIOWASI/include -Xcc -I/Users/richard/code/BicTerm/.build-artifacts/DerivedData/g12-app/SourcePackages/checkouts/swift-nio/Sources/CNIOFreeBSD/include -Xcc -I/Users/richard/code/BicTerm/.build-artifacts/DerivedData/g12-app/SourcePackages/checkouts/swift-nio/Sources/CNIOAtomics/include -Xcc -I/Users/richard/code/BicTerm/.build-artifacts/DerivedData/g12-app/SourcePackages/checkouts/swift-nio/Sources/CNIOWindows/include -Xcc -I/Users/richard/code/BicTerm/.build-artifacts/DerivedData/g12-app/SourcePackages/checkouts/swift-nio/Sources/CNIODarwin/include -Xcc -I/Users/richard/code/BicTerm/.build-artifacts/DerivedData/g12-app/SourcePackages/checkouts/swift-nio/Sources/CNIOLinux/include -Xcc -I/Users/richard/code/BicTerm/.build-artifacts/DerivedData/g12-app/SourcePackages/checkouts/swift-nio/Sources/CNIOOpenBSD/include -Xcc -I/Users/richard/code/BicTerm/BicTermCore/Sources/CBcryptPBKDF/include -Xcc -I/Users/richard/code/BicTerm/.build-artifacts/DerivedData/g12-app/Build/Products/Debug-iphonesimulator/include -Xcc -I/Users/richard/code/BicTerm/.build-artifacts/DerivedData/g12-app/Build/Intermediates.noindex/BicTerm.build/Debug-iphonesimulator/BicTermTests.build/DerivedSources-normal/arm64 -Xcc -I/Users/richard/code/BicTerm/.build-artifacts/DerivedData/g12-app/Build/Intermediates.noindex/BicTerm.build/Debug-iphonesimulator/BicTermTests.build/DerivedSources/arm64 -Xcc -I/Users/richard/code/BicTerm/.build-artifacts/DerivedData/g12-app/Build/Intermediates.noindex/BicTerm.build/Debug-iphonesimulator/BicTermTests.build/DerivedSources -Xcc -DDEBUG\=1 -emit-objc-header -emit-objc-header-path /Users/richard/code/BicTerm/.build-artifacts/DerivedData/g12-app/Build/Intermediates.noindex/BicTerm.build/Debug-iphonesimulator/BicTermTests.build/Objects-normal/arm64/BicTermTests-Swift.h -working-directory /Users/richard/code/BicTerm -experimental-emit-module-separately -disable-cmo

Ld /Users/richard/code/BicTerm/.build-artifacts/DerivedData/g12-app/Build/Products/Debug-iphonesimulator/BicTerm.app/PlugIns/BicTermTests.xctest/BicTermTests normal (in target 'BicTermTests' from project 'BicTerm')
    cd /Users/richard/code/BicTerm
    /Applications/Xcode.app/Contents/Developer/Toolchains/XcodeDefault.xctoolchain/usr/bin/clang -Xlinker -reproducible -target arm64-apple-ios18.0-simulator -bundle -isysroot /Applications/Xcode.app/Contents/Developer/Platforms/iPhoneSimulator.platform/Developer/SDKs/iPhoneSimulator26.5.sdk -O0 -L/Users/richard/code/BicTerm/.build-artifacts/DerivedData/g12-app/Build/Intermediates.noindex/EagerLinkingTBDs/Debug-iphonesimulator -L/Users/richard/code/BicTerm/.build-artifacts/DerivedData/g12-app/Build/Products/Debug-iphonesimulator -L/Applications/Xcode.app/Contents/Developer/Platforms/iPhoneSimulator.platform/Developer/usr/lib -F/Users/richard/code/BicTerm/.build-artifacts/DerivedData/g12-app/Build/Intermediates.noindex/EagerLinkingTBDs/Debug-iphonesimulator -F/Users/richard/code/BicTerm/.build-artifacts/DerivedData/g12-app/Build/Products/Debug-iphonesimulator/PackageFrameworks -F/Users/richard/code/BicTerm/.build-artifacts/DerivedData/g12-app/Build/Products/Debug-iphonesimulator/PackageFrameworks -F/Users/richard/code/BicTerm/.build-artifacts/DerivedData/g12-app/Build/Products/Debug-iphonesimulator/PackageFrameworks -F/Users/richard/code/BicTerm/.build-artifacts/DerivedData/g12-app/Build/Products/Debug-iphonesimulator/PackageFrameworks -F/Users/richard/code/BicTerm/.build-artifacts/DerivedData/g12-app/Build/Products/Debug-iphonesimulator/PackageFrameworks -F/Users/richard/code/BicTerm/.build-artifacts/DerivedData/g12-app/Build/Products/Debug-iphonesimulator/PackageFrameworks -F/Users/richard/code/BicTerm/.build-artifacts/DerivedData/g12-app/Build/Products/Debug-iphonesimulator/PackageFrameworks -F/Users/richard/code/BicTerm/.build-artifacts/DerivedData/g12-app/Build/Products/Debug-iphonesimulator/PackageFrameworks -F/Users/richard/code/BicTerm/.build-artifacts/DerivedData/g12-app/Build/Products/Debug-iphonesimulator/PackageFrameworks -F/Users/richard/code/BicTerm/.build-artifacts/DerivedData/g12-app/Build/Products/Debug-iphonesimulator/PackageFrameworks -F/Users/richard/code/BicTerm/.build-artifacts/DerivedData/g12-app/Build/Products/Debug-iphonesimulator/PackageFrameworks -F/Users/richard/code/BicTerm/.build-artifacts/DerivedData/g12-app/Build/Products/Debug-iphonesimulator/PackageFrameworks -F/Users/richard/code/BicTerm/.build-artifacts/DerivedData/g12-app/Build/Products/Debug-iphonesimulator/PackageFrameworks -F/Users/richard/code/BicTerm/.build-artifacts/DerivedData/g12-app/Build/Products/Debug-iphonesimulator/PackageFrameworks -F/Users/richard/code/BicTerm/.build-artifacts/DerivedData/g12-app/Build/Products/Debug-iphonesimulator/PackageFrameworks -F/Users/richard/code/BicTerm/.build-artifacts/DerivedData/g12-app/Build/Products/Debug-iphonesimulator/PackageFrameworks -F/Users/richard/code/BicTerm/.build-artifacts/DerivedData/g12-app/Build/Products/Debug-iphonesimulator/PackageFrameworks -F/Users/richard/code/BicTerm/.build-artifacts/DerivedData/g12-app/Build/Products/Debug-iphonesimulator/PackageFrameworks -F/Users/richard/code/BicTerm/.build-artifacts/DerivedData/g12-app/Build/Products/Debug-iphonesimulator/PackageFrameworks -F/Users/richard/code/BicTerm/.build-artifacts/DerivedData/g12-app/Build/Products/Debug-iphonesimulator/PackageFrameworks -F/Users/richard/code/BicTerm/.build-artifacts/DerivedData/g12-app/Build/Products/Debug-iphonesimulator/PackageFrameworks -F/Users/richard/code/BicTerm/.build-artifacts/DerivedData/g12-app/Build/Products/Debug-iphonesimulator/PackageFrameworks -F/Users/richard/code/BicTerm/.build-artifacts/DerivedData/g12-app/Build/Products/Debug-iphonesimulator/PackageFrameworks -F/Users/richard/code/BicTerm/.build-artifacts/DerivedData/g12-app/Build/Products/Debug-iphonesimulator/PackageFrameworks -F/Users/richard/code/BicTerm/.build-artifacts/DerivedData/g12-app/Build/Products/Debug-iphonesimulator/PackageFrameworks -F/Users/richard/code/BicTerm/.build-artifacts/DerivedData/g12-app/Build/Products/Debug-iphonesimulator/PackageFrameworks -F/Users/richard/code/BicTerm/.build-artifacts/DerivedData/g12-app/Build/Products/Debug-iphonesimulator/PackageFrameworks -F/Users/richard/code/BicTerm/.build-artifacts/DerivedData/g12-app/Build/Products/Debug-iphonesimulator -iframework /Applications/Xcode.app/Contents/Developer/Platforms/iPhoneSimulator.platform/Developer/Library/Frameworks -iframework /Applications/Xcode.app/Contents/Developer/Platforms/iPhoneSimulator.platform/Developer/SDKs/iPhoneSimulator26.5.sdk/Developer/Library/Frameworks -filelist /Users/richard/code/BicTerm/.build-artifacts/DerivedData/g12-app/Build/Intermediates.noindex/BicTerm.build/Debug-iphonesimulator/BicTermTests.build/Objects-normal/arm64/BicTermTests.LinkFileList -Xlinker -rpath -Xlinker /usr/lib/swift -Xlinker -rpath -Xlinker /Users/richard/code/BicTerm/.build-artifacts/DerivedData/g12-app/Build/Products/Debug-iphonesimulator/PackageFrameworks -Xlinker -rpath -Xlinker @loader_path/Frameworks -Xlinker -rpath -Xlinker @executable_path/Frameworks -Xlinker -dead_strip -bundle_loader /Users/richard/code/BicTerm/.build-artifacts/DerivedData/g12-app/Build/Products/Debug-iphonesimulator/BicTerm.app/BicTerm -Xlinker -object_path_lto -Xlinker /Users/richard/code/BicTerm/.build-artifacts/DerivedData/g12-app/Build/Intermediates.noindex/BicTerm.build/Debug-iphonesimulator/BicTermTests.build/Objects-normal/arm64/BicTermTests_lto.o -rdynamic -Xlinker -no_deduplicate -Xlinker -objc_abi_version -Xlinker 2 -Xlinker -dependency_info -Xlinker /Users/richard/code/BicTerm/.build-artifacts/DerivedData/g12-app/Build/Intermediates.noindex/BicTerm.build/Debug-iphonesimulator/BicTermTests.build/Objects-normal/arm64/BicTermTests_dependency_info.dat -fobjc-link-runtime -L/Applications/Xcode.app/Contents/Developer/Toolchains/XcodeDefault.xctoolchain/usr/lib/swift/iphonesimulator -L/usr/lib/swift -Xlinker -add_ast_path -Xlinker /Users/richard/code/BicTerm/.build-artifacts/DerivedData/g12-app/Build/Intermediates.noindex/BicTerm.build/Debug-iphonesimulator/BicTermTests.build/Objects-normal/arm64/BicTermTests.swiftmodule @/Users/richard/code/BicTerm/.build-artifacts/DerivedData/g12-app/Build/Intermediates.noindex/BicTerm.build/Debug-iphonesimulator/BicTermTests.build/Objects-normal/arm64/BicTermTests-linker-args.resp -Wl,-no_warn_duplicate_libraries -Wl,-no_warn_duplicate_libraries -Wl,-no_warn_duplicate_libraries -Wl,-no_warn_duplicate_libraries -Wl,-no_warn_duplicate_libraries -Wl,-no_warn_duplicate_libraries -Wl,-no_warn_duplicate_libraries -Wl,-no_warn_duplicate_libraries -Wl,-no_warn_duplicate_libraries -Wl,-no_warn_duplicate_libraries -Wl,-no_warn_duplicate_libraries -Wl,-no_warn_duplicate_libraries -Wl,-no_warn_duplicate_libraries -Wl,-no_warn_duplicate_libraries -Wl,-no_warn_duplicate_libraries -Wl,-no_warn_duplicate_libraries -Wl,-no_warn_duplicate_libraries -Wl,-no_warn_duplicate_libraries -Wl,-no_warn_duplicate_libraries -Wl,-no_warn_duplicate_libraries -Wl,-no_warn_duplicate_libraries -Wl,-no_warn_duplicate_libraries -Wl,-no_warn_duplicate_libraries -Wl,-no_warn_duplicate_libraries -Wl,-no_warn_duplicate_libraries -Wl,-no_warn_duplicate_libraries -Wl,-no_warn_duplicate_libraries -Xlinker -needed_framework -Xlinker XCTest -framework XCTest -Xlinker -needed-lXCTestSwiftSupport -lXCTestSwiftSupport /Users/richard/code/BicTerm/.build-artifacts/DerivedData/g12-app/Build/Products/Debug-iphonesimulator/BicTerm.app/BicTerm.debug.dylib -Xlinker -no_adhoc_codesign -o /Users/richard/code/BicTerm/.build-artifacts/DerivedData/g12-app/Build/Products/Debug-iphonesimulator/BicTerm.app/PlugIns/BicTermTests.xctest/BicTermTests

ExtractAppIntentsMetadata (in target 'BicTermTests' from project 'BicTerm')
    cd /Users/richard/code/BicTerm
    /Applications/Xcode.app/Contents/Developer/Toolchains/XcodeDefault.xctoolchain/usr/bin/appintentsmetadataprocessor --toolchain-dir /var/run/com.apple.security.cryptexd/mnt/com.apple.MobileAsset.MetalToolchain-v17.6.109.0.ozHyXD/Metal.xctoolchain --module-name BicTermTests --sdk-root /Applications/Xcode.app/Contents/Developer/Platforms/iPhoneSimulator.platform/Developer/SDKs/iPhoneSimulator26.5.sdk --xcode-version 17F113 --platform-family iOS --deployment-target 18.0 --bundle-identifier com.bicterm.BicTermTests --output /Users/richard/code/BicTerm/.build-artifacts/DerivedData/g12-app/Build/Products/Debug-iphonesimulator/BicTerm.app/PlugIns/BicTermTests.xctest --target-triple arm64-apple-ios18.0-simulator --binary-file /Users/richard/code/BicTerm/.build-artifacts/DerivedData/g12-app/Build/Products/Debug-iphonesimulator/BicTerm.app/PlugIns/BicTermTests.xctest/BicTermTests --dependency-file /Users/richard/code/BicTerm/.build-artifacts/DerivedData/g12-app/Build/Intermediates.noindex/BicTerm.build/Debug-iphonesimulator/BicTermTests.build/Objects-normal/arm64/BicTermTests_dependency_info.dat --stringsdata-file /Users/richard/code/BicTerm/.build-artifacts/DerivedData/g12-app/Build/Intermediates.noindex/BicTerm.build/Debug-iphonesimulator/BicTermTests.build/Objects-normal/arm64/ExtractedAppShortcutsMetadata.stringsdata --source-file-list /Users/richard/code/BicTerm/.build-artifacts/DerivedData/g12-app/Build/Intermediates.noindex/BicTerm.build/Debug-iphonesimulator/BicTermTests.build/Objects-normal/arm64/BicTermTests.SwiftFileList --metadata-file-list /Users/richard/code/BicTerm/.build-artifacts/DerivedData/g12-app/Build/Intermediates.noindex/BicTerm.build/Debug-iphonesimulator/BicTermTests.build/BicTermTests.DependencyMetadataFileList --static-metadata-file-list /Users/richard/code/BicTerm/.build-artifacts/DerivedData/g12-app/Build/Intermediates.noindex/BicTerm.build/Debug-iphonesimulator/BicTermTests.build/BicTermTests.DependencyStaticMetadataFileList --swift-const-vals-list /Users/richard/code/BicTerm/.build-artifacts/DerivedData/g12-app/Build/Intermediates.noindex/BicTerm.build/Debug-iphonesimulator/BicTermTests.build/Objects-normal/arm64/BicTermTests.SwiftConstValuesFileList --compile-time-extraction --deployment-aware-processing --validate-assistant-intents --no-app-shortcuts-localization
2026-09-09 16:25:06.352 appintentsmetadataprocessor[81817:32208732] Starting appintentsmetadataprocessor export
2026-09-09 16:25:06.354 appintentsmetadataprocessor[81817:32208732] warning: Metadata extraction skipped. No AppIntents.framework dependency found.

CopySwiftLibs /Users/richard/code/BicTerm/.build-artifacts/DerivedData/g12-app/Build/Products/Debug-iphonesimulator/BicTerm.app/PlugIns/BicTermTests.xctest (in target 'BicTermTests' from project 'BicTerm')
    cd /Users/richard/code/BicTerm
    builtin-swiftStdLibTool --copy --verbose --sign - --scan-executable /Users/richard/code/BicTerm/.build-artifacts/DerivedData/g12-app/Build/Products/Debug-iphonesimulator/BicTerm.app/PlugIns/BicTermTests.xctest/BicTermTests --scan-folder /Users/richard/code/BicTerm/.build-artifacts/DerivedData/g12-app/Build/Products/Debug-iphonesimulator/BicTerm.app/PlugIns/BicTermTests.xctest/Frameworks --scan-folder /Users/richard/code/BicTerm/.build-artifacts/DerivedData/g12-app/Build/Products/Debug-iphonesimulator/BicTerm.app/PlugIns/BicTermTests.xctest/PlugIns --scan-folder /Users/richard/code/BicTerm/.build-artifacts/DerivedData/g12-app/Build/Products/Debug-iphonesimulator/BicTerm.app/PlugIns/BicTermTests.xctest/SystemExtensions --scan-folder /Users/richard/code/BicTerm/.build-artifacts/DerivedData/g12-app/Build/Products/Debug-iphonesimulator/BicTerm.app/PlugIns/BicTermTests.xctest/Extensions --platform iphonesimulator --toolchain /var/run/com.apple.security.cryptexd/mnt/com.apple.MobileAsset.MetalToolchain-v17.6.109.0.ozHyXD/Metal.xctoolchain --toolchain /Applications/Xcode.app/Contents/Developer/Toolchains/XcodeDefault.xctoolchain --destination /Users/richard/code/BicTerm/.build-artifacts/DerivedData/g12-app/Build/Products/Debug-iphonesimulator/BicTerm.app/PlugIns/BicTermTests.xctest/Frameworks --strip-bitcode --scan-executable /Applications/Xcode.app/Contents/Developer/Platforms/iPhoneSimulator.platform/Developer/usr/lib/libXCTestSwiftSupport.dylib --strip-bitcode-tool /Applications/Xcode.app/Contents/Developer/Toolchains/XcodeDefault.xctoolchain/usr/bin/bitcode_strip --emit-dependency-info /Users/richard/code/BicTerm/.build-artifacts/DerivedData/g12-app/Build/Intermediates.noindex/BicTerm.build/Debug-iphonesimulator/BicTermTests.build/SwiftStdLibToolInputDependencies.dep --filter-for-swift-os

CodeSign /Users/richard/code/BicTerm/.build-artifacts/DerivedData/g12-app/Build/Products/Debug-iphonesimulator/BicTerm.app/PlugIns/BicTermTests.xctest (in target 'BicTermTests' from project 'BicTerm')
    cd /Users/richard/code/BicTerm
    
    Signing Identity:     "Sign to Run Locally"
    
    /usr/bin/codesign --force --sign - --timestamp\=none --generate-entitlement-der /Users/richard/code/BicTerm/.build-artifacts/DerivedData/g12-app/Build/Products/Debug-iphonesimulator/BicTerm.app/PlugIns/BicTermTests.xctest

CodeSign /Users/richard/code/BicTerm/.build-artifacts/DerivedData/g12-app/Build/Products/Debug-iphonesimulator/BicTerm.app/BicTerm.debug.dylib (in target 'BicTerm' from project 'BicTerm')
    cd /Users/richard/code/BicTerm
    
    Signing Identity:     "Sign to Run Locally"
    
    /usr/bin/codesign --force --sign - --timestamp\=none --generate-entitlement-der /Users/richard/code/BicTerm/.build-artifacts/DerivedData/g12-app/Build/Products/Debug-iphonesimulator/BicTerm.app/BicTerm.debug.dylib

CodeSign /Users/richard/code/BicTerm/.build-artifacts/DerivedData/g12-app/Build/Products/Debug-iphonesimulator/BicTerm.app/__preview.dylib (in target 'BicTerm' from project 'BicTerm')
    cd /Users/richard/code/BicTerm
    
    Signing Identity:     "Sign to Run Locally"
    
    /usr/bin/codesign --force --sign - --timestamp\=none --generate-entitlement-der /Users/richard/code/BicTerm/.build-artifacts/DerivedData/g12-app/Build/Products/Debug-iphonesimulator/BicTerm.app/__preview.dylib
/Users/richard/code/BicTerm/.build-artifacts/DerivedData/g12-app/Build/Products/Debug-iphonesimulator/BicTerm.app/__preview.dylib: replacing existing signature

CodeSign /Users/richard/code/BicTerm/.build-artifacts/DerivedData/g12-app/Build/Products/Debug-iphonesimulator/BicTerm.app (in target 'BicTerm' from project 'BicTerm')
    cd /Users/richard/code/BicTerm
    
    Signing Identity:     "Sign to Run Locally"
    
    /usr/bin/codesign --force --sign - --timestamp\=none --generate-entitlement-der /Users/richard/code/BicTerm/.build-artifacts/DerivedData/g12-app/Build/Products/Debug-iphonesimulator/BicTerm.app

Validate /Users/richard/code/BicTerm/.build-artifacts/DerivedData/g12-app/Build/Products/Debug-iphonesimulator/BicTerm.app (in target 'BicTerm' from project 'BicTerm')
    cd /Users/richard/code/BicTerm
    builtin-validationUtility /Users/richard/code/BicTerm/.build-artifacts/DerivedData/g12-app/Build/Products/Debug-iphonesimulator/BicTerm.app -shallow-bundle -infoplist-subpath Info.plist

ProcessInfoPlistFile /Users/richard/code/BicTerm/.build-artifacts/DerivedData/g12-app/Build/Products/Debug-iphonesimulator/BicTermUITests-Runner.app/PlugIns/BicTermUITests.xctest/Info.plist /Users/richard/code/BicTerm/.build-artifacts/DerivedData/g12-app/Build/Intermediates.noindex/BicTerm.build/Debug-iphonesimulator/BicTermUITests.build/empty-BicTermUITests.plist (in target 'BicTermUITests' from project 'BicTerm')
    cd /Users/richard/code/BicTerm
    builtin-infoPlistUtility /Users/richard/code/BicTerm/.build-artifacts/DerivedData/g12-app/Build/Intermediates.noindex/BicTerm.build/Debug-iphonesimulator/BicTermUITests.build/empty-BicTermUITests.plist -producttype com.apple.product-type.bundle.ui-testing -expandbuildsettings -format binary -platform iphonesimulator -additionalcontentfile /Users/richard/code/BicTerm/.build-artifacts/DerivedData/g12-app/Build/Intermediates.noindex/BicTerm.build/Debug-iphonesimulator/BicTermUITests.build/ProductTypeInfoPlistAdditions.plist -o /Users/richard/code/BicTerm/.build-artifacts/DerivedData/g12-app/Build/Products/Debug-iphonesimulator/BicTermUITests-Runner.app/PlugIns/BicTermUITests.xctest/Info.plist

CopySwiftLibs /Users/richard/code/BicTerm/.build-artifacts/DerivedData/g12-app/Build/Products/Debug-iphonesimulator/BicTermUITests-Runner.app/PlugIns/BicTermUITests.xctest (in target 'BicTermUITests' from project 'BicTerm')
    cd /Users/richard/code/BicTerm
    builtin-swiftStdLibTool --copy --verbose --sign - --scan-executable /Users/richard/code/BicTerm/.build-artifacts/DerivedData/g12-app/Build/Products/Debug-iphonesimulator/BicTermUITests-Runner.app/PlugIns/BicTermUITests.xctest/BicTermUITests --scan-folder /Users/richard/code/BicTerm/.build-artifacts/DerivedData/g12-app/Build/Products/Debug-iphonesimulator/BicTermUITests-Runner.app/PlugIns/BicTermUITests.xctest/Frameworks --scan-folder /Users/richard/code/BicTerm/.build-artifacts/DerivedData/g12-app/Build/Products/Debug-iphonesimulator/BicTermUITests-Runner.app/PlugIns/BicTermUITests.xctest/PlugIns --scan-folder /Users/richard/code/BicTerm/.build-artifacts/DerivedData/g12-app/Build/Products/Debug-iphonesimulator/BicTermUITests-Runner.app/PlugIns/BicTermUITests.xctest/SystemExtensions --scan-folder /Users/richard/code/BicTerm/.build-artifacts/DerivedData/g12-app/Build/Products/Debug-iphonesimulator/BicTermUITests-Runner.app/PlugIns/BicTermUITests.xctest/Extensions --platform iphonesimulator --toolchain /var/run/com.apple.security.cryptexd/mnt/com.apple.MobileAsset.MetalToolchain-v17.6.109.0.ozHyXD/Metal.xctoolchain --toolchain /Applications/Xcode.app/Contents/Developer/Toolchains/XcodeDefault.xctoolchain --destination /Users/richard/code/BicTerm/.build-artifacts/DerivedData/g12-app/Build/Products/Debug-iphonesimulator/BicTermUITests-Runner.app/PlugIns/BicTermUITests.xctest/Frameworks --strip-bitcode --scan-executable /Applications/Xcode.app/Contents/Developer/Platforms/iPhoneSimulator.platform/Developer/usr/lib/libXCTestSwiftSupport.dylib --strip-bitcode-tool /Applications/Xcode.app/Contents/Developer/Toolchains/XcodeDefault.xctoolchain/usr/bin/bitcode_strip --emit-dependency-info /Users/richard/code/BicTerm/.build-artifacts/DerivedData/g12-app/Build/Intermediates.noindex/BicTerm.build/Debug-iphonesimulator/BicTermUITests.build/SwiftStdLibToolInputDependencies.dep --filter-for-swift-os

Test Suite 'Selected tests' started at 2026-09-09 16:25:08.853.
Test Suite 'BicTermTests.xctest' started at 2026-09-09 16:25:08.853.
Test Suite 'CoderNativeStartupPolicyTests' started at 2026-09-09 16:25:08.853.
Test Case '-[BicTermTests.CoderNativeStartupPolicyTests testExplicitStartAutoDoesNotWaitForNonblockingScript]' started.
/Users/richard/code/BicTerm/BicTermTests/CoderNativeStartupPolicyTests.swift:48: error: -[BicTermTests.CoderNativeStartupPolicyTests testExplicitStartAutoDoesNotWaitForNonblockingScript] : XCTAssertEqual failed: ("waitingForAgent("connected · starting")") is not equal to ("ready") - Auto must permit login while the nonblocking script is held
AUTO_POLICY blocks=false observed with real held script
Test Case '-[BicTermTests.CoderNativeStartupPolicyTests testExplicitStartAutoDoesNotWaitForNonblockingScript]' failed (20.720 seconds).
Test Case '-[BicTermTests.CoderNativeStartupPolicyTests testExplicitStartAutoWaitsForBlockingScript]' started.
AUTO_POLICY blocks=true observed with real held script
Test Case '-[BicTermTests.CoderNativeStartupPolicyTests testExplicitStartAutoWaitsForBlockingScript]' passed (6.267 seconds).
Test Suite 'CoderNativeStartupPolicyTests' failed at 2026-09-09 16:25:35.842.
	 Executed 2 tests, with 1 failure (0 unexpected) in 26.987 (26.989) seconds
Test Suite 'BicTermTests.xctest' failed at 2026-09-09 16:25:35.843.
	 Executed 2 tests, with 1 failure (0 unexpected) in 26.987 (26.990) seconds
Test Suite 'Selected tests' failed at 2026-09-09 16:25:35.843.
	 Executed 2 tests, with 1 failure (0 unexpected) in 26.987 (26.991) seconds
2026-09-09 16:25:45.479 xcodebuild[81382:32205569] [MT] IDETestOperationsObserverDebug: 38.738 elapsed -- Testing started completed.
2026-09-09 16:25:45.479 xcodebuild[81382:32205569] [MT] IDETestOperationsObserverDebug: 0.000 sec, +0.000 sec -- start
2026-09-09 16:25:45.479 xcodebuild[81382:32205569] [MT] IDETestOperationsObserverDebug: 38.738 sec, +38.738 sec -- end

Test session results, code coverage, and logs:
	/Users/richard/code/BicTerm/.build-artifacts/DerivedData/g12-app/Logs/Test/Test-BicTerm-2026.09.09_16-24-46--0600.xcresult

Failing tests:
	CoderNativeStartupPolicyTests.testExplicitStartAutoDoesNotWaitForNonblockingScript()

** TEST FAILED **

Testing started
