Command line invocation:
    /Applications/Xcode.app/Contents/Developer/usr/bin/xcodebuild test -scheme BicTermCore -destination "platform=iOS Simulator,id=732CE8E1-F9EF-4020-BF93-5BA1AA365B0E" -derivedDataPath /Users/richard/code/BicTerm/.build-artifacts/DerivedData/g12-core "-only-testing:BicTermCoreTests/CoderTransportConformanceTests"

Resolve Package Graph
2026-09-09 14:08:52.045 xcodebuild[41181:31807598] [MT] IDERunDestination: Supported platforms for the buildables in the current scheme is empty.


Resolved source packages:
  swift-system: https://github.com/apple/swift-system.git @ 1.8.1
  swift-nio-ssh: /Users/richard/code/BicTerm/Vendor/swift-nio-ssh @ local
  BicTermCore: /Users/richard/code/BicTerm/BicTermCore
  swift-atomics: https://github.com/apple/swift-atomics.git @ 1.3.1
  swift-asn1: https://github.com/apple/swift-asn1.git @ 1.7.2
  swift-collections: https://github.com/apple/swift-collections.git @ 1.6.0
  swift-nio: https://github.com/apple/swift-nio.git @ 2.102.0
  swift-crypto: https://github.com/apple/swift-crypto.git @ 4.5.2

ComputePackagePrebuildTargetDependencyGraph

Prepare packages

CreateBuildRequest

SendProjectDescription

CreateBuildOperation

ComputeTargetDependencyGraph
note: Building targets in dependency order
note: Target dependency graph (39 targets)
    Target 'BicTermCore' in project 'BicTermCore'
        ➜ Explicit dependency on target 'BicTermCore' in project 'BicTermCore'
        ➜ Explicit dependency on target 'CBcryptPBKDF' in project 'BicTermCore'
        ➜ Explicit dependency on target 'NIOSSH' in project 'swift-nio-ssh'
        ➜ Explicit dependency on target 'NIOCore' in project 'swift-nio'
        ➜ Explicit dependency on target 'NIOPosix' in project 'swift-nio'
    Target 'BicTermCoreTests' in project 'BicTermCore'
        ➜ Explicit dependency on target 'CBcryptPBKDF' in project 'BicTermCore'
        ➜ Explicit dependency on target 'BicTermCore' in project 'BicTermCore'
        ➜ Explicit dependency on target 'NIOSSH' in project 'swift-nio-ssh'
        ➜ Explicit dependency on target 'NIOCore' in project 'swift-nio'
        ➜ Explicit dependency on target 'NIOPosix' in project 'swift-nio'
        ➜ Explicit dependency on target 'NIOEmbedded' in project 'swift-nio'
    Target 'NIOEmbedded' in project 'swift-nio'
        ➜ Explicit dependency on target 'NIOEmbedded' in project 'swift-nio'
        ➜ Explicit dependency on target 'CNIOAtomics' in project 'swift-nio'
        ➜ Explicit dependency on target 'NIOConcurrencyHelpers' in project 'swift-nio'
        ➜ Explicit dependency on target '_NIOBase64' in project 'swift-nio'
        ➜ Explicit dependency on target 'CNIOOpenBSD' in project 'swift-nio'
        ➜ Explicit dependency on target 'CNIOFreeBSD' in project 'swift-nio'
        ➜ Explicit dependency on target 'CNIODarwin' in project 'swift-nio'
        ➜ Explicit dependency on target 'CNIOLinux' in project 'swift-nio'
        ➜ Explicit dependency on target 'CNIOWindows' in project 'swift-nio'
        ➜ Explicit dependency on target 'CNIOWASI' in project 'swift-nio'
        ➜ Explicit dependency on target '_NIODataStructures' in project 'swift-nio'
        ➜ Explicit dependency on target 'NIOCore' in project 'swift-nio'
        ➜ Explicit dependency on target 'DequeModule' in project 'swift-collections'
        ➜ Explicit dependency on target 'Atomics' in project 'swift-atomics'
    Target 'BicTermCore' in project 'BicTermCore'
        ➜ Explicit dependency on target 'CBcryptPBKDF' in project 'BicTermCore'
        ➜ Explicit dependency on target 'NIOSSH' in project 'swift-nio-ssh'
        ➜ Explicit dependency on target 'NIOCore' in project 'swift-nio'
        ➜ Explicit dependency on target 'NIOPosix' in project 'swift-nio'
    Target 'NIOPosix' in project 'swift-nio'
        ➜ Explicit dependency on target 'NIOPosix' in project 'swift-nio'
        ➜ Explicit dependency on target 'swift-nio_NIOPosix' in project 'swift-nio'
        ➜ Explicit dependency on target 'CNIOOpenBSD' in project 'swift-nio'
        ➜ Explicit dependency on target 'CNIOLinux' in project 'swift-nio'
        ➜ Explicit dependency on target 'CNIODarwin' in project 'swift-nio'
        ➜ Explicit dependency on target 'CNIOWindows' in project 'swift-nio'
        ➜ Explicit dependency on target 'CNIOAtomics' in project 'swift-nio'
        ➜ Explicit dependency on target 'NIOConcurrencyHelpers' in project 'swift-nio'
        ➜ Explicit dependency on target '_NIOBase64' in project 'swift-nio'
        ➜ Explicit dependency on target 'CNIOFreeBSD' in project 'swift-nio'
        ➜ Explicit dependency on target 'CNIOWASI' in project 'swift-nio'
        ➜ Explicit dependency on target '_NIODataStructures' in project 'swift-nio'
        ➜ Explicit dependency on target 'NIOCore' in project 'swift-nio'
        ➜ Explicit dependency on target 'CNIOPosix' in project 'swift-nio'
        ➜ Explicit dependency on target 'DequeModule' in project 'swift-collections'
        ➜ Explicit dependency on target 'Atomics' in project 'swift-atomics'
    Target 'NIOSSH' in project 'swift-nio-ssh'
        ➜ Explicit dependency on target 'NIOSSH' in project 'swift-nio-ssh'
        ➜ Explicit dependency on target 'NIOCore' in project 'swift-nio'
        ➜ Explicit dependency on target 'NIOConcurrencyHelpers' in project 'swift-nio'
        ➜ Explicit dependency on target 'NIOFoundationCompat' in project 'swift-nio'
        ➜ Explicit dependency on target 'Crypto' in project 'swift-crypto'
        ➜ Explicit dependency on target 'Atomics' in project 'swift-atomics'
    Target 'NIOSSH' in project 'swift-nio-ssh'
        ➜ Explicit dependency on target 'NIOCore' in project 'swift-nio'
        ➜ Explicit dependency on target 'NIOConcurrencyHelpers' in project 'swift-nio'
        ➜ Explicit dependency on target 'NIOFoundationCompat' in project 'swift-nio'
        ➜ Explicit dependency on target 'Crypto' in project 'swift-crypto'
        ➜ Explicit dependency on target 'Atomics' in project 'swift-atomics'
    Target 'Crypto' in project 'swift-crypto'
        ➜ Explicit dependency on target 'Crypto' in project 'swift-crypto'
        ➜ Explicit dependency on target 'swift-crypto_Crypto' in project 'swift-crypto'
    Target 'Crypto' in project 'swift-crypto'
        ➜ Explicit dependency on target 'swift-crypto_Crypto' in project 'swift-crypto'
    Target 'swift-crypto_Crypto' in project 'swift-crypto' (no dependencies)
    Target 'NIOFoundationCompat' in project 'swift-nio'
        ➜ Explicit dependency on target 'NIOFoundationCompat' in project 'swift-nio'
        ➜ Explicit dependency on target 'CNIOAtomics' in project 'swift-nio'
        ➜ Explicit dependency on target 'NIOConcurrencyHelpers' in project 'swift-nio'
        ➜ Explicit dependency on target '_NIOBase64' in project 'swift-nio'
        ➜ Explicit dependency on target 'CNIOOpenBSD' in project 'swift-nio'
        ➜ Explicit dependency on target 'CNIOFreeBSD' in project 'swift-nio'
        ➜ Explicit dependency on target 'CNIODarwin' in project 'swift-nio'
        ➜ Explicit dependency on target 'CNIOLinux' in project 'swift-nio'
        ➜ Explicit dependency on target 'CNIOWindows' in project 'swift-nio'
        ➜ Explicit dependency on target 'CNIOWASI' in project 'swift-nio'
        ➜ Explicit dependency on target '_NIODataStructures' in project 'swift-nio'
        ➜ Explicit dependency on target 'NIOCore' in project 'swift-nio'
        ➜ Explicit dependency on target 'NIOEmbedded' in project 'swift-nio'
        ➜ Explicit dependency on target 'CNIOPosix' in project 'swift-nio'
        ➜ Explicit dependency on target 'NIOPosix' in project 'swift-nio'
        ➜ Explicit dependency on target 'NIO' in project 'swift-nio'
        ➜ Explicit dependency on target 'NIOFoundationEssentialsCompat' in project 'swift-nio'
        ➜ Explicit dependency on target 'DequeModule' in project 'swift-collections'
        ➜ Explicit dependency on target 'Atomics' in project 'swift-atomics'
    Target 'NIOFoundationCompat' in project 'swift-nio'
        ➜ Explicit dependency on target 'CNIOAtomics' in project 'swift-nio'
        ➜ Explicit dependency on target 'NIOConcurrencyHelpers' in project 'swift-nio'
        ➜ Explicit dependency on target '_NIOBase64' in project 'swift-nio'
        ➜ Explicit dependency on target 'CNIOOpenBSD' in project 'swift-nio'
        ➜ Explicit dependency on target 'CNIOFreeBSD' in project 'swift-nio'
        ➜ Explicit dependency on target 'CNIODarwin' in project 'swift-nio'
        ➜ Explicit dependency on target 'CNIOLinux' in project 'swift-nio'
        ➜ Explicit dependency on target 'CNIOWindows' in project 'swift-nio'
        ➜ Explicit dependency on target 'CNIOWASI' in project 'swift-nio'
        ➜ Explicit dependency on target '_NIODataStructures' in project 'swift-nio'
        ➜ Explicit dependency on target 'NIOCore' in project 'swift-nio'
        ➜ Explicit dependency on target 'NIOEmbedded' in project 'swift-nio'
        ➜ Explicit dependency on target 'CNIOPosix' in project 'swift-nio'
        ➜ Explicit dependency on target 'NIOPosix' in project 'swift-nio'
        ➜ Explicit dependency on target 'NIO' in project 'swift-nio'
        ➜ Explicit dependency on target 'NIOFoundationEssentialsCompat' in project 'swift-nio'
        ➜ Explicit dependency on target 'DequeModule' in project 'swift-collections'
        ➜ Explicit dependency on target 'Atomics' in project 'swift-atomics'
    Target 'NIOFoundationEssentialsCompat' in project 'swift-nio'
        ➜ Explicit dependency on target 'CNIOAtomics' in project 'swift-nio'
        ➜ Explicit dependency on target 'NIOConcurrencyHelpers' in project 'swift-nio'
        ➜ Explicit dependency on target '_NIOBase64' in project 'swift-nio'
        ➜ Explicit dependency on target 'CNIOOpenBSD' in project 'swift-nio'
        ➜ Explicit dependency on target 'CNIOFreeBSD' in project 'swift-nio'
        ➜ Explicit dependency on target 'CNIODarwin' in project 'swift-nio'
        ➜ Explicit dependency on target 'CNIOLinux' in project 'swift-nio'
        ➜ Explicit dependency on target 'CNIOWindows' in project 'swift-nio'
        ➜ Explicit dependency on target 'CNIOWASI' in project 'swift-nio'
        ➜ Explicit dependency on target '_NIODataStructures' in project 'swift-nio'
        ➜ Explicit dependency on target 'NIOCore' in project 'swift-nio'
        ➜ Explicit dependency on target 'DequeModule' in project 'swift-collections'
        ➜ Explicit dependency on target 'Atomics' in project 'swift-atomics'
    Target 'NIO' in project 'swift-nio'
        ➜ Explicit dependency on target 'CNIOAtomics' in project 'swift-nio'
        ➜ Explicit dependency on target 'NIOConcurrencyHelpers' in project 'swift-nio'
        ➜ Explicit dependency on target '_NIOBase64' in project 'swift-nio'
        ➜ Explicit dependency on target 'CNIOOpenBSD' in project 'swift-nio'
        ➜ Explicit dependency on target 'CNIOFreeBSD' in project 'swift-nio'
        ➜ Explicit dependency on target 'CNIODarwin' in project 'swift-nio'
        ➜ Explicit dependency on target 'CNIOLinux' in project 'swift-nio'
        ➜ Explicit dependency on target 'CNIOWindows' in project 'swift-nio'
        ➜ Explicit dependency on target 'CNIOWASI' in project 'swift-nio'
        ➜ Explicit dependency on target '_NIODataStructures' in project 'swift-nio'
        ➜ Explicit dependency on target 'NIOCore' in project 'swift-nio'
        ➜ Explicit dependency on target 'NIOEmbedded' in project 'swift-nio'
        ➜ Explicit dependency on target 'CNIOPosix' in project 'swift-nio'
        ➜ Explicit dependency on target 'NIOPosix' in project 'swift-nio'
        ➜ Explicit dependency on target 'DequeModule' in project 'swift-collections'
        ➜ Explicit dependency on target 'Atomics' in project 'swift-atomics'
    Target 'NIOPosix' in project 'swift-nio'
        ➜ Explicit dependency on target 'swift-nio_NIOPosix' in project 'swift-nio'
        ➜ Explicit dependency on target 'CNIOOpenBSD' in project 'swift-nio'
        ➜ Explicit dependency on target 'CNIOLinux' in project 'swift-nio'
        ➜ Explicit dependency on target 'CNIODarwin' in project 'swift-nio'
        ➜ Explicit dependency on target 'CNIOWindows' in project 'swift-nio'
        ➜ Explicit dependency on target 'CNIOAtomics' in project 'swift-nio'
        ➜ Explicit dependency on target 'NIOConcurrencyHelpers' in project 'swift-nio'
        ➜ Explicit dependency on target '_NIOBase64' in project 'swift-nio'
        ➜ Explicit dependency on target 'CNIOFreeBSD' in project 'swift-nio'
        ➜ Explicit dependency on target 'CNIOWASI' in project 'swift-nio'
        ➜ Explicit dependency on target '_NIODataStructures' in project 'swift-nio'
        ➜ Explicit dependency on target 'NIOCore' in project 'swift-nio'
        ➜ Explicit dependency on target 'CNIOPosix' in project 'swift-nio'
        ➜ Explicit dependency on target 'DequeModule' in project 'swift-collections'
        ➜ Explicit dependency on target 'Atomics' in project 'swift-atomics'
    Target 'swift-nio_NIOPosix' in project 'swift-nio' (no dependencies)
    Target 'CNIOPosix' in project 'swift-nio' (no dependencies)
    Target 'NIOEmbedded' in project 'swift-nio'
        ➜ Explicit dependency on target 'CNIOAtomics' in project 'swift-nio'
        ➜ Explicit dependency on target 'NIOConcurrencyHelpers' in project 'swift-nio'
        ➜ Explicit dependency on target '_NIOBase64' in project 'swift-nio'
        ➜ Explicit dependency on target 'CNIOOpenBSD' in project 'swift-nio'
        ➜ Explicit dependency on target 'CNIOFreeBSD' in project 'swift-nio'
        ➜ Explicit dependency on target 'CNIODarwin' in project 'swift-nio'
        ➜ Explicit dependency on target 'CNIOLinux' in project 'swift-nio'
        ➜ Explicit dependency on target 'CNIOWindows' in project 'swift-nio'
        ➜ Explicit dependency on target 'CNIOWASI' in project 'swift-nio'
        ➜ Explicit dependency on target '_NIODataStructures' in project 'swift-nio'
        ➜ Explicit dependency on target 'NIOCore' in project 'swift-nio'
        ➜ Explicit dependency on target 'DequeModule' in project 'swift-collections'
        ➜ Explicit dependency on target 'Atomics' in project 'swift-atomics'
    Target 'NIOConcurrencyHelpers' in project 'swift-nio'
        ➜ Explicit dependency on target 'NIOConcurrencyHelpers' in project 'swift-nio'
        ➜ Explicit dependency on target 'CNIOAtomics' in project 'swift-nio'
    Target 'NIOCore' in project 'swift-nio'
        ➜ Explicit dependency on target 'NIOCore' in project 'swift-nio'
        ➜ Explicit dependency on target 'CNIOAtomics' in project 'swift-nio'
        ➜ Explicit dependency on target 'NIOConcurrencyHelpers' in project 'swift-nio'
        ➜ Explicit dependency on target '_NIOBase64' in project 'swift-nio'
        ➜ Explicit dependency on target 'CNIOOpenBSD' in project 'swift-nio'
        ➜ Explicit dependency on target 'CNIOFreeBSD' in project 'swift-nio'
        ➜ Explicit dependency on target 'CNIODarwin' in project 'swift-nio'
        ➜ Explicit dependency on target 'CNIOLinux' in project 'swift-nio'
        ➜ Explicit dependency on target 'CNIOWindows' in project 'swift-nio'
        ➜ Explicit dependency on target 'CNIOWASI' in project 'swift-nio'
        ➜ Explicit dependency on target '_NIODataStructures' in project 'swift-nio'
        ➜ Explicit dependency on target 'DequeModule' in project 'swift-collections'
        ➜ Explicit dependency on target 'Atomics' in project 'swift-atomics'
    Target 'NIOCore' in project 'swift-nio'
        ➜ Explicit dependency on target 'CNIOAtomics' in project 'swift-nio'
        ➜ Explicit dependency on target 'NIOConcurrencyHelpers' in project 'swift-nio'
        ➜ Explicit dependency on target '_NIOBase64' in project 'swift-nio'
        ➜ Explicit dependency on target 'CNIOOpenBSD' in project 'swift-nio'
        ➜ Explicit dependency on target 'CNIOFreeBSD' in project 'swift-nio'
        ➜ Explicit dependency on target 'CNIODarwin' in project 'swift-nio'
        ➜ Explicit dependency on target 'CNIOLinux' in project 'swift-nio'
        ➜ Explicit dependency on target 'CNIOWindows' in project 'swift-nio'
        ➜ Explicit dependency on target 'CNIOWASI' in project 'swift-nio'
        ➜ Explicit dependency on target '_NIODataStructures' in project 'swift-nio'
        ➜ Explicit dependency on target 'DequeModule' in project 'swift-collections'
        ➜ Explicit dependency on target 'Atomics' in project 'swift-atomics'
    Target 'Atomics' in project 'swift-atomics'
        ➜ Explicit dependency on target 'Atomics' in project 'swift-atomics'
        ➜ Explicit dependency on target '_AtomicsShims' in project 'swift-atomics'
    Target 'Atomics' in project 'swift-atomics'
        ➜ Explicit dependency on target '_AtomicsShims' in project 'swift-atomics'
    Target '_AtomicsShims' in project 'swift-atomics' (no dependencies)
    Target 'DequeModule' in project 'swift-collections'
        ➜ Explicit dependency on target 'DequeModule' in project 'swift-collections'
        ➜ Explicit dependency on target 'InternalCollectionsUtilities' in project 'swift-collections'
        ➜ Explicit dependency on target 'ContainersPreview' in project 'swift-collections'
    Target 'DequeModule' in project 'swift-collections'
        ➜ Explicit dependency on target 'InternalCollectionsUtilities' in project 'swift-collections'
        ➜ Explicit dependency on target 'ContainersPreview' in project 'swift-collections'
    Target 'ContainersPreview' in project 'swift-collections'
        ➜ Explicit dependency on target 'InternalCollectionsUtilities' in project 'swift-collections'
    Target 'InternalCollectionsUtilities' in project 'swift-collections' (no dependencies)
    Target '_NIODataStructures' in project 'swift-nio' (no dependencies)
    Target 'CNIOWASI' in project 'swift-nio' (no dependencies)
    Target 'CNIOWindows' in project 'swift-nio' (no dependencies)
    Target 'CNIOLinux' in project 'swift-nio' (no dependencies)
    Target 'CNIODarwin' in project 'swift-nio' (no dependencies)
    Target 'CNIOFreeBSD' in project 'swift-nio' (no dependencies)
    Target 'CNIOOpenBSD' in project 'swift-nio' (no dependencies)
    Target '_NIOBase64' in project 'swift-nio' (no dependencies)
    Target 'NIOConcurrencyHelpers' in project 'swift-nio'
        ➜ Explicit dependency on target 'CNIOAtomics' in project 'swift-nio'
    Target 'CNIOAtomics' in project 'swift-nio' (no dependencies)
    Target 'CBcryptPBKDF' in project 'BicTermCore' (no dependencies)

GatherProvisioningInputs

CreateBuildDescription

ExecuteExternalTool /Applications/Xcode.app/Contents/Developer/Toolchains/XcodeDefault.xctoolchain/usr/bin/clang -v -E -dM -arch arm64 -isysroot /Applications/Xcode.app/Contents/Developer/Platforms/iPhoneSimulator.platform/Developer/SDKs/iPhoneSimulator26.5.sdk -x c -c /dev/null

ExecuteExternalTool /Applications/Xcode.app/Contents/Developer/Toolchains/XcodeDefault.xctoolchain/usr/bin/swiftc --version

ExecuteExternalTool /Applications/Xcode.app/Contents/Developer/Toolchains/XcodeDefault.xctoolchain/usr/bin/clang -v -E -dM -isysroot /Applications/Xcode.app/Contents/Developer/Platforms/iPhoneSimulator.platform/Developer/SDKs/iPhoneSimulator26.5.sdk -x c -c /dev/null

ExecuteExternalTool /Applications/Xcode.app/Contents/Developer/Toolchains/XcodeDefault.xctoolchain/usr/bin/ld -version_details

ReadFileContents /Applications/Xcode.app/Contents/Developer/Toolchains/XcodeDefault.xctoolchain/usr/share/docc/features.json

Build description signature: c49efe73035f1bdee03c366752ad01f2
Build description path: /Users/richard/code/BicTerm/.build-artifacts/DerivedData/g12-core/Build/Intermediates.noindex/XCBuildData/c49efe73035f1bdee03c366752ad01f2.xcbuilddata
ClangStatCache /Applications/Xcode.app/Contents/Developer/Toolchains/XcodeDefault.xctoolchain/usr/bin/clang-stat-cache /Applications/Xcode.app/Contents/Developer/Platforms/iPhoneSimulator.platform/Developer/SDKs/iPhoneSimulator26.5.sdk /Users/richard/code/BicTerm/.build-artifacts/DerivedData/g12-core/SDKStatCaches.noindex/iphonesimulator26.5-23F81a-688ef53f1462e2c8f657fdc38a81448f6cfe768891a92b912361537c460fe42b.sdkstatcache
    cd /Users/richard/code/BicTerm/BicTermCore/.swiftpm/xcode
    /Applications/Xcode.app/Contents/Developer/Toolchains/XcodeDefault.xctoolchain/usr/bin/clang-stat-cache /Applications/Xcode.app/Contents/Developer/Platforms/iPhoneSimulator.platform/Developer/SDKs/iPhoneSimulator26.5.sdk -o /Users/richard/code/BicTerm/.build-artifacts/DerivedData/g12-core/SDKStatCaches.noindex/iphonesimulator26.5-23F81a-688ef53f1462e2c8f657fdc38a81448f6cfe768891a92b912361537c460fe42b.sdkstatcache

ScanDependencies /Users/richard/code/BicTerm/.build-artifacts/DerivedData/g12-core/Build/Intermediates.noindex/BicTermCore.build/Debug-iphonesimulator/CBcryptPBKDF.build/Objects-normal/arm64/aes_ctr.o /Users/richard/code/BicTerm/BicTermCore/Sources/CBcryptPBKDF/aes_ctr.c normal arm64 c com.apple.compilers.llvm.clang.1_0.compiler (in target 'CBcryptPBKDF' from project 'BicTermCore')
    cd /Users/richard/code/BicTerm/BicTermCore/.swiftpm/xcode
    
    Using response file: /Users/richard/code/BicTerm/.build-artifacts/DerivedData/g12-core/Build/Intermediates.noindex/BicTermCore.build/Debug-iphonesimulator/CBcryptPBKDF.build/Objects-normal/arm64/7187679823f38a2a940e0043cdf9d637-common-args.resp
    
    builtin-ScanDependencies -o /Users/richard/code/BicTerm/.build-artifacts/DerivedData/g12-core/Build/Intermediates.noindex/BicTermCore.build/Debug-iphonesimulator/CBcryptPBKDF.build/Objects-normal/arm64/aes_ctr.o.scan -- /Applications/Xcode.app/Contents/Developer/Toolchains/XcodeDefault.xctoolchain/usr/bin/clang -x c -ivfsstatcache /Users/richard/code/BicTerm/.build-artifacts/DerivedData/g12-core/SDKStatCaches.noindex/iphonesimulator26.5-23F81a-688ef53f1462e2c8f657fdc38a81448f6cfe768891a92b912361537c460fe42b.sdkstatcache -target arm64-apple-ios18.0-simulator -fmessage-length\=0 -fdiagnostics-show-note-include-stack -fmacro-backtrace-limit\=0 -fno-color-diagnostics -fmodules-prune-interval\=86400 -fmodules-prune-after\=345600 -fbuild-session-file\=/Users/richard/code/BicTerm/.build-artifacts/DerivedData/g12-core/ModuleCache.noindex/Session.modulevalidation -fmodules-validate-once-per-build-session -Wnon-modular-include-in-framework-module -Werror\=non-modular-include-in-framework-module -Wno-trigraphs -Wno-missing-field-initializers -Wno-missing-prototypes -Wno-return-type -Wno-missing-braces -Wparentheses -Wswitch -Wno-unused-function -Wno-unused-label -Wno-unused-parameter -Wno-unused-variable -Wunused-value -Wno-empty-body -Wno-uninitialized -Wno-unknown-pragmas -Wno-shadow -Wno-four-char-constants -Wno-conversion -Wno-constant-conversion -Wno-int-conversion -Wno-bool-conversion -Wno-enum-conversion -Wno-float-conversion -Wno-non-literal-null-conversion -Wno-objc-literal-conversion -Wshorten-64-to-32 -Wpointer-sign -Wno-newline-eof -Wno-implicit-fallthrough -isysroot /Applications/Xcode.app/Contents/Developer/Platforms/iPhoneSimulator.platform/Developer/SDKs/iPhoneSimulator26.5.sdk -fstrict-aliasing -Wdeprecated-declarations -Wno-sign-conversion -Wno-infinite-recursion -Wno-comma -Wno-block-capture-autoreleasing -Wno-strict-prototypes -Wno-semicolon-before-method-body -index-store-path /Users/richard/code/BicTerm/.build-artifacts/DerivedData/g12-core/Index.noindex/DataStore @/Users/richard/code/BicTerm/.build-artifacts/DerivedData/g12-core/Build/Intermediates.noindex/BicTermCore.build/Debug-iphonesimulator/CBcryptPBKDF.build/Objects-normal/arm64/7187679823f38a2a940e0043cdf9d637-common-args.resp -MMD -MT dependencies -MF /Users/richard/code/BicTerm/.build-artifacts/DerivedData/g12-core/Build/Intermediates.noindex/BicTermCore.build/Debug-iphonesimulator/CBcryptPBKDF.build/Objects-normal/arm64/aes_ctr.d --serialize-diagnostics /Users/richard/code/BicTerm/.build-artifacts/DerivedData/g12-core/Build/Intermediates.noindex/BicTermCore.build/Debug-iphonesimulator/CBcryptPBKDF.build/Objects-normal/arm64/aes_ctr.dia -c /Users/richard/code/BicTerm/BicTermCore/Sources/CBcryptPBKDF/aes_ctr.c -o /Users/richard/code/BicTerm/.build-artifacts/DerivedData/g12-core/Build/Intermediates.noindex/BicTermCore.build/Debug-iphonesimulator/CBcryptPBKDF.build/Objects-normal/arm64/aes_ctr.o -index-unit-output-path /BicTermCore.build/Debug-iphonesimulator/CBcryptPBKDF.build/Objects-normal/arm64/aes_ctr.o

SwiftDriver NIOSSH normal arm64 com.apple.xcode.tools.swift.compiler (in target 'NIOSSH' from project 'swift-nio-ssh')
    cd /Users/richard/code/BicTerm/BicTermCore/.swiftpm/xcode
    builtin-SwiftDriver -- /Applications/Xcode.app/Contents/Developer/Toolchains/XcodeDefault.xctoolchain/usr/bin/swiftc -module-name NIOSSH -Onone @/Users/richard/code/BicTerm/.build-artifacts/DerivedData/g12-core/Build/Intermediates.noindex/swift-nio-ssh.build/Debug-iphonesimulator/NIOSSH.build/Objects-normal/arm64/NIOSSH.SwiftFileList -DSWIFT_PACKAGE -DDEBUG -DSWIFT_MODULE_RESOURCE_BUNDLE_UNAVAILABLE -Xcc -fmodule-map-file\=/Users/richard/code/BicTerm/.build-artifacts/DerivedData/g12-core/Build/Intermediates.noindex/GeneratedModuleMaps-iphonesimulator/CNIOPosix.modulemap -Xcc -fmodule-map-file\=/Users/richard/code/BicTerm/.build-artifacts/DerivedData/g12-core/Build/Intermediates.noindex/GeneratedModuleMaps-iphonesimulator/CNIOWASI.modulemap -Xcc -fmodule-map-file\=/Users/richard/code/BicTerm/.build-artifacts/DerivedData/g12-core/Build/Intermediates.noindex/GeneratedModuleMaps-iphonesimulator/CNIOLinux.modulemap -Xcc -fmodule-map-file\=/Users/richard/code/BicTerm/.build-artifacts/DerivedData/g12-core/Build/Intermediates.noindex/GeneratedModuleMaps-iphonesimulator/CNIODarwin.modulemap -Xcc -fmodule-map-file\=/Users/richard/code/BicTerm/.build-artifacts/DerivedData/g12-core/Build/Intermediates.noindex/GeneratedModuleMaps-iphonesimulator/CNIOFreeBSD.modulemap -Xcc -fmodule-map-file\=/Users/richard/code/BicTerm/.build-artifacts/DerivedData/g12-core/Build/Intermediates.noindex/GeneratedModuleMaps-iphonesimulator/CNIOOpenBSD.modulemap -Xcc -fmodule-map-file\=/Users/richard/code/BicTerm/.build-artifacts/DerivedData/g12-core/Build/Intermediates.noindex/GeneratedModuleMaps-iphonesimulator/CNIOAtomics.modulemap -DXcode -enable-upcoming-feature MemberImportVisibility -plugin-path /Applications/Xcode.app/Contents/Developer/Toolchains/XcodeDefault.xctoolchain/usr/lib/swift/host/plugins/testing -enable-experimental-feature DebugDescriptionMacro -sdk /Applications/Xcode.app/Contents/Developer/Platforms/iPhoneSimulator.platform/Developer/SDKs/iPhoneSimulator26.5.sdk -target arm64-apple-ios13.0-simulator -g -module-cache-path /Users/richard/code/BicTerm/.build-artifacts/DerivedData/g12-core/ModuleCache.noindex -Xfrontend -serialize-debugging-options -profile-coverage-mapping -profile-generate -enable-testing -suppress-warnings -index-store-path /Users/richard/code/BicTerm/.build-artifacts/DerivedData/g12-core/Index.noindex/DataStore -Xcc -D_LIBCPP_HARDENING_MODE\=_LIBCPP_HARDENING_MODE_DEBUG -swift-version 6 -I /Users/richard/code/BicTerm/.build-artifacts/DerivedData/g12-core/Build/Products/Debug-iphonesimulator -Isystem /Applications/Xcode.app/Contents/Developer/Platforms/iPhoneSimulator.platform/Developer/usr/lib -F /Users/richard/code/BicTerm/.build-artifacts/DerivedData/g12-core/Build/Products/Debug-iphonesimulator/PackageFrameworks -F /Users/richard/code/BicTerm/.build-artifacts/DerivedData/g12-core/Build/Products/Debug-iphonesimulator/PackageFrameworks -F /Users/richard/code/BicTerm/.build-artifacts/DerivedData/g12-core/Build/Products/Debug-iphonesimulator/PackageFrameworks -F /Users/richard/code/BicTerm/.build-artifacts/DerivedData/g12-core/Build/Products/Debug-iphonesimulator/PackageFrameworks -F /Users/richard/code/BicTerm/.build-artifacts/DerivedData/g12-core/Build/Products/Debug-iphonesimulator/PackageFrameworks -F /Users/richard/code/BicTerm/.build-artifacts/DerivedData/g12-core/Build/Products/Debug-iphonesimulator/PackageFrameworks -F /Users/richard/code/BicTerm/.build-artifacts/DerivedData/g12-core/Build/Products/Debug-iphonesimulator/PackageFrameworks -F /Users/richard/code/BicTerm/.build-artifacts/DerivedData/g12-core/Build/Products/Debug-iphonesimulator/PackageFrameworks -F /Users/richard/code/BicTerm/.build-artifacts/DerivedData/g12-core/Build/Products/Debug-iphonesimulator/PackageFrameworks -F /Users/richard/code/BicTerm/.build-artifacts/DerivedData/g12-core/Build/Products/Debug-iphonesimulator/PackageFrameworks -F /Users/richard/code/BicTerm/.build-artifacts/DerivedData/g12-core/Build/Products/Debug-iphonesimulator/PackageFrameworks -F /Users/richard/code/BicTerm/.build-artifacts/DerivedData/g12-core/Build/Products/Debug-iphonesimulator/PackageFrameworks -F /Users/richard/code/BicTerm/.build-artifacts/DerivedData/g12-core/Build/Products/Debug-iphonesimulator/PackageFrameworks -F /Users/richard/code/BicTerm/.build-artifacts/DerivedData/g12-core/Build/Products/Debug-iphonesimulator/PackageFrameworks -F /Users/richard/code/BicTerm/.build-artifacts/DerivedData/g12-core/Build/Products/Debug-iphonesimulator/PackageFrameworks -F /Users/richard/code/BicTerm/.build-artifacts/DerivedData/g12-core/Build/Products/Debug-iphonesimulator/PackageFrameworks -F /Users/richard/code/BicTerm/.build-artifacts/DerivedData/g12-core/Build/Products/Debug-iphonesimulator/PackageFrameworks -F /Users/richard/code/BicTerm/.build-artifacts/DerivedData/g12-core/Build/Products/Debug-iphonesimulator/PackageFrameworks -F /Users/richard/code/BicTerm/.build-artifacts/DerivedData/g12-core/Build/Products/Debug-iphonesimulator/PackageFrameworks -F /Users/richard/code/BicTerm/.build-artifacts/DerivedData/g12-core/Build/Products/Debug-iphonesimulator/PackageFrameworks -F /Users/richard/code/BicTerm/.build-artifacts/DerivedData/g12-core/Build/Products/Debug-iphonesimulator/PackageFrameworks -F /Users/richard/code/BicTerm/.build-artifacts/DerivedData/g12-core/Build/Products/Debug-iphonesimulator/PackageFrameworks -F /Users/richard/code/BicTerm/.build-artifacts/DerivedData/g12-core/Build/Products/Debug-iphonesimulator/PackageFrameworks -F /Users/richard/code/BicTerm/.build-artifacts/DerivedData/g12-core/Build/Products/Debug-iphonesimulator -F /Applications/Xcode.app/Contents/Developer/Platforms/iPhoneSimulator.platform/Developer/Library/Frameworks -F /Applications/Xcode.app/Contents/Developer/Platforms/iPhoneSimulator.platform/Developer/SDKs/iPhoneSimulator26.5.sdk/Developer/Library/Frameworks -c -j20 -enable-batch-mode -incremental -Xcc -ivfsstatcache -Xcc /Users/richard/code/BicTerm/.build-artifacts/DerivedData/g12-core/SDKStatCaches.noindex/iphonesimulator26.5-23F81a-688ef53f1462e2c8f657fdc38a81448f6cfe768891a92b912361537c460fe42b.sdkstatcache -output-file-map /Users/richard/code/BicTerm/.build-artifacts/DerivedData/g12-core/Build/Intermediates.noindex/swift-nio-ssh.build/Debug-iphonesimulator/NIOSSH.build/Objects-normal/arm64/NIOSSH-OutputFileMap.json -use-frontend-parseable-output -save-temps -no-color-diagnostics -explicit-module-build -module-cache-path /Users/richard/code/BicTerm/.build-artifacts/DerivedData/g12-core/Build/Intermediates.noindex/SwiftExplicitPrecompiledModules -clang-scanner-module-cache-path /Users/richard/code/BicTerm/.build-artifacts/DerivedData/g12-core/ModuleCache.noindex -sdk-module-cache-path /Users/richard/code/BicTerm/.build-artifacts/DerivedData/g12-core/ModuleCache.noindex -serialize-diagnostics -emit-dependencies -emit-module -emit-module-path /Users/richard/code/BicTerm/.build-artifacts/DerivedData/g12-core/Build/Intermediates.noindex/swift-nio-ssh.build/Debug-iphonesimulator/NIOSSH.build/Objects-normal/arm64/NIOSSH.swiftmodule -validate-clang-modules-once -clang-build-session-file /Users/richard/code/BicTerm/.build-artifacts/DerivedData/g12-core/ModuleCache.noindex/Session.modulevalidation -package-name swift_nio_ssh -Xcc -I/Users/richard/code/BicTerm/.build-artifacts/DerivedData/g12-core/Build/Intermediates.noindex/swift-nio-ssh.build/Debug-iphonesimulator/NIOSSH.build/swift-overrides.hmap -emit-const-values -Xfrontend -const-gather-protocols-file -Xfrontend /Users/richard/code/BicTerm/.build-artifacts/DerivedData/g12-core/Build/Intermediates.noindex/swift-nio-ssh.build/Debug-iphonesimulator/NIOSSH.build/Objects-normal/arm64/NIOSSH_const_extract_protocols.json -Xcc -I/Users/richard/code/BicTerm/.build-artifacts/DerivedData/g12-core/SourcePackages/checkouts/swift-nio/Sources/CNIOPosix/include -Xcc -I/Users/richard/code/BicTerm/.build-artifacts/DerivedData/g12-core/SourcePackages/checkouts/swift-nio/Sources/CNIOWASI/include -Xcc -I/Users/richard/code/BicTerm/.build-artifacts/DerivedData/g12-core/SourcePackages/checkouts/swift-nio/Sources/CNIOWindows/include -Xcc -I/Users/richard/code/BicTerm/.build-artifacts/DerivedData/g12-core/SourcePackages/checkouts/swift-nio/Sources/CNIOLinux/include -Xcc -I/Users/richard/code/BicTerm/.build-artifacts/DerivedData/g12-core/SourcePackages/checkouts/swift-nio/Sources/CNIODarwin/include -Xcc -I/Users/richard/code/BicTerm/.build-artifacts/DerivedData/g12-core/SourcePackages/checkouts/swift-nio/Sources/CNIOFreeBSD/include -Xcc -I/Users/richard/code/BicTerm/.build-artifacts/DerivedData/g12-core/SourcePackages/checkouts/swift-nio/Sources/CNIOOpenBSD/include -Xcc -I/Users/richard/code/BicTerm/.build-artifacts/DerivedData/g12-core/SourcePackages/checkouts/swift-nio/Sources/CNIOAtomics/include -Xcc -I/Users/richard/code/BicTerm/.build-artifacts/DerivedData/g12-core/SourcePackages/checkouts/swift-atomics/Sources/_AtomicsShims/include -Xcc -I/Users/richard/code/BicTerm/.build-artifacts/DerivedData/g12-core/Build/Products/Debug-iphonesimulator/include -Xcc -I/Users/richard/code/BicTerm/.build-artifacts/DerivedData/g12-core/Build/Intermediates.noindex/swift-nio-ssh.build/Debug-iphonesimulator/NIOSSH.build/DerivedSources-normal/arm64 -Xcc -I/Users/richard/code/BicTerm/.build-artifacts/DerivedData/g12-core/Build/Intermediates.noindex/swift-nio-ssh.build/Debug-iphonesimulator/NIOSSH.build/DerivedSources/arm64 -Xcc -I/Users/richard/code/BicTerm/.build-artifacts/DerivedData/g12-core/Build/Intermediates.noindex/swift-nio-ssh.build/Debug-iphonesimulator/NIOSSH.build/DerivedSources -Xcc -DSWIFT_PACKAGE -Xcc -DDEBUG\=1 -emit-objc-header -emit-objc-header-path /Users/richard/code/BicTerm/.build-artifacts/DerivedData/g12-core/Build/Intermediates.noindex/swift-nio-ssh.build/Debug-iphonesimulator/NIOSSH.build/Objects-normal/arm64/NIOSSH-Swift.h -working-directory /Users/richard/code/BicTerm/BicTermCore/.swiftpm/xcode -experimental-emit-module-separately -disable-cmo

CompileC /Users/richard/code/BicTerm/.build-artifacts/DerivedData/g12-core/Build/Intermediates.noindex/BicTermCore.build/Debug-iphonesimulator/CBcryptPBKDF.build/Objects-normal/arm64/aes_ctr.o /Users/richard/code/BicTerm/BicTermCore/Sources/CBcryptPBKDF/aes_ctr.c normal arm64 c com.apple.compilers.llvm.clang.1_0.compiler (in target 'CBcryptPBKDF' from project 'BicTermCore')
    cd /Users/richard/code/BicTerm/BicTermCore/.swiftpm/xcode
    
    Using response file: /Users/richard/code/BicTerm/.build-artifacts/DerivedData/g12-core/Build/Intermediates.noindex/BicTermCore.build/Debug-iphonesimulator/CBcryptPBKDF.build/Objects-normal/arm64/7187679823f38a2a940e0043cdf9d637-common-args.resp
    
    /Applications/Xcode.app/Contents/Developer/Toolchains/XcodeDefault.xctoolchain/usr/bin/clang -x c -ivfsstatcache /Users/richard/code/BicTerm/.build-artifacts/DerivedData/g12-core/SDKStatCaches.noindex/iphonesimulator26.5-23F81a-688ef53f1462e2c8f657fdc38a81448f6cfe768891a92b912361537c460fe42b.sdkstatcache -target arm64-apple-ios18.0-simulator -fmessage-length\=0 -fdiagnostics-show-note-include-stack -fmacro-backtrace-limit\=0 -fno-color-diagnostics -fmodules-prune-interval\=86400 -fmodules-prune-after\=345600 -fbuild-session-file\=/Users/richard/code/BicTerm/.build-artifacts/DerivedData/g12-core/ModuleCache.noindex/Session.modulevalidation -fmodules-validate-once-per-build-session -Wnon-modular-include-in-framework-module -Werror\=non-modular-include-in-framework-module -Wno-trigraphs -Wno-missing-field-initializers -Wno-missing-prototypes -Wno-return-type -Wno-missing-braces -Wparentheses -Wswitch -Wno-unused-function -Wno-unused-label -Wno-unused-parameter -Wno-unused-variable -Wunused-value -Wno-empty-body -Wno-uninitialized -Wno-unknown-pragmas -Wno-shadow -Wno-four-char-constants -Wno-conversion -Wno-constant-conversion -Wno-int-conversion -Wno-bool-conversion -Wno-enum-conversion -Wno-float-conversion -Wno-non-literal-null-conversion -Wno-objc-literal-conversion -Wshorten-64-to-32 -Wpointer-sign -Wno-newline-eof -Wno-implicit-fallthrough -isysroot /Applications/Xcode.app/Contents/Developer/Platforms/iPhoneSimulator.platform/Developer/SDKs/iPhoneSimulator26.5.sdk -fstrict-aliasing -Wdeprecated-declarations -Wno-sign-conversion -Wno-infinite-recursion -Wno-comma -Wno-block-capture-autoreleasing -Wno-strict-prototypes -Wno-semicolon-before-method-body -index-store-path /Users/richard/code/BicTerm/.build-artifacts/DerivedData/g12-core/Index.noindex/DataStore @/Users/richard/code/BicTerm/.build-artifacts/DerivedData/g12-core/Build/Intermediates.noindex/BicTermCore.build/Debug-iphonesimulator/CBcryptPBKDF.build/Objects-normal/arm64/7187679823f38a2a940e0043cdf9d637-common-args.resp -MMD -MT dependencies -MF /Users/richard/code/BicTerm/.build-artifacts/DerivedData/g12-core/Build/Intermediates.noindex/BicTermCore.build/Debug-iphonesimulator/CBcryptPBKDF.build/Objects-normal/arm64/aes_ctr.d --serialize-diagnostics /Users/richard/code/BicTerm/.build-artifacts/DerivedData/g12-core/Build/Intermediates.noindex/BicTermCore.build/Debug-iphonesimulator/CBcryptPBKDF.build/Objects-normal/arm64/aes_ctr.dia -c /Users/richard/code/BicTerm/BicTermCore/Sources/CBcryptPBKDF/aes_ctr.c -o /Users/richard/code/BicTerm/.build-artifacts/DerivedData/g12-core/Build/Intermediates.noindex/BicTermCore.build/Debug-iphonesimulator/CBcryptPBKDF.build/Objects-normal/arm64/aes_ctr.o -index-unit-output-path /BicTermCore.build/Debug-iphonesimulator/CBcryptPBKDF.build/Objects-normal/arm64/aes_ctr.o

ScanDependencies /Users/richard/code/BicTerm/.build-artifacts/DerivedData/g12-core/Build/Intermediates.noindex/BicTermCore.build/Debug-iphonesimulator/CBcryptPBKDF.build/Objects-normal/arm64/bcrypt_pbkdf.o /Users/richard/code/BicTerm/BicTermCore/Sources/CBcryptPBKDF/bcrypt_pbkdf.c normal arm64 c com.apple.compilers.llvm.clang.1_0.compiler (in target 'CBcryptPBKDF' from project 'BicTermCore')
    cd /Users/richard/code/BicTerm/BicTermCore/.swiftpm/xcode
    
    Using response file: /Users/richard/code/BicTerm/.build-artifacts/DerivedData/g12-core/Build/Intermediates.noindex/BicTermCore.build/Debug-iphonesimulator/CBcryptPBKDF.build/Objects-normal/arm64/7187679823f38a2a940e0043cdf9d637-common-args.resp
    
    builtin-ScanDependencies -o /Users/richard/code/BicTerm/.build-artifacts/DerivedData/g12-core/Build/Intermediates.noindex/BicTermCore.build/Debug-iphonesimulator/CBcryptPBKDF.build/Objects-normal/arm64/bcrypt_pbkdf.o.scan -- /Applications/Xcode.app/Contents/Developer/Toolchains/XcodeDefault.xctoolchain/usr/bin/clang -x c -ivfsstatcache /Users/richard/code/BicTerm/.build-artifacts/DerivedData/g12-core/SDKStatCaches.noindex/iphonesimulator26.5-23F81a-688ef53f1462e2c8f657fdc38a81448f6cfe768891a92b912361537c460fe42b.sdkstatcache -target arm64-apple-ios18.0-simulator -fmessage-length\=0 -fdiagnostics-show-note-include-stack -fmacro-backtrace-limit\=0 -fno-color-diagnostics -fmodules-prune-interval\=86400 -fmodules-prune-after\=345600 -fbuild-session-file\=/Users/richard/code/BicTerm/.build-artifacts/DerivedData/g12-core/ModuleCache.noindex/Session.modulevalidation -fmodules-validate-once-per-build-session -Wnon-modular-include-in-framework-module -Werror\=non-modular-include-in-framework-module -Wno-trigraphs -Wno-missing-field-initializers -Wno-missing-prototypes -Wno-return-type -Wno-missing-braces -Wparentheses -Wswitch -Wno-unused-function -Wno-unused-label -Wno-unused-parameter -Wno-unused-variable -Wunused-value -Wno-empty-body -Wno-uninitialized -Wno-unknown-pragmas -Wno-shadow -Wno-four-char-constants -Wno-conversion -Wno-constant-conversion -Wno-int-conversion -Wno-bool-conversion -Wno-enum-conversion -Wno-float-conversion -Wno-non-literal-null-conversion -Wno-objc-literal-conversion -Wshorten-64-to-32 -Wpointer-sign -Wno-newline-eof -Wno-implicit-fallthrough -isysroot /Applications/Xcode.app/Contents/Developer/Platforms/iPhoneSimulator.platform/Developer/SDKs/iPhoneSimulator26.5.sdk -fstrict-aliasing -Wdeprecated-declarations -Wno-sign-conversion -Wno-infinite-recursion -Wno-comma -Wno-block-capture-autoreleasing -Wno-strict-prototypes -Wno-semicolon-before-method-body -index-store-path /Users/richard/code/BicTerm/.build-artifacts/DerivedData/g12-core/Index.noindex/DataStore @/Users/richard/code/BicTerm/.build-artifacts/DerivedData/g12-core/Build/Intermediates.noindex/BicTermCore.build/Debug-iphonesimulator/CBcryptPBKDF.build/Objects-normal/arm64/7187679823f38a2a940e0043cdf9d637-common-args.resp -MMD -MT dependencies -MF /Users/richard/code/BicTerm/.build-artifacts/DerivedData/g12-core/Build/Intermediates.noindex/BicTermCore.build/Debug-iphonesimulator/CBcryptPBKDF.build/Objects-normal/arm64/bcrypt_pbkdf.d --serialize-diagnostics /Users/richard/code/BicTerm/.build-artifacts/DerivedData/g12-core/Build/Intermediates.noindex/BicTermCore.build/Debug-iphonesimulator/CBcryptPBKDF.build/Objects-normal/arm64/bcrypt_pbkdf.dia -c /Users/richard/code/BicTerm/BicTermCore/Sources/CBcryptPBKDF/bcrypt_pbkdf.c -o /Users/richard/code/BicTerm/.build-artifacts/DerivedData/g12-core/Build/Intermediates.noindex/BicTermCore.build/Debug-iphonesimulator/CBcryptPBKDF.build/Objects-normal/arm64/bcrypt_pbkdf.o -index-unit-output-path /BicTermCore.build/Debug-iphonesimulator/CBcryptPBKDF.build/Objects-normal/arm64/bcrypt_pbkdf.o

ScanDependencies /Users/richard/code/BicTerm/.build-artifacts/DerivedData/g12-core/Build/Intermediates.noindex/BicTermCore.build/Debug-iphonesimulator/CBcryptPBKDF.build/Objects-normal/arm64/blowfish.o /Users/richard/code/BicTerm/BicTermCore/Sources/CBcryptPBKDF/blowfish.c normal arm64 c com.apple.compilers.llvm.clang.1_0.compiler (in target 'CBcryptPBKDF' from project 'BicTermCore')
    cd /Users/richard/code/BicTerm/BicTermCore/.swiftpm/xcode
    
    Using response file: /Users/richard/code/BicTerm/.build-artifacts/DerivedData/g12-core/Build/Intermediates.noindex/BicTermCore.build/Debug-iphonesimulator/CBcryptPBKDF.build/Objects-normal/arm64/7187679823f38a2a940e0043cdf9d637-common-args.resp
    
    builtin-ScanDependencies -o /Users/richard/code/BicTerm/.build-artifacts/DerivedData/g12-core/Build/Intermediates.noindex/BicTermCore.build/Debug-iphonesimulator/CBcryptPBKDF.build/Objects-normal/arm64/blowfish.o.scan -- /Applications/Xcode.app/Contents/Developer/Toolchains/XcodeDefault.xctoolchain/usr/bin/clang -x c -ivfsstatcache /Users/richard/code/BicTerm/.build-artifacts/DerivedData/g12-core/SDKStatCaches.noindex/iphonesimulator26.5-23F81a-688ef53f1462e2c8f657fdc38a81448f6cfe768891a92b912361537c460fe42b.sdkstatcache -target arm64-apple-ios18.0-simulator -fmessage-length\=0 -fdiagnostics-show-note-include-stack -fmacro-backtrace-limit\=0 -fno-color-diagnostics -fmodules-prune-interval\=86400 -fmodules-prune-after\=345600 -fbuild-session-file\=/Users/richard/code/BicTerm/.build-artifacts/DerivedData/g12-core/ModuleCache.noindex/Session.modulevalidation -fmodules-validate-once-per-build-session -Wnon-modular-include-in-framework-module -Werror\=non-modular-include-in-framework-module -Wno-trigraphs -Wno-missing-field-initializers -Wno-missing-prototypes -Wno-return-type -Wno-missing-braces -Wparentheses -Wswitch -Wno-unused-function -Wno-unused-label -Wno-unused-parameter -Wno-unused-variable -Wunused-value -Wno-empty-body -Wno-uninitialized -Wno-unknown-pragmas -Wno-shadow -Wno-four-char-constants -Wno-conversion -Wno-constant-conversion -Wno-int-conversion -Wno-bool-conversion -Wno-enum-conversion -Wno-float-conversion -Wno-non-literal-null-conversion -Wno-objc-literal-conversion -Wshorten-64-to-32 -Wpointer-sign -Wno-newline-eof -Wno-implicit-fallthrough -isysroot /Applications/Xcode.app/Contents/Developer/Platforms/iPhoneSimulator.platform/Developer/SDKs/iPhoneSimulator26.5.sdk -fstrict-aliasing -Wdeprecated-declarations -Wno-sign-conversion -Wno-infinite-recursion -Wno-comma -Wno-block-capture-autoreleasing -Wno-strict-prototypes -Wno-semicolon-before-method-body -index-store-path /Users/richard/code/BicTerm/.build-artifacts/DerivedData/g12-core/Index.noindex/DataStore @/Users/richard/code/BicTerm/.build-artifacts/DerivedData/g12-core/Build/Intermediates.noindex/BicTermCore.build/Debug-iphonesimulator/CBcryptPBKDF.build/Objects-normal/arm64/7187679823f38a2a940e0043cdf9d637-common-args.resp -MMD -MT dependencies -MF /Users/richard/code/BicTerm/.build-artifacts/DerivedData/g12-core/Build/Intermediates.noindex/BicTermCore.build/Debug-iphonesimulator/CBcryptPBKDF.build/Objects-normal/arm64/blowfish.d --serialize-diagnostics /Users/richard/code/BicTerm/.build-artifacts/DerivedData/g12-core/Build/Intermediates.noindex/BicTermCore.build/Debug-iphonesimulator/CBcryptPBKDF.build/Objects-normal/arm64/blowfish.dia -c /Users/richard/code/BicTerm/BicTermCore/Sources/CBcryptPBKDF/blowfish.c -o /Users/richard/code/BicTerm/.build-artifacts/DerivedData/g12-core/Build/Intermediates.noindex/BicTermCore.build/Debug-iphonesimulator/CBcryptPBKDF.build/Objects-normal/arm64/blowfish.o -index-unit-output-path /BicTermCore.build/Debug-iphonesimulator/CBcryptPBKDF.build/Objects-normal/arm64/blowfish.o

CompileC /Users/richard/code/BicTerm/.build-artifacts/DerivedData/g12-core/Build/Intermediates.noindex/BicTermCore.build/Debug-iphonesimulator/CBcryptPBKDF.build/Objects-normal/arm64/blowfish.o /Users/richard/code/BicTerm/BicTermCore/Sources/CBcryptPBKDF/blowfish.c normal arm64 c com.apple.compilers.llvm.clang.1_0.compiler (in target 'CBcryptPBKDF' from project 'BicTermCore')
    cd /Users/richard/code/BicTerm/BicTermCore/.swiftpm/xcode
    
    Using response file: /Users/richard/code/BicTerm/.build-artifacts/DerivedData/g12-core/Build/Intermediates.noindex/BicTermCore.build/Debug-iphonesimulator/CBcryptPBKDF.build/Objects-normal/arm64/7187679823f38a2a940e0043cdf9d637-common-args.resp
    
    /Applications/Xcode.app/Contents/Developer/Toolchains/XcodeDefault.xctoolchain/usr/bin/clang -x c -ivfsstatcache /Users/richard/code/BicTerm/.build-artifacts/DerivedData/g12-core/SDKStatCaches.noindex/iphonesimulator26.5-23F81a-688ef53f1462e2c8f657fdc38a81448f6cfe768891a92b912361537c460fe42b.sdkstatcache -target arm64-apple-ios18.0-simulator -fmessage-length\=0 -fdiagnostics-show-note-include-stack -fmacro-backtrace-limit\=0 -fno-color-diagnostics -fmodules-prune-interval\=86400 -fmodules-prune-after\=345600 -fbuild-session-file\=/Users/richard/code/BicTerm/.build-artifacts/DerivedData/g12-core/ModuleCache.noindex/Session.modulevalidation -fmodules-validate-once-per-build-session -Wnon-modular-include-in-framework-module -Werror\=non-modular-include-in-framework-module -Wno-trigraphs -Wno-missing-field-initializers -Wno-missing-prototypes -Wno-return-type -Wno-missing-braces -Wparentheses -Wswitch -Wno-unused-function -Wno-unused-label -Wno-unused-parameter -Wno-unused-variable -Wunused-value -Wno-empty-body -Wno-uninitialized -Wno-unknown-pragmas -Wno-shadow -Wno-four-char-constants -Wno-conversion -Wno-constant-conversion -Wno-int-conversion -Wno-bool-conversion -Wno-enum-conversion -Wno-float-conversion -Wno-non-literal-null-conversion -Wno-objc-literal-conversion -Wshorten-64-to-32 -Wpointer-sign -Wno-newline-eof -Wno-implicit-fallthrough -isysroot /Applications/Xcode.app/Contents/Developer/Platforms/iPhoneSimulator.platform/Developer/SDKs/iPhoneSimulator26.5.sdk -fstrict-aliasing -Wdeprecated-declarations -Wno-sign-conversion -Wno-infinite-recursion -Wno-comma -Wno-block-capture-autoreleasing -Wno-strict-prototypes -Wno-semicolon-before-method-body -index-store-path /Users/richard/code/BicTerm/.build-artifacts/DerivedData/g12-core/Index.noindex/DataStore @/Users/richard/code/BicTerm/.build-artifacts/DerivedData/g12-core/Build/Intermediates.noindex/BicTermCore.build/Debug-iphonesimulator/CBcryptPBKDF.build/Objects-normal/arm64/7187679823f38a2a940e0043cdf9d637-common-args.resp -MMD -MT dependencies -MF /Users/richard/code/BicTerm/.build-artifacts/DerivedData/g12-core/Build/Intermediates.noindex/BicTermCore.build/Debug-iphonesimulator/CBcryptPBKDF.build/Objects-normal/arm64/blowfish.d --serialize-diagnostics /Users/richard/code/BicTerm/.build-artifacts/DerivedData/g12-core/Build/Intermediates.noindex/BicTermCore.build/Debug-iphonesimulator/CBcryptPBKDF.build/Objects-normal/arm64/blowfish.dia -c /Users/richard/code/BicTerm/BicTermCore/Sources/CBcryptPBKDF/blowfish.c -o /Users/richard/code/BicTerm/.build-artifacts/DerivedData/g12-core/Build/Intermediates.noindex/BicTermCore.build/Debug-iphonesimulator/CBcryptPBKDF.build/Objects-normal/arm64/blowfish.o -index-unit-output-path /BicTermCore.build/Debug-iphonesimulator/CBcryptPBKDF.build/Objects-normal/arm64/blowfish.o

CompileC /Users/richard/code/BicTerm/.build-artifacts/DerivedData/g12-core/Build/Intermediates.noindex/BicTermCore.build/Debug-iphonesimulator/CBcryptPBKDF.build/Objects-normal/arm64/bcrypt_pbkdf.o /Users/richard/code/BicTerm/BicTermCore/Sources/CBcryptPBKDF/bcrypt_pbkdf.c normal arm64 c com.apple.compilers.llvm.clang.1_0.compiler (in target 'CBcryptPBKDF' from project 'BicTermCore')
    cd /Users/richard/code/BicTerm/BicTermCore/.swiftpm/xcode
    
    Using response file: /Users/richard/code/BicTerm/.build-artifacts/DerivedData/g12-core/Build/Intermediates.noindex/BicTermCore.build/Debug-iphonesimulator/CBcryptPBKDF.build/Objects-normal/arm64/7187679823f38a2a940e0043cdf9d637-common-args.resp
    
    /Applications/Xcode.app/Contents/Developer/Toolchains/XcodeDefault.xctoolchain/usr/bin/clang -x c -ivfsstatcache /Users/richard/code/BicTerm/.build-artifacts/DerivedData/g12-core/SDKStatCaches.noindex/iphonesimulator26.5-23F81a-688ef53f1462e2c8f657fdc38a81448f6cfe768891a92b912361537c460fe42b.sdkstatcache -target arm64-apple-ios18.0-simulator -fmessage-length\=0 -fdiagnostics-show-note-include-stack -fmacro-backtrace-limit\=0 -fno-color-diagnostics -fmodules-prune-interval\=86400 -fmodules-prune-after\=345600 -fbuild-session-file\=/Users/richard/code/BicTerm/.build-artifacts/DerivedData/g12-core/ModuleCache.noindex/Session.modulevalidation -fmodules-validate-once-per-build-session -Wnon-modular-include-in-framework-module -Werror\=non-modular-include-in-framework-module -Wno-trigraphs -Wno-missing-field-initializers -Wno-missing-prototypes -Wno-return-type -Wno-missing-braces -Wparentheses -Wswitch -Wno-unused-function -Wno-unused-label -Wno-unused-parameter -Wno-unused-variable -Wunused-value -Wno-empty-body -Wno-uninitialized -Wno-unknown-pragmas -Wno-shadow -Wno-four-char-constants -Wno-conversion -Wno-constant-conversion -Wno-int-conversion -Wno-bool-conversion -Wno-enum-conversion -Wno-float-conversion -Wno-non-literal-null-conversion -Wno-objc-literal-conversion -Wshorten-64-to-32 -Wpointer-sign -Wno-newline-eof -Wno-implicit-fallthrough -isysroot /Applications/Xcode.app/Contents/Developer/Platforms/iPhoneSimulator.platform/Developer/SDKs/iPhoneSimulator26.5.sdk -fstrict-aliasing -Wdeprecated-declarations -Wno-sign-conversion -Wno-infinite-recursion -Wno-comma -Wno-block-capture-autoreleasing -Wno-strict-prototypes -Wno-semicolon-before-method-body -index-store-path /Users/richard/code/BicTerm/.build-artifacts/DerivedData/g12-core/Index.noindex/DataStore @/Users/richard/code/BicTerm/.build-artifacts/DerivedData/g12-core/Build/Intermediates.noindex/BicTermCore.build/Debug-iphonesimulator/CBcryptPBKDF.build/Objects-normal/arm64/7187679823f38a2a940e0043cdf9d637-common-args.resp -MMD -MT dependencies -MF /Users/richard/code/BicTerm/.build-artifacts/DerivedData/g12-core/Build/Intermediates.noindex/BicTermCore.build/Debug-iphonesimulator/CBcryptPBKDF.build/Objects-normal/arm64/bcrypt_pbkdf.d --serialize-diagnostics /Users/richard/code/BicTerm/.build-artifacts/DerivedData/g12-core/Build/Intermediates.noindex/BicTermCore.build/Debug-iphonesimulator/CBcryptPBKDF.build/Objects-normal/arm64/bcrypt_pbkdf.dia -c /Users/richard/code/BicTerm/BicTermCore/Sources/CBcryptPBKDF/bcrypt_pbkdf.c -o /Users/richard/code/BicTerm/.build-artifacts/DerivedData/g12-core/Build/Intermediates.noindex/BicTermCore.build/Debug-iphonesimulator/CBcryptPBKDF.build/Objects-normal/arm64/bcrypt_pbkdf.o -index-unit-output-path /BicTermCore.build/Debug-iphonesimulator/CBcryptPBKDF.build/Objects-normal/arm64/bcrypt_pbkdf.o

Ld /Users/richard/code/BicTerm/.build-artifacts/DerivedData/g12-core/Build/Products/Debug-iphonesimulator/CBcryptPBKDF.o normal (in target 'CBcryptPBKDF' from project 'BicTermCore')
    cd /Users/richard/code/BicTerm/BicTermCore
    /Applications/Xcode.app/Contents/Developer/Toolchains/XcodeDefault.xctoolchain/usr/bin/clang -Xlinker -reproducible -target arm64-apple-ios18.0-simulator -r -isysroot /Applications/Xcode.app/Contents/Developer/Platforms/iPhoneSimulator.platform/Developer/SDKs/iPhoneSimulator26.5.sdk -O0 -F/Users/richard/code/BicTerm/.build-artifacts/DerivedData/g12-core/Build/Intermediates.noindex/EagerLinkingTBDs/Debug-iphonesimulator -F/Users/richard/code/BicTerm/.build-artifacts/DerivedData/g12-core/Build/Products/Debug-iphonesimulator -iframework /Applications/Xcode.app/Contents/Developer/Platforms/iPhoneSimulator.platform/Developer/Library/Frameworks -iframework /Applications/Xcode.app/Contents/Developer/Platforms/iPhoneSimulator.platform/Developer/SDKs/iPhoneSimulator26.5.sdk/Developer/Library/Frameworks -filelist /Users/richard/code/BicTerm/.build-artifacts/DerivedData/g12-core/Build/Intermediates.noindex/BicTermCore.build/Debug-iphonesimulator/CBcryptPBKDF.build/Objects-normal/arm64/CBcryptPBKDF.LinkFileList -nostdlib -Xlinker -object_path_lto -Xlinker /Users/richard/code/BicTerm/.build-artifacts/DerivedData/g12-core/Build/Intermediates.noindex/BicTermCore.build/Debug-iphonesimulator/CBcryptPBKDF.build/Objects-normal/arm64/CBcryptPBKDF_lto.o -Xlinker -no_deduplicate -Xlinker -objc_abi_version -Xlinker 2 -Xlinker -debug_variant -Xlinker -dependency_info -Xlinker /Users/richard/code/BicTerm/.build-artifacts/DerivedData/g12-core/Build/Intermediates.noindex/BicTermCore.build/Debug-iphonesimulator/CBcryptPBKDF.build/Objects-normal/arm64/CBcryptPBKDF_dependency_info.dat -o /Users/richard/code/BicTerm/.build-artifacts/DerivedData/g12-core/Build/Products/Debug-iphonesimulator/CBcryptPBKDF.o

RegisterExecutionPolicyException /Users/richard/code/BicTerm/.build-artifacts/DerivedData/g12-core/Build/Products/Debug-iphonesimulator/CBcryptPBKDF.o (in target 'CBcryptPBKDF' from project 'BicTermCore')
    cd /Users/richard/code/BicTerm/BicTermCore
    builtin-RegisterExecutionPolicyException /Users/richard/code/BicTerm/.build-artifacts/DerivedData/g12-core/Build/Products/Debug-iphonesimulator/CBcryptPBKDF.o

ProcessInfoPlistFile /Users/richard/code/BicTerm/.build-artifacts/DerivedData/g12-core/Build/Products/Debug-iphonesimulator/swift-nio_NIOPosix.bundle/Info.plist /Users/richard/code/BicTerm/.build-artifacts/DerivedData/g12-core/Build/Intermediates.noindex/swift-nio.build/Debug-iphonesimulator/swift-nio_NIOPosix.build/empty-swift-nio_NIOPosix.plist (in target 'swift-nio_NIOPosix' from project 'swift-nio')
    cd /Users/richard/code/BicTerm/.build-artifacts/DerivedData/g12-core/SourcePackages/checkouts/swift-nio
    builtin-infoPlistUtility /Users/richard/code/BicTerm/.build-artifacts/DerivedData/g12-core/Build/Intermediates.noindex/swift-nio.build/Debug-iphonesimulator/swift-nio_NIOPosix.build/empty-swift-nio_NIOPosix.plist -producttype com.apple.product-type.bundle -expandbuildsettings -format binary -platform iphonesimulator -o /Users/richard/code/BicTerm/.build-artifacts/DerivedData/g12-core/Build/Products/Debug-iphonesimulator/swift-nio_NIOPosix.bundle/Info.plist

ProcessInfoPlistFile /Users/richard/code/BicTerm/.build-artifacts/DerivedData/g12-core/Build/Products/Debug-iphonesimulator/swift-crypto_Crypto.bundle/Info.plist /Users/richard/code/BicTerm/.build-artifacts/DerivedData/g12-core/Build/Intermediates.noindex/swift-crypto.build/Debug-iphonesimulator/swift-crypto_Crypto.build/empty-swift-crypto_Crypto.plist (in target 'swift-crypto_Crypto' from project 'swift-crypto')
    cd /Users/richard/code/BicTerm/.build-artifacts/DerivedData/g12-core/SourcePackages/checkouts/swift-crypto
    builtin-infoPlistUtility /Users/richard/code/BicTerm/.build-artifacts/DerivedData/g12-core/Build/Intermediates.noindex/swift-crypto.build/Debug-iphonesimulator/swift-crypto_Crypto.build/empty-swift-crypto_Crypto.plist -producttype com.apple.product-type.bundle -expandbuildsettings -format binary -platform iphonesimulator -o /Users/richard/code/BicTerm/.build-artifacts/DerivedData/g12-core/Build/Products/Debug-iphonesimulator/swift-crypto_Crypto.bundle/Info.plist

SwiftCompile normal arm64 Compiling\ ByteBuffer+SSH.swift,\ CSPRNG.swift,\ ChildChannelOptions.swift,\ ChildChannelStateMachine.swift /Users/richard/code/BicTerm/Vendor/swift-nio-ssh/Sources/NIOSSH/ByteBuffer+SSH.swift /Users/richard/code/BicTerm/Vendor/swift-nio-ssh/Sources/NIOSSH/CSPRNG/CSPRNG.swift /Users/richard/code/BicTerm/Vendor/swift-nio-ssh/Sources/NIOSSH/Child\ Channels/ChildChannelOptions.swift /Users/richard/code/BicTerm/Vendor/swift-nio-ssh/Sources/NIOSSH/Child\ Channels/ChildChannelStateMachine.swift (in target 'NIOSSH' from project 'swift-nio-ssh')

SwiftCompile normal arm64 /Users/richard/code/BicTerm/Vendor/swift-nio-ssh/Sources/NIOSSH/ByteBuffer+SSH.swift (in target 'NIOSSH' from project 'swift-nio-ssh')
    cd /Users/richard/code/BicTerm/BicTermCore/.swiftpm/xcode
    

SwiftCompile normal arm64 /Users/richard/code/BicTerm/Vendor/swift-nio-ssh/Sources/NIOSSH/CSPRNG/CSPRNG.swift (in target 'NIOSSH' from project 'swift-nio-ssh')
    cd /Users/richard/code/BicTerm/BicTermCore/.swiftpm/xcode
    

SwiftCompile normal arm64 /Users/richard/code/BicTerm/Vendor/swift-nio-ssh/Sources/NIOSSH/Child\ Channels/ChildChannelOptions.swift (in target 'NIOSSH' from project 'swift-nio-ssh')
    cd /Users/richard/code/BicTerm/BicTermCore/.swiftpm/xcode
    

SwiftCompile normal arm64 /Users/richard/code/BicTerm/Vendor/swift-nio-ssh/Sources/NIOSSH/Child\ Channels/ChildChannelStateMachine.swift (in target 'NIOSSH' from project 'swift-nio-ssh')
    cd /Users/richard/code/BicTerm/BicTermCore/.swiftpm/xcode
    

SwiftCompile normal arm64 Compiling\ SentKexInitWhenActiveState.swift,\ SentNewKeysState.swift,\ SentVersionState.swift /Users/richard/code/BicTerm/Vendor/swift-nio-ssh/Sources/NIOSSH/Connection\ State\ Machine/States/SentKexInitWhenActiveState.swift /Users/richard/code/BicTerm/Vendor/swift-nio-ssh/Sources/NIOSSH/Connection\ State\ Machine/States/SentNewKeysState.swift /Users/richard/code/BicTerm/Vendor/swift-nio-ssh/Sources/NIOSSH/Connection\ State\ Machine/States/SentVersionState.swift (in target 'NIOSSH' from project 'swift-nio-ssh')

SwiftCompile normal arm64 /Users/richard/code/BicTerm/Vendor/swift-nio-ssh/Sources/NIOSSH/Connection\ State\ Machine/States/SentKexInitWhenActiveState.swift (in target 'NIOSSH' from project 'swift-nio-ssh')
    cd /Users/richard/code/BicTerm/BicTermCore/.swiftpm/xcode
    

SwiftCompile normal arm64 /Users/richard/code/BicTerm/Vendor/swift-nio-ssh/Sources/NIOSSH/Connection\ State\ Machine/States/SentNewKeysState.swift (in target 'NIOSSH' from project 'swift-nio-ssh')
    cd /Users/richard/code/BicTerm/BicTermCore/.swiftpm/xcode
    

SwiftCompile normal arm64 /Users/richard/code/BicTerm/Vendor/swift-nio-ssh/Sources/NIOSSH/Connection\ State\ Machine/States/SentVersionState.swift (in target 'NIOSSH' from project 'swift-nio-ssh')
    cd /Users/richard/code/BicTerm/BicTermCore/.swiftpm/xcode
    

SwiftCompile normal arm64 Compiling\ UserAuthenticationState.swift,\ Constants.swift,\ GlobalRequestDelegate.swift /Users/richard/code/BicTerm/Vendor/swift-nio-ssh/Sources/NIOSSH/Connection\ State\ Machine/States/UserAuthenticationState.swift /Users/richard/code/BicTerm/Vendor/swift-nio-ssh/Sources/NIOSSH/Constants.swift /Users/richard/code/BicTerm/Vendor/swift-nio-ssh/Sources/NIOSSH/GlobalRequestDelegate.swift (in target 'NIOSSH' from project 'swift-nio-ssh')

SwiftCompile normal arm64 /Users/richard/code/BicTerm/Vendor/swift-nio-ssh/Sources/NIOSSH/Connection\ State\ Machine/States/UserAuthenticationState.swift (in target 'NIOSSH' from project 'swift-nio-ssh')
    cd /Users/richard/code/BicTerm/BicTermCore/.swiftpm/xcode
    

SwiftCompile normal arm64 /Users/richard/code/BicTerm/Vendor/swift-nio-ssh/Sources/NIOSSH/Constants.swift (in target 'NIOSSH' from project 'swift-nio-ssh')
    cd /Users/richard/code/BicTerm/BicTermCore/.swiftpm/xcode
    

SwiftCompile normal arm64 /Users/richard/code/BicTerm/Vendor/swift-nio-ssh/Sources/NIOSSH/GlobalRequestDelegate.swift (in target 'NIOSSH' from project 'swift-nio-ssh')
    cd /Users/richard/code/BicTerm/BicTermCore/.swiftpm/xcode
    

SwiftCompile normal arm64 Compiling\ AcceptsVersionMessages.swift,\ SendsChannelMessages.swift,\ SendsKeyExchangeMessages.swift,\ SendsUserAuthMessages.swift /Users/richard/code/BicTerm/Vendor/swift-nio-ssh/Sources/NIOSSH/Connection\ State\ Machine/Operations/AcceptsVersionMessages.swift /Users/richard/code/BicTerm/Vendor/swift-nio-ssh/Sources/NIOSSH/Connection\ State\ Machine/Operations/SendsChannelMessages.swift /Users/richard/code/BicTerm/Vendor/swift-nio-ssh/Sources/NIOSSH/Connection\ State\ Machine/Operations/SendsKeyExchangeMessages.swift /Users/richard/code/BicTerm/Vendor/swift-nio-ssh/Sources/NIOSSH/Connection\ State\ Machine/Operations/SendsUserAuthMessages.swift (in target 'NIOSSH' from project 'swift-nio-ssh')

SwiftCompile normal arm64 /Users/richard/code/BicTerm/Vendor/swift-nio-ssh/Sources/NIOSSH/Connection\ State\ Machine/Operations/AcceptsVersionMessages.swift (in target 'NIOSSH' from project 'swift-nio-ssh')
    cd /Users/richard/code/BicTerm/BicTermCore/.swiftpm/xcode
    

SwiftCompile normal arm64 /Users/richard/code/BicTerm/Vendor/swift-nio-ssh/Sources/NIOSSH/Connection\ State\ Machine/Operations/SendsChannelMessages.swift (in target 'NIOSSH' from project 'swift-nio-ssh')
    cd /Users/richard/code/BicTerm/BicTermCore/.swiftpm/xcode
    

SwiftCompile normal arm64 /Users/richard/code/BicTerm/Vendor/swift-nio-ssh/Sources/NIOSSH/Connection\ State\ Machine/Operations/SendsKeyExchangeMessages.swift (in target 'NIOSSH' from project 'swift-nio-ssh')
    cd /Users/richard/code/BicTerm/BicTermCore/.swiftpm/xcode
    

SwiftCompile normal arm64 /Users/richard/code/BicTerm/Vendor/swift-nio-ssh/Sources/NIOSSH/Connection\ State\ Machine/Operations/SendsUserAuthMessages.swift (in target 'NIOSSH' from project 'swift-nio-ssh')
    cd /Users/richard/code/BicTerm/BicTermCore/.swiftpm/xcode
    

SwiftCompile normal arm64 Compiling\ RekeyingReceivedNewKeysState.swift,\ RekeyingSentNewKeysState.swift,\ RekeyingState.swift /Users/richard/code/BicTerm/Vendor/swift-nio-ssh/Sources/NIOSSH/Connection\ State\ Machine/States/RekeyingReceivedNewKeysState.swift /Users/richard/code/BicTerm/Vendor/swift-nio-ssh/Sources/NIOSSH/Connection\ State\ Machine/States/RekeyingSentNewKeysState.swift /Users/richard/code/BicTerm/Vendor/swift-nio-ssh/Sources/NIOSSH/Connection\ State\ Machine/States/RekeyingState.swift (in target 'NIOSSH' from project 'swift-nio-ssh')

SwiftCompile normal arm64 /Users/richard/code/BicTerm/Vendor/swift-nio-ssh/Sources/NIOSSH/Connection\ State\ Machine/States/RekeyingReceivedNewKeysState.swift (in target 'NIOSSH' from project 'swift-nio-ssh')
    cd /Users/richard/code/BicTerm/BicTermCore/.swiftpm/xcode
    

SwiftCompile normal arm64 /Users/richard/code/BicTerm/Vendor/swift-nio-ssh/Sources/NIOSSH/Connection\ State\ Machine/States/RekeyingSentNewKeysState.swift (in target 'NIOSSH' from project 'swift-nio-ssh')
    cd /Users/richard/code/BicTerm/BicTermCore/.swiftpm/xcode
    

SwiftCompile normal arm64 /Users/richard/code/BicTerm/Vendor/swift-nio-ssh/Sources/NIOSSH/Connection\ State\ Machine/States/RekeyingState.swift (in target 'NIOSSH' from project 'swift-nio-ssh')
    cd /Users/richard/code/BicTerm/BicTermCore/.swiftpm/xcode
    

SwiftCompile normal arm64 Compiling\ NIOSSHPrivateKey.swift,\ NIOSSHPublicKey.swift,\ NIOSSHSignature.swift /Users/richard/code/BicTerm/Vendor/swift-nio-ssh/Sources/NIOSSH/Keys\ And\ Signatures/NIOSSHPrivateKey.swift /Users/richard/code/BicTerm/Vendor/swift-nio-ssh/Sources/NIOSSH/Keys\ And\ Signatures/NIOSSHPublicKey.swift /Users/richard/code/BicTerm/Vendor/swift-nio-ssh/Sources/NIOSSH/Keys\ And\ Signatures/NIOSSHSignature.swift (in target 'NIOSSH' from project 'swift-nio-ssh')
SwiftCompile normal arm64 /Users/richard/code/BicTerm/Vendor/swift-nio-ssh/Sources/NIOSSH/Keys\ And\ Signatures/NIOSSHPrivateKey.swift (in target 'NIOSSH' from project 'swift-nio-ssh')
    cd /Users/richard/code/BicTerm/BicTermCore/.swiftpm/xcode
    

SwiftCompile normal arm64 /Users/richard/code/BicTerm/Vendor/swift-nio-ssh/Sources/NIOSSH/Keys\ And\ Signatures/NIOSSHPublicKey.swift (in target 'NIOSSH' from project 'swift-nio-ssh')
    cd /Users/richard/code/BicTerm/BicTermCore/.swiftpm/xcode
    

SwiftCompile normal arm64 /Users/richard/code/BicTerm/Vendor/swift-nio-ssh/Sources/NIOSSH/Keys\ And\ Signatures/NIOSSHSignature.swift (in target 'NIOSSH' from project 'swift-nio-ssh')
    cd /Users/richard/code/BicTerm/BicTermCore/.swiftpm/xcode
    

SwiftCompile normal arm64 Compiling\ SSHConnectionStateMachine.swift,\ ActiveState.swift,\ IdleState.swift /Users/richard/code/BicTerm/Vendor/swift-nio-ssh/Sources/NIOSSH/Connection\ State\ Machine/SSHConnectionStateMachine.swift /Users/richard/code/BicTerm/Vendor/swift-nio-ssh/Sources/NIOSSH/Connection\ State\ Machine/States/ActiveState.swift /Users/richard/code/BicTerm/Vendor/swift-nio-ssh/Sources/NIOSSH/Connection\ State\ Machine/States/IdleState.swift (in target 'NIOSSH' from project 'swift-nio-ssh')
SwiftCompile normal arm64 /Users/richard/code/BicTerm/Vendor/swift-nio-ssh/Sources/NIOSSH/Connection\ State\ Machine/SSHConnectionStateMachine.swift (in target 'NIOSSH' from project 'swift-nio-ssh')
    cd /Users/richard/code/BicTerm/BicTermCore/.swiftpm/xcode
    

SwiftCompile normal arm64 /Users/richard/code/BicTerm/Vendor/swift-nio-ssh/Sources/NIOSSH/Connection\ State\ Machine/States/ActiveState.swift (in target 'NIOSSH' from project 'swift-nio-ssh')
    cd /Users/richard/code/BicTerm/BicTermCore/.swiftpm/xcode
    

SwiftCompile normal arm64 /Users/richard/code/BicTerm/Vendor/swift-nio-ssh/Sources/NIOSSH/Connection\ State\ Machine/States/IdleState.swift (in target 'NIOSSH' from project 'swift-nio-ssh')
    cd /Users/richard/code/BicTerm/BicTermCore/.swiftpm/xcode
    

SwiftCompile normal arm64 Compiling\ ChildChannelUserEvents.swift,\ ChildChannelWindowManager.swift,\ ChildChannelWritabilityManager.swift,\ OutboundFlowController.swift /Users/richard/code/BicTerm/Vendor/swift-nio-ssh/Sources/NIOSSH/Child\ Channels/ChildChannelUserEvents.swift /Users/richard/code/BicTerm/Vendor/swift-nio-ssh/Sources/NIOSSH/Child\ Channels/ChildChannelWindowManager.swift /Users/richard/code/BicTerm/Vendor/swift-nio-ssh/Sources/NIOSSH/Child\ Channels/ChildChannelWritabilityManager.swift /Users/richard/code/BicTerm/Vendor/swift-nio-ssh/Sources/NIOSSH/Child\ Channels/OutboundFlowController.swift (in target 'NIOSSH' from project 'swift-nio-ssh')
SwiftCompile normal arm64 /Users/richard/code/BicTerm/Vendor/swift-nio-ssh/Sources/NIOSSH/Child\ Channels/ChildChannelUserEvents.swift (in target 'NIOSSH' from project 'swift-nio-ssh')
    cd /Users/richard/code/BicTerm/BicTermCore/.swiftpm/xcode
    

SwiftCompile normal arm64 /Users/richard/code/BicTerm/Vendor/swift-nio-ssh/Sources/NIOSSH/Child\ Channels/ChildChannelWindowManager.swift (in target 'NIOSSH' from project 'swift-nio-ssh')
    cd /Users/richard/code/BicTerm/BicTermCore/.swiftpm/xcode
    

SwiftCompile normal arm64 /Users/richard/code/BicTerm/Vendor/swift-nio-ssh/Sources/NIOSSH/Child\ Channels/ChildChannelWritabilityManager.swift (in target 'NIOSSH' from project 'swift-nio-ssh')
    cd /Users/richard/code/BicTerm/BicTermCore/.swiftpm/xcode
    

SwiftCompile normal arm64 /Users/richard/code/BicTerm/Vendor/swift-nio-ssh/Sources/NIOSSH/Child\ Channels/OutboundFlowController.swift (in target 'NIOSSH' from project 'swift-nio-ssh')
    cd /Users/richard/code/BicTerm/BicTermCore/.swiftpm/xcode
    

SwiftCompile normal arm64 Compiling\ SSHKeyExchangeStateMachine.swift,\ ClientServerAuthenticationDelegate.swift,\ NIOSSHCertifiedPublicKey.swift /Users/richard/code/BicTerm/Vendor/swift-nio-ssh/Sources/NIOSSH/Key\ Exchange/SSHKeyExchangeStateMachine.swift /Users/richard/code/BicTerm/Vendor/swift-nio-ssh/Sources/NIOSSH/Keys\ And\ Signatures/ClientServerAuthenticationDelegate.swift /Users/richard/code/BicTerm/Vendor/swift-nio-ssh/Sources/NIOSSH/Keys\ And\ Signatures/NIOSSHCertifiedPublicKey.swift (in target 'NIOSSH' from project 'swift-nio-ssh')

SwiftCompile normal arm64 /Users/richard/code/BicTerm/Vendor/swift-nio-ssh/Sources/NIOSSH/Key\ Exchange/SSHKeyExchangeStateMachine.swift (in target 'NIOSSH' from project 'swift-nio-ssh')
    cd /Users/richard/code/BicTerm/BicTermCore/.swiftpm/xcode
    

SwiftCompile normal arm64 /Users/richard/code/BicTerm/Vendor/swift-nio-ssh/Sources/NIOSSH/Keys\ And\ Signatures/ClientServerAuthenticationDelegate.swift (in target 'NIOSSH' from project 'swift-nio-ssh')
    cd /Users/richard/code/BicTerm/BicTermCore/.swiftpm/xcode
    

SwiftCompile normal arm64 /Users/richard/code/BicTerm/Vendor/swift-nio-ssh/Sources/NIOSSH/Keys\ And\ Signatures/NIOSSHCertifiedPublicKey.swift (in target 'NIOSSH' from project 'swift-nio-ssh')
    cd /Users/richard/code/BicTerm/BicTermCore/.swiftpm/xcode
    

SwiftCompile normal arm64 Compiling\ SSHChildChannel.swift,\ AcceptsChannelMessages.swift,\ AcceptsKeyExchangeMessages.swift,\ AcceptsUserAuthMessages.swift /Users/richard/code/BicTerm/Vendor/swift-nio-ssh/Sources/NIOSSH/Child\ Channels/SSHChildChannel.swift /Users/richard/code/BicTerm/Vendor/swift-nio-ssh/Sources/NIOSSH/Connection\ State\ Machine/Operations/AcceptsChannelMessages.swift /Users/richard/code/BicTerm/Vendor/swift-nio-ssh/Sources/NIOSSH/Connection\ State\ Machine/Operations/AcceptsKeyExchangeMessages.swift /Users/richard/code/BicTerm/Vendor/swift-nio-ssh/Sources/NIOSSH/Connection\ State\ Machine/Operations/AcceptsUserAuthMessages.swift (in target 'NIOSSH' from project 'swift-nio-ssh')

SwiftCompile normal arm64 /Users/richard/code/BicTerm/Vendor/swift-nio-ssh/Sources/NIOSSH/Child\ Channels/SSHChildChannel.swift (in target 'NIOSSH' from project 'swift-nio-ssh')
    cd /Users/richard/code/BicTerm/BicTermCore/.swiftpm/xcode
    

SwiftCompile normal arm64 /Users/richard/code/BicTerm/Vendor/swift-nio-ssh/Sources/NIOSSH/Connection\ State\ Machine/Operations/AcceptsChannelMessages.swift (in target 'NIOSSH' from project 'swift-nio-ssh')
    cd /Users/richard/code/BicTerm/BicTermCore/.swiftpm/xcode
    

SwiftCompile normal arm64 /Users/richard/code/BicTerm/Vendor/swift-nio-ssh/Sources/NIOSSH/Connection\ State\ Machine/Operations/AcceptsKeyExchangeMessages.swift (in target 'NIOSSH' from project 'swift-nio-ssh')
    cd /Users/richard/code/BicTerm/BicTermCore/.swiftpm/xcode
    

SwiftCompile normal arm64 /Users/richard/code/BicTerm/Vendor/swift-nio-ssh/Sources/NIOSSH/Connection\ State\ Machine/Operations/AcceptsUserAuthMessages.swift (in target 'NIOSSH' from project 'swift-nio-ssh')
    cd /Users/richard/code/BicTerm/BicTermCore/.swiftpm/xcode
    

SwiftCompile normal arm64 Compiling\ SSHPacketParser.swift,\ SSHPacketSerializer.swift,\ SSHServerConfiguration.swift /Users/richard/code/BicTerm/Vendor/swift-nio-ssh/Sources/NIOSSH/SSHPacketParser.swift /Users/richard/code/BicTerm/Vendor/swift-nio-ssh/Sources/NIOSSH/SSHPacketSerializer.swift /Users/richard/code/BicTerm/Vendor/swift-nio-ssh/Sources/NIOSSH/SSHServerConfiguration.swift (in target 'NIOSSH' from project 'swift-nio-ssh')

SwiftCompile normal arm64 /Users/richard/code/BicTerm/Vendor/swift-nio-ssh/Sources/NIOSSH/SSHPacketParser.swift (in target 'NIOSSH' from project 'swift-nio-ssh')
    cd /Users/richard/code/BicTerm/BicTermCore/.swiftpm/xcode
    

SwiftCompile normal arm64 /Users/richard/code/BicTerm/Vendor/swift-nio-ssh/Sources/NIOSSH/SSHPacketSerializer.swift (in target 'NIOSSH' from project 'swift-nio-ssh')
    cd /Users/richard/code/BicTerm/BicTermCore/.swiftpm/xcode
    

SwiftCompile normal arm64 /Users/richard/code/BicTerm/Vendor/swift-nio-ssh/Sources/NIOSSH/SSHServerConfiguration.swift (in target 'NIOSSH' from project 'swift-nio-ssh')
    cd /Users/richard/code/BicTerm/BicTermCore/.swiftpm/xcode
    

SwiftCompile normal arm64 Compiling\ SSHChannelData.swift,\ SSHChannelIdentifier.swift,\ SSHChannelMultiplexer.swift,\ SSHChannelType.swift /Users/richard/code/BicTerm/Vendor/swift-nio-ssh/Sources/NIOSSH/Child\ Channels/SSHChannelData.swift /Users/richard/code/BicTerm/Vendor/swift-nio-ssh/Sources/NIOSSH/Child\ Channels/SSHChannelIdentifier.swift /Users/richard/code/BicTerm/Vendor/swift-nio-ssh/Sources/NIOSSH/Child\ Channels/SSHChannelMultiplexer.swift /Users/richard/code/BicTerm/Vendor/swift-nio-ssh/Sources/NIOSSH/Child\ Channels/SSHChannelType.swift (in target 'NIOSSH' from project 'swift-nio-ssh')

SwiftCompile normal arm64 /Users/richard/code/BicTerm/Vendor/swift-nio-ssh/Sources/NIOSSH/Child\ Channels/SSHChannelData.swift (in target 'NIOSSH' from project 'swift-nio-ssh')
    cd /Users/richard/code/BicTerm/BicTermCore/.swiftpm/xcode
    

SwiftCompile normal arm64 /Users/richard/code/BicTerm/Vendor/swift-nio-ssh/Sources/NIOSSH/Child\ Channels/SSHChannelIdentifier.swift (in target 'NIOSSH' from project 'swift-nio-ssh')
    cd /Users/richard/code/BicTerm/BicTermCore/.swiftpm/xcode
    

SwiftCompile normal arm64 /Users/richard/code/BicTerm/Vendor/swift-nio-ssh/Sources/NIOSSH/Child\ Channels/SSHChannelMultiplexer.swift (in target 'NIOSSH' from project 'swift-nio-ssh')
    cd /Users/richard/code/BicTerm/BicTermCore/.swiftpm/xcode
    

SwiftCompile normal arm64 /Users/richard/code/BicTerm/Vendor/swift-nio-ssh/Sources/NIOSSH/Child\ Channels/SSHChannelType.swift (in target 'NIOSSH' from project 'swift-nio-ssh')
    cd /Users/richard/code/BicTerm/BicTermCore/.swiftpm/xcode
    

SwiftCompile normal arm64 Compiling\ SSHClientConfiguration.swift,\ SSHEncryptablePacketPayload.swift,\ SSHMessages.swift /Users/richard/code/BicTerm/Vendor/swift-nio-ssh/Sources/NIOSSH/SSHClientConfiguration.swift /Users/richard/code/BicTerm/Vendor/swift-nio-ssh/Sources/NIOSSH/SSHEncryptablePacketPayload.swift /Users/richard/code/BicTerm/Vendor/swift-nio-ssh/Sources/NIOSSH/SSHMessages.swift (in target 'NIOSSH' from project 'swift-nio-ssh')
SwiftCompile normal arm64 /Users/richard/code/BicTerm/Vendor/swift-nio-ssh/Sources/NIOSSH/SSHClientConfiguration.swift (in target 'NIOSSH' from project 'swift-nio-ssh')
    cd /Users/richard/code/BicTerm/BicTermCore/.swiftpm/xcode
    

SwiftCompile normal arm64 /Users/richard/code/BicTerm/Vendor/swift-nio-ssh/Sources/NIOSSH/SSHEncryptablePacketPayload.swift (in target 'NIOSSH' from project 'swift-nio-ssh')
    cd /Users/richard/code/BicTerm/BicTermCore/.swiftpm/xcode
    

SwiftCompile normal arm64 /Users/richard/code/BicTerm/Vendor/swift-nio-ssh/Sources/NIOSSH/SSHMessages.swift (in target 'NIOSSH' from project 'swift-nio-ssh')
    cd /Users/richard/code/BicTerm/BicTermCore/.swiftpm/xcode
    

SwiftCompile normal arm64 Compiling\ KeyExchangeState.swift,\ ReceivedKexInitWhenActiveState.swift,\ ReceivedNewKeysState.swift /Users/richard/code/BicTerm/Vendor/swift-nio-ssh/Sources/NIOSSH/Connection\ State\ Machine/States/KeyExchangeState.swift /Users/richard/code/BicTerm/Vendor/swift-nio-ssh/Sources/NIOSSH/Connection\ State\ Machine/States/ReceivedKexInitWhenActiveState.swift /Users/richard/code/BicTerm/Vendor/swift-nio-ssh/Sources/NIOSSH/Connection\ State\ Machine/States/ReceivedNewKeysState.swift (in target 'NIOSSH' from project 'swift-nio-ssh')

SwiftCompile normal arm64 /Users/richard/code/BicTerm/Vendor/swift-nio-ssh/Sources/NIOSSH/Connection\ State\ Machine/States/KeyExchangeState.swift (in target 'NIOSSH' from project 'swift-nio-ssh')
    cd /Users/richard/code/BicTerm/BicTermCore/.swiftpm/xcode
    

SwiftCompile normal arm64 /Users/richard/code/BicTerm/Vendor/swift-nio-ssh/Sources/NIOSSH/Connection\ State\ Machine/States/ReceivedKexInitWhenActiveState.swift (in target 'NIOSSH' from project 'swift-nio-ssh')
    cd /Users/richard/code/BicTerm/BicTermCore/.swiftpm/xcode
    

SwiftCompile normal arm64 /Users/richard/code/BicTerm/Vendor/swift-nio-ssh/Sources/NIOSSH/Connection\ State\ Machine/States/ReceivedNewKeysState.swift (in target 'NIOSSH' from project 'swift-nio-ssh')
    cd /Users/richard/code/BicTerm/BicTermCore/.swiftpm/xcode
    

SwiftCompile normal arm64 Compiling\ ECDHCompatibleKey.swift,\ EllipticCurveKeyExchange.swift,\ SSHKeyExchangeResult.swift /Users/richard/code/BicTerm/Vendor/swift-nio-ssh/Sources/NIOSSH/Key\ Exchange/ECDHCompatibleKey.swift /Users/richard/code/BicTerm/Vendor/swift-nio-ssh/Sources/NIOSSH/Key\ Exchange/EllipticCurveKeyExchange.swift /Users/richard/code/BicTerm/Vendor/swift-nio-ssh/Sources/NIOSSH/Key\ Exchange/SSHKeyExchangeResult.swift (in target 'NIOSSH' from project 'swift-nio-ssh')

SwiftCompile normal arm64 /Users/richard/code/BicTerm/Vendor/swift-nio-ssh/Sources/NIOSSH/Key\ Exchange/ECDHCompatibleKey.swift (in target 'NIOSSH' from project 'swift-nio-ssh')
    cd /Users/richard/code/BicTerm/BicTermCore/.swiftpm/xcode
    

SwiftCompile normal arm64 /Users/richard/code/BicTerm/Vendor/swift-nio-ssh/Sources/NIOSSH/Key\ Exchange/EllipticCurveKeyExchange.swift (in target 'NIOSSH' from project 'swift-nio-ssh')
    cd /Users/richard/code/BicTerm/BicTermCore/.swiftpm/xcode
    

SwiftCompile normal arm64 /Users/richard/code/BicTerm/Vendor/swift-nio-ssh/Sources/NIOSSH/Key\ Exchange/SSHKeyExchangeResult.swift (in target 'NIOSSH' from project 'swift-nio-ssh')
    cd /Users/richard/code/BicTerm/BicTermCore/.swiftpm/xcode
    

SwiftCompile normal arm64 Compiling\ NIOSSHError.swift,\ NIOSSHHandler.swift,\ Role.swift /Users/richard/code/BicTerm/Vendor/swift-nio-ssh/Sources/NIOSSH/NIOSSHError.swift /Users/richard/code/BicTerm/Vendor/swift-nio-ssh/Sources/NIOSSH/NIOSSHHandler.swift /Users/richard/code/BicTerm/Vendor/swift-nio-ssh/Sources/NIOSSH/Role.swift (in target 'NIOSSH' from project 'swift-nio-ssh')

SwiftCompile normal arm64 /Users/richard/code/BicTerm/Vendor/swift-nio-ssh/Sources/NIOSSH/NIOSSHError.swift (in target 'NIOSSH' from project 'swift-nio-ssh')
    cd /Users/richard/code/BicTerm/BicTermCore/.swiftpm/xcode
    

SwiftCompile normal arm64 /Users/richard/code/BicTerm/Vendor/swift-nio-ssh/Sources/NIOSSH/NIOSSHHandler.swift (in target 'NIOSSH' from project 'swift-nio-ssh')
    cd /Users/richard/code/BicTerm/BicTermCore/.swiftpm/xcode
    

SwiftCompile normal arm64 /Users/richard/code/BicTerm/Vendor/swift-nio-ssh/Sources/NIOSSH/Role.swift (in target 'NIOSSH' from project 'swift-nio-ssh')
    cd /Users/richard/code/BicTerm/BicTermCore/.swiftpm/xcode
    

SwiftEmitModule normal arm64 Emitting\ module\ for\ NIOSSH (in target 'NIOSSH' from project 'swift-nio-ssh')

EmitSwiftModule normal arm64 (in target 'NIOSSH' from project 'swift-nio-ssh')
    cd /Users/richard/code/BicTerm/BicTermCore/.swiftpm/xcode
    

SwiftCompile normal arm64 Compiling\ UserAuthenticationMethod.swift,\ UserAuthenticationStateMachine.swift,\ _NIOSSHSendableMetatype.swift /Users/richard/code/BicTerm/Vendor/swift-nio-ssh/Sources/NIOSSH/User\ Authentication/UserAuthenticationMethod.swift /Users/richard/code/BicTerm/Vendor/swift-nio-ssh/Sources/NIOSSH/User\ Authentication/UserAuthenticationStateMachine.swift /Users/richard/code/BicTerm/Vendor/swift-nio-ssh/Sources/NIOSSH/_NIOSSHSendableMetatype.swift (in target 'NIOSSH' from project 'swift-nio-ssh')

SwiftCompile normal arm64 /Users/richard/code/BicTerm/Vendor/swift-nio-ssh/Sources/NIOSSH/User\ Authentication/UserAuthenticationMethod.swift (in target 'NIOSSH' from project 'swift-nio-ssh')
    cd /Users/richard/code/BicTerm/BicTermCore/.swiftpm/xcode
    

SwiftCompile normal arm64 /Users/richard/code/BicTerm/Vendor/swift-nio-ssh/Sources/NIOSSH/User\ Authentication/UserAuthenticationStateMachine.swift (in target 'NIOSSH' from project 'swift-nio-ssh')
    cd /Users/richard/code/BicTerm/BicTermCore/.swiftpm/xcode
    

SwiftCompile normal arm64 /Users/richard/code/BicTerm/Vendor/swift-nio-ssh/Sources/NIOSSH/_NIOSSHSendableMetatype.swift (in target 'NIOSSH' from project 'swift-nio-ssh')
    cd /Users/richard/code/BicTerm/BicTermCore/.swiftpm/xcode
    

SwiftCompile normal arm64 Compiling\ SSHTerminalModes.swift,\ AESGCM.swift,\ SSHTransportProtection.swift /Users/richard/code/BicTerm/Vendor/swift-nio-ssh/Sources/NIOSSH/SSHTerminalModes.swift /Users/richard/code/BicTerm/Vendor/swift-nio-ssh/Sources/NIOSSH/TransportProtection/AESGCM.swift /Users/richard/code/BicTerm/Vendor/swift-nio-ssh/Sources/NIOSSH/TransportProtection/SSHTransportProtection.swift (in target 'NIOSSH' from project 'swift-nio-ssh')

SwiftCompile normal arm64 /Users/richard/code/BicTerm/Vendor/swift-nio-ssh/Sources/NIOSSH/SSHTerminalModes.swift (in target 'NIOSSH' from project 'swift-nio-ssh')
    cd /Users/richard/code/BicTerm/BicTermCore/.swiftpm/xcode
    

SwiftCompile normal arm64 /Users/richard/code/BicTerm/Vendor/swift-nio-ssh/Sources/NIOSSH/TransportProtection/AESGCM.swift (in target 'NIOSSH' from project 'swift-nio-ssh')
    cd /Users/richard/code/BicTerm/BicTermCore/.swiftpm/xcode
    

SwiftCompile normal arm64 /Users/richard/code/BicTerm/Vendor/swift-nio-ssh/Sources/NIOSSH/TransportProtection/SSHTransportProtection.swift (in target 'NIOSSH' from project 'swift-nio-ssh')
    cd /Users/richard/code/BicTerm/BicTermCore/.swiftpm/xcode
    

SwiftCompile normal arm64 Compiling\ SimplePasswordDelegate.swift,\ UserAuthDelegate.swift,\ UserAuthSignablePayload.swift /Users/richard/code/BicTerm/Vendor/swift-nio-ssh/Sources/NIOSSH/User\ Authentication/SimplePasswordDelegate.swift /Users/richard/code/BicTerm/Vendor/swift-nio-ssh/Sources/NIOSSH/User\ Authentication/UserAuthDelegate.swift /Users/richard/code/BicTerm/Vendor/swift-nio-ssh/Sources/NIOSSH/User\ Authentication/UserAuthSignablePayload.swift (in target 'NIOSSH' from project 'swift-nio-ssh')

SwiftCompile normal arm64 /Users/richard/code/BicTerm/Vendor/swift-nio-ssh/Sources/NIOSSH/User\ Authentication/SimplePasswordDelegate.swift (in target 'NIOSSH' from project 'swift-nio-ssh')
    cd /Users/richard/code/BicTerm/BicTermCore/.swiftpm/xcode
    

SwiftCompile normal arm64 /Users/richard/code/BicTerm/Vendor/swift-nio-ssh/Sources/NIOSSH/User\ Authentication/UserAuthDelegate.swift (in target 'NIOSSH' from project 'swift-nio-ssh')
    cd /Users/richard/code/BicTerm/BicTermCore/.swiftpm/xcode
    

SwiftCompile normal arm64 /Users/richard/code/BicTerm/Vendor/swift-nio-ssh/Sources/NIOSSH/User\ Authentication/UserAuthSignablePayload.swift (in target 'NIOSSH' from project 'swift-nio-ssh')
    cd /Users/richard/code/BicTerm/BicTermCore/.swiftpm/xcode
    

SwiftCompile normal arm64 Compiling\ ClientUserAuthenticationDelegate.swift,\ DenyAllServerAuthDelegate.swift,\ ServerUserAuthenticationDelegate.swift /Users/richard/code/BicTerm/Vendor/swift-nio-ssh/Sources/NIOSSH/User\ Authentication/ClientUserAuthenticationDelegate.swift /Users/richard/code/BicTerm/Vendor/swift-nio-ssh/Sources/NIOSSH/User\ Authentication/DenyAllServerAuthDelegate.swift /Users/richard/code/BicTerm/Vendor/swift-nio-ssh/Sources/NIOSSH/User\ Authentication/ServerUserAuthenticationDelegate.swift (in target 'NIOSSH' from project 'swift-nio-ssh')

SwiftCompile normal arm64 /Users/richard/code/BicTerm/Vendor/swift-nio-ssh/Sources/NIOSSH/User\ Authentication/ClientUserAuthenticationDelegate.swift (in target 'NIOSSH' from project 'swift-nio-ssh')
    cd /Users/richard/code/BicTerm/BicTermCore/.swiftpm/xcode
    

SwiftCompile normal arm64 /Users/richard/code/BicTerm/Vendor/swift-nio-ssh/Sources/NIOSSH/User\ Authentication/DenyAllServerAuthDelegate.swift (in target 'NIOSSH' from project 'swift-nio-ssh')
    cd /Users/richard/code/BicTerm/BicTermCore/.swiftpm/xcode
    

SwiftCompile normal arm64 /Users/richard/code/BicTerm/Vendor/swift-nio-ssh/Sources/NIOSSH/User\ Authentication/ServerUserAuthenticationDelegate.swift (in target 'NIOSSH' from project 'swift-nio-ssh')
    cd /Users/richard/code/BicTerm/BicTermCore/.swiftpm/xcode
    

SwiftDriverJobDiscovery normal arm64 Compiling SimplePasswordDelegate.swift, UserAuthDelegate.swift, UserAuthSignablePayload.swift (in target 'NIOSSH' from project 'swift-nio-ssh')

SwiftDriverJobDiscovery normal arm64 Compiling RekeyingReceivedNewKeysState.swift, RekeyingSentNewKeysState.swift, RekeyingState.swift (in target 'NIOSSH' from project 'swift-nio-ssh')

SwiftDriverJobDiscovery normal arm64 Compiling SentKexInitWhenActiveState.swift, SentNewKeysState.swift, SentVersionState.swift (in target 'NIOSSH' from project 'swift-nio-ssh')

SwiftDriverJobDiscovery normal arm64 Compiling AcceptsVersionMessages.swift, SendsChannelMessages.swift, SendsKeyExchangeMessages.swift, SendsUserAuthMessages.swift (in target 'NIOSSH' from project 'swift-nio-ssh')

SwiftDriverJobDiscovery normal arm64 Compiling KeyExchangeState.swift, ReceivedKexInitWhenActiveState.swift, ReceivedNewKeysState.swift (in target 'NIOSSH' from project 'swift-nio-ssh')

SwiftDriverJobDiscovery normal arm64 Compiling UserAuthenticationState.swift, Constants.swift, GlobalRequestDelegate.swift (in target 'NIOSSH' from project 'swift-nio-ssh')

SwiftDriverJobDiscovery normal arm64 Compiling ClientUserAuthenticationDelegate.swift, DenyAllServerAuthDelegate.swift, ServerUserAuthenticationDelegate.swift (in target 'NIOSSH' from project 'swift-nio-ssh')

SwiftDriverJobDiscovery normal arm64 Compiling UserAuthenticationMethod.swift, UserAuthenticationStateMachine.swift, _NIOSSHSendableMetatype.swift (in target 'NIOSSH' from project 'swift-nio-ssh')

SwiftDriverJobDiscovery normal arm64 Compiling ByteBuffer+SSH.swift, CSPRNG.swift, ChildChannelOptions.swift, ChildChannelStateMachine.swift (in target 'NIOSSH' from project 'swift-nio-ssh')

SwiftDriverJobDiscovery normal arm64 Compiling ECDHCompatibleKey.swift, EllipticCurveKeyExchange.swift, SSHKeyExchangeResult.swift (in target 'NIOSSH' from project 'swift-nio-ssh')

SwiftDriverJobDiscovery normal arm64 Compiling NIOSSHPrivateKey.swift, NIOSSHPublicKey.swift, NIOSSHSignature.swift (in target 'NIOSSH' from project 'swift-nio-ssh')

SwiftDriverJobDiscovery normal arm64 Compiling SSHTerminalModes.swift, AESGCM.swift, SSHTransportProtection.swift (in target 'NIOSSH' from project 'swift-nio-ssh')

SwiftDriverJobDiscovery normal arm64 Compiling NIOSSHError.swift, NIOSSHHandler.swift, Role.swift (in target 'NIOSSH' from project 'swift-nio-ssh')

SwiftDriverJobDiscovery normal arm64 Compiling SSHChannelData.swift, SSHChannelIdentifier.swift, SSHChannelMultiplexer.swift, SSHChannelType.swift (in target 'NIOSSH' from project 'swift-nio-ssh')

SwiftDriverJobDiscovery normal arm64 Emitting module for NIOSSH (in target 'NIOSSH' from project 'swift-nio-ssh')

SwiftDriver\ Compilation\ Requirements NIOSSH normal arm64 com.apple.xcode.tools.swift.compiler (in target 'NIOSSH' from project 'swift-nio-ssh')
    cd /Users/richard/code/BicTerm/BicTermCore/.swiftpm/xcode
    builtin-Swift-Compilation-Requirements -- /Applications/Xcode.app/Contents/Developer/Toolchains/XcodeDefault.xctoolchain/usr/bin/swiftc -module-name NIOSSH -Onone @/Users/richard/code/BicTerm/.build-artifacts/DerivedData/g12-core/Build/Intermediates.noindex/swift-nio-ssh.build/Debug-iphonesimulator/NIOSSH.build/Objects-normal/arm64/NIOSSH.SwiftFileList -DSWIFT_PACKAGE -DDEBUG -DSWIFT_MODULE_RESOURCE_BUNDLE_UNAVAILABLE -Xcc -fmodule-map-file\=/Users/richard/code/BicTerm/.build-artifacts/DerivedData/g12-core/Build/Intermediates.noindex/GeneratedModuleMaps-iphonesimulator/CNIOPosix.modulemap -Xcc -fmodule-map-file\=/Users/richard/code/BicTerm/.build-artifacts/DerivedData/g12-core/Build/Intermediates.noindex/GeneratedModuleMaps-iphonesimulator/CNIOWASI.modulemap -Xcc -fmodule-map-file\=/Users/richard/code/BicTerm/.build-artifacts/DerivedData/g12-core/Build/Intermediates.noindex/GeneratedModuleMaps-iphonesimulator/CNIOLinux.modulemap -Xcc -fmodule-map-file\=/Users/richard/code/BicTerm/.build-artifacts/DerivedData/g12-core/Build/Intermediates.noindex/GeneratedModuleMaps-iphonesimulator/CNIODarwin.modulemap -Xcc -fmodule-map-file\=/Users/richard/code/BicTerm/.build-artifacts/DerivedData/g12-core/Build/Intermediates.noindex/GeneratedModuleMaps-iphonesimulator/CNIOFreeBSD.modulemap -Xcc -fmodule-map-file\=/Users/richard/code/BicTerm/.build-artifacts/DerivedData/g12-core/Build/Intermediates.noindex/GeneratedModuleMaps-iphonesimulator/CNIOOpenBSD.modulemap -Xcc -fmodule-map-file\=/Users/richard/code/BicTerm/.build-artifacts/DerivedData/g12-core/Build/Intermediates.noindex/GeneratedModuleMaps-iphonesimulator/CNIOAtomics.modulemap -DXcode -enable-upcoming-feature MemberImportVisibility -plugin-path /Applications/Xcode.app/Contents/Developer/Toolchains/XcodeDefault.xctoolchain/usr/lib/swift/host/plugins/testing -enable-experimental-feature DebugDescriptionMacro -sdk /Applications/Xcode.app/Contents/Developer/Platforms/iPhoneSimulator.platform/Developer/SDKs/iPhoneSimulator26.5.sdk -target arm64-apple-ios13.0-simulator -g -module-cache-path /Users/richard/code/BicTerm/.build-artifacts/DerivedData/g12-core/ModuleCache.noindex -Xfrontend -serialize-debugging-options -profile-coverage-mapping -profile-generate -enable-testing -suppress-warnings -index-store-path /Users/richard/code/BicTerm/.build-artifacts/DerivedData/g12-core/Index.noindex/DataStore -Xcc -D_LIBCPP_HARDENING_MODE\=_LIBCPP_HARDENING_MODE_DEBUG -swift-version 6 -I /Users/richard/code/BicTerm/.build-artifacts/DerivedData/g12-core/Build/Products/Debug-iphonesimulator -Isystem /Applications/Xcode.app/Contents/Developer/Platforms/iPhoneSimulator.platform/Developer/usr/lib -F /Users/richard/code/BicTerm/.build-artifacts/DerivedData/g12-core/Build/Products/Debug-iphonesimulator/PackageFrameworks -F /Users/richard/code/BicTerm/.build-artifacts/DerivedData/g12-core/Build/Products/Debug-iphonesimulator/PackageFrameworks -F /Users/richard/code/BicTerm/.build-artifacts/DerivedData/g12-core/Build/Products/Debug-iphonesimulator/PackageFrameworks -F /Users/richard/code/BicTerm/.build-artifacts/DerivedData/g12-core/Build/Products/Debug-iphonesimulator/PackageFrameworks -F /Users/richard/code/BicTerm/.build-artifacts/DerivedData/g12-core/Build/Products/Debug-iphonesimulator/PackageFrameworks -F /Users/richard/code/BicTerm/.build-artifacts/DerivedData/g12-core/Build/Products/Debug-iphonesimulator/PackageFrameworks -F /Users/richard/code/BicTerm/.build-artifacts/DerivedData/g12-core/Build/Products/Debug-iphonesimulator/PackageFrameworks -F /Users/richard/code/BicTerm/.build-artifacts/DerivedData/g12-core/Build/Products/Debug-iphonesimulator/PackageFrameworks -F /Users/richard/code/BicTerm/.build-artifacts/DerivedData/g12-core/Build/Products/Debug-iphonesimulator/PackageFrameworks -F /Users/richard/code/BicTerm/.build-artifacts/DerivedData/g12-core/Build/Products/Debug-iphonesimulator/PackageFrameworks -F /Users/richard/code/BicTerm/.build-artifacts/DerivedData/g12-core/Build/Products/Debug-iphonesimulator/PackageFrameworks -F /Users/richard/code/BicTerm/.build-artifacts/DerivedData/g12-core/Build/Products/Debug-iphonesimulator/PackageFrameworks -F /Users/richard/code/BicTerm/.build-artifacts/DerivedData/g12-core/Build/Products/Debug-iphonesimulator/PackageFrameworks -F /Users/richard/code/BicTerm/.build-artifacts/DerivedData/g12-core/Build/Products/Debug-iphonesimulator/PackageFrameworks -F /Users/richard/code/BicTerm/.build-artifacts/DerivedData/g12-core/Build/Products/Debug-iphonesimulator/PackageFrameworks -F /Users/richard/code/BicTerm/.build-artifacts/DerivedData/g12-core/Build/Products/Debug-iphonesimulator/PackageFrameworks -F /Users/richard/code/BicTerm/.build-artifacts/DerivedData/g12-core/Build/Products/Debug-iphonesimulator/PackageFrameworks -F /Users/richard/code/BicTerm/.build-artifacts/DerivedData/g12-core/Build/Products/Debug-iphonesimulator/PackageFrameworks -F /Users/richard/code/BicTerm/.build-artifacts/DerivedData/g12-core/Build/Products/Debug-iphonesimulator/PackageFrameworks -F /Users/richard/code/BicTerm/.build-artifacts/DerivedData/g12-core/Build/Products/Debug-iphonesimulator/PackageFrameworks -F /Users/richard/code/BicTerm/.build-artifacts/DerivedData/g12-core/Build/Products/Debug-iphonesimulator/PackageFrameworks -F /Users/richard/code/BicTerm/.build-artifacts/DerivedData/g12-core/Build/Products/Debug-iphonesimulator/PackageFrameworks -F /Users/richard/code/BicTerm/.build-artifacts/DerivedData/g12-core/Build/Products/Debug-iphonesimulator/PackageFrameworks -F /Users/richard/code/BicTerm/.build-artifacts/DerivedData/g12-core/Build/Products/Debug-iphonesimulator -F /Applications/Xcode.app/Contents/Developer/Platforms/iPhoneSimulator.platform/Developer/Library/Frameworks -F /Applications/Xcode.app/Contents/Developer/Platforms/iPhoneSimulator.platform/Developer/SDKs/iPhoneSimulator26.5.sdk/Developer/Library/Frameworks -c -j20 -enable-batch-mode -incremental -Xcc -ivfsstatcache -Xcc /Users/richard/code/BicTerm/.build-artifacts/DerivedData/g12-core/SDKStatCaches.noindex/iphonesimulator26.5-23F81a-688ef53f1462e2c8f657fdc38a81448f6cfe768891a92b912361537c460fe42b.sdkstatcache -output-file-map /Users/richard/code/BicTerm/.build-artifacts/DerivedData/g12-core/Build/Intermediates.noindex/swift-nio-ssh.build/Debug-iphonesimulator/NIOSSH.build/Objects-normal/arm64/NIOSSH-OutputFileMap.json -use-frontend-parseable-output -save-temps -no-color-diagnostics -explicit-module-build -module-cache-path /Users/richard/code/BicTerm/.build-artifacts/DerivedData/g12-core/Build/Intermediates.noindex/SwiftExplicitPrecompiledModules -clang-scanner-module-cache-path /Users/richard/code/BicTerm/.build-artifacts/DerivedData/g12-core/ModuleCache.noindex -sdk-module-cache-path /Users/richard/code/BicTerm/.build-artifacts/DerivedData/g12-core/ModuleCache.noindex -serialize-diagnostics -emit-dependencies -emit-module -emit-module-path /Users/richard/code/BicTerm/.build-artifacts/DerivedData/g12-core/Build/Intermediates.noindex/swift-nio-ssh.build/Debug-iphonesimulator/NIOSSH.build/Objects-normal/arm64/NIOSSH.swiftmodule -validate-clang-modules-once -clang-build-session-file /Users/richard/code/BicTerm/.build-artifacts/DerivedData/g12-core/ModuleCache.noindex/Session.modulevalidation -package-name swift_nio_ssh -Xcc -I/Users/richard/code/BicTerm/.build-artifacts/DerivedData/g12-core/Build/Intermediates.noindex/swift-nio-ssh.build/Debug-iphonesimulator/NIOSSH.build/swift-overrides.hmap -emit-const-values -Xfrontend -const-gather-protocols-file -Xfrontend /Users/richard/code/BicTerm/.build-artifacts/DerivedData/g12-core/Build/Intermediates.noindex/swift-nio-ssh.build/Debug-iphonesimulator/NIOSSH.build/Objects-normal/arm64/NIOSSH_const_extract_protocols.json -Xcc -I/Users/richard/code/BicTerm/.build-artifacts/DerivedData/g12-core/SourcePackages/checkouts/swift-nio/Sources/CNIOPosix/include -Xcc -I/Users/richard/code/BicTerm/.build-artifacts/DerivedData/g12-core/SourcePackages/checkouts/swift-nio/Sources/CNIOWASI/include -Xcc -I/Users/richard/code/BicTerm/.build-artifacts/DerivedData/g12-core/SourcePackages/checkouts/swift-nio/Sources/CNIOWindows/include -Xcc -I/Users/richard/code/BicTerm/.build-artifacts/DerivedData/g12-core/SourcePackages/checkouts/swift-nio/Sources/CNIOLinux/include -Xcc -I/Users/richard/code/BicTerm/.build-artifacts/DerivedData/g12-core/SourcePackages/checkouts/swift-nio/Sources/CNIODarwin/include -Xcc -I/Users/richard/code/BicTerm/.build-artifacts/DerivedData/g12-core/SourcePackages/checkouts/swift-nio/Sources/CNIOFreeBSD/include -Xcc -I/Users/richard/code/BicTerm/.build-artifacts/DerivedData/g12-core/SourcePackages/checkouts/swift-nio/Sources/CNIOOpenBSD/include -Xcc -I/Users/richard/code/BicTerm/.build-artifacts/DerivedData/g12-core/SourcePackages/checkouts/swift-nio/Sources/CNIOAtomics/include -Xcc -I/Users/richard/code/BicTerm/.build-artifacts/DerivedData/g12-core/SourcePackages/checkouts/swift-atomics/Sources/_AtomicsShims/include -Xcc -I/Users/richard/code/BicTerm/.build-artifacts/DerivedData/g12-core/Build/Products/Debug-iphonesimulator/include -Xcc -I/Users/richard/code/BicTerm/.build-artifacts/DerivedData/g12-core/Build/Intermediates.noindex/swift-nio-ssh.build/Debug-iphonesimulator/NIOSSH.build/DerivedSources-normal/arm64 -Xcc -I/Users/richard/code/BicTerm/.build-artifacts/DerivedData/g12-core/Build/Intermediates.noindex/swift-nio-ssh.build/Debug-iphonesimulator/NIOSSH.build/DerivedSources/arm64 -Xcc -I/Users/richard/code/BicTerm/.build-artifacts/DerivedData/g12-core/Build/Intermediates.noindex/swift-nio-ssh.build/Debug-iphonesimulator/NIOSSH.build/DerivedSources -Xcc -DSWIFT_PACKAGE -Xcc -DDEBUG\=1 -emit-objc-header -emit-objc-header-path /Users/richard/code/BicTerm/.build-artifacts/DerivedData/g12-core/Build/Intermediates.noindex/swift-nio-ssh.build/Debug-iphonesimulator/NIOSSH.build/Objects-normal/arm64/NIOSSH-Swift.h -working-directory /Users/richard/code/BicTerm/BicTermCore/.swiftpm/xcode -experimental-emit-module-separately -disable-cmo

Copy /Users/richard/code/BicTerm/.build-artifacts/DerivedData/g12-core/Build/Products/Debug-iphonesimulator/NIOSSH.swiftmodule/Project/arm64-apple-ios-simulator.swiftsourceinfo /Users/richard/code/BicTerm/.build-artifacts/DerivedData/g12-core/Build/Intermediates.noindex/swift-nio-ssh.build/Debug-iphonesimulator/NIOSSH.build/Objects-normal/arm64/NIOSSH.swiftsourceinfo (in target 'NIOSSH' from project 'swift-nio-ssh')
    cd /Users/richard/code/BicTerm/Vendor/swift-nio-ssh
    builtin-copy -exclude .DS_Store -exclude CVS -exclude .svn -exclude .git -exclude .hg -resolve-src-symlinks -rename /Users/richard/code/BicTerm/.build-artifacts/DerivedData/g12-core/Build/Intermediates.noindex/swift-nio-ssh.build/Debug-iphonesimulator/NIOSSH.build/Objects-normal/arm64/NIOSSH.swiftsourceinfo /Users/richard/code/BicTerm/.build-artifacts/DerivedData/g12-core/Build/Products/Debug-iphonesimulator/NIOSSH.swiftmodule/Project/arm64-apple-ios-simulator.swiftsourceinfo

SwiftDriverJobDiscovery normal arm64 Compiling SSHPacketParser.swift, SSHPacketSerializer.swift, SSHServerConfiguration.swift (in target 'NIOSSH' from project 'swift-nio-ssh')

SwiftDriverJobDiscovery normal arm64 Compiling SSHChildChannel.swift, AcceptsChannelMessages.swift, AcceptsKeyExchangeMessages.swift, AcceptsUserAuthMessages.swift (in target 'NIOSSH' from project 'swift-nio-ssh')

Copy /Users/richard/code/BicTerm/.build-artifacts/DerivedData/g12-core/Build/Products/Debug-iphonesimulator/NIOSSH.swiftmodule/arm64-apple-ios-simulator.abi.json /Users/richard/code/BicTerm/.build-artifacts/DerivedData/g12-core/Build/Intermediates.noindex/swift-nio-ssh.build/Debug-iphonesimulator/NIOSSH.build/Objects-normal/arm64/NIOSSH.abi.json (in target 'NIOSSH' from project 'swift-nio-ssh')
    cd /Users/richard/code/BicTerm/Vendor/swift-nio-ssh
    builtin-copy -exclude .DS_Store -exclude CVS -exclude .svn -exclude .git -exclude .hg -resolve-src-symlinks -rename /Users/richard/code/BicTerm/.build-artifacts/DerivedData/g12-core/Build/Intermediates.noindex/swift-nio-ssh.build/Debug-iphonesimulator/NIOSSH.build/Objects-normal/arm64/NIOSSH.abi.json /Users/richard/code/BicTerm/.build-artifacts/DerivedData/g12-core/Build/Products/Debug-iphonesimulator/NIOSSH.swiftmodule/arm64-apple-ios-simulator.abi.json

SwiftDriver BicTermCore normal arm64 com.apple.xcode.tools.swift.compiler (in target 'BicTermCore' from project 'BicTermCore')
    cd /Users/richard/code/BicTerm/BicTermCore/.swiftpm/xcode
    builtin-SwiftDriver -- /Applications/Xcode.app/Contents/Developer/Toolchains/XcodeDefault.xctoolchain/usr/bin/swiftc -module-name BicTermCore -Onone @/Users/richard/code/BicTerm/.build-artifacts/DerivedData/g12-core/Build/Intermediates.noindex/BicTermCore.build/Debug-iphonesimulator/BicTermCore.build/Objects-normal/arm64/BicTermCore.SwiftFileList -DSWIFT_PACKAGE -DDEBUG -DSWIFT_MODULE_RESOURCE_BUNDLE_UNAVAILABLE -Xcc -fmodule-map-file\=/Users/richard/code/BicTerm/.build-artifacts/DerivedData/g12-core/Build/Intermediates.noindex/GeneratedModuleMaps-iphonesimulator/CNIOPosix.modulemap -Xcc -fmodule-map-file\=/Users/richard/code/BicTerm/.build-artifacts/DerivedData/g12-core/Build/Intermediates.noindex/GeneratedModuleMaps-iphonesimulator/CNIOWASI.modulemap -Xcc -fmodule-map-file\=/Users/richard/code/BicTerm/.build-artifacts/DerivedData/g12-core/Build/Intermediates.noindex/GeneratedModuleMaps-iphonesimulator/CNIOFreeBSD.modulemap -Xcc -fmodule-map-file\=/Users/richard/code/BicTerm/.build-artifacts/DerivedData/g12-core/Build/Intermediates.noindex/GeneratedModuleMaps-iphonesimulator/CNIOAtomics.modulemap -Xcc -fmodule-map-file\=/Users/richard/code/BicTerm/.build-artifacts/DerivedData/g12-core/Build/Intermediates.noindex/GeneratedModuleMaps-iphonesimulator/CNIODarwin.modulemap -Xcc -fmodule-map-file\=/Users/richard/code/BicTerm/.build-artifacts/DerivedData/g12-core/Build/Intermediates.noindex/GeneratedModuleMaps-iphonesimulator/CNIOLinux.modulemap -Xcc -fmodule-map-file\=/Users/richard/code/BicTerm/.build-artifacts/DerivedData/g12-core/Build/Intermediates.noindex/GeneratedModuleMaps-iphonesimulator/CNIOOpenBSD.modulemap -Xcc -fmodule-map-file\=/Users/richard/code/BicTerm/.build-artifacts/DerivedData/g12-core/Build/Intermediates.noindex/GeneratedModuleMaps-iphonesimulator/CBcryptPBKDF.modulemap -DXcode -plugin-path /Applications/Xcode.app/Contents/Developer/Toolchains/XcodeDefault.xctoolchain/usr/lib/swift/host/plugins/testing -enable-experimental-feature DebugDescriptionMacro -sdk /Applications/Xcode.app/Contents/Developer/Platforms/iPhoneSimulator.platform/Developer/SDKs/iPhoneSimulator26.5.sdk -target arm64-apple-ios18.0-simulator -g -module-cache-path /Users/richard/code/BicTerm/.build-artifacts/DerivedData/g12-core/ModuleCache.noindex -Xfrontend -serialize-debugging-options -profile-coverage-mapping -profile-generate -enable-testing -index-store-path /Users/richard/code/BicTerm/.build-artifacts/DerivedData/g12-core/Index.noindex/DataStore -Xcc -D_LIBCPP_HARDENING_MODE\=_LIBCPP_HARDENING_MODE_DEBUG -swift-version 6 -I /Users/richard/code/BicTerm/.build-artifacts/DerivedData/g12-core/Build/Products/Debug-iphonesimulator -Isystem /Applications/Xcode.app/Contents/Developer/Platforms/iPhoneSimulator.platform/Developer/usr/lib -F /Users/richard/code/BicTerm/.build-artifacts/DerivedData/g12-core/Build/Products/Debug-iphonesimulator/PackageFrameworks -F /Users/richard/code/BicTerm/.build-artifacts/DerivedData/g12-core/Build/Products/Debug-iphonesimulator/PackageFrameworks -F /Users/richard/code/BicTerm/.build-artifacts/DerivedData/g12-core/Build/Products/Debug-iphonesimulator/PackageFrameworks -F /Users/richard/code/BicTerm/.build-artifacts/DerivedData/g12-core/Build/Products/Debug-iphonesimulator/PackageFrameworks -F /Users/richard/code/BicTerm/.build-artifacts/DerivedData/g12-core/Build/Products/Debug-iphonesimulator/PackageFrameworks -F /Users/richard/code/BicTerm/.build-artifacts/DerivedData/g12-core/Build/Products/Debug-iphonesimulator/PackageFrameworks -F /Users/richard/code/BicTerm/.build-artifacts/DerivedData/g12-core/Build/Products/Debug-iphonesimulator/PackageFrameworks -F /Users/richard/code/BicTerm/.build-artifacts/DerivedData/g12-core/Build/Products/Debug-iphonesimulator/PackageFrameworks -F /Users/richard/code/BicTerm/.build-artifacts/DerivedData/g12-core/Build/Products/Debug-iphonesimulator/PackageFrameworks -F /Users/richard/code/BicTerm/.build-artifacts/DerivedData/g12-core/Build/Products/Debug-iphonesimulator/PackageFrameworks -F /Users/richard/code/BicTerm/.build-artifacts/DerivedData/g12-core/Build/Products/Debug-iphonesimulator/PackageFrameworks -F /Users/richard/code/BicTerm/.build-artifacts/DerivedData/g12-core/Build/Products/Debug-iphonesimulator/PackageFrameworks -F /Users/richard/code/BicTerm/.build-artifacts/DerivedData/g12-core/Build/Products/Debug-iphonesimulator/PackageFrameworks -F /Users/richard/code/BicTerm/.build-artifacts/DerivedData/g12-core/Build/Products/Debug-iphonesimulator/PackageFrameworks -F /Users/richard/code/BicTerm/.build-artifacts/DerivedData/g12-core/Build/Products/Debug-iphonesimulator/PackageFrameworks -F /Users/richard/code/BicTerm/.build-artifacts/DerivedData/g12-core/Build/Products/Debug-iphonesimulator/PackageFrameworks -F /Users/richard/code/BicTerm/.build-artifacts/DerivedData/g12-core/Build/Products/Debug-iphonesimulator/PackageFrameworks -F /Users/richard/code/BicTerm/.build-artifacts/DerivedData/g12-core/Build/Products/Debug-iphonesimulator/PackageFrameworks -F /Users/richard/code/BicTerm/.build-artifacts/DerivedData/g12-core/Build/Products/Debug-iphonesimulator/PackageFrameworks -F /Users/richard/code/BicTerm/.build-artifacts/DerivedData/g12-core/Build/Products/Debug-iphonesimulator/PackageFrameworks -F /Users/richard/code/BicTerm/.build-artifacts/DerivedData/g12-core/Build/Products/Debug-iphonesimulator/PackageFrameworks -F /Users/richard/code/BicTerm/.build-artifacts/DerivedData/g12-core/Build/Products/Debug-iphonesimulator/PackageFrameworks -F /Users/richard/code/BicTerm/.build-artifacts/DerivedData/g12-core/Build/Products/Debug-iphonesimulator/PackageFrameworks -F /Users/richard/code/BicTerm/.build-artifacts/DerivedData/g12-core/Build/Products/Debug-iphonesimulator/PackageFrameworks -F /Users/richard/code/BicTerm/.build-artifacts/DerivedData/g12-core/Build/Products/Debug-iphonesimulator/PackageFrameworks -F /Users/richard/code/BicTerm/.build-artifacts/DerivedData/g12-core/Build/Products/Debug-iphonesimulator -F /Applications/Xcode.app/Contents/Developer/Platforms/iPhoneSimulator.platform/Developer/Library/Frameworks -F /Applications/Xcode.app/Contents/Developer/Platforms/iPhoneSimulator.platform/Developer/SDKs/iPhoneSimulator26.5.sdk/Developer/Library/Frameworks -c -j20 -enable-batch-mode -incremental -Xcc -ivfsstatcache -Xcc /Users/richard/code/BicTerm/.build-artifacts/DerivedData/g12-core/SDKStatCaches.noindex/iphonesimulator26.5-23F81a-688ef53f1462e2c8f657fdc38a81448f6cfe768891a92b912361537c460fe42b.sdkstatcache -output-file-map /Users/richard/code/BicTerm/.build-artifacts/DerivedData/g12-core/Build/Intermediates.noindex/BicTermCore.build/Debug-iphonesimulator/BicTermCore.build/Objects-normal/arm64/BicTermCore-OutputFileMap.json -use-frontend-parseable-output -save-temps -no-color-diagnostics -explicit-module-build -module-cache-path /Users/richard/code/BicTerm/.build-artifacts/DerivedData/g12-core/Build/Intermediates.noindex/SwiftExplicitPrecompiledModules -clang-scanner-module-cache-path /Users/richard/code/BicTerm/.build-artifacts/DerivedData/g12-core/ModuleCache.noindex -sdk-module-cache-path /Users/richard/code/BicTerm/.build-artifacts/DerivedData/g12-core/ModuleCache.noindex -serialize-diagnostics -emit-dependencies -emit-module -emit-module-path /Users/richard/code/BicTerm/.build-artifacts/DerivedData/g12-core/Build/Intermediates.noindex/BicTermCore.build/Debug-iphonesimulator/BicTermCore.build/Objects-normal/arm64/BicTermCore.swiftmodule -validate-clang-modules-once -clang-build-session-file /Users/richard/code/BicTerm/.build-artifacts/DerivedData/g12-core/ModuleCache.noindex/Session.modulevalidation -package-name bictermcore -Xcc -I/Users/richard/code/BicTerm/.build-artifacts/DerivedData/g12-core/Build/Intermediates.noindex/BicTermCore.build/Debug-iphonesimulator/BicTermCore.build/swift-overrides.hmap -emit-const-values -Xfrontend -const-gather-protocols-file -Xfrontend /Users/richard/code/BicTerm/.build-artifacts/DerivedData/g12-core/Build/Intermediates.noindex/BicTermCore.build/Debug-iphonesimulator/BicTermCore.build/Objects-normal/arm64/BicTermCore_const_extract_protocols.json -Xcc -I/Users/richard/code/BicTerm/.build-artifacts/DerivedData/g12-core/SourcePackages/checkouts/swift-atomics/Sources/_AtomicsShims/include -Xcc -I/Users/richard/code/BicTerm/.build-artifacts/DerivedData/g12-core/SourcePackages/checkouts/swift-nio/Sources/CNIOPosix/include -Xcc -I/Users/richard/code/BicTerm/.build-artifacts/DerivedData/g12-core/SourcePackages/checkouts/swift-nio/Sources/CNIOWASI/include -Xcc -I/Users/richard/code/BicTerm/.build-artifacts/DerivedData/g12-core/SourcePackages/checkouts/swift-nio/Sources/CNIOFreeBSD/include -Xcc -I/Users/richard/code/BicTerm/.build-artifacts/DerivedData/g12-core/SourcePackages/checkouts/swift-nio/Sources/CNIOAtomics/include -Xcc -I/Users/richard/code/BicTerm/.build-artifacts/DerivedData/g12-core/SourcePackages/checkouts/swift-nio/Sources/CNIOWindows/include -Xcc -I/Users/richard/code/BicTerm/.build-artifacts/DerivedData/g12-core/SourcePackages/checkouts/swift-nio/Sources/CNIODarwin/include -Xcc -I/Users/richard/code/BicTerm/.build-artifacts/DerivedData/g12-core/SourcePackages/checkouts/swift-nio/Sources/CNIOLinux/include -Xcc -I/Users/richard/code/BicTerm/.build-artifacts/DerivedData/g12-core/SourcePackages/checkouts/swift-nio/Sources/CNIOOpenBSD/include -Xcc -I/Users/richard/code/BicTerm/BicTermCore/Sources/CBcryptPBKDF/include -Xcc -I/Users/richard/code/BicTerm/.build-artifacts/DerivedData/g12-core/Build/Products/Debug-iphonesimulator/include -Xcc -I/Users/richard/code/BicTerm/.build-artifacts/DerivedData/g12-core/Build/Intermediates.noindex/BicTermCore.build/Debug-iphonesimulator/BicTermCore.build/DerivedSources-normal/arm64 -Xcc -I/Users/richard/code/BicTerm/.build-artifacts/DerivedData/g12-core/Build/Intermediates.noindex/BicTermCore.build/Debug-iphonesimulator/BicTermCore.build/DerivedSources/arm64 -Xcc -I/Users/richard/code/BicTerm/.build-artifacts/DerivedData/g12-core/Build/Intermediates.noindex/BicTermCore.build/Debug-iphonesimulator/BicTermCore.build/DerivedSources -Xcc -DSWIFT_PACKAGE -Xcc -DDEBUG\=1 -emit-objc-header -emit-objc-header-path /Users/richard/code/BicTerm/.build-artifacts/DerivedData/g12-core/Build/Intermediates.noindex/BicTermCore.build/Debug-iphonesimulator/BicTermCore.build/Objects-normal/arm64/BicTermCore-Swift.h -working-directory /Users/richard/code/BicTerm/BicTermCore/.swiftpm/xcode -experimental-emit-module-separately -disable-cmo

SwiftDriverJobDiscovery normal arm64 Compiling SSHKeyExchangeStateMachine.swift, ClientServerAuthenticationDelegate.swift, NIOSSHCertifiedPublicKey.swift (in target 'NIOSSH' from project 'swift-nio-ssh')

SwiftDriverJobDiscovery normal arm64 Compiling SSHConnectionStateMachine.swift, ActiveState.swift, IdleState.swift (in target 'NIOSSH' from project 'swift-nio-ssh')

SwiftDriverJobDiscovery normal arm64 Compiling ChildChannelUserEvents.swift, ChildChannelWindowManager.swift, ChildChannelWritabilityManager.swift, OutboundFlowController.swift (in target 'NIOSSH' from project 'swift-nio-ssh')

SwiftExplicitDependencyGeneratePcm arm64 /Users/richard/code/BicTerm/.build-artifacts/DerivedData/g12-core/Build/Intermediates.noindex/SwiftExplicitPrecompiledModules/CBcryptPBKDF-96Y7DDPI773FFMIHF7DPIYQVN.pcm

SwiftDriverJobDiscovery normal arm64 Compiling SSHClientConfiguration.swift, SSHEncryptablePacketPayload.swift, SSHMessages.swift (in target 'NIOSSH' from project 'swift-nio-ssh')

SwiftDriver\ Compilation NIOSSH normal arm64 com.apple.xcode.tools.swift.compiler (in target 'NIOSSH' from project 'swift-nio-ssh')
    cd /Users/richard/code/BicTerm/BicTermCore/.swiftpm/xcode
    builtin-Swift-Compilation -- /Applications/Xcode.app/Contents/Developer/Toolchains/XcodeDefault.xctoolchain/usr/bin/swiftc -module-name NIOSSH -Onone @/Users/richard/code/BicTerm/.build-artifacts/DerivedData/g12-core/Build/Intermediates.noindex/swift-nio-ssh.build/Debug-iphonesimulator/NIOSSH.build/Objects-normal/arm64/NIOSSH.SwiftFileList -DSWIFT_PACKAGE -DDEBUG -DSWIFT_MODULE_RESOURCE_BUNDLE_UNAVAILABLE -Xcc -fmodule-map-file\=/Users/richard/code/BicTerm/.build-artifacts/DerivedData/g12-core/Build/Intermediates.noindex/GeneratedModuleMaps-iphonesimulator/CNIOPosix.modulemap -Xcc -fmodule-map-file\=/Users/richard/code/BicTerm/.build-artifacts/DerivedData/g12-core/Build/Intermediates.noindex/GeneratedModuleMaps-iphonesimulator/CNIOWASI.modulemap -Xcc -fmodule-map-file\=/Users/richard/code/BicTerm/.build-artifacts/DerivedData/g12-core/Build/Intermediates.noindex/GeneratedModuleMaps-iphonesimulator/CNIOLinux.modulemap -Xcc -fmodule-map-file\=/Users/richard/code/BicTerm/.build-artifacts/DerivedData/g12-core/Build/Intermediates.noindex/GeneratedModuleMaps-iphonesimulator/CNIODarwin.modulemap -Xcc -fmodule-map-file\=/Users/richard/code/BicTerm/.build-artifacts/DerivedData/g12-core/Build/Intermediates.noindex/GeneratedModuleMaps-iphonesimulator/CNIOFreeBSD.modulemap -Xcc -fmodule-map-file\=/Users/richard/code/BicTerm/.build-artifacts/DerivedData/g12-core/Build/Intermediates.noindex/GeneratedModuleMaps-iphonesimulator/CNIOOpenBSD.modulemap -Xcc -fmodule-map-file\=/Users/richard/code/BicTerm/.build-artifacts/DerivedData/g12-core/Build/Intermediates.noindex/GeneratedModuleMaps-iphonesimulator/CNIOAtomics.modulemap -DXcode -enable-upcoming-feature MemberImportVisibility -plugin-path /Applications/Xcode.app/Contents/Developer/Toolchains/XcodeDefault.xctoolchain/usr/lib/swift/host/plugins/testing -enable-experimental-feature DebugDescriptionMacro -sdk /Applications/Xcode.app/Contents/Developer/Platforms/iPhoneSimulator.platform/Developer/SDKs/iPhoneSimulator26.5.sdk -target arm64-apple-ios13.0-simulator -g -module-cache-path /Users/richard/code/BicTerm/.build-artifacts/DerivedData/g12-core/ModuleCache.noindex -Xfrontend -serialize-debugging-options -profile-coverage-mapping -profile-generate -enable-testing -suppress-warnings -index-store-path /Users/richard/code/BicTerm/.build-artifacts/DerivedData/g12-core/Index.noindex/DataStore -Xcc -D_LIBCPP_HARDENING_MODE\=_LIBCPP_HARDENING_MODE_DEBUG -swift-version 6 -I /Users/richard/code/BicTerm/.build-artifacts/DerivedData/g12-core/Build/Products/Debug-iphonesimulator -Isystem /Applications/Xcode.app/Contents/Developer/Platforms/iPhoneSimulator.platform/Developer/usr/lib -F /Users/richard/code/BicTerm/.build-artifacts/DerivedData/g12-core/Build/Products/Debug-iphonesimulator/PackageFrameworks -F /Users/richard/code/BicTerm/.build-artifacts/DerivedData/g12-core/Build/Products/Debug-iphonesimulator/PackageFrameworks -F /Users/richard/code/BicTerm/.build-artifacts/DerivedData/g12-core/Build/Products/Debug-iphonesimulator/PackageFrameworks -F /Users/richard/code/BicTerm/.build-artifacts/DerivedData/g12-core/Build/Products/Debug-iphonesimulator/PackageFrameworks -F /Users/richard/code/BicTerm/.build-artifacts/DerivedData/g12-core/Build/Products/Debug-iphonesimulator/PackageFrameworks -F /Users/richard/code/BicTerm/.build-artifacts/DerivedData/g12-core/Build/Products/Debug-iphonesimulator/PackageFrameworks -F /Users/richard/code/BicTerm/.build-artifacts/DerivedData/g12-core/Build/Products/Debug-iphonesimulator/PackageFrameworks -F /Users/richard/code/BicTerm/.build-artifacts/DerivedData/g12-core/Build/Products/Debug-iphonesimulator/PackageFrameworks -F /Users/richard/code/BicTerm/.build-artifacts/DerivedData/g12-core/Build/Products/Debug-iphonesimulator/PackageFrameworks -F /Users/richard/code/BicTerm/.build-artifacts/DerivedData/g12-core/Build/Products/Debug-iphonesimulator/PackageFrameworks -F /Users/richard/code/BicTerm/.build-artifacts/DerivedData/g12-core/Build/Products/Debug-iphonesimulator/PackageFrameworks -F /Users/richard/code/BicTerm/.build-artifacts/DerivedData/g12-core/Build/Products/Debug-iphonesimulator/PackageFrameworks -F /Users/richard/code/BicTerm/.build-artifacts/DerivedData/g12-core/Build/Products/Debug-iphonesimulator/PackageFrameworks -F /Users/richard/code/BicTerm/.build-artifacts/DerivedData/g12-core/Build/Products/Debug-iphonesimulator/PackageFrameworks -F /Users/richard/code/BicTerm/.build-artifacts/DerivedData/g12-core/Build/Products/Debug-iphonesimulator/PackageFrameworks -F /Users/richard/code/BicTerm/.build-artifacts/DerivedData/g12-core/Build/Products/Debug-iphonesimulator/PackageFrameworks -F /Users/richard/code/BicTerm/.build-artifacts/DerivedData/g12-core/Build/Products/Debug-iphonesimulator/PackageFrameworks -F /Users/richard/code/BicTerm/.build-artifacts/DerivedData/g12-core/Build/Products/Debug-iphonesimulator/PackageFrameworks -F /Users/richard/code/BicTerm/.build-artifacts/DerivedData/g12-core/Build/Products/Debug-iphonesimulator/PackageFrameworks -F /Users/richard/code/BicTerm/.build-artifacts/DerivedData/g12-core/Build/Products/Debug-iphonesimulator/PackageFrameworks -F /Users/richard/code/BicTerm/.build-artifacts/DerivedData/g12-core/Build/Products/Debug-iphonesimulator/PackageFrameworks -F /Users/richard/code/BicTerm/.build-artifacts/DerivedData/g12-core/Build/Products/Debug-iphonesimulator/PackageFrameworks -F /Users/richard/code/BicTerm/.build-artifacts/DerivedData/g12-core/Build/Products/Debug-iphonesimulator/PackageFrameworks -F /Users/richard/code/BicTerm/.build-artifacts/DerivedData/g12-core/Build/Products/Debug-iphonesimulator -F /Applications/Xcode.app/Contents/Developer/Platforms/iPhoneSimulator.platform/Developer/Library/Frameworks -F /Applications/Xcode.app/Contents/Developer/Platforms/iPhoneSimulator.platform/Developer/SDKs/iPhoneSimulator26.5.sdk/Developer/Library/Frameworks -c -j20 -enable-batch-mode -incremental -Xcc -ivfsstatcache -Xcc /Users/richard/code/BicTerm/.build-artifacts/DerivedData/g12-core/SDKStatCaches.noindex/iphonesimulator26.5-23F81a-688ef53f1462e2c8f657fdc38a81448f6cfe768891a92b912361537c460fe42b.sdkstatcache -output-file-map /Users/richard/code/BicTerm/.build-artifacts/DerivedData/g12-core/Build/Intermediates.noindex/swift-nio-ssh.build/Debug-iphonesimulator/NIOSSH.build/Objects-normal/arm64/NIOSSH-OutputFileMap.json -use-frontend-parseable-output -save-temps -no-color-diagnostics -explicit-module-build -module-cache-path /Users/richard/code/BicTerm/.build-artifacts/DerivedData/g12-core/Build/Intermediates.noindex/SwiftExplicitPrecompiledModules -clang-scanner-module-cache-path /Users/richard/code/BicTerm/.build-artifacts/DerivedData/g12-core/ModuleCache.noindex -sdk-module-cache-path /Users/richard/code/BicTerm/.build-artifacts/DerivedData/g12-core/ModuleCache.noindex -serialize-diagnostics -emit-dependencies -emit-module -emit-module-path /Users/richard/code/BicTerm/.build-artifacts/DerivedData/g12-core/Build/Intermediates.noindex/swift-nio-ssh.build/Debug-iphonesimulator/NIOSSH.build/Objects-normal/arm64/NIOSSH.swiftmodule -validate-clang-modules-once -clang-build-session-file /Users/richard/code/BicTerm/.build-artifacts/DerivedData/g12-core/ModuleCache.noindex/Session.modulevalidation -package-name swift_nio_ssh -Xcc -I/Users/richard/code/BicTerm/.build-artifacts/DerivedData/g12-core/Build/Intermediates.noindex/swift-nio-ssh.build/Debug-iphonesimulator/NIOSSH.build/swift-overrides.hmap -emit-const-values -Xfrontend -const-gather-protocols-file -Xfrontend /Users/richard/code/BicTerm/.build-artifacts/DerivedData/g12-core/Build/Intermediates.noindex/swift-nio-ssh.build/Debug-iphonesimulator/NIOSSH.build/Objects-normal/arm64/NIOSSH_const_extract_protocols.json -Xcc -I/Users/richard/code/BicTerm/.build-artifacts/DerivedData/g12-core/SourcePackages/checkouts/swift-nio/Sources/CNIOPosix/include -Xcc -I/Users/richard/code/BicTerm/.build-artifacts/DerivedData/g12-core/SourcePackages/checkouts/swift-nio/Sources/CNIOWASI/include -Xcc -I/Users/richard/code/BicTerm/.build-artifacts/DerivedData/g12-core/SourcePackages/checkouts/swift-nio/Sources/CNIOWindows/include -Xcc -I/Users/richard/code/BicTerm/.build-artifacts/DerivedData/g12-core/SourcePackages/checkouts/swift-nio/Sources/CNIOLinux/include -Xcc -I/Users/richard/code/BicTerm/.build-artifacts/DerivedData/g12-core/SourcePackages/checkouts/swift-nio/Sources/CNIODarwin/include -Xcc -I/Users/richard/code/BicTerm/.build-artifacts/DerivedData/g12-core/SourcePackages/checkouts/swift-nio/Sources/CNIOFreeBSD/include -Xcc -I/Users/richard/code/BicTerm/.build-artifacts/DerivedData/g12-core/SourcePackages/checkouts/swift-nio/Sources/CNIOOpenBSD/include -Xcc -I/Users/richard/code/BicTerm/.build-artifacts/DerivedData/g12-core/SourcePackages/checkouts/swift-nio/Sources/CNIOAtomics/include -Xcc -I/Users/richard/code/BicTerm/.build-artifacts/DerivedData/g12-core/SourcePackages/checkouts/swift-atomics/Sources/_AtomicsShims/include -Xcc -I/Users/richard/code/BicTerm/.build-artifacts/DerivedData/g12-core/Build/Products/Debug-iphonesimulator/include -Xcc -I/Users/richard/code/BicTerm/.build-artifacts/DerivedData/g12-core/Build/Intermediates.noindex/swift-nio-ssh.build/Debug-iphonesimulator/NIOSSH.build/DerivedSources-normal/arm64 -Xcc -I/Users/richard/code/BicTerm/.build-artifacts/DerivedData/g12-core/Build/Intermediates.noindex/swift-nio-ssh.build/Debug-iphonesimulator/NIOSSH.build/DerivedSources/arm64 -Xcc -I/Users/richard/code/BicTerm/.build-artifacts/DerivedData/g12-core/Build/Intermediates.noindex/swift-nio-ssh.build/Debug-iphonesimulator/NIOSSH.build/DerivedSources -Xcc -DSWIFT_PACKAGE -Xcc -DDEBUG\=1 -emit-objc-header -emit-objc-header-path /Users/richard/code/BicTerm/.build-artifacts/DerivedData/g12-core/Build/Intermediates.noindex/swift-nio-ssh.build/Debug-iphonesimulator/NIOSSH.build/Objects-normal/arm64/NIOSSH-Swift.h -working-directory /Users/richard/code/BicTerm/BicTermCore/.swiftpm/xcode -experimental-emit-module-separately -disable-cmo

ExtractAppIntentsMetadata (in target 'NIOSSH' from project 'swift-nio-ssh')
    cd /Users/richard/code/BicTerm/Vendor/swift-nio-ssh
    /Applications/Xcode.app/Contents/Developer/Toolchains/XcodeDefault.xctoolchain/usr/bin/appintentsmetadataprocessor --toolchain-dir /var/run/com.apple.security.cryptexd/mnt/com.apple.MobileAsset.MetalToolchain-v17.6.109.0.ozHyXD/Metal.xctoolchain --module-name NIOSSH --sdk-root /Applications/Xcode.app/Contents/Developer/Platforms/iPhoneSimulator.platform/Developer/SDKs/iPhoneSimulator26.5.sdk --xcode-version 17F113 --platform-family iOS --deployment-target 13.0 --bundle-identifier swift-nio-ssh.NIOSSH --output /Users/richard/code/BicTerm/.build-artifacts/DerivedData/g12-core/Build/Products/Debug-iphonesimulator/NIOSSH.appintents --target-triple arm64-apple-ios13.0-simulator --binary-file /Users/richard/code/BicTerm/.build-artifacts/DerivedData/g12-core/Build/Products/Debug-iphonesimulator/NIOSSH.o --dependency-file /Users/richard/code/BicTerm/.build-artifacts/DerivedData/g12-core/Build/Intermediates.noindex/swift-nio-ssh.build/Debug-iphonesimulator/NIOSSH.build/Objects-normal/arm64/NIOSSH_dependency_info.dat --stringsdata-file /Users/richard/code/BicTerm/.build-artifacts/DerivedData/g12-core/Build/Intermediates.noindex/swift-nio-ssh.build/Debug-iphonesimulator/NIOSSH.build/Objects-normal/arm64/ExtractedAppShortcutsMetadata.stringsdata --source-file-list /Users/richard/code/BicTerm/.build-artifacts/DerivedData/g12-core/Build/Intermediates.noindex/swift-nio-ssh.build/Debug-iphonesimulator/NIOSSH.build/Objects-normal/arm64/NIOSSH.SwiftFileList --metadata-file-list /Users/richard/code/BicTerm/.build-artifacts/DerivedData/g12-core/Build/Intermediates.noindex/swift-nio-ssh.build/Debug-iphonesimulator/NIOSSH.build/NIOSSH.DependencyMetadataFileList --static-metadata-file-list /Users/richard/code/BicTerm/.build-artifacts/DerivedData/g12-core/Build/Intermediates.noindex/swift-nio-ssh.build/Debug-iphonesimulator/NIOSSH.build/NIOSSH.DependencyStaticMetadataFileList --swift-const-vals-list /Users/richard/code/BicTerm/.build-artifacts/DerivedData/g12-core/Build/Intermediates.noindex/swift-nio-ssh.build/Debug-iphonesimulator/NIOSSH.build/Objects-normal/arm64/NIOSSH.SwiftConstValuesFileList --force --compile-time-extraction --deployment-aware-processing --validate-assistant-intents --no-app-shortcuts-localization
2026-09-09 14:08:55.850 appintentsmetadataprocessor[41369:31808890] Starting appintentsmetadataprocessor export
2026-09-09 14:08:55.920 appintentsmetadataprocessor[41369:31808890] Extracted no relevant App Intents symbols, skipping writing output

SwiftCompile normal arm64 Compiling\ CoderTunneling.swift,\ ProtocolDescriptor.swift,\ TerminalTransport.swift /Users/richard/code/BicTerm/BicTermCore/Sources/BicTermCore/Transport/CoderTunneling.swift /Users/richard/code/BicTerm/BicTermCore/Sources/BicTermCore/Transport/ProtocolDescriptor.swift /Users/richard/code/BicTerm/BicTermCore/Sources/BicTermCore/Transport/TerminalTransport.swift (in target 'BicTermCore' from project 'BicTermCore')
SwiftCompile normal arm64 /Users/richard/code/BicTerm/BicTermCore/Sources/BicTermCore/Transport/CoderTunneling.swift (in target 'BicTermCore' from project 'BicTermCore')
    cd /Users/richard/code/BicTerm/BicTermCore/.swiftpm/xcode
    

SwiftCompile normal arm64 /Users/richard/code/BicTerm/BicTermCore/Sources/BicTermCore/Transport/ProtocolDescriptor.swift (in target 'BicTermCore' from project 'BicTermCore')
    cd /Users/richard/code/BicTerm/BicTermCore/.swiftpm/xcode
    

SwiftCompile normal arm64 /Users/richard/code/BicTerm/BicTermCore/Sources/BicTermCore/Transport/TerminalTransport.swift (in target 'BicTermCore' from project 'BicTermCore')
    cd /Users/richard/code/BicTerm/BicTermCore/.swiftpm/xcode
    

SwiftEmitModule normal arm64 Emitting\ module\ for\ BicTermCore (in target 'BicTermCore' from project 'BicTermCore')
EmitSwiftModule normal arm64 (in target 'BicTermCore' from project 'BicTermCore')
    cd /Users/richard/code/BicTerm/BicTermCore/.swiftpm/xcode
    
/Users/richard/code/BicTerm/BicTermCore/Sources/BicTermCore/Coder/UsageHeartbeat.swift:138:27: warning: 'as' test is always true
        } catch let error as CoderRequestLoadingError {
                          ^

SwiftCompile normal arm64 Compiling\ CoderTransport.swift,\ CoderTransportFactory.swift,\ CoderTunnelStartConfig.swift /Users/richard/code/BicTerm/BicTermCore/Sources/BicTermCore/Transport/CoderTransport.swift /Users/richard/code/BicTerm/BicTermCore/Sources/BicTermCore/Transport/CoderTransportFactory.swift /Users/richard/code/BicTerm/BicTermCore/Sources/BicTermCore/Transport/CoderTunnelStartConfig.swift (in target 'BicTermCore' from project 'BicTermCore')

SwiftCompile normal arm64 /Users/richard/code/BicTerm/BicTermCore/Sources/BicTermCore/Transport/CoderTransport.swift (in target 'BicTermCore' from project 'BicTermCore')
    cd /Users/richard/code/BicTerm/BicTermCore/.swiftpm/xcode
    
/Users/richard/code/BicTerm/BicTermCore/Sources/BicTermCore/Transport/CoderTransport.swift:113:27: warning: 'as' test is always true
        } catch let error as CoderResolutionError {
                          ^
/Users/richard/code/BicTerm/BicTermCore/Sources/BicTermCore/Transport/CoderTransport.swift:130:17: warning: 'is' test is always true
        } catch is CoderTunnelError {
                ^
/Users/richard/code/BicTerm/BicTermCore/Sources/BicTermCore/Transport/CoderTransport.swift:140:27: warning: 'as' test is always true
        } catch let error as TransportError {
                          ^
/Users/richard/code/BicTerm/BicTermCore/Sources/BicTermCore/Transport/CoderTransport.swift:212:27: warning: 'as' test is always true
        } catch let error as TransportError {
                          ^
/Users/richard/code/BicTerm/BicTermCore/Sources/BicTermCore/Transport/CoderTransport.swift:265:17: warning: 'is' test is always true
        } catch is CoderTunnelError {
                ^
/Users/richard/code/BicTerm/BicTermCore/Sources/BicTermCore/Transport/CoderTransport.swift:279:17: warning: 'is' test is always true
        } catch is CoderTunnelError {
                ^

SwiftCompile normal arm64 /Users/richard/code/BicTerm/BicTermCore/Sources/BicTermCore/Transport/CoderTransportFactory.swift (in target 'BicTermCore' from project 'BicTermCore')
    cd /Users/richard/code/BicTerm/BicTermCore/.swiftpm/xcode
    

SwiftCompile normal arm64 /Users/richard/code/BicTerm/BicTermCore/Sources/BicTermCore/Transport/CoderTunnelStartConfig.swift (in target 'BicTermCore' from project 'BicTermCore')
    cd /Users/richard/code/BicTerm/BicTermCore/.swiftpm/xcode
    

SwiftCompile normal arm64 Compiling\ TransportError.swift,\ TransportRegistry.swift,\ HostKeyVerifier.swift /Users/richard/code/BicTerm/BicTermCore/Sources/BicTermCore/Transport/TransportError.swift /Users/richard/code/BicTerm/BicTermCore/Sources/BicTermCore/Transport/TransportRegistry.swift /Users/richard/code/BicTerm/BicTermCore/Sources/BicTermCore/Trust/HostKeyVerifier.swift (in target 'BicTermCore' from project 'BicTermCore')

SwiftCompile normal arm64 /Users/richard/code/BicTerm/BicTermCore/Sources/BicTermCore/Transport/TransportError.swift (in target 'BicTermCore' from project 'BicTermCore')
    cd /Users/richard/code/BicTerm/BicTermCore/.swiftpm/xcode
    

SwiftCompile normal arm64 /Users/richard/code/BicTerm/BicTermCore/Sources/BicTermCore/Transport/TransportRegistry.swift (in target 'BicTermCore' from project 'BicTermCore')
    cd /Users/richard/code/BicTerm/BicTermCore/.swiftpm/xcode
    

SwiftCompile normal arm64 /Users/richard/code/BicTerm/BicTermCore/Sources/BicTermCore/Trust/HostKeyVerifier.swift (in target 'BicTermCore' from project 'BicTermCore')
    cd /Users/richard/code/BicTerm/BicTermCore/.swiftpm/xcode
    

SwiftCompile normal arm64 Compiling\ SessionRegistry.swift,\ SessionState.swift,\ SessionTransport.swift /Users/richard/code/BicTerm/BicTermCore/Sources/BicTermCore/Sessions/SessionRegistry.swift /Users/richard/code/BicTerm/BicTermCore/Sources/BicTermCore/Sessions/SessionState.swift /Users/richard/code/BicTerm/BicTermCore/Sources/BicTermCore/Sessions/SessionTransport.swift (in target 'BicTermCore' from project 'BicTermCore')

SwiftCompile normal arm64 /Users/richard/code/BicTerm/BicTermCore/Sources/BicTermCore/Sessions/SessionRegistry.swift (in target 'BicTermCore' from project 'BicTermCore')
    cd /Users/richard/code/BicTerm/BicTermCore/.swiftpm/xcode
    
/Users/richard/code/BicTerm/BicTermCore/Sources/BicTermCore/Sessions/SessionRegistry.swift:427:17: warning: no 'async' operations occur within 'await' expression
                await bridgeYield(chunk, for: record, transport: transport)
                ^
/Users/richard/code/BicTerm/BicTermCore/Sources/BicTermCore/Sessions/SessionRegistry.swift:429:13: warning: no 'async' operations occur within 'await' expression
            await bridgeFinished(for: record, transport: transport)
            ^

SwiftCompile normal arm64 /Users/richard/code/BicTerm/BicTermCore/Sources/BicTermCore/Sessions/SessionState.swift (in target 'BicTermCore' from project 'BicTermCore')
    cd /Users/richard/code/BicTerm/BicTermCore/.swiftpm/xcode
    
/Users/richard/code/BicTerm/BicTermCore/Sources/BicTermCore/Sessions/SessionRegistry.swift:427:17: warning: no 'async' operations occur within 'await' expression
                await bridgeYield(chunk, for: record, transport: transport)
                ^
/Users/richard/code/BicTerm/BicTermCore/Sources/BicTermCore/Sessions/SessionRegistry.swift:429:13: warning: no 'async' operations occur within 'await' expression
            await bridgeFinished(for: record, transport: transport)
            ^

SwiftCompile normal arm64 /Users/richard/code/BicTerm/BicTermCore/Sources/BicTermCore/Sessions/SessionTransport.swift (in target 'BicTermCore' from project 'BicTermCore')
    cd /Users/richard/code/BicTerm/BicTermCore/.swiftpm/xcode
    
/Users/richard/code/BicTerm/BicTermCore/Sources/BicTermCore/Sessions/SessionRegistry.swift:427:17: warning: no 'async' operations occur within 'await' expression
                await bridgeYield(chunk, for: record, transport: transport)
                ^
/Users/richard/code/BicTerm/BicTermCore/Sources/BicTermCore/Sessions/SessionRegistry.swift:429:13: warning: no 'async' operations occur within 'await' expression
            await bridgeFinished(for: record, transport: transport)
            ^

SwiftCompile normal arm64 Compiling\ JumpPipeline.swift,\ JumpTerminalTransport.swift,\ JumpTransport.swift /Users/richard/code/BicTerm/BicTermCore/Sources/BicTermCore/SSH/Jump/JumpPipeline.swift /Users/richard/code/BicTerm/BicTermCore/Sources/BicTermCore/SSH/Jump/JumpTerminalTransport.swift /Users/richard/code/BicTerm/BicTermCore/Sources/BicTermCore/SSH/Jump/JumpTransport.swift (in target 'BicTermCore' from project 'BicTermCore')

SwiftCompile normal arm64 /Users/richard/code/BicTerm/BicTermCore/Sources/BicTermCore/SSH/Jump/JumpPipeline.swift (in target 'BicTermCore' from project 'BicTermCore')
    cd /Users/richard/code/BicTerm/BicTermCore/.swiftpm/xcode
    
/Users/richard/code/BicTerm/BicTermCore/Sources/BicTermCore/SSH/Jump/JumpPipeline.swift:100:47: warning: capture of 'userAuth' with non-Sendable type 'any NIOSSHClientUserAuthenticationDelegate' in a '@Sendable' closure
                            userAuthDelegate: userAuth,
                                              ^
NIOSSH.NIOSSHClientUserAuthenticationDelegate:1:17: note: protocol 'NIOSSHClientUserAuthenticationDelegate' does not conform to the 'Sendable' protocol
public protocol NIOSSHClientUserAuthenticationDelegate {
                ^
/Users/richard/code/BicTerm/BicTermCore/Sources/BicTermCore/SSH/Jump/JumpPipeline.swift:100:47: warning: capture of 'userAuth' with non-Sendable type 'any NIOSSHClientUserAuthenticationDelegate' in an isolated closure
                            userAuthDelegate: userAuth,
                                              ^
NIOSSH.NIOSSHClientUserAuthenticationDelegate:1:17: note: protocol 'NIOSSHClientUserAuthenticationDelegate' does not conform to the 'Sendable' protocol
public protocol NIOSSHClientUserAuthenticationDelegate {
                ^
/Users/richard/code/BicTerm/BicTermCore/Sources/BicTermCore/SSH/Jump/JumpPipeline.swift:134:43: warning: capture of 'userAuth' with non-Sendable type 'any NIOSSHClientUserAuthenticationDelegate' in a '@Sendable' closure
                        userAuthDelegate: userAuth,
                                          ^
NIOSSH.NIOSSHClientUserAuthenticationDelegate:1:17: note: protocol 'NIOSSHClientUserAuthenticationDelegate' does not conform to the 'Sendable' protocol
public protocol NIOSSHClientUserAuthenticationDelegate {
                ^

SwiftCompile normal arm64 /Users/richard/code/BicTerm/BicTermCore/Sources/BicTermCore/SSH/Jump/JumpTerminalTransport.swift (in target 'BicTermCore' from project 'BicTermCore')
    cd /Users/richard/code/BicTerm/BicTermCore/.swiftpm/xcode
    

SwiftCompile normal arm64 /Users/richard/code/BicTerm/BicTermCore/Sources/BicTermCore/SSH/Jump/JumpTransport.swift (in target 'BicTermCore' from project 'BicTermCore')
    cd /Users/richard/code/BicTerm/BicTermCore/.swiftpm/xcode
    

SwiftCompile normal arm64 Compiling\ SSHNIOBridge.swift,\ SSHTerminalTransportFactory.swift,\ SSHTransport+DirectTCPIP.swift /Users/richard/code/BicTerm/BicTermCore/Sources/BicTermCore/SSH/SSHNIOBridge.swift /Users/richard/code/BicTerm/BicTermCore/Sources/BicTermCore/SSH/SSHTerminalTransportFactory.swift /Users/richard/code/BicTerm/BicTermCore/Sources/BicTermCore/SSH/SSHTransport+DirectTCPIP.swift (in target 'BicTermCore' from project 'BicTermCore')

SwiftCompile normal arm64 /Users/richard/code/BicTerm/BicTermCore/Sources/BicTermCore/SSH/SSHNIOBridge.swift (in target 'BicTermCore' from project 'BicTermCore')
    cd /Users/richard/code/BicTerm/BicTermCore/.swiftpm/xcode
    
/Users/richard/code/BicTerm/BicTermCore/Sources/BicTermCore/SSH/SSHNIOBridge.swift:337:55: warning: capture of 'context' with non-Sendable type 'ChannelHandlerContext' in a '@Sendable' closure
        return (try? await context.eventLoop.submit { context.channel.isWritable }.get()) ?? false
                                                      ^
NIOCore.ChannelHandlerContext:1:20: note: class 'ChannelHandlerContext' does not conform to the 'Sendable' protocol
final public class ChannelHandlerContext : NIOCore.ChannelInvoker {
                   ^
/Users/richard/code/BicTerm/BicTermCore/Sources/BicTermCore/SSH/SSHNIOBridge.swift:349:24: warning: capture of 'context' with non-Sendable type 'ChannelHandlerContext' in a '@Sendable' closure
                    if context.channel.isWritable {
                       ^
NIOCore.ChannelHandlerContext:1:20: note: class 'ChannelHandlerContext' does not conform to the 'Sendable' protocol
final public class ChannelHandlerContext : NIOCore.ChannelInvoker {
                   ^
/Users/richard/code/BicTerm/BicTermCore/Sources/BicTermCore/SSH/SSHNIOBridge.swift:367:35: warning: capture of 'context' with non-Sendable type 'ChannelHandlerContext' in a '@Sendable' closure
                    let promise = context.eventLoop.makePromise(of: Void.self)
                                  ^
NIOCore.ChannelHandlerContext:1:20: note: class 'ChannelHandlerContext' does not conform to the 'Sendable' protocol
final public class ChannelHandlerContext : NIOCore.ChannelInvoker {
                   ^

SwiftCompile normal arm64 /Users/richard/code/BicTerm/BicTermCore/Sources/BicTermCore/SSH/SSHTerminalTransportFactory.swift (in target 'BicTermCore' from project 'BicTermCore')
    cd /Users/richard/code/BicTerm/BicTermCore/.swiftpm/xcode
    

SwiftCompile normal arm64 /Users/richard/code/BicTerm/BicTermCore/Sources/BicTermCore/SSH/SSHTransport+DirectTCPIP.swift (in target 'BicTermCore' from project 'BicTermCore')
    cd /Users/richard/code/BicTerm/BicTermCore/.swiftpm/xcode
    

SwiftCompile normal arm64 Compiling\ SwiftDataHostKeyStore.swift,\ SwiftDataSessionSnapshotStore.swift,\ AgentAuthorizationService.swift /Users/richard/code/BicTerm/BicTermCore/Sources/BicTermCore/Persistence/SwiftDataHostKeyStore.swift /Users/richard/code/BicTerm/BicTermCore/Sources/BicTermCore/Persistence/SwiftDataSessionSnapshotStore.swift /Users/richard/code/BicTerm/BicTermCore/Sources/BicTermCore/SSH/Agent/AgentAuthorizationService.swift (in target 'BicTermCore' from project 'BicTermCore')

SwiftCompile normal arm64 /Users/richard/code/BicTerm/BicTermCore/Sources/BicTermCore/Persistence/SwiftDataHostKeyStore.swift (in target 'BicTermCore' from project 'BicTermCore')
    cd /Users/richard/code/BicTerm/BicTermCore/.swiftpm/xcode
    

SwiftCompile normal arm64 /Users/richard/code/BicTerm/BicTermCore/Sources/BicTermCore/Persistence/SwiftDataSessionSnapshotStore.swift (in target 'BicTermCore' from project 'BicTermCore')
    cd /Users/richard/code/BicTerm/BicTermCore/.swiftpm/xcode
    

SwiftCompile normal arm64 /Users/richard/code/BicTerm/BicTermCore/Sources/BicTermCore/SSH/Agent/AgentAuthorizationService.swift (in target 'BicTermCore' from project 'BicTermCore')
    cd /Users/richard/code/BicTerm/BicTermCore/.swiftpm/xcode
    

SwiftCompile normal arm64 Compiling\ AgentForwardingBridge.swift,\ AgentKeyProvider.swift,\ SSHAgentCodec.swift /Users/richard/code/BicTerm/BicTermCore/Sources/BicTermCore/SSH/Agent/AgentForwardingBridge.swift /Users/richard/code/BicTerm/BicTermCore/Sources/BicTermCore/SSH/Agent/AgentKeyProvider.swift /Users/richard/code/BicTerm/BicTermCore/Sources/BicTermCore/SSH/Agent/SSHAgentCodec.swift (in target 'BicTermCore' from project 'BicTermCore')

SwiftCompile normal arm64 /Users/richard/code/BicTerm/BicTermCore/Sources/BicTermCore/SSH/Agent/AgentForwardingBridge.swift (in target 'BicTermCore' from project 'BicTermCore')
    cd /Users/richard/code/BicTerm/BicTermCore/.swiftpm/xcode
    

SwiftCompile normal arm64 /Users/richard/code/BicTerm/BicTermCore/Sources/BicTermCore/SSH/Agent/AgentKeyProvider.swift (in target 'BicTermCore' from project 'BicTermCore')
    cd /Users/richard/code/BicTerm/BicTermCore/.swiftpm/xcode
    

SwiftCompile normal arm64 /Users/richard/code/BicTerm/BicTermCore/Sources/BicTermCore/SSH/Agent/SSHAgentCodec.swift (in target 'BicTermCore' from project 'BicTermCore')
    cd /Users/richard/code/BicTerm/BicTermCore/.swiftpm/xcode
    

SwiftCompile normal arm64 Compiling\ SSHSessionTransportProtocol.swift,\ SSHAuthenticationKeyProvider.swift,\ SSHChannelHandle.swift /Users/richard/code/BicTerm/BicTermCore/Sources/BicTermCore/SSH/Jump/SSHSessionTransportProtocol.swift /Users/richard/code/BicTerm/BicTermCore/Sources/BicTermCore/SSH/SSHAuthenticationKeyProvider.swift /Users/richard/code/BicTerm/BicTermCore/Sources/BicTermCore/SSH/SSHChannelHandle.swift (in target 'BicTermCore' from project 'BicTermCore')

SwiftCompile normal arm64 /Users/richard/code/BicTerm/BicTermCore/Sources/BicTermCore/SSH/Jump/SSHSessionTransportProtocol.swift (in target 'BicTermCore' from project 'BicTermCore')
    cd /Users/richard/code/BicTerm/BicTermCore/.swiftpm/xcode
    

SwiftCompile normal arm64 /Users/richard/code/BicTerm/BicTermCore/Sources/BicTermCore/SSH/SSHAuthenticationKeyProvider.swift (in target 'BicTermCore' from project 'BicTermCore')
    cd /Users/richard/code/BicTerm/BicTermCore/.swiftpm/xcode
    

SwiftCompile normal arm64 /Users/richard/code/BicTerm/BicTermCore/Sources/BicTermCore/SSH/SSHChannelHandle.swift (in target 'BicTermCore' from project 'BicTermCore')
    cd /Users/richard/code/BicTerm/BicTermCore/.swiftpm/xcode
    

SwiftCompile normal arm64 Compiling\ PersistenceStoreProtocols.swift,\ StoredModels.swift,\ SwiftDataConfigurationStore.swift /Users/richard/code/BicTerm/BicTermCore/Sources/BicTermCore/Persistence/PersistenceStoreProtocols.swift /Users/richard/code/BicTerm/BicTermCore/Sources/BicTermCore/Persistence/StoredModels.swift /Users/richard/code/BicTerm/BicTermCore/Sources/BicTermCore/Persistence/SwiftDataConfigurationStore.swift (in target 'BicTermCore' from project 'BicTermCore')

SwiftCompile normal arm64 /Users/richard/code/BicTerm/BicTermCore/Sources/BicTermCore/Persistence/PersistenceStoreProtocols.swift (in target 'BicTermCore' from project 'BicTermCore')
    cd /Users/richard/code/BicTerm/BicTermCore/.swiftpm/xcode
    

SwiftCompile normal arm64 /Users/richard/code/BicTerm/BicTermCore/Sources/BicTermCore/Persistence/StoredModels.swift (in target 'BicTermCore' from project 'BicTermCore')
    cd /Users/richard/code/BicTerm/BicTermCore/.swiftpm/xcode
    

SwiftCompile normal arm64 /Users/richard/code/BicTerm/BicTermCore/Sources/BicTermCore/Persistence/SwiftDataConfigurationStore.swift (in target 'BicTermCore' from project 'BicTermCore')
    cd /Users/richard/code/BicTerm/BicTermCore/.swiftpm/xcode
    

SwiftCompile normal arm64 Compiling\ SSHTransport+UDS.swift,\ SSHTransport.swift,\ SSHTransportError.swift /Users/richard/code/BicTerm/BicTermCore/Sources/BicTermCore/SSH/SSHTransport+UDS.swift /Users/richard/code/BicTerm/BicTermCore/Sources/BicTermCore/SSH/SSHTransport.swift /Users/richard/code/BicTerm/BicTermCore/Sources/BicTermCore/SSH/SSHTransportError.swift (in target 'BicTermCore' from project 'BicTermCore')

SwiftCompile normal arm64 /Users/richard/code/BicTerm/BicTermCore/Sources/BicTermCore/SSH/SSHTransport+UDS.swift (in target 'BicTermCore' from project 'BicTermCore')
    cd /Users/richard/code/BicTerm/BicTermCore/.swiftpm/xcode
    

SwiftCompile normal arm64 /Users/richard/code/BicTerm/BicTermCore/Sources/BicTermCore/SSH/SSHTransport.swift (in target 'BicTermCore' from project 'BicTermCore')
    cd /Users/richard/code/BicTerm/BicTermCore/.swiftpm/xcode
    
/Users/richard/code/BicTerm/BicTermCore/Sources/BicTermCore/SSH/SSHTransport.swift:148:47: warning: capture of 'userAuth' with non-Sendable type 'any NIOSSHClientUserAuthenticationDelegate' in a '@Sendable' closure
                            userAuthDelegate: userAuth,
                                              ^
NIOSSH.NIOSSHClientUserAuthenticationDelegate:1:17: note: protocol 'NIOSSHClientUserAuthenticationDelegate' does not conform to the 'Sendable' protocol
public protocol NIOSSHClientUserAuthenticationDelegate {
                ^
/Users/richard/code/BicTerm/BicTermCore/Sources/BicTermCore/SSH/SSHTransport.swift:149:49: warning: capture of 'serverAuth' with non-Sendable type 'any NIOSSHClientServerAuthenticationDelegate' in a '@Sendable' closure
                            serverAuthDelegate: serverAuth
                                                ^
NIOSSH.NIOSSHClientServerAuthenticationDelegate:1:17: note: protocol 'NIOSSHClientServerAuthenticationDelegate' does not conform to the 'Sendable' protocol
public protocol NIOSSHClientServerAuthenticationDelegate {
                ^
/Users/richard/code/BicTerm/BicTermCore/Sources/BicTermCore/SSH/SSHTransport.swift:148:47: warning: capture of 'userAuth' with non-Sendable type 'any NIOSSHClientUserAuthenticationDelegate' in an isolated closure
                            userAuthDelegate: userAuth,
                                              ^
NIOSSH.NIOSSHClientUserAuthenticationDelegate:1:17: note: protocol 'NIOSSHClientUserAuthenticationDelegate' does not conform to the 'Sendable' protocol
public protocol NIOSSHClientUserAuthenticationDelegate {
                ^
/Users/richard/code/BicTerm/BicTermCore/Sources/BicTermCore/SSH/SSHTransport.swift:149:49: warning: capture of 'serverAuth' with non-Sendable type 'any NIOSSHClientServerAuthenticationDelegate' in an isolated closure
                            serverAuthDelegate: serverAuth
                                                ^
NIOSSH.NIOSSHClientServerAuthenticationDelegate:1:17: note: protocol 'NIOSSHClientServerAuthenticationDelegate' does not conform to the 'Sendable' protocol
public protocol NIOSSHClientServerAuthenticationDelegate {
                ^

SwiftCompile normal arm64 /Users/richard/code/BicTerm/BicTermCore/Sources/BicTermCore/SSH/SSHTransportError.swift (in target 'BicTermCore' from project 'BicTermCore')
    cd /Users/richard/code/BicTerm/BicTermCore/.swiftpm/xcode
    

SwiftCompile normal arm64 Compiling\ Connection.swift,\ Hop.swift,\ HostKeyRecord.swift /Users/richard/code/BicTerm/BicTermCore/Sources/BicTermCore/Models/Connection.swift /Users/richard/code/BicTerm/BicTermCore/Sources/BicTermCore/Models/Hop.swift /Users/richard/code/BicTerm/BicTermCore/Sources/BicTermCore/Models/HostKeyRecord.swift (in target 'BicTermCore' from project 'BicTermCore')

SwiftCompile normal arm64 /Users/richard/code/BicTerm/BicTermCore/Sources/BicTermCore/Models/Connection.swift (in target 'BicTermCore' from project 'BicTermCore')
    cd /Users/richard/code/BicTerm/BicTermCore/.swiftpm/xcode
    

SwiftCompile normal arm64 /Users/richard/code/BicTerm/BicTermCore/Sources/BicTermCore/Models/Hop.swift (in target 'BicTermCore' from project 'BicTermCore')
    cd /Users/richard/code/BicTerm/BicTermCore/.swiftpm/xcode
    

SwiftCompile normal arm64 /Users/richard/code/BicTerm/BicTermCore/Sources/BicTermCore/Models/HostKeyRecord.swift (in target 'BicTermCore' from project 'BicTermCore')
    cd /Users/richard/code/BicTerm/BicTermCore/.swiftpm/xcode
    

SwiftCompile normal arm64 Compiling\ SSHWireFormat.swift,\ SecureEnclaveKeyService.swift,\ CoderServer.swift /Users/richard/code/BicTerm/BicTermCore/Sources/BicTermCore/Keys/SSHWireFormat.swift /Users/richard/code/BicTerm/BicTermCore/Sources/BicTermCore/Keys/SecureEnclaveKeyService.swift /Users/richard/code/BicTerm/BicTermCore/Sources/BicTermCore/Models/CoderServer.swift (in target 'BicTermCore' from project 'BicTermCore')

SwiftCompile normal arm64 /Users/richard/code/BicTerm/BicTermCore/Sources/BicTermCore/Keys/SSHWireFormat.swift (in target 'BicTermCore' from project 'BicTermCore')
    cd /Users/richard/code/BicTerm/BicTermCore/.swiftpm/xcode
    

SwiftCompile normal arm64 /Users/richard/code/BicTerm/BicTermCore/Sources/BicTermCore/Keys/SecureEnclaveKeyService.swift (in target 'BicTermCore' from project 'BicTermCore')
    cd /Users/richard/code/BicTerm/BicTermCore/.swiftpm/xcode
    

SwiftCompile normal arm64 /Users/richard/code/BicTerm/BicTermCore/Sources/BicTermCore/Models/CoderServer.swift (in target 'BicTermCore' from project 'BicTermCore')
    cd /Users/richard/code/BicTerm/BicTermCore/.swiftpm/xcode
    

SwiftCompile normal arm64 Compiling\ KeychainKeyRepository.swift,\ OpenSSHKeyDecryption.swift,\ OpenSSHPrivateKeyParser.swift,\ PasswordStore.swift /Users/richard/code/BicTerm/BicTermCore/Sources/BicTermCore/Keys/KeychainKeyRepository.swift /Users/richard/code/BicTerm/BicTermCore/Sources/BicTermCore/Keys/OpenSSHKeyDecryption.swift /Users/richard/code/BicTerm/BicTermCore/Sources/BicTermCore/Keys/OpenSSHPrivateKeyParser.swift /Users/richard/code/BicTerm/BicTermCore/Sources/BicTermCore/Keys/PasswordStore.swift (in target 'BicTermCore' from project 'BicTermCore')

SwiftCompile normal arm64 /Users/richard/code/BicTerm/BicTermCore/Sources/BicTermCore/Keys/KeychainKeyRepository.swift (in target 'BicTermCore' from project 'BicTermCore')
    cd /Users/richard/code/BicTerm/BicTermCore/.swiftpm/xcode
    

SwiftCompile normal arm64 /Users/richard/code/BicTerm/BicTermCore/Sources/BicTermCore/Keys/OpenSSHKeyDecryption.swift (in target 'BicTermCore' from project 'BicTermCore')
    cd /Users/richard/code/BicTerm/BicTermCore/.swiftpm/xcode
    

SwiftCompile normal arm64 /Users/richard/code/BicTerm/BicTermCore/Sources/BicTermCore/Keys/OpenSSHPrivateKeyParser.swift (in target 'BicTermCore' from project 'BicTermCore')
    cd /Users/richard/code/BicTerm/BicTermCore/.swiftpm/xcode
    

SwiftCompile normal arm64 /Users/richard/code/BicTerm/BicTermCore/Sources/BicTermCore/Keys/PasswordStore.swift (in target 'BicTermCore' from project 'BicTermCore')
    cd /Users/richard/code/BicTerm/BicTermCore/.swiftpm/xcode
    

SwiftCompile normal arm64 Compiling\ CoderCredentialGeneration.swift,\ CoderEventCallback.swift,\ CoderLifecycleCoordinator.swift,\ CoderTokenStore.swift /Users/richard/code/BicTerm/BicTermCore/Sources/BicTermCore/Coder/CoderCredentialGeneration.swift /Users/richard/code/BicTerm/BicTermCore/Sources/BicTermCore/Coder/CoderEventCallback.swift /Users/richard/code/BicTerm/BicTermCore/Sources/BicTermCore/Coder/CoderLifecycleCoordinator.swift /Users/richard/code/BicTerm/BicTermCore/Sources/BicTermCore/Coder/CoderTokenStore.swift (in target 'BicTermCore' from project 'BicTermCore')

SwiftCompile normal arm64 /Users/richard/code/BicTerm/BicTermCore/Sources/BicTermCore/Coder/CoderCredentialGeneration.swift (in target 'BicTermCore' from project 'BicTermCore')
    cd /Users/richard/code/BicTerm/BicTermCore/.swiftpm/xcode
    

SwiftCompile normal arm64 /Users/richard/code/BicTerm/BicTermCore/Sources/BicTermCore/Coder/CoderEventCallback.swift (in target 'BicTermCore' from project 'BicTermCore')
    cd /Users/richard/code/BicTerm/BicTermCore/.swiftpm/xcode
    

SwiftCompile normal arm64 /Users/richard/code/BicTerm/BicTermCore/Sources/BicTermCore/Coder/CoderLifecycleCoordinator.swift (in target 'BicTermCore' from project 'BicTermCore')
    cd /Users/richard/code/BicTerm/BicTermCore/.swiftpm/xcode
    

SwiftCompile normal arm64 /Users/richard/code/BicTerm/BicTermCore/Sources/BicTermCore/Coder/CoderTokenStore.swift (in target 'BicTermCore' from project 'BicTermCore')
    cd /Users/richard/code/BicTerm/BicTermCore/.swiftpm/xcode
    

SwiftCompile normal arm64 Compiling\ BicTermCore.swift,\ CoderClient.swift,\ CoderClientDependencies.swift,\ CoderClientError.swift /Users/richard/code/BicTerm/BicTermCore/Sources/BicTermCore/BicTermCore.swift /Users/richard/code/BicTerm/BicTermCore/Sources/BicTermCore/Coder/CoderClient.swift /Users/richard/code/BicTerm/BicTermCore/Sources/BicTermCore/Coder/CoderClientDependencies.swift /Users/richard/code/BicTerm/BicTermCore/Sources/BicTermCore/Coder/CoderClientError.swift (in target 'BicTermCore' from project 'BicTermCore')

SwiftCompile normal arm64 /Users/richard/code/BicTerm/BicTermCore/Sources/BicTermCore/BicTermCore.swift (in target 'BicTermCore' from project 'BicTermCore')
    cd /Users/richard/code/BicTerm/BicTermCore/.swiftpm/xcode
    

SwiftCompile normal arm64 /Users/richard/code/BicTerm/BicTermCore/Sources/BicTermCore/Coder/CoderClient.swift (in target 'BicTermCore' from project 'BicTermCore')
    cd /Users/richard/code/BicTerm/BicTermCore/.swiftpm/xcode
    

SwiftCompile normal arm64 /Users/richard/code/BicTerm/BicTermCore/Sources/BicTermCore/Coder/CoderClientDependencies.swift (in target 'BicTermCore' from project 'BicTermCore')
    cd /Users/richard/code/BicTerm/BicTermCore/.swiftpm/xcode
    

SwiftCompile normal arm64 /Users/richard/code/BicTerm/BicTermCore/Sources/BicTermCore/Coder/CoderClientError.swift (in target 'BicTermCore' from project 'BicTermCore')
    cd /Users/richard/code/BicTerm/BicTermCore/.swiftpm/xcode
    

SwiftCompile normal arm64 Compiling\ SessionSnapshot.swift,\ PersistenceError.swift,\ PersistenceStoreFactory.swift /Users/richard/code/BicTerm/BicTermCore/Sources/BicTermCore/Models/SessionSnapshot.swift /Users/richard/code/BicTerm/BicTermCore/Sources/BicTermCore/Persistence/PersistenceError.swift /Users/richard/code/BicTerm/BicTermCore/Sources/BicTermCore/Persistence/PersistenceStoreFactory.swift (in target 'BicTermCore' from project 'BicTermCore')

SwiftCompile normal arm64 /Users/richard/code/BicTerm/BicTermCore/Sources/BicTermCore/Models/SessionSnapshot.swift (in target 'BicTermCore' from project 'BicTermCore')
    cd /Users/richard/code/BicTerm/BicTermCore/.swiftpm/xcode
    

SwiftCompile normal arm64 /Users/richard/code/BicTerm/BicTermCore/Sources/BicTermCore/Persistence/PersistenceError.swift (in target 'BicTermCore' from project 'BicTermCore')
    cd /Users/richard/code/BicTerm/BicTermCore/.swiftpm/xcode
    

SwiftCompile normal arm64 /Users/richard/code/BicTerm/BicTermCore/Sources/BicTermCore/Persistence/PersistenceStoreFactory.swift (in target 'BicTermCore' from project 'BicTermCore')
    cd /Users/richard/code/BicTerm/BicTermCore/.swiftpm/xcode
    

SwiftCompile normal arm64 Compiling\ DebugPasswordServer.swift,\ JumpChainBuilder.swift,\ JumpError.swift /Users/richard/code/BicTerm/BicTermCore/Sources/BicTermCore/SSH/DebugPasswordServer.swift /Users/richard/code/BicTerm/BicTermCore/Sources/BicTermCore/SSH/Jump/JumpChainBuilder.swift /Users/richard/code/BicTerm/BicTermCore/Sources/BicTermCore/SSH/Jump/JumpError.swift (in target 'BicTermCore' from project 'BicTermCore')

SwiftCompile normal arm64 /Users/richard/code/BicTerm/BicTermCore/Sources/BicTermCore/SSH/DebugPasswordServer.swift (in target 'BicTermCore' from project 'BicTermCore')
    cd /Users/richard/code/BicTerm/BicTermCore/.swiftpm/xcode
    

SwiftCompile normal arm64 /Users/richard/code/BicTerm/BicTermCore/Sources/BicTermCore/SSH/Jump/JumpChainBuilder.swift (in target 'BicTermCore' from project 'BicTermCore')
    cd /Users/richard/code/BicTerm/BicTermCore/.swiftpm/xcode
    
/Users/richard/code/BicTerm/BicTermCore/Sources/BicTermCore/SSH/Jump/JumpChainBuilder.swift:85:27: warning: 'as' test is always true
        } catch let error as SSHTransportError {
                          ^
/Users/richard/code/BicTerm/BicTermCore/Sources/BicTermCore/SSH/Jump/JumpChainBuilder.swift:95:31: warning: 'as' test is always true
            } catch let error as SSHTransportError {
                              ^
/Users/richard/code/BicTerm/BicTermCore/Sources/BicTermCore/SSH/Jump/JumpChainBuilder.swift:114:31: warning: 'as' test is always true
            } catch let error as SSHTransportError {
                              ^
/Users/richard/code/BicTerm/BicTermCore/Sources/BicTermCore/SSH/Jump/JumpChainBuilder.swift:133:27: warning: 'as' test is always true
        } catch let error as SSHTransportError {
                          ^
/Users/richard/code/BicTerm/BicTermCore/Sources/BicTermCore/SSH/Jump/JumpChainBuilder.swift:199:27: warning: 'as' test is always true
        } catch let error as SSHTransportError {
                          ^

SwiftCompile normal arm64 /Users/richard/code/BicTerm/BicTermCore/Sources/BicTermCore/SSH/Jump/JumpError.swift (in target 'BicTermCore' from project 'BicTermCore')
    cd /Users/richard/code/BicTerm/BicTermCore/.swiftpm/xcode
    

SwiftCompile normal arm64 Compiling\ HostKeyStoreProtocol.swift,\ ModelValidationErrors.swift,\ ProtocolOptions.swift /Users/richard/code/BicTerm/BicTermCore/Sources/BicTermCore/Models/HostKeyStoreProtocol.swift /Users/richard/code/BicTerm/BicTermCore/Sources/BicTermCore/Models/ModelValidationErrors.swift /Users/richard/code/BicTerm/BicTermCore/Sources/BicTermCore/Models/ProtocolOptions.swift (in target 'BicTermCore' from project 'BicTermCore')

SwiftCompile normal arm64 /Users/richard/code/BicTerm/BicTermCore/Sources/BicTermCore/Models/HostKeyStoreProtocol.swift (in target 'BicTermCore' from project 'BicTermCore')
    cd /Users/richard/code/BicTerm/BicTermCore/.swiftpm/xcode
    

SwiftCompile normal arm64 /Users/richard/code/BicTerm/BicTermCore/Sources/BicTermCore/Models/ModelValidationErrors.swift (in target 'BicTermCore' from project 'BicTermCore')
    cd /Users/richard/code/BicTerm/BicTermCore/.swiftpm/xcode
    

SwiftCompile normal arm64 /Users/richard/code/BicTerm/BicTermCore/Sources/BicTermCore/Models/ProtocolOptions.swift (in target 'BicTermCore' from project 'BicTermCore')
    cd /Users/richard/code/BicTerm/BicTermCore/.swiftpm/xcode
    

SwiftDriverJobDiscovery normal arm64 Compiling SSHSessionTransportProtocol.swift, SSHAuthenticationKeyProvider.swift, SSHChannelHandle.swift (in target 'BicTermCore' from project 'BicTermCore')

SwiftCompile normal arm64 Compiling\ CoderWorkspace.swift,\ CoderWorkspaceResolver.swift,\ UsageHeartbeat.swift,\ KeyModels.swift /Users/richard/code/BicTerm/BicTermCore/Sources/BicTermCore/Coder/CoderWorkspace.swift /Users/richard/code/BicTerm/BicTermCore/Sources/BicTermCore/Coder/CoderWorkspaceResolver.swift /Users/richard/code/BicTerm/BicTermCore/Sources/BicTermCore/Coder/UsageHeartbeat.swift /Users/richard/code/BicTerm/BicTermCore/Sources/BicTermCore/Keys/KeyModels.swift (in target 'BicTermCore' from project 'BicTermCore')

SwiftCompile normal arm64 /Users/richard/code/BicTerm/BicTermCore/Sources/BicTermCore/Coder/CoderWorkspace.swift (in target 'BicTermCore' from project 'BicTermCore')
    cd /Users/richard/code/BicTerm/BicTermCore/.swiftpm/xcode
    

SwiftCompile normal arm64 /Users/richard/code/BicTerm/BicTermCore/Sources/BicTermCore/Coder/CoderWorkspaceResolver.swift (in target 'BicTermCore' from project 'BicTermCore')
    cd /Users/richard/code/BicTerm/BicTermCore/.swiftpm/xcode
    
/Users/richard/code/BicTerm/BicTermCore/Sources/BicTermCore/Coder/CoderWorkspaceResolver.swift:83:27: warning: 'as' test is always true
        } catch let error as CoderClientError {
                          ^

SwiftCompile normal arm64 /Users/richard/code/BicTerm/BicTermCore/Sources/BicTermCore/Coder/UsageHeartbeat.swift (in target 'BicTermCore' from project 'BicTermCore')
    cd /Users/richard/code/BicTerm/BicTermCore/.swiftpm/xcode
    
/Users/richard/code/BicTerm/BicTermCore/Sources/BicTermCore/Coder/UsageHeartbeat.swift:138:27: warning: 'as' test is always true
        } catch let error as CoderRequestLoadingError {
                          ^

SwiftCompile normal arm64 /Users/richard/code/BicTerm/BicTermCore/Sources/BicTermCore/Keys/KeyModels.swift (in target 'BicTermCore' from project 'BicTermCore')
    cd /Users/richard/code/BicTerm/BicTermCore/.swiftpm/xcode
    

SwiftDriverJobDiscovery normal arm64 Compiling CoderTunneling.swift, ProtocolDescriptor.swift, TerminalTransport.swift (in target 'BicTermCore' from project 'BicTermCore')

SwiftDriverJobDiscovery normal arm64 Compiling TransportError.swift, TransportRegistry.swift, HostKeyVerifier.swift (in target 'BicTermCore' from project 'BicTermCore')

SwiftDriverJobDiscovery normal arm64 Compiling CoderTransport.swift, CoderTransportFactory.swift, CoderTunnelStartConfig.swift (in target 'BicTermCore' from project 'BicTermCore')

SwiftDriverJobDiscovery normal arm64 Compiling SSHTransport+UDS.swift, SSHTransport.swift, SSHTransportError.swift (in target 'BicTermCore' from project 'BicTermCore')

SwiftDriverJobDiscovery normal arm64 Compiling HostKeyStoreProtocol.swift, ModelValidationErrors.swift, ProtocolOptions.swift (in target 'BicTermCore' from project 'BicTermCore')

SwiftDriverJobDiscovery normal arm64 Compiling Connection.swift, Hop.swift, HostKeyRecord.swift (in target 'BicTermCore' from project 'BicTermCore')

SwiftDriverJobDiscovery normal arm64 Compiling BicTermCore.swift, CoderClient.swift, CoderClientDependencies.swift, CoderClientError.swift (in target 'BicTermCore' from project 'BicTermCore')

SwiftDriverJobDiscovery normal arm64 Compiling SessionRegistry.swift, SessionState.swift, SessionTransport.swift (in target 'BicTermCore' from project 'BicTermCore')

SwiftDriverJobDiscovery normal arm64 Compiling SSHNIOBridge.swift, SSHTerminalTransportFactory.swift, SSHTransport+DirectTCPIP.swift (in target 'BicTermCore' from project 'BicTermCore')

SwiftDriverJobDiscovery normal arm64 Compiling DebugPasswordServer.swift, JumpChainBuilder.swift, JumpError.swift (in target 'BicTermCore' from project 'BicTermCore')

SwiftDriverJobDiscovery normal arm64 Compiling JumpPipeline.swift, JumpTerminalTransport.swift, JumpTransport.swift (in target 'BicTermCore' from project 'BicTermCore')

SwiftDriverJobDiscovery normal arm64 Compiling CoderCredentialGeneration.swift, CoderEventCallback.swift, CoderLifecycleCoordinator.swift, CoderTokenStore.swift (in target 'BicTermCore' from project 'BicTermCore')

SwiftDriverJobDiscovery normal arm64 Compiling SessionSnapshot.swift, PersistenceError.swift, PersistenceStoreFactory.swift (in target 'BicTermCore' from project 'BicTermCore')

SwiftDriverJobDiscovery normal arm64 Compiling SSHWireFormat.swift, SecureEnclaveKeyService.swift, CoderServer.swift (in target 'BicTermCore' from project 'BicTermCore')

SwiftDriverJobDiscovery normal arm64 Compiling AgentForwardingBridge.swift, AgentKeyProvider.swift, SSHAgentCodec.swift (in target 'BicTermCore' from project 'BicTermCore')

SwiftDriverJobDiscovery normal arm64 Compiling SwiftDataHostKeyStore.swift, SwiftDataSessionSnapshotStore.swift, AgentAuthorizationService.swift (in target 'BicTermCore' from project 'BicTermCore')

SwiftDriverJobDiscovery normal arm64 Compiling KeychainKeyRepository.swift, OpenSSHKeyDecryption.swift, OpenSSHPrivateKeyParser.swift, PasswordStore.swift (in target 'BicTermCore' from project 'BicTermCore')

SwiftDriverJobDiscovery normal arm64 Compiling PersistenceStoreProtocols.swift, StoredModels.swift, SwiftDataConfigurationStore.swift (in target 'BicTermCore' from project 'BicTermCore')

SwiftDriverJobDiscovery normal arm64 Compiling CoderWorkspace.swift, CoderWorkspaceResolver.swift, UsageHeartbeat.swift, KeyModels.swift (in target 'BicTermCore' from project 'BicTermCore')

SwiftDriver\ Compilation BicTermCore normal arm64 com.apple.xcode.tools.swift.compiler (in target 'BicTermCore' from project 'BicTermCore')
    cd /Users/richard/code/BicTerm/BicTermCore/.swiftpm/xcode
    builtin-Swift-Compilation -- /Applications/Xcode.app/Contents/Developer/Toolchains/XcodeDefault.xctoolchain/usr/bin/swiftc -module-name BicTermCore -Onone @/Users/richard/code/BicTerm/.build-artifacts/DerivedData/g12-core/Build/Intermediates.noindex/BicTermCore.build/Debug-iphonesimulator/BicTermCore.build/Objects-normal/arm64/BicTermCore.SwiftFileList -DSWIFT_PACKAGE -DDEBUG -DSWIFT_MODULE_RESOURCE_BUNDLE_UNAVAILABLE -Xcc -fmodule-map-file\=/Users/richard/code/BicTerm/.build-artifacts/DerivedData/g12-core/Build/Intermediates.noindex/GeneratedModuleMaps-iphonesimulator/CNIOPosix.modulemap -Xcc -fmodule-map-file\=/Users/richard/code/BicTerm/.build-artifacts/DerivedData/g12-core/Build/Intermediates.noindex/GeneratedModuleMaps-iphonesimulator/CNIOWASI.modulemap -Xcc -fmodule-map-file\=/Users/richard/code/BicTerm/.build-artifacts/DerivedData/g12-core/Build/Intermediates.noindex/GeneratedModuleMaps-iphonesimulator/CNIOFreeBSD.modulemap -Xcc -fmodule-map-file\=/Users/richard/code/BicTerm/.build-artifacts/DerivedData/g12-core/Build/Intermediates.noindex/GeneratedModuleMaps-iphonesimulator/CNIOAtomics.modulemap -Xcc -fmodule-map-file\=/Users/richard/code/BicTerm/.build-artifacts/DerivedData/g12-core/Build/Intermediates.noindex/GeneratedModuleMaps-iphonesimulator/CNIODarwin.modulemap -Xcc -fmodule-map-file\=/Users/richard/code/BicTerm/.build-artifacts/DerivedData/g12-core/Build/Intermediates.noindex/GeneratedModuleMaps-iphonesimulator/CNIOLinux.modulemap -Xcc -fmodule-map-file\=/Users/richard/code/BicTerm/.build-artifacts/DerivedData/g12-core/Build/Intermediates.noindex/GeneratedModuleMaps-iphonesimulator/CNIOOpenBSD.modulemap -Xcc -fmodule-map-file\=/Users/richard/code/BicTerm/.build-artifacts/DerivedData/g12-core/Build/Intermediates.noindex/GeneratedModuleMaps-iphonesimulator/CBcryptPBKDF.modulemap -DXcode -plugin-path /Applications/Xcode.app/Contents/Developer/Toolchains/XcodeDefault.xctoolchain/usr/lib/swift/host/plugins/testing -enable-experimental-feature DebugDescriptionMacro -sdk /Applications/Xcode.app/Contents/Developer/Platforms/iPhoneSimulator.platform/Developer/SDKs/iPhoneSimulator26.5.sdk -target arm64-apple-ios18.0-simulator -g -module-cache-path /Users/richard/code/BicTerm/.build-artifacts/DerivedData/g12-core/ModuleCache.noindex -Xfrontend -serialize-debugging-options -profile-coverage-mapping -profile-generate -enable-testing -index-store-path /Users/richard/code/BicTerm/.build-artifacts/DerivedData/g12-core/Index.noindex/DataStore -Xcc -D_LIBCPP_HARDENING_MODE\=_LIBCPP_HARDENING_MODE_DEBUG -swift-version 6 -I /Users/richard/code/BicTerm/.build-artifacts/DerivedData/g12-core/Build/Products/Debug-iphonesimulator -Isystem /Applications/Xcode.app/Contents/Developer/Platforms/iPhoneSimulator.platform/Developer/usr/lib -F /Users/richard/code/BicTerm/.build-artifacts/DerivedData/g12-core/Build/Products/Debug-iphonesimulator/PackageFrameworks -F /Users/richard/code/BicTerm/.build-artifacts/DerivedData/g12-core/Build/Products/Debug-iphonesimulator/PackageFrameworks -F /Users/richard/code/BicTerm/.build-artifacts/DerivedData/g12-core/Build/Products/Debug-iphonesimulator/PackageFrameworks -F /Users/richard/code/BicTerm/.build-artifacts/DerivedData/g12-core/Build/Products/Debug-iphonesimulator/PackageFrameworks -F /Users/richard/code/BicTerm/.build-artifacts/DerivedData/g12-core/Build/Products/Debug-iphonesimulator/PackageFrameworks -F /Users/richard/code/BicTerm/.build-artifacts/DerivedData/g12-core/Build/Products/Debug-iphonesimulator/PackageFrameworks -F /Users/richard/code/BicTerm/.build-artifacts/DerivedData/g12-core/Build/Products/Debug-iphonesimulator/PackageFrameworks -F /Users/richard/code/BicTerm/.build-artifacts/DerivedData/g12-core/Build/Products/Debug-iphonesimulator/PackageFrameworks -F /Users/richard/code/BicTerm/.build-artifacts/DerivedData/g12-core/Build/Products/Debug-iphonesimulator/PackageFrameworks -F /Users/richard/code/BicTerm/.build-artifacts/DerivedData/g12-core/Build/Products/Debug-iphonesimulator/PackageFrameworks -F /Users/richard/code/BicTerm/.build-artifacts/DerivedData/g12-core/Build/Products/Debug-iphonesimulator/PackageFrameworks -F /Users/richard/code/BicTerm/.build-artifacts/DerivedData/g12-core/Build/Products/Debug-iphonesimulator/PackageFrameworks -F /Users/richard/code/BicTerm/.build-artifacts/DerivedData/g12-core/Build/Products/Debug-iphonesimulator/PackageFrameworks -F /Users/richard/code/BicTerm/.build-artifacts/DerivedData/g12-core/Build/Products/Debug-iphonesimulator/PackageFrameworks -F /Users/richard/code/BicTerm/.build-artifacts/DerivedData/g12-core/Build/Products/Debug-iphonesimulator/PackageFrameworks -F /Users/richard/code/BicTerm/.build-artifacts/DerivedData/g12-core/Build/Products/Debug-iphonesimulator/PackageFrameworks -F /Users/richard/code/BicTerm/.build-artifacts/DerivedData/g12-core/Build/Products/Debug-iphonesimulator/PackageFrameworks -F /Users/richard/code/BicTerm/.build-artifacts/DerivedData/g12-core/Build/Products/Debug-iphonesimulator/PackageFrameworks -F /Users/richard/code/BicTerm/.build-artifacts/DerivedData/g12-core/Build/Products/Debug-iphonesimulator/PackageFrameworks -F /Users/richard/code/BicTerm/.build-artifacts/DerivedData/g12-core/Build/Products/Debug-iphonesimulator/PackageFrameworks -F /Users/richard/code/BicTerm/.build-artifacts/DerivedData/g12-core/Build/Products/Debug-iphonesimulator/PackageFrameworks -F /Users/richard/code/BicTerm/.build-artifacts/DerivedData/g12-core/Build/Products/Debug-iphonesimulator/PackageFrameworks -F /Users/richard/code/BicTerm/.build-artifacts/DerivedData/g12-core/Build/Products/Debug-iphonesimulator/PackageFrameworks -F /Users/richard/code/BicTerm/.build-artifacts/DerivedData/g12-core/Build/Products/Debug-iphonesimulator/PackageFrameworks -F /Users/richard/code/BicTerm/.build-artifacts/DerivedData/g12-core/Build/Products/Debug-iphonesimulator/PackageFrameworks -F /Users/richard/code/BicTerm/.build-artifacts/DerivedData/g12-core/Build/Products/Debug-iphonesimulator -F /Applications/Xcode.app/Contents/Developer/Platforms/iPhoneSimulator.platform/Developer/Library/Frameworks -F /Applications/Xcode.app/Contents/Developer/Platforms/iPhoneSimulator.platform/Developer/SDKs/iPhoneSimulator26.5.sdk/Developer/Library/Frameworks -c -j20 -enable-batch-mode -incremental -Xcc -ivfsstatcache -Xcc /Users/richard/code/BicTerm/.build-artifacts/DerivedData/g12-core/SDKStatCaches.noindex/iphonesimulator26.5-23F81a-688ef53f1462e2c8f657fdc38a81448f6cfe768891a92b912361537c460fe42b.sdkstatcache -output-file-map /Users/richard/code/BicTerm/.build-artifacts/DerivedData/g12-core/Build/Intermediates.noindex/BicTermCore.build/Debug-iphonesimulator/BicTermCore.build/Objects-normal/arm64/BicTermCore-OutputFileMap.json -use-frontend-parseable-output -save-temps -no-color-diagnostics -explicit-module-build -module-cache-path /Users/richard/code/BicTerm/.build-artifacts/DerivedData/g12-core/Build/Intermediates.noindex/SwiftExplicitPrecompiledModules -clang-scanner-module-cache-path /Users/richard/code/BicTerm/.build-artifacts/DerivedData/g12-core/ModuleCache.noindex -sdk-module-cache-path /Users/richard/code/BicTerm/.build-artifacts/DerivedData/g12-core/ModuleCache.noindex -serialize-diagnostics -emit-dependencies -emit-module -emit-module-path /Users/richard/code/BicTerm/.build-artifacts/DerivedData/g12-core/Build/Intermediates.noindex/BicTermCore.build/Debug-iphonesimulator/BicTermCore.build/Objects-normal/arm64/BicTermCore.swiftmodule -validate-clang-modules-once -clang-build-session-file /Users/richard/code/BicTerm/.build-artifacts/DerivedData/g12-core/ModuleCache.noindex/Session.modulevalidation -package-name bictermcore -Xcc -I/Users/richard/code/BicTerm/.build-artifacts/DerivedData/g12-core/Build/Intermediates.noindex/BicTermCore.build/Debug-iphonesimulator/BicTermCore.build/swift-overrides.hmap -emit-const-values -Xfrontend -const-gather-protocols-file -Xfrontend /Users/richard/code/BicTerm/.build-artifacts/DerivedData/g12-core/Build/Intermediates.noindex/BicTermCore.build/Debug-iphonesimulator/BicTermCore.build/Objects-normal/arm64/BicTermCore_const_extract_protocols.json -Xcc -I/Users/richard/code/BicTerm/.build-artifacts/DerivedData/g12-core/SourcePackages/checkouts/swift-atomics/Sources/_AtomicsShims/include -Xcc -I/Users/richard/code/BicTerm/.build-artifacts/DerivedData/g12-core/SourcePackages/checkouts/swift-nio/Sources/CNIOPosix/include -Xcc -I/Users/richard/code/BicTerm/.build-artifacts/DerivedData/g12-core/SourcePackages/checkouts/swift-nio/Sources/CNIOWASI/include -Xcc -I/Users/richard/code/BicTerm/.build-artifacts/DerivedData/g12-core/SourcePackages/checkouts/swift-nio/Sources/CNIOFreeBSD/include -Xcc -I/Users/richard/code/BicTerm/.build-artifacts/DerivedData/g12-core/SourcePackages/checkouts/swift-nio/Sources/CNIOAtomics/include -Xcc -I/Users/richard/code/BicTerm/.build-artifacts/DerivedData/g12-core/SourcePackages/checkouts/swift-nio/Sources/CNIOWindows/include -Xcc -I/Users/richard/code/BicTerm/.build-artifacts/DerivedData/g12-core/SourcePackages/checkouts/swift-nio/Sources/CNIODarwin/include -Xcc -I/Users/richard/code/BicTerm/.build-artifacts/DerivedData/g12-core/SourcePackages/checkouts/swift-nio/Sources/CNIOLinux/include -Xcc -I/Users/richard/code/BicTerm/.build-artifacts/DerivedData/g12-core/SourcePackages/checkouts/swift-nio/Sources/CNIOOpenBSD/include -Xcc -I/Users/richard/code/BicTerm/BicTermCore/Sources/CBcryptPBKDF/include -Xcc -I/Users/richard/code/BicTerm/.build-artifacts/DerivedData/g12-core/Build/Products/Debug-iphonesimulator/include -Xcc -I/Users/richard/code/BicTerm/.build-artifacts/DerivedData/g12-core/Build/Intermediates.noindex/BicTermCore.build/Debug-iphonesimulator/BicTermCore.build/DerivedSources-normal/arm64 -Xcc -I/Users/richard/code/BicTerm/.build-artifacts/DerivedData/g12-core/Build/Intermediates.noindex/BicTermCore.build/Debug-iphonesimulator/BicTermCore.build/DerivedSources/arm64 -Xcc -I/Users/richard/code/BicTerm/.build-artifacts/DerivedData/g12-core/Build/Intermediates.noindex/BicTermCore.build/Debug-iphonesimulator/BicTermCore.build/DerivedSources -Xcc -DSWIFT_PACKAGE -Xcc -DDEBUG\=1 -emit-objc-header -emit-objc-header-path /Users/richard/code/BicTerm/.build-artifacts/DerivedData/g12-core/Build/Intermediates.noindex/BicTermCore.build/Debug-iphonesimulator/BicTermCore.build/Objects-normal/arm64/BicTermCore-Swift.h -working-directory /Users/richard/code/BicTerm/BicTermCore/.swiftpm/xcode -experimental-emit-module-separately -disable-cmo

SwiftDriverJobDiscovery normal arm64 Emitting module for BicTermCore (in target 'BicTermCore' from project 'BicTermCore')

SwiftDriver\ Compilation\ Requirements BicTermCore normal arm64 com.apple.xcode.tools.swift.compiler (in target 'BicTermCore' from project 'BicTermCore')
    cd /Users/richard/code/BicTerm/BicTermCore/.swiftpm/xcode
    builtin-Swift-Compilation-Requirements -- /Applications/Xcode.app/Contents/Developer/Toolchains/XcodeDefault.xctoolchain/usr/bin/swiftc -module-name BicTermCore -Onone @/Users/richard/code/BicTerm/.build-artifacts/DerivedData/g12-core/Build/Intermediates.noindex/BicTermCore.build/Debug-iphonesimulator/BicTermCore.build/Objects-normal/arm64/BicTermCore.SwiftFileList -DSWIFT_PACKAGE -DDEBUG -DSWIFT_MODULE_RESOURCE_BUNDLE_UNAVAILABLE -Xcc -fmodule-map-file\=/Users/richard/code/BicTerm/.build-artifacts/DerivedData/g12-core/Build/Intermediates.noindex/GeneratedModuleMaps-iphonesimulator/CNIOPosix.modulemap -Xcc -fmodule-map-file\=/Users/richard/code/BicTerm/.build-artifacts/DerivedData/g12-core/Build/Intermediates.noindex/GeneratedModuleMaps-iphonesimulator/CNIOWASI.modulemap -Xcc -fmodule-map-file\=/Users/richard/code/BicTerm/.build-artifacts/DerivedData/g12-core/Build/Intermediates.noindex/GeneratedModuleMaps-iphonesimulator/CNIOFreeBSD.modulemap -Xcc -fmodule-map-file\=/Users/richard/code/BicTerm/.build-artifacts/DerivedData/g12-core/Build/Intermediates.noindex/GeneratedModuleMaps-iphonesimulator/CNIOAtomics.modulemap -Xcc -fmodule-map-file\=/Users/richard/code/BicTerm/.build-artifacts/DerivedData/g12-core/Build/Intermediates.noindex/GeneratedModuleMaps-iphonesimulator/CNIODarwin.modulemap -Xcc -fmodule-map-file\=/Users/richard/code/BicTerm/.build-artifacts/DerivedData/g12-core/Build/Intermediates.noindex/GeneratedModuleMaps-iphonesimulator/CNIOLinux.modulemap -Xcc -fmodule-map-file\=/Users/richard/code/BicTerm/.build-artifacts/DerivedData/g12-core/Build/Intermediates.noindex/GeneratedModuleMaps-iphonesimulator/CNIOOpenBSD.modulemap -Xcc -fmodule-map-file\=/Users/richard/code/BicTerm/.build-artifacts/DerivedData/g12-core/Build/Intermediates.noindex/GeneratedModuleMaps-iphonesimulator/CBcryptPBKDF.modulemap -DXcode -plugin-path /Applications/Xcode.app/Contents/Developer/Toolchains/XcodeDefault.xctoolchain/usr/lib/swift/host/plugins/testing -enable-experimental-feature DebugDescriptionMacro -sdk /Applications/Xcode.app/Contents/Developer/Platforms/iPhoneSimulator.platform/Developer/SDKs/iPhoneSimulator26.5.sdk -target arm64-apple-ios18.0-simulator -g -module-cache-path /Users/richard/code/BicTerm/.build-artifacts/DerivedData/g12-core/ModuleCache.noindex -Xfrontend -serialize-debugging-options -profile-coverage-mapping -profile-generate -enable-testing -index-store-path /Users/richard/code/BicTerm/.build-artifacts/DerivedData/g12-core/Index.noindex/DataStore -Xcc -D_LIBCPP_HARDENING_MODE\=_LIBCPP_HARDENING_MODE_DEBUG -swift-version 6 -I /Users/richard/code/BicTerm/.build-artifacts/DerivedData/g12-core/Build/Products/Debug-iphonesimulator -Isystem /Applications/Xcode.app/Contents/Developer/Platforms/iPhoneSimulator.platform/Developer/usr/lib -F /Users/richard/code/BicTerm/.build-artifacts/DerivedData/g12-core/Build/Products/Debug-iphonesimulator/PackageFrameworks -F /Users/richard/code/BicTerm/.build-artifacts/DerivedData/g12-core/Build/Products/Debug-iphonesimulator/PackageFrameworks -F /Users/richard/code/BicTerm/.build-artifacts/DerivedData/g12-core/Build/Products/Debug-iphonesimulator/PackageFrameworks -F /Users/richard/code/BicTerm/.build-artifacts/DerivedData/g12-core/Build/Products/Debug-iphonesimulator/PackageFrameworks -F /Users/richard/code/BicTerm/.build-artifacts/DerivedData/g12-core/Build/Products/Debug-iphonesimulator/PackageFrameworks -F /Users/richard/code/BicTerm/.build-artifacts/DerivedData/g12-core/Build/Products/Debug-iphonesimulator/PackageFrameworks -F /Users/richard/code/BicTerm/.build-artifacts/DerivedData/g12-core/Build/Products/Debug-iphonesimulator/PackageFrameworks -F /Users/richard/code/BicTerm/.build-artifacts/DerivedData/g12-core/Build/Products/Debug-iphonesimulator/PackageFrameworks -F /Users/richard/code/BicTerm/.build-artifacts/DerivedData/g12-core/Build/Products/Debug-iphonesimulator/PackageFrameworks -F /Users/richard/code/BicTerm/.build-artifacts/DerivedData/g12-core/Build/Products/Debug-iphonesimulator/PackageFrameworks -F /Users/richard/code/BicTerm/.build-artifacts/DerivedData/g12-core/Build/Products/Debug-iphonesimulator/PackageFrameworks -F /Users/richard/code/BicTerm/.build-artifacts/DerivedData/g12-core/Build/Products/Debug-iphonesimulator/PackageFrameworks -F /Users/richard/code/BicTerm/.build-artifacts/DerivedData/g12-core/Build/Products/Debug-iphonesimulator/PackageFrameworks -F /Users/richard/code/BicTerm/.build-artifacts/DerivedData/g12-core/Build/Products/Debug-iphonesimulator/PackageFrameworks -F /Users/richard/code/BicTerm/.build-artifacts/DerivedData/g12-core/Build/Products/Debug-iphonesimulator/PackageFrameworks -F /Users/richard/code/BicTerm/.build-artifacts/DerivedData/g12-core/Build/Products/Debug-iphonesimulator/PackageFrameworks -F /Users/richard/code/BicTerm/.build-artifacts/DerivedData/g12-core/Build/Products/Debug-iphonesimulator/PackageFrameworks -F /Users/richard/code/BicTerm/.build-artifacts/DerivedData/g12-core/Build/Products/Debug-iphonesimulator/PackageFrameworks -F /Users/richard/code/BicTerm/.build-artifacts/DerivedData/g12-core/Build/Products/Debug-iphonesimulator/PackageFrameworks -F /Users/richard/code/BicTerm/.build-artifacts/DerivedData/g12-core/Build/Products/Debug-iphonesimulator/PackageFrameworks -F /Users/richard/code/BicTerm/.build-artifacts/DerivedData/g12-core/Build/Products/Debug-iphonesimulator/PackageFrameworks -F /Users/richard/code/BicTerm/.build-artifacts/DerivedData/g12-core/Build/Products/Debug-iphonesimulator/PackageFrameworks -F /Users/richard/code/BicTerm/.build-artifacts/DerivedData/g12-core/Build/Products/Debug-iphonesimulator/PackageFrameworks -F /Users/richard/code/BicTerm/.build-artifacts/DerivedData/g12-core/Build/Products/Debug-iphonesimulator/PackageFrameworks -F /Users/richard/code/BicTerm/.build-artifacts/DerivedData/g12-core/Build/Products/Debug-iphonesimulator/PackageFrameworks -F /Users/richard/code/BicTerm/.build-artifacts/DerivedData/g12-core/Build/Products/Debug-iphonesimulator -F /Applications/Xcode.app/Contents/Developer/Platforms/iPhoneSimulator.platform/Developer/Library/Frameworks -F /Applications/Xcode.app/Contents/Developer/Platforms/iPhoneSimulator.platform/Developer/SDKs/iPhoneSimulator26.5.sdk/Developer/Library/Frameworks -c -j20 -enable-batch-mode -incremental -Xcc -ivfsstatcache -Xcc /Users/richard/code/BicTerm/.build-artifacts/DerivedData/g12-core/SDKStatCaches.noindex/iphonesimulator26.5-23F81a-688ef53f1462e2c8f657fdc38a81448f6cfe768891a92b912361537c460fe42b.sdkstatcache -output-file-map /Users/richard/code/BicTerm/.build-artifacts/DerivedData/g12-core/Build/Intermediates.noindex/BicTermCore.build/Debug-iphonesimulator/BicTermCore.build/Objects-normal/arm64/BicTermCore-OutputFileMap.json -use-frontend-parseable-output -save-temps -no-color-diagnostics -explicit-module-build -module-cache-path /Users/richard/code/BicTerm/.build-artifacts/DerivedData/g12-core/Build/Intermediates.noindex/SwiftExplicitPrecompiledModules -clang-scanner-module-cache-path /Users/richard/code/BicTerm/.build-artifacts/DerivedData/g12-core/ModuleCache.noindex -sdk-module-cache-path /Users/richard/code/BicTerm/.build-artifacts/DerivedData/g12-core/ModuleCache.noindex -serialize-diagnostics -emit-dependencies -emit-module -emit-module-path /Users/richard/code/BicTerm/.build-artifacts/DerivedData/g12-core/Build/Intermediates.noindex/BicTermCore.build/Debug-iphonesimulator/BicTermCore.build/Objects-normal/arm64/BicTermCore.swiftmodule -validate-clang-modules-once -clang-build-session-file /Users/richard/code/BicTerm/.build-artifacts/DerivedData/g12-core/ModuleCache.noindex/Session.modulevalidation -package-name bictermcore -Xcc -I/Users/richard/code/BicTerm/.build-artifacts/DerivedData/g12-core/Build/Intermediates.noindex/BicTermCore.build/Debug-iphonesimulator/BicTermCore.build/swift-overrides.hmap -emit-const-values -Xfrontend -const-gather-protocols-file -Xfrontend /Users/richard/code/BicTerm/.build-artifacts/DerivedData/g12-core/Build/Intermediates.noindex/BicTermCore.build/Debug-iphonesimulator/BicTermCore.build/Objects-normal/arm64/BicTermCore_const_extract_protocols.json -Xcc -I/Users/richard/code/BicTerm/.build-artifacts/DerivedData/g12-core/SourcePackages/checkouts/swift-atomics/Sources/_AtomicsShims/include -Xcc -I/Users/richard/code/BicTerm/.build-artifacts/DerivedData/g12-core/SourcePackages/checkouts/swift-nio/Sources/CNIOPosix/include -Xcc -I/Users/richard/code/BicTerm/.build-artifacts/DerivedData/g12-core/SourcePackages/checkouts/swift-nio/Sources/CNIOWASI/include -Xcc -I/Users/richard/code/BicTerm/.build-artifacts/DerivedData/g12-core/SourcePackages/checkouts/swift-nio/Sources/CNIOFreeBSD/include -Xcc -I/Users/richard/code/BicTerm/.build-artifacts/DerivedData/g12-core/SourcePackages/checkouts/swift-nio/Sources/CNIOAtomics/include -Xcc -I/Users/richard/code/BicTerm/.build-artifacts/DerivedData/g12-core/SourcePackages/checkouts/swift-nio/Sources/CNIOWindows/include -Xcc -I/Users/richard/code/BicTerm/.build-artifacts/DerivedData/g12-core/SourcePackages/checkouts/swift-nio/Sources/CNIODarwin/include -Xcc -I/Users/richard/code/BicTerm/.build-artifacts/DerivedData/g12-core/SourcePackages/checkouts/swift-nio/Sources/CNIOLinux/include -Xcc -I/Users/richard/code/BicTerm/.build-artifacts/DerivedData/g12-core/SourcePackages/checkouts/swift-nio/Sources/CNIOOpenBSD/include -Xcc -I/Users/richard/code/BicTerm/BicTermCore/Sources/CBcryptPBKDF/include -Xcc -I/Users/richard/code/BicTerm/.build-artifacts/DerivedData/g12-core/Build/Products/Debug-iphonesimulator/include -Xcc -I/Users/richard/code/BicTerm/.build-artifacts/DerivedData/g12-core/Build/Intermediates.noindex/BicTermCore.build/Debug-iphonesimulator/BicTermCore.build/DerivedSources-normal/arm64 -Xcc -I/Users/richard/code/BicTerm/.build-artifacts/DerivedData/g12-core/Build/Intermediates.noindex/BicTermCore.build/Debug-iphonesimulator/BicTermCore.build/DerivedSources/arm64 -Xcc -I/Users/richard/code/BicTerm/.build-artifacts/DerivedData/g12-core/Build/Intermediates.noindex/BicTermCore.build/Debug-iphonesimulator/BicTermCore.build/DerivedSources -Xcc -DSWIFT_PACKAGE -Xcc -DDEBUG\=1 -emit-objc-header -emit-objc-header-path /Users/richard/code/BicTerm/.build-artifacts/DerivedData/g12-core/Build/Intermediates.noindex/BicTermCore.build/Debug-iphonesimulator/BicTermCore.build/Objects-normal/arm64/BicTermCore-Swift.h -working-directory /Users/richard/code/BicTerm/BicTermCore/.swiftpm/xcode -experimental-emit-module-separately -disable-cmo

Copy /Users/richard/code/BicTerm/.build-artifacts/DerivedData/g12-core/Build/Products/Debug-iphonesimulator/BicTermCore.swiftmodule/Project/arm64-apple-ios-simulator.swiftsourceinfo /Users/richard/code/BicTerm/.build-artifacts/DerivedData/g12-core/Build/Intermediates.noindex/BicTermCore.build/Debug-iphonesimulator/BicTermCore.build/Objects-normal/arm64/BicTermCore.swiftsourceinfo (in target 'BicTermCore' from project 'BicTermCore')
    cd /Users/richard/code/BicTerm/BicTermCore
    builtin-copy -exclude .DS_Store -exclude CVS -exclude .svn -exclude .git -exclude .hg -resolve-src-symlinks -rename /Users/richard/code/BicTerm/.build-artifacts/DerivedData/g12-core/Build/Intermediates.noindex/BicTermCore.build/Debug-iphonesimulator/BicTermCore.build/Objects-normal/arm64/BicTermCore.swiftsourceinfo /Users/richard/code/BicTerm/.build-artifacts/DerivedData/g12-core/Build/Products/Debug-iphonesimulator/BicTermCore.swiftmodule/Project/arm64-apple-ios-simulator.swiftsourceinfo

Copy /Users/richard/code/BicTerm/.build-artifacts/DerivedData/g12-core/Build/Products/Debug-iphonesimulator/BicTermCore.swiftmodule/arm64-apple-ios-simulator.abi.json /Users/richard/code/BicTerm/.build-artifacts/DerivedData/g12-core/Build/Intermediates.noindex/BicTermCore.build/Debug-iphonesimulator/BicTermCore.build/Objects-normal/arm64/BicTermCore.abi.json (in target 'BicTermCore' from project 'BicTermCore')
    cd /Users/richard/code/BicTerm/BicTermCore
    builtin-copy -exclude .DS_Store -exclude CVS -exclude .svn -exclude .git -exclude .hg -resolve-src-symlinks -rename /Users/richard/code/BicTerm/.build-artifacts/DerivedData/g12-core/Build/Intermediates.noindex/BicTermCore.build/Debug-iphonesimulator/BicTermCore.build/Objects-normal/arm64/BicTermCore.abi.json /Users/richard/code/BicTerm/.build-artifacts/DerivedData/g12-core/Build/Products/Debug-iphonesimulator/BicTermCore.swiftmodule/arm64-apple-ios-simulator.abi.json

ExtractAppIntentsMetadata (in target 'BicTermCore' from project 'BicTermCore')
    cd /Users/richard/code/BicTerm/BicTermCore
    /Applications/Xcode.app/Contents/Developer/Toolchains/XcodeDefault.xctoolchain/usr/bin/appintentsmetadataprocessor --toolchain-dir /var/run/com.apple.security.cryptexd/mnt/com.apple.MobileAsset.MetalToolchain-v17.6.109.0.ozHyXD/Metal.xctoolchain --module-name BicTermCore --sdk-root /Applications/Xcode.app/Contents/Developer/Platforms/iPhoneSimulator.platform/Developer/SDKs/iPhoneSimulator26.5.sdk --xcode-version 17F113 --platform-family iOS --deployment-target 18.0 --bundle-identifier bictermcore.BicTermCore --output /Users/richard/code/BicTerm/.build-artifacts/DerivedData/g12-core/Build/Products/Debug-iphonesimulator/BicTermCore.appintents --target-triple arm64-apple-ios18.0-simulator --binary-file /Users/richard/code/BicTerm/.build-artifacts/DerivedData/g12-core/Build/Products/Debug-iphonesimulator/BicTermCore.o --dependency-file /Users/richard/code/BicTerm/.build-artifacts/DerivedData/g12-core/Build/Intermediates.noindex/BicTermCore.build/Debug-iphonesimulator/BicTermCore.build/Objects-normal/arm64/BicTermCore_dependency_info.dat --stringsdata-file /Users/richard/code/BicTerm/.build-artifacts/DerivedData/g12-core/Build/Intermediates.noindex/BicTermCore.build/Debug-iphonesimulator/BicTermCore.build/Objects-normal/arm64/ExtractedAppShortcutsMetadata.stringsdata --source-file-list /Users/richard/code/BicTerm/.build-artifacts/DerivedData/g12-core/Build/Intermediates.noindex/BicTermCore.build/Debug-iphonesimulator/BicTermCore.build/Objects-normal/arm64/BicTermCore.SwiftFileList --metadata-file-list /Users/richard/code/BicTerm/.build-artifacts/DerivedData/g12-core/Build/Intermediates.noindex/BicTermCore.build/Debug-iphonesimulator/BicTermCore.build/BicTermCore.DependencyMetadataFileList --static-metadata-file-list /Users/richard/code/BicTerm/.build-artifacts/DerivedData/g12-core/Build/Intermediates.noindex/BicTermCore.build/Debug-iphonesimulator/BicTermCore.build/BicTermCore.DependencyStaticMetadataFileList --swift-const-vals-list /Users/richard/code/BicTerm/.build-artifacts/DerivedData/g12-core/Build/Intermediates.noindex/BicTermCore.build/Debug-iphonesimulator/BicTermCore.build/Objects-normal/arm64/BicTermCore.SwiftConstValuesFileList --force --compile-time-extraction --deployment-aware-processing --validate-assistant-intents --no-app-shortcuts-localization
2026-09-09 14:08:56.503 appintentsmetadataprocessor[41405:31809083] Starting appintentsmetadataprocessor export
2026-09-09 14:08:56.512 appintentsmetadataprocessor[41405:31809083] Extracted no relevant App Intents symbols, skipping writing output

ProcessXCFramework /Users/richard/code/BicTerm/.build-artifacts/coder-net/CoderNet.xcframework /Users/richard/code/BicTerm/.build-artifacts/DerivedData/g12-core/Build/Products/Debug-iphonesimulator/CoderNet.a ios simulator
    cd /Users/richard/code/BicTerm/BicTermCore/.swiftpm/xcode
    builtin-process-xcframework --xcframework /Users/richard/code/BicTerm/.build-artifacts/coder-net/CoderNet.xcframework --platform ios --environment simulator --target-path /Users/richard/code/BicTerm/.build-artifacts/DerivedData/g12-core/Build/Products/Debug-iphonesimulator

SwiftDriver BicTermCoreTests normal arm64 com.apple.xcode.tools.swift.compiler (in target 'BicTermCoreTests' from project 'BicTermCore')
    cd /Users/richard/code/BicTerm/BicTermCore/.swiftpm/xcode
    builtin-SwiftDriver -- /Applications/Xcode.app/Contents/Developer/Toolchains/XcodeDefault.xctoolchain/usr/bin/swiftc -module-name BicTermCoreTests -Onone @/Users/richard/code/BicTerm/.build-artifacts/DerivedData/g12-core/Build/Intermediates.noindex/BicTermCore.build/Debug-iphonesimulator/BicTermCoreTests.build/Objects-normal/arm64/BicTermCoreTests.SwiftFileList -DSWIFT_PACKAGE -DDEBUG -Xcc -fmodule-map-file\=/Users/richard/code/BicTerm/.build-artifacts/DerivedData/g12-core/Build/Intermediates.noindex/GeneratedModuleMaps-iphonesimulator/CNIOPosix.modulemap -Xcc -fmodule-map-file\=/Users/richard/code/BicTerm/.build-artifacts/DerivedData/g12-core/Build/Intermediates.noindex/GeneratedModuleMaps-iphonesimulator/CNIOWASI.modulemap -Xcc -fmodule-map-file\=/Users/richard/code/BicTerm/.build-artifacts/DerivedData/g12-core/Build/Intermediates.noindex/GeneratedModuleMaps-iphonesimulator/CNIOLinux.modulemap -Xcc -fmodule-map-file\=/Users/richard/code/BicTerm/.build-artifacts/DerivedData/g12-core/Build/Intermediates.noindex/GeneratedModuleMaps-iphonesimulator/CNIODarwin.modulemap -Xcc -fmodule-map-file\=/Users/richard/code/BicTerm/.build-artifacts/DerivedData/g12-core/Build/Intermediates.noindex/GeneratedModuleMaps-iphonesimulator/CNIOFreeBSD.modulemap -Xcc -fmodule-map-file\=/Users/richard/code/BicTerm/.build-artifacts/DerivedData/g12-core/Build/Intermediates.noindex/GeneratedModuleMaps-iphonesimulator/CNIOOpenBSD.modulemap -Xcc -fmodule-map-file\=/Users/richard/code/BicTerm/.build-artifacts/DerivedData/g12-core/Build/Intermediates.noindex/GeneratedModuleMaps-iphonesimulator/CNIOAtomics.modulemap -Xcc -fmodule-map-file\=/Users/richard/code/BicTerm/.build-artifacts/DerivedData/g12-core/Build/Intermediates.noindex/GeneratedModuleMaps-iphonesimulator/CBcryptPBKDF.modulemap -DXcode -plugin-path /Applications/Xcode.app/Contents/Developer/Toolchains/XcodeDefault.xctoolchain/usr/lib/swift/host/plugins/testing -enable-experimental-feature DebugDescriptionMacro -sdk /Applications/Xcode.app/Contents/Developer/Platforms/iPhoneSimulator.platform/Developer/SDKs/iPhoneSimulator26.5.sdk -target arm64-apple-ios18.0-simulator -g -module-cache-path /Users/richard/code/BicTerm/.build-artifacts/DerivedData/g12-core/ModuleCache.noindex -Xfrontend -serialize-debugging-options -profile-coverage-mapping -profile-generate -enable-testing -index-store-path /Users/richard/code/BicTerm/.build-artifacts/DerivedData/g12-core/Index.noindex/DataStore -Xcc -D_LIBCPP_HARDENING_MODE\=_LIBCPP_HARDENING_MODE_DEBUG -swift-version 6 -I /Users/richard/code/BicTerm/.build-artifacts/DerivedData/g12-core/Build/Products/Debug-iphonesimulator -Isystem /Applications/Xcode.app/Contents/Developer/Platforms/iPhoneSimulator.platform/Developer/usr/lib -F /Users/richard/code/BicTerm/.build-artifacts/DerivedData/g12-core/Build/Products/Debug-iphonesimulator/PackageFrameworks -F /Users/richard/code/BicTerm/.build-artifacts/DerivedData/g12-core/Build/Products/Debug-iphonesimulator/PackageFrameworks -F /Users/richard/code/BicTerm/.build-artifacts/DerivedData/g12-core/Build/Products/Debug-iphonesimulator/PackageFrameworks -F /Users/richard/code/BicTerm/.build-artifacts/DerivedData/g12-core/Build/Products/Debug-iphonesimulator/PackageFrameworks -F /Users/richard/code/BicTerm/.build-artifacts/DerivedData/g12-core/Build/Products/Debug-iphonesimulator/PackageFrameworks -F /Users/richard/code/BicTerm/.build-artifacts/DerivedData/g12-core/Build/Products/Debug-iphonesimulator/PackageFrameworks -F /Users/richard/code/BicTerm/.build-artifacts/DerivedData/g12-core/Build/Products/Debug-iphonesimulator/PackageFrameworks -F /Users/richard/code/BicTerm/.build-artifacts/DerivedData/g12-core/Build/Products/Debug-iphonesimulator/PackageFrameworks -F /Users/richard/code/BicTerm/.build-artifacts/DerivedData/g12-core/Build/Products/Debug-iphonesimulator/PackageFrameworks -F /Users/richard/code/BicTerm/.build-artifacts/DerivedData/g12-core/Build/Products/Debug-iphonesimulator/PackageFrameworks -F /Users/richard/code/BicTerm/.build-artifacts/DerivedData/g12-core/Build/Products/Debug-iphonesimulator/PackageFrameworks -F /Users/richard/code/BicTerm/.build-artifacts/DerivedData/g12-core/Build/Products/Debug-iphonesimulator/PackageFrameworks -F /Users/richard/code/BicTerm/.build-artifacts/DerivedData/g12-core/Build/Products/Debug-iphonesimulator/PackageFrameworks -F /Users/richard/code/BicTerm/.build-artifacts/DerivedData/g12-core/Build/Products/Debug-iphonesimulator/PackageFrameworks -F /Users/richard/code/BicTerm/.build-artifacts/DerivedData/g12-core/Build/Products/Debug-iphonesimulator/PackageFrameworks -F /Users/richard/code/BicTerm/.build-artifacts/DerivedData/g12-core/Build/Products/Debug-iphonesimulator/PackageFrameworks -F /Users/richard/code/BicTerm/.build-artifacts/DerivedData/g12-core/Build/Products/Debug-iphonesimulator/PackageFrameworks -F /Users/richard/code/BicTerm/.build-artifacts/DerivedData/g12-core/Build/Products/Debug-iphonesimulator/PackageFrameworks -F /Users/richard/code/BicTerm/.build-artifacts/DerivedData/g12-core/Build/Products/Debug-iphonesimulator/PackageFrameworks -F /Users/richard/code/BicTerm/.build-artifacts/DerivedData/g12-core/Build/Products/Debug-iphonesimulator/PackageFrameworks -F /Users/richard/code/BicTerm/.build-artifacts/DerivedData/g12-core/Build/Products/Debug-iphonesimulator/PackageFrameworks -F /Users/richard/code/BicTerm/.build-artifacts/DerivedData/g12-core/Build/Products/Debug-iphonesimulator/PackageFrameworks -F /Users/richard/code/BicTerm/.build-artifacts/DerivedData/g12-core/Build/Products/Debug-iphonesimulator/PackageFrameworks -F /Users/richard/code/BicTerm/.build-artifacts/DerivedData/g12-core/Build/Products/Debug-iphonesimulator/PackageFrameworks -F /Users/richard/code/BicTerm/.build-artifacts/DerivedData/g12-core/Build/Products/Debug-iphonesimulator/PackageFrameworks -F /Users/richard/code/BicTerm/.build-artifacts/DerivedData/g12-core/Build/Products/Debug-iphonesimulator/PackageFrameworks -F /Users/richard/code/BicTerm/.build-artifacts/DerivedData/g12-core/Build/Products/Debug-iphonesimulator -F /Applications/Xcode.app/Contents/Developer/Platforms/iPhoneSimulator.platform/Developer/Library/Frameworks -F /Applications/Xcode.app/Contents/Developer/Platforms/iPhoneSimulator.platform/Developer/SDKs/iPhoneSimulator26.5.sdk/Developer/Library/Frameworks -c -j20 -enable-batch-mode -incremental -Xcc -ivfsstatcache -Xcc /Users/richard/code/BicTerm/.build-artifacts/DerivedData/g12-core/SDKStatCaches.noindex/iphonesimulator26.5-23F81a-688ef53f1462e2c8f657fdc38a81448f6cfe768891a92b912361537c460fe42b.sdkstatcache -output-file-map /Users/richard/code/BicTerm/.build-artifacts/DerivedData/g12-core/Build/Intermediates.noindex/BicTermCore.build/Debug-iphonesimulator/BicTermCoreTests.build/Objects-normal/arm64/BicTermCoreTests-OutputFileMap.json -use-frontend-parseable-output -save-temps -no-color-diagnostics -explicit-module-build -module-cache-path /Users/richard/code/BicTerm/.build-artifacts/DerivedData/g12-core/Build/Intermediates.noindex/SwiftExplicitPrecompiledModules -clang-scanner-module-cache-path /Users/richard/code/BicTerm/.build-artifacts/DerivedData/g12-core/ModuleCache.noindex -sdk-module-cache-path /Users/richard/code/BicTerm/.build-artifacts/DerivedData/g12-core/ModuleCache.noindex -serialize-diagnostics -emit-dependencies -emit-module -emit-module-path /Users/richard/code/BicTerm/.build-artifacts/DerivedData/g12-core/Build/Intermediates.noindex/BicTermCore.build/Debug-iphonesimulator/BicTermCoreTests.build/Objects-normal/arm64/BicTermCoreTests.swiftmodule -validate-clang-modules-once -clang-build-session-file /Users/richard/code/BicTerm/.build-artifacts/DerivedData/g12-core/ModuleCache.noindex/Session.modulevalidation -package-name bictermcore -emit-const-values -Xfrontend -const-gather-protocols-file -Xfrontend /Users/richard/code/BicTerm/.build-artifacts/DerivedData/g12-core/Build/Intermediates.noindex/BicTermCore.build/Debug-iphonesimulator/BicTermCoreTests.build/Objects-normal/arm64/BicTermCoreTests_const_extract_protocols.json -Xcc -I/Users/richard/code/BicTerm/.build-artifacts/DerivedData/g12-core/SourcePackages/checkouts/swift-nio/Sources/CNIOPosix/include -Xcc -I/Users/richard/code/BicTerm/.build-artifacts/DerivedData/g12-core/SourcePackages/checkouts/swift-atomics/Sources/_AtomicsShims/include -Xcc -I/Users/richard/code/BicTerm/.build-artifacts/DerivedData/g12-core/SourcePackages/checkouts/swift-nio/Sources/CNIOWASI/include -Xcc -I/Users/richard/code/BicTerm/.build-artifacts/DerivedData/g12-core/SourcePackages/checkouts/swift-nio/Sources/CNIOWindows/include -Xcc -I/Users/richard/code/BicTerm/.build-artifacts/DerivedData/g12-core/SourcePackages/checkouts/swift-nio/Sources/CNIOLinux/include -Xcc -I/Users/richard/code/BicTerm/.build-artifacts/DerivedData/g12-core/SourcePackages/checkouts/swift-nio/Sources/CNIODarwin/include -Xcc -I/Users/richard/code/BicTerm/.build-artifacts/DerivedData/g12-core/SourcePackages/checkouts/swift-nio/Sources/CNIOFreeBSD/include -Xcc -I/Users/richard/code/BicTerm/.build-artifacts/DerivedData/g12-core/SourcePackages/checkouts/swift-nio/Sources/CNIOOpenBSD/include -Xcc -I/Users/richard/code/BicTerm/.build-artifacts/DerivedData/g12-core/SourcePackages/checkouts/swift-nio/Sources/CNIOAtomics/include -Xcc -I/Users/richard/code/BicTerm/BicTermCore/Sources/CBcryptPBKDF/include -Xcc -I/Users/richard/code/BicTerm/.build-artifacts/DerivedData/g12-core/Build/Products/Debug-iphonesimulator/include -Xcc -I/Users/richard/code/BicTerm/.build-artifacts/DerivedData/g12-core/Build/Intermediates.noindex/BicTermCore.build/Debug-iphonesimulator/BicTermCoreTests.build/DerivedSources-normal/arm64 -Xcc -I/Users/richard/code/BicTerm/.build-artifacts/DerivedData/g12-core/Build/Intermediates.noindex/BicTermCore.build/Debug-iphonesimulator/BicTermCoreTests.build/DerivedSources/arm64 -Xcc -I/Users/richard/code/BicTerm/.build-artifacts/DerivedData/g12-core/Build/Intermediates.noindex/BicTermCore.build/Debug-iphonesimulator/BicTermCoreTests.build/DerivedSources -Xcc -DSWIFT_PACKAGE -Xcc -DDEBUG\=1 -working-directory /Users/richard/code/BicTerm/BicTermCore/.swiftpm/xcode -experimental-emit-module-separately -disable-cmo

ProcessInfoPlistFile /Users/richard/code/BicTerm/.build-artifacts/DerivedData/g12-core/Build/Products/Debug-iphonesimulator/BicTermCoreTests.xctest/Info.plist /Users/richard/code/BicTerm/.build-artifacts/DerivedData/g12-core/Build/Intermediates.noindex/BicTermCore.build/Debug-iphonesimulator/BicTermCoreTests.build/empty-BicTermCoreTests.plist (in target 'BicTermCoreTests' from project 'BicTermCore')
    cd /Users/richard/code/BicTerm/BicTermCore
    builtin-infoPlistUtility /Users/richard/code/BicTerm/.build-artifacts/DerivedData/g12-core/Build/Intermediates.noindex/BicTermCore.build/Debug-iphonesimulator/BicTermCoreTests.build/empty-BicTermCoreTests.plist -producttype com.apple.product-type.bundle.unit-test -expandbuildsettings -format binary -platform iphonesimulator -scanforprivacyfile /Users/richard/code/BicTerm/.build-artifacts/DerivedData/g12-core/Build/Products/Debug-iphonesimulator/BicTermCoreTests.xctest/swift-crypto_Crypto.bundle -scanforprivacyfile /Users/richard/code/BicTerm/.build-artifacts/DerivedData/g12-core/Build/Products/Debug-iphonesimulator/BicTermCoreTests.xctest/swift-nio_NIOPosix.bundle -o /Users/richard/code/BicTerm/.build-artifacts/DerivedData/g12-core/Build/Products/Debug-iphonesimulator/BicTermCoreTests.xctest/Info.plist

SwiftExplicitDependencyGeneratePcm arm64 /Users/richard/code/BicTerm/.build-artifacts/DerivedData/g12-core/Build/Intermediates.noindex/SwiftExplicitPrecompiledModules/CoderNet-N3KK330EOQBC0FAB3SE6WM9N.pcm

SwiftCompile normal arm64 Compiling\ FakeTransportConformanceTests.swift,\ SSHTransportConformanceTests.swift /Users/richard/code/BicTerm/BicTermCore/Tests/BicTermCoreTests/Transport/FakeTransportConformanceTests.swift /Users/richard/code/BicTerm/BicTermCore/Tests/BicTermCoreTests/Transport/SSHTransportConformanceTests.swift (in target 'BicTermCoreTests' from project 'BicTermCore')

SwiftCompile normal arm64 /Users/richard/code/BicTerm/BicTermCore/Tests/BicTermCoreTests/Transport/FakeTransportConformanceTests.swift (in target 'BicTermCoreTests' from project 'BicTermCore')
    cd /Users/richard/code/BicTerm/BicTermCore/.swiftpm/xcode
    

SwiftCompile normal arm64 /Users/richard/code/BicTerm/BicTermCore/Tests/BicTermCoreTests/Transport/SSHTransportConformanceTests.swift (in target 'BicTermCoreTests' from project 'BicTermCore')
    cd /Users/richard/code/BicTerm/BicTermCore/.swiftpm/xcode
    

SwiftCompile normal arm64 Compiling\ ExtensionGuideProofTests.swift,\ FakeTransport.swift /Users/richard/code/BicTerm/BicTermCore/Tests/BicTermCoreTests/Transport/ExtensionGuideProofTests.swift /Users/richard/code/BicTerm/BicTermCore/Tests/BicTermCoreTests/Transport/FakeTransport.swift (in target 'BicTermCoreTests' from project 'BicTermCore')
SwiftCompile normal arm64 /Users/richard/code/BicTerm/BicTermCore/Tests/BicTermCoreTests/Transport/ExtensionGuideProofTests.swift (in target 'BicTermCoreTests' from project 'BicTermCore')
    cd /Users/richard/code/BicTerm/BicTermCore/.swiftpm/xcode
    

SwiftCompile normal arm64 /Users/richard/code/BicTerm/BicTermCore/Tests/BicTermCoreTests/Transport/FakeTransport.swift (in target 'BicTermCoreTests' from project 'BicTermCore')
    cd /Users/richard/code/BicTerm/BicTermCore/.swiftpm/xcode
    

SwiftEmitModule normal arm64 Emitting\ module\ for\ BicTermCoreTests (in target 'BicTermCoreTests' from project 'BicTermCore')
EmitSwiftModule normal arm64 (in target 'BicTermCoreTests' from project 'BicTermCore')
    cd /Users/richard/code/BicTerm/BicTermCore/.swiftpm/xcode
    

SwiftCompile normal arm64 Compiling\ SecretAbsenceAssertions.swift,\ SecureEnclaveKeyTests.swift /Users/richard/code/BicTerm/BicTermCore/Tests/BicTermCoreTests/SecretAbsenceAssertions.swift /Users/richard/code/BicTerm/BicTermCore/Tests/BicTermCoreTests/SecureEnclaveKeyTests.swift (in target 'BicTermCoreTests' from project 'BicTermCore')

SwiftCompile normal arm64 /Users/richard/code/BicTerm/BicTermCore/Tests/BicTermCoreTests/SecretAbsenceAssertions.swift (in target 'BicTermCoreTests' from project 'BicTermCore')
    cd /Users/richard/code/BicTerm/BicTermCore/.swiftpm/xcode
    

SwiftCompile normal arm64 /Users/richard/code/BicTerm/BicTermCore/Tests/BicTermCoreTests/SecureEnclaveKeyTests.swift (in target 'BicTermCoreTests' from project 'BicTermCore')
    cd /Users/richard/code/BicTerm/BicTermCore/.swiftpm/xcode
    

SwiftCompile normal arm64 Compiling\ UDSTransportTests.swift,\ UsageHeartbeatTests.swift /Users/richard/code/BicTerm/BicTermCore/Tests/BicTermCoreTests/UDSTransportTests.swift /Users/richard/code/BicTerm/BicTermCore/Tests/BicTermCoreTests/UsageHeartbeatTests.swift (in target 'BicTermCoreTests' from project 'BicTermCore')

SwiftCompile normal arm64 /Users/richard/code/BicTerm/BicTermCore/Tests/BicTermCoreTests/UDSTransportTests.swift (in target 'BicTermCoreTests' from project 'BicTermCore')
    cd /Users/richard/code/BicTerm/BicTermCore/.swiftpm/xcode
    

SwiftCompile normal arm64 /Users/richard/code/BicTerm/BicTermCore/Tests/BicTermCoreTests/UsageHeartbeatTests.swift (in target 'BicTermCoreTests' from project 'BicTermCore')
    cd /Users/richard/code/BicTerm/BicTermCore/.swiftpm/xcode
    

SwiftCompile normal arm64 Compiling\ SessionPresentationStateTests.swift,\ SessionRegistryIntegrationTests.swift /Users/richard/code/BicTerm/BicTermCore/Tests/BicTermCoreTests/SessionPresentationStateTests.swift /Users/richard/code/BicTerm/BicTermCore/Tests/BicTermCoreTests/SessionRegistryIntegrationTests.swift (in target 'BicTermCoreTests' from project 'BicTermCore')

SwiftCompile normal arm64 /Users/richard/code/BicTerm/BicTermCore/Tests/BicTermCoreTests/SessionPresentationStateTests.swift (in target 'BicTermCoreTests' from project 'BicTermCore')
    cd /Users/richard/code/BicTerm/BicTermCore/.swiftpm/xcode
    

SwiftCompile normal arm64 /Users/richard/code/BicTerm/BicTermCore/Tests/BicTermCoreTests/SessionRegistryIntegrationTests.swift (in target 'BicTermCoreTests' from project 'BicTermCore')
    cd /Users/richard/code/BicTerm/BicTermCore/.swiftpm/xcode
    

SwiftCompile normal arm64 Compiling\ SessionsTestSupport.swift,\ SmokeTests.swift /Users/richard/code/BicTerm/BicTermCore/Tests/BicTermCoreTests/SessionsTestSupport.swift /Users/richard/code/BicTerm/BicTermCore/Tests/BicTermCoreTests/SmokeTests.swift (in target 'BicTermCoreTests' from project 'BicTermCore')

SwiftCompile normal arm64 /Users/richard/code/BicTerm/BicTermCore/Tests/BicTermCoreTests/SessionsTestSupport.swift (in target 'BicTermCoreTests' from project 'BicTermCore')
    cd /Users/richard/code/BicTerm/BicTermCore/.swiftpm/xcode
    

SwiftCompile normal arm64 /Users/richard/code/BicTerm/BicTermCore/Tests/BicTermCoreTests/SmokeTests.swift (in target 'BicTermCoreTests' from project 'BicTermCore')
    cd /Users/richard/code/BicTerm/BicTermCore/.swiftpm/xcode
    

SwiftCompile normal arm64 Compiling\ SessionRegistryTests.swift,\ SessionRestorationTests.swift /Users/richard/code/BicTerm/BicTermCore/Tests/BicTermCoreTests/SessionRegistryTests.swift /Users/richard/code/BicTerm/BicTermCore/Tests/BicTermCoreTests/SessionRestorationTests.swift (in target 'BicTermCoreTests' from project 'BicTermCore')

SwiftCompile normal arm64 /Users/richard/code/BicTerm/BicTermCore/Tests/BicTermCoreTests/SessionRegistryTests.swift (in target 'BicTermCoreTests' from project 'BicTermCore')
    cd /Users/richard/code/BicTerm/BicTermCore/.swiftpm/xcode
    
/Users/richard/code/BicTerm/BicTermCore/Tests/BicTermCoreTests/SessionRegistryTests.swift:34:27: warning: 'as' test is always true
        } catch let error as SessionRegistryError {
                          ^
/Users/richard/code/BicTerm/BicTermCore/Tests/BicTermCoreTests/SessionRegistryTests.swift:51:27: warning: 'as' test is always true
        } catch let error as SessionRegistryError {
                          ^
/Users/richard/code/BicTerm/BicTermCore/Tests/BicTermCoreTests/SessionRegistryTests.swift:311:27: warning: 'as' test is always true
        } catch let error as SessionRegistryError {
                          ^
/Users/richard/code/BicTerm/BicTermCore/Tests/BicTermCoreTests/SessionRegistryTests.swift:419:27: warning: 'as' test is always true
        } catch let error as SessionRegistryError {
                          ^
/Users/richard/code/BicTerm/BicTermCore/Tests/BicTermCoreTests/SessionRegistryTests.swift:457:27: warning: 'as' test is always true
        } catch let error as SessionRegistryError {
                          ^
/Users/richard/code/BicTerm/BicTermCore/Tests/BicTermCoreTests/SessionRegistryTests.swift:470:27: warning: 'as' test is always true
        } catch let error as SessionRegistryError {
                          ^
/Users/richard/code/BicTerm/BicTermCore/Tests/BicTermCoreTests/SessionRegistryTests.swift:526:27: warning: 'as' test is always true
        } catch let error as SessionRegistryError {
                          ^

SwiftCompile normal arm64 /Users/richard/code/BicTerm/BicTermCore/Tests/BicTermCoreTests/SessionRestorationTests.swift (in target 'BicTermCoreTests' from project 'BicTermCore')
    cd /Users/richard/code/BicTerm/BicTermCore/.swiftpm/xcode
    

SwiftCompile normal arm64 Compiling\ TransportAbstractionTests.swift,\ TransportConformanceSuite.swift /Users/richard/code/BicTerm/BicTermCore/Tests/BicTermCoreTests/Transport/TransportAbstractionTests.swift /Users/richard/code/BicTerm/BicTermCore/Tests/BicTermCoreTests/Transport/TransportConformanceSuite.swift (in target 'BicTermCoreTests' from project 'BicTermCore')

SwiftCompile normal arm64 /Users/richard/code/BicTerm/BicTermCore/Tests/BicTermCoreTests/Transport/TransportAbstractionTests.swift (in target 'BicTermCoreTests' from project 'BicTermCore')
    cd /Users/richard/code/BicTerm/BicTermCore/.swiftpm/xcode
    
/Users/richard/code/BicTerm/BicTermCore/Tests/BicTermCoreTests/Transport/TransportAbstractionTests.swift:132:27: warning: 'as' test is always true
        } catch let error as SessionRegistryError {
                          ^

SwiftCompile normal arm64 /Users/richard/code/BicTerm/BicTermCore/Tests/BicTermCoreTests/Transport/TransportConformanceSuite.swift (in target 'BicTermCoreTests' from project 'BicTermCore')
    cd /Users/richard/code/BicTerm/BicTermCore/.swiftpm/xcode
    
/Users/richard/code/BicTerm/BicTermCore/Tests/BicTermCoreTests/Transport/TransportConformanceSuite.swift:321:34: warning: no 'async' operations occur within 'await' expression
                connectAttempts: await sessionEstablishments,
                                 ^
/Users/richard/code/BicTerm/BicTermCore/Tests/BicTermCoreTests/Transport/TransportConformanceSuite.swift:322:41: warning: no 'async' operations occur within 'await' expression
                authenticationAttempts: await tunnelSessionStarts,
                                        ^
/Users/richard/code/BicTerm/BicTermCore/Tests/BicTermCoreTests/Transport/TransportConformanceSuite.swift:323:33: warning: no 'async' operations occur within 'await' expression
                resumeAttempts: await resumeCallCount
                                ^

SwiftCompile normal arm64 Compiling\ SSHAgentForwardingIntegrationTests.swift,\ SSHTransportIntegrationTests.swift /Users/richard/code/BicTerm/BicTermCore/Tests/BicTermCoreTests/SSHAgentForwardingIntegrationTests.swift /Users/richard/code/BicTerm/BicTermCore/Tests/BicTermCoreTests/SSHTransportIntegrationTests.swift (in target 'BicTermCoreTests' from project 'BicTermCore')

SwiftCompile normal arm64 /Users/richard/code/BicTerm/BicTermCore/Tests/BicTermCoreTests/SSHAgentForwardingIntegrationTests.swift (in target 'BicTermCoreTests' from project 'BicTermCore')
    cd /Users/richard/code/BicTerm/BicTermCore/.swiftpm/xcode
    

SwiftCompile normal arm64 /Users/richard/code/BicTerm/BicTermCore/Tests/BicTermCoreTests/SSHTransportIntegrationTests.swift (in target 'BicTermCoreTests' from project 'BicTermCore')
    cd /Users/richard/code/BicTerm/BicTermCore/.swiftpm/xcode
    
/Users/richard/code/BicTerm/BicTermCore/Tests/BicTermCoreTests/SSHTransportIntegrationTests.swift:154:27: warning: 'as' test is always true
        } catch let error as SSHTransportError {
                          ^

SwiftCompile normal arm64 Compiling\ CoderTunnelDescriptorTests.swift,\ ExtensionGuideIntegrityTests.swift /Users/richard/code/BicTerm/BicTermCore/Tests/BicTermCoreTests/Transport/CoderTunnelDescriptorTests.swift /Users/richard/code/BicTerm/BicTermCore/Tests/BicTermCoreTests/Transport/ExtensionGuideIntegrityTests.swift (in target 'BicTermCoreTests' from project 'BicTermCore')

SwiftCompile normal arm64 /Users/richard/code/BicTerm/BicTermCore/Tests/BicTermCoreTests/Transport/CoderTunnelDescriptorTests.swift (in target 'BicTermCoreTests' from project 'BicTermCore')
    cd /Users/richard/code/BicTerm/BicTermCore/.swiftpm/xcode
    
/Users/richard/code/BicTerm/BicTermCore/Tests/BicTermCoreTests/Transport/CoderTunnelDescriptorTests.swift:96:27: warning: 'as' test is always true
        } catch let error as CoderTunnelError {
                          ^
/Users/richard/code/BicTerm/BicTermCore/Tests/BicTermCoreTests/Transport/CoderTunnelDescriptorTests.swift:127:14: warning: result of call to 'withLock' is unused
        lock.withLock { open.remove(handle) }
             ^        ~~~~~~~~~~~~~~~~~~~~~~~

SwiftCompile normal arm64 /Users/richard/code/BicTerm/BicTermCore/Tests/BicTermCoreTests/Transport/ExtensionGuideIntegrityTests.swift (in target 'BicTermCoreTests' from project 'BicTermCore')
    cd /Users/richard/code/BicTerm/BicTermCore/.swiftpm/xcode
    

SwiftCompile normal arm64 Compiling\ ProxyJumpTests.swift,\ SSHAgentAuthorizationTests.swift /Users/richard/code/BicTerm/BicTermCore/Tests/BicTermCoreTests/ProxyJumpTests.swift /Users/richard/code/BicTerm/BicTermCore/Tests/BicTermCoreTests/SSHAgentAuthorizationTests.swift (in target 'BicTermCoreTests' from project 'BicTermCore')

SwiftCompile normal arm64 /Users/richard/code/BicTerm/BicTermCore/Tests/BicTermCoreTests/ProxyJumpTests.swift (in target 'BicTermCoreTests' from project 'BicTermCore')
    cd /Users/richard/code/BicTerm/BicTermCore/.swiftpm/xcode
    

SwiftCompile normal arm64 /Users/richard/code/BicTerm/BicTermCore/Tests/BicTermCoreTests/SSHAgentAuthorizationTests.swift (in target 'BicTermCoreTests' from project 'BicTermCore')
    cd /Users/richard/code/BicTerm/BicTermCore/.swiftpm/xcode
    

SwiftCompile normal arm64 Compiling\ PasswordAuthTests.swift,\ PersistenceTests.swift /Users/richard/code/BicTerm/BicTermCore/Tests/BicTermCoreTests/PasswordAuthTests.swift /Users/richard/code/BicTerm/BicTermCore/Tests/BicTermCoreTests/PersistenceTests.swift (in target 'BicTermCoreTests' from project 'BicTermCore')

SwiftCompile normal arm64 /Users/richard/code/BicTerm/BicTermCore/Tests/BicTermCoreTests/PasswordAuthTests.swift (in target 'BicTermCoreTests' from project 'BicTermCore')
    cd /Users/richard/code/BicTerm/BicTermCore/.swiftpm/xcode
    

SwiftCompile normal arm64 /Users/richard/code/BicTerm/BicTermCore/Tests/BicTermCoreTests/PersistenceTests.swift (in target 'BicTermCoreTests' from project 'BicTermCore')
    cd /Users/richard/code/BicTerm/BicTermCore/.swiftpm/xcode
    

SwiftCompile normal arm64 Compiling\ CoderWorkspaceClientTests.swift,\ CoderWorkspaceResolverTests.swift /Users/richard/code/BicTerm/BicTermCore/Tests/BicTermCoreTests/CoderWorkspaceClientTests.swift /Users/richard/code/BicTerm/BicTermCore/Tests/BicTermCoreTests/CoderWorkspaceResolverTests.swift (in target 'BicTermCoreTests' from project 'BicTermCore')
SwiftCompile normal arm64 /Users/richard/code/BicTerm/BicTermCore/Tests/BicTermCoreTests/CoderWorkspaceClientTests.swift (in target 'BicTermCoreTests' from project 'BicTermCore')
    cd /Users/richard/code/BicTerm/BicTermCore/.swiftpm/xcode
    
/Users/richard/code/BicTerm/BicTermCore/Tests/BicTermCoreTests/CoderWorkspaceClientTests.swift:17:27: warning: 'as' test is always true
        } catch let error as CoderClientError {
                          ^

SwiftCompile normal arm64 /Users/richard/code/BicTerm/BicTermCore/Tests/BicTermCoreTests/CoderWorkspaceResolverTests.swift (in target 'BicTermCoreTests' from project 'BicTermCore')
    cd /Users/richard/code/BicTerm/BicTermCore/.swiftpm/xcode
    

SwiftCompile normal arm64 Compiling\ ProxyJumpCompositionTests.swift,\ ProxyJumpTestSupport.swift /Users/richard/code/BicTerm/BicTermCore/Tests/BicTermCoreTests/ProxyJumpCompositionTests.swift /Users/richard/code/BicTerm/BicTermCore/Tests/BicTermCoreTests/ProxyJumpTestSupport.swift (in target 'BicTermCoreTests' from project 'BicTermCore')

SwiftCompile normal arm64 /Users/richard/code/BicTerm/BicTermCore/Tests/BicTermCoreTests/ProxyJumpCompositionTests.swift (in target 'BicTermCoreTests' from project 'BicTermCore')
    cd /Users/richard/code/BicTerm/BicTermCore/.swiftpm/xcode
    

SwiftCompile normal arm64 /Users/richard/code/BicTerm/BicTermCore/Tests/BicTermCoreTests/ProxyJumpTestSupport.swift (in target 'BicTermCoreTests' from project 'BicTermCore')
    cd /Users/richard/code/BicTerm/BicTermCore/.swiftpm/xcode
    

SwiftCompile normal arm64 Compiling\ KeyRepositoryTests.swift,\ OpenSSHPrivateKeyParserTests.swift /Users/richard/code/BicTerm/BicTermCore/Tests/BicTermCoreTests/KeyRepositoryTests.swift /Users/richard/code/BicTerm/BicTermCore/Tests/BicTermCoreTests/OpenSSHPrivateKeyParserTests.swift (in target 'BicTermCoreTests' from project 'BicTermCore')

SwiftCompile normal arm64 /Users/richard/code/BicTerm/BicTermCore/Tests/BicTermCoreTests/KeyRepositoryTests.swift (in target 'BicTermCoreTests' from project 'BicTermCore')
    cd /Users/richard/code/BicTerm/BicTermCore/.swiftpm/xcode
    

SwiftCompile normal arm64 /Users/richard/code/BicTerm/BicTermCore/Tests/BicTermCoreTests/OpenSSHPrivateKeyParserTests.swift (in target 'BicTermCoreTests' from project 'BicTermCore')
    cd /Users/richard/code/BicTerm/BicTermCore/.swiftpm/xcode
    

SwiftCompile normal arm64 Compiling\ ConnectionModelTests.swift,\ HostKeyVerifierTests.swift /Users/richard/code/BicTerm/BicTermCore/Tests/BicTermCoreTests/ConnectionModelTests.swift /Users/richard/code/BicTerm/BicTermCore/Tests/BicTermCoreTests/HostKeyVerifierTests.swift (in target 'BicTermCoreTests' from project 'BicTermCore')

SwiftCompile normal arm64 /Users/richard/code/BicTerm/BicTermCore/Tests/BicTermCoreTests/ConnectionModelTests.swift (in target 'BicTermCoreTests' from project 'BicTermCore')
    cd /Users/richard/code/BicTerm/BicTermCore/.swiftpm/xcode
    

SwiftCompile normal arm64 /Users/richard/code/BicTerm/BicTermCore/Tests/BicTermCoreTests/HostKeyVerifierTests.swift (in target 'BicTermCoreTests' from project 'BicTermCore')
    cd /Users/richard/code/BicTerm/BicTermCore/.swiftpm/xcode
    
/Users/richard/code/BicTerm/BicTermCore/Tests/BicTermCoreTests/HostKeyVerifierTests.swift:157:27: warning: 'as' test is always true
        } catch let error as HostKeyTrustError {
                          ^

SwiftCompile normal arm64 Compiling\ SSHTransportStaticGuardTests.swift,\ SSHTransportTestSupport.swift /Users/richard/code/BicTerm/BicTermCore/Tests/BicTermCoreTests/SSHTransportStaticGuardTests.swift /Users/richard/code/BicTerm/BicTermCore/Tests/BicTermCoreTests/SSHTransportTestSupport.swift (in target 'BicTermCoreTests' from project 'BicTermCore')

SwiftCompile normal arm64 /Users/richard/code/BicTerm/BicTermCore/Tests/BicTermCoreTests/SSHTransportStaticGuardTests.swift (in target 'BicTermCoreTests' from project 'BicTermCore')
    cd /Users/richard/code/BicTerm/BicTermCore/.swiftpm/xcode
    

SwiftCompile normal arm64 /Users/richard/code/BicTerm/BicTermCore/Tests/BicTermCoreTests/SSHTransportTestSupport.swift (in target 'BicTermCoreTests' from project 'BicTermCore')
    cd /Users/richard/code/BicTerm/BicTermCore/.swiftpm/xcode
    
/Users/richard/code/BicTerm/BicTermCore/Tests/BicTermCoreTests/SSHTransportTestSupport.swift:332:21: warning: capture of 'context' with non-Sendable type 'ChannelHandlerContext' in a '@Sendable' closure
                    context.close(promise: nil)
                    ^
NIOCore.ChannelHandlerContext:1:20: note: class 'ChannelHandlerContext' does not conform to the 'Sendable' protocol
final public class ChannelHandlerContext : NIOCore.ChannelInvoker {
                   ^

SwiftCompile normal arm64 Compiling\ SSHAgentCodecTests.swift,\ SSHAgentForwardingBridgeTests.swift /Users/richard/code/BicTerm/BicTermCore/Tests/BicTermCoreTests/SSHAgentCodecTests.swift /Users/richard/code/BicTerm/BicTermCore/Tests/BicTermCoreTests/SSHAgentForwardingBridgeTests.swift (in target 'BicTermCoreTests' from project 'BicTermCore')

SwiftCompile normal arm64 /Users/richard/code/BicTerm/BicTermCore/Tests/BicTermCoreTests/SSHAgentCodecTests.swift (in target 'BicTermCoreTests' from project 'BicTermCore')
    cd /Users/richard/code/BicTerm/BicTermCore/.swiftpm/xcode
    

SwiftCompile normal arm64 /Users/richard/code/BicTerm/BicTermCore/Tests/BicTermCoreTests/SSHAgentForwardingBridgeTests.swift (in target 'BicTermCoreTests' from project 'BicTermCore')
    cd /Users/richard/code/BicTerm/BicTermCore/.swiftpm/xcode
    
/Users/richard/code/BicTerm/BicTermCore/Tests/BicTermCoreTests/SSHAgentForwardingBridgeTests.swift:172:23: warning: no calls to throwing functions occur within 'try' expression
        let channel = try EmbeddedChannel(handler: AgentChannelHandler(bridge: bridge))
                      ^
/Users/richard/code/BicTerm/BicTermCore/Tests/BicTermCoreTests/SSHAgentForwardingBridgeTests.swift:206:20: warning: no 'async' operations occur within 'await' expression
        let blob = await provider.metadata.publicKeyBlob
                   ^
/Users/richard/code/BicTerm/BicTermCore/Tests/BicTermCoreTests/SSHAgentForwardingBridgeTests.swift:236:20: warning: no 'async' operations occur within 'await' expression
        let blob = await provider.metadata.publicKeyBlob
                   ^

SwiftCompile normal arm64 Compiling\ CoderEventClassificationTests.swift,\ CoderLifecycleObservationTests.swift,\ CoderLifecycleTests.swift /Users/richard/code/BicTerm/BicTermCore/Tests/BicTermCoreTests/CoderEventClassificationTests.swift /Users/richard/code/BicTerm/BicTermCore/Tests/BicTermCoreTests/CoderLifecycleObservationTests.swift /Users/richard/code/BicTerm/BicTermCore/Tests/BicTermCoreTests/CoderLifecycleTests.swift (in target 'BicTermCoreTests' from project 'BicTermCore')

SwiftCompile normal arm64 /Users/richard/code/BicTerm/BicTermCore/Tests/BicTermCoreTests/CoderEventClassificationTests.swift (in target 'BicTermCoreTests' from project 'BicTermCore')
    cd /Users/richard/code/BicTerm/BicTermCore/.swiftpm/xcode
    

SwiftCompile normal arm64 /Users/richard/code/BicTerm/BicTermCore/Tests/BicTermCoreTests/CoderLifecycleObservationTests.swift (in target 'BicTermCoreTests' from project 'BicTermCore')
    cd /Users/richard/code/BicTerm/BicTermCore/.swiftpm/xcode
    

SwiftCompile normal arm64 /Users/richard/code/BicTerm/BicTermCore/Tests/BicTermCoreTests/CoderLifecycleTests.swift (in target 'BicTermCoreTests' from project 'BicTermCore')
    cd /Users/richard/code/BicTerm/BicTermCore/.swiftpm/xcode
    
/Users/richard/code/BicTerm/BicTermCore/Tests/BicTermCoreTests/CoderLifecycleTests.swift:536:9: warning: using '_' to ignore the result of a Void-returning function is redundant
        _ = lock.withLock { rebinds += 1 }
        ^~~~
        
/Users/richard/code/BicTerm/BicTermCore/Tests/BicTermCoreTests/CoderLifecycleTests.swift:540:9: warning: using '_' to ignore the result of a Void-returning function is redundant
        _ = lock.withLock { closes.append(handle) }
        ^~~~
        
/Users/richard/code/BicTerm/BicTermCore/Tests/BicTermCoreTests/CoderLifecycleTests.swift:555:9: warning: using '_' to ignore the result of a Void-returning function is redundant
        _ = lock.withLock { ends += 1 }
        ^~~~
        

SwiftCompile normal arm64 Compiling\ CoderTransportConformanceTests.swift,\ CoderTransportTests.swift,\ CoderTrustPolicyTests.swift /Users/richard/code/BicTerm/BicTermCore/Tests/BicTermCoreTests/CoderTransportConformanceTests.swift /Users/richard/code/BicTerm/BicTermCore/Tests/BicTermCoreTests/CoderTransportTests.swift /Users/richard/code/BicTerm/BicTermCore/Tests/BicTermCoreTests/CoderTrustPolicyTests.swift (in target 'BicTermCoreTests' from project 'BicTermCore')
SwiftCompile normal arm64 /Users/richard/code/BicTerm/BicTermCore/Tests/BicTermCoreTests/CoderTransportConformanceTests.swift (in target 'BicTermCoreTests' from project 'BicTermCore')
    cd /Users/richard/code/BicTerm/BicTermCore/.swiftpm/xcode
    

SwiftCompile normal arm64 /Users/richard/code/BicTerm/BicTermCore/Tests/BicTermCoreTests/CoderTransportTests.swift (in target 'BicTermCoreTests' from project 'BicTermCore')
    cd /Users/richard/code/BicTerm/BicTermCore/.swiftpm/xcode
    
/Users/richard/code/BicTerm/BicTermCore/Tests/BicTermCoreTests/CoderTransportTests.swift:452:9: warning: using '_' to ignore the result of a Void-returning function is redundant
        _ = lock.withLock { rebindCount += 1 }
        ^~~~
        
/Users/richard/code/BicTerm/BicTermCore/Tests/BicTermCoreTests/CoderTransportTests.swift:456:9: warning: using '_' to ignore the result of a Void-returning function is redundant
        _ = lock.withLock { closedHandlesStorage.append(handle) }
        ^~~~
        

SwiftCompile normal arm64 /Users/richard/code/BicTerm/BicTermCore/Tests/BicTermCoreTests/CoderTrustPolicyTests.swift (in target 'BicTermCoreTests' from project 'BicTermCore')
    cd /Users/richard/code/BicTerm/BicTermCore/.swiftpm/xcode
    
/Users/richard/code/BicTerm/BicTermCore/Tests/BicTermCoreTests/CoderTrustPolicyTests.swift:230:27: warning: 'as' test is always true
        } catch let error as TransportError {
                          ^

SwiftDriverJobDiscovery normal arm64 Compiling SessionsTestSupport.swift, SmokeTests.swift (in target 'BicTermCoreTests' from project 'BicTermCore')

SwiftDriverJobDiscovery normal arm64 Compiling SessionPresentationStateTests.swift, SessionRegistryIntegrationTests.swift (in target 'BicTermCoreTests' from project 'BicTermCore')

SwiftDriverJobDiscovery normal arm64 Compiling FakeTransportConformanceTests.swift, SSHTransportConformanceTests.swift (in target 'BicTermCoreTests' from project 'BicTermCore')

SwiftDriverJobDiscovery normal arm64 Compiling SecretAbsenceAssertions.swift, SecureEnclaveKeyTests.swift (in target 'BicTermCoreTests' from project 'BicTermCore')

SwiftDriverJobDiscovery normal arm64 Compiling ExtensionGuideProofTests.swift, FakeTransport.swift (in target 'BicTermCoreTests' from project 'BicTermCore')

SwiftDriverJobDiscovery normal arm64 Compiling CoderTunnelDescriptorTests.swift, ExtensionGuideIntegrityTests.swift (in target 'BicTermCoreTests' from project 'BicTermCore')

SwiftDriverJobDiscovery normal arm64 Compiling KeyRepositoryTests.swift, OpenSSHPrivateKeyParserTests.swift (in target 'BicTermCoreTests' from project 'BicTermCore')

SwiftDriverJobDiscovery normal arm64 Compiling ConnectionModelTests.swift, HostKeyVerifierTests.swift (in target 'BicTermCoreTests' from project 'BicTermCore')

SwiftDriverJobDiscovery normal arm64 Compiling ProxyJumpTests.swift, SSHAgentAuthorizationTests.swift (in target 'BicTermCoreTests' from project 'BicTermCore')

SwiftDriverJobDiscovery normal arm64 Compiling ProxyJumpCompositionTests.swift, ProxyJumpTestSupport.swift (in target 'BicTermCoreTests' from project 'BicTermCore')

SwiftDriverJobDiscovery normal arm64 Compiling TransportAbstractionTests.swift, TransportConformanceSuite.swift (in target 'BicTermCoreTests' from project 'BicTermCore')

SwiftDriverJobDiscovery normal arm64 Compiling UDSTransportTests.swift, UsageHeartbeatTests.swift (in target 'BicTermCoreTests' from project 'BicTermCore')

SwiftDriverJobDiscovery normal arm64 Compiling PasswordAuthTests.swift, PersistenceTests.swift (in target 'BicTermCoreTests' from project 'BicTermCore')

SwiftDriverJobDiscovery normal arm64 Compiling SSHAgentForwardingIntegrationTests.swift, SSHTransportIntegrationTests.swift (in target 'BicTermCoreTests' from project 'BicTermCore')

SwiftDriverJobDiscovery normal arm64 Compiling SessionRegistryTests.swift, SessionRestorationTests.swift (in target 'BicTermCoreTests' from project 'BicTermCore')

SwiftDriverJobDiscovery normal arm64 Emitting module for BicTermCoreTests (in target 'BicTermCoreTests' from project 'BicTermCore')

SwiftDriver\ Compilation\ Requirements BicTermCoreTests normal arm64 com.apple.xcode.tools.swift.compiler (in target 'BicTermCoreTests' from project 'BicTermCore')
    cd /Users/richard/code/BicTerm/BicTermCore/.swiftpm/xcode
    builtin-Swift-Compilation-Requirements -- /Applications/Xcode.app/Contents/Developer/Toolchains/XcodeDefault.xctoolchain/usr/bin/swiftc -module-name BicTermCoreTests -Onone @/Users/richard/code/BicTerm/.build-artifacts/DerivedData/g12-core/Build/Intermediates.noindex/BicTermCore.build/Debug-iphonesimulator/BicTermCoreTests.build/Objects-normal/arm64/BicTermCoreTests.SwiftFileList -DSWIFT_PACKAGE -DDEBUG -Xcc -fmodule-map-file\=/Users/richard/code/BicTerm/.build-artifacts/DerivedData/g12-core/Build/Intermediates.noindex/GeneratedModuleMaps-iphonesimulator/CNIOPosix.modulemap -Xcc -fmodule-map-file\=/Users/richard/code/BicTerm/.build-artifacts/DerivedData/g12-core/Build/Intermediates.noindex/GeneratedModuleMaps-iphonesimulator/CNIOWASI.modulemap -Xcc -fmodule-map-file\=/Users/richard/code/BicTerm/.build-artifacts/DerivedData/g12-core/Build/Intermediates.noindex/GeneratedModuleMaps-iphonesimulator/CNIOLinux.modulemap -Xcc -fmodule-map-file\=/Users/richard/code/BicTerm/.build-artifacts/DerivedData/g12-core/Build/Intermediates.noindex/GeneratedModuleMaps-iphonesimulator/CNIODarwin.modulemap -Xcc -fmodule-map-file\=/Users/richard/code/BicTerm/.build-artifacts/DerivedData/g12-core/Build/Intermediates.noindex/GeneratedModuleMaps-iphonesimulator/CNIOFreeBSD.modulemap -Xcc -fmodule-map-file\=/Users/richard/code/BicTerm/.build-artifacts/DerivedData/g12-core/Build/Intermediates.noindex/GeneratedModuleMaps-iphonesimulator/CNIOOpenBSD.modulemap -Xcc -fmodule-map-file\=/Users/richard/code/BicTerm/.build-artifacts/DerivedData/g12-core/Build/Intermediates.noindex/GeneratedModuleMaps-iphonesimulator/CNIOAtomics.modulemap -Xcc -fmodule-map-file\=/Users/richard/code/BicTerm/.build-artifacts/DerivedData/g12-core/Build/Intermediates.noindex/GeneratedModuleMaps-iphonesimulator/CBcryptPBKDF.modulemap -DXcode -plugin-path /Applications/Xcode.app/Contents/Developer/Toolchains/XcodeDefault.xctoolchain/usr/lib/swift/host/plugins/testing -enable-experimental-feature DebugDescriptionMacro -sdk /Applications/Xcode.app/Contents/Developer/Platforms/iPhoneSimulator.platform/Developer/SDKs/iPhoneSimulator26.5.sdk -target arm64-apple-ios18.0-simulator -g -module-cache-path /Users/richard/code/BicTerm/.build-artifacts/DerivedData/g12-core/ModuleCache.noindex -Xfrontend -serialize-debugging-options -profile-coverage-mapping -profile-generate -enable-testing -index-store-path /Users/richard/code/BicTerm/.build-artifacts/DerivedData/g12-core/Index.noindex/DataStore -Xcc -D_LIBCPP_HARDENING_MODE\=_LIBCPP_HARDENING_MODE_DEBUG -swift-version 6 -I /Users/richard/code/BicTerm/.build-artifacts/DerivedData/g12-core/Build/Products/Debug-iphonesimulator -Isystem /Applications/Xcode.app/Contents/Developer/Platforms/iPhoneSimulator.platform/Developer/usr/lib -F /Users/richard/code/BicTerm/.build-artifacts/DerivedData/g12-core/Build/Products/Debug-iphonesimulator/PackageFrameworks -F /Users/richard/code/BicTerm/.build-artifacts/DerivedData/g12-core/Build/Products/Debug-iphonesimulator/PackageFrameworks -F /Users/richard/code/BicTerm/.build-artifacts/DerivedData/g12-core/Build/Products/Debug-iphonesimulator/PackageFrameworks -F /Users/richard/code/BicTerm/.build-artifacts/DerivedData/g12-core/Build/Products/Debug-iphonesimulator/PackageFrameworks -F /Users/richard/code/BicTerm/.build-artifacts/DerivedData/g12-core/Build/Products/Debug-iphonesimulator/PackageFrameworks -F /Users/richard/code/BicTerm/.build-artifacts/DerivedData/g12-core/Build/Products/Debug-iphonesimulator/PackageFrameworks -F /Users/richard/code/BicTerm/.build-artifacts/DerivedData/g12-core/Build/Products/Debug-iphonesimulator/PackageFrameworks -F /Users/richard/code/BicTerm/.build-artifacts/DerivedData/g12-core/Build/Products/Debug-iphonesimulator/PackageFrameworks -F /Users/richard/code/BicTerm/.build-artifacts/DerivedData/g12-core/Build/Products/Debug-iphonesimulator/PackageFrameworks -F /Users/richard/code/BicTerm/.build-artifacts/DerivedData/g12-core/Build/Products/Debug-iphonesimulator/PackageFrameworks -F /Users/richard/code/BicTerm/.build-artifacts/DerivedData/g12-core/Build/Products/Debug-iphonesimulator/PackageFrameworks -F /Users/richard/code/BicTerm/.build-artifacts/DerivedData/g12-core/Build/Products/Debug-iphonesimulator/PackageFrameworks -F /Users/richard/code/BicTerm/.build-artifacts/DerivedData/g12-core/Build/Products/Debug-iphonesimulator/PackageFrameworks -F /Users/richard/code/BicTerm/.build-artifacts/DerivedData/g12-core/Build/Products/Debug-iphonesimulator/PackageFrameworks -F /Users/richard/code/BicTerm/.build-artifacts/DerivedData/g12-core/Build/Products/Debug-iphonesimulator/PackageFrameworks -F /Users/richard/code/BicTerm/.build-artifacts/DerivedData/g12-core/Build/Products/Debug-iphonesimulator/PackageFrameworks -F /Users/richard/code/BicTerm/.build-artifacts/DerivedData/g12-core/Build/Products/Debug-iphonesimulator/PackageFrameworks -F /Users/richard/code/BicTerm/.build-artifacts/DerivedData/g12-core/Build/Products/Debug-iphonesimulator/PackageFrameworks -F /Users/richard/code/BicTerm/.build-artifacts/DerivedData/g12-core/Build/Products/Debug-iphonesimulator/PackageFrameworks -F /Users/richard/code/BicTerm/.build-artifacts/DerivedData/g12-core/Build/Products/Debug-iphonesimulator/PackageFrameworks -F /Users/richard/code/BicTerm/.build-artifacts/DerivedData/g12-core/Build/Products/Debug-iphonesimulator/PackageFrameworks -F /Users/richard/code/BicTerm/.build-artifacts/DerivedData/g12-core/Build/Products/Debug-iphonesimulator/PackageFrameworks -F /Users/richard/code/BicTerm/.build-artifacts/DerivedData/g12-core/Build/Products/Debug-iphonesimulator/PackageFrameworks -F /Users/richard/code/BicTerm/.build-artifacts/DerivedData/g12-core/Build/Products/Debug-iphonesimulator/PackageFrameworks -F /Users/richard/code/BicTerm/.build-artifacts/DerivedData/g12-core/Build/Products/Debug-iphonesimulator/PackageFrameworks -F /Users/richard/code/BicTerm/.build-artifacts/DerivedData/g12-core/Build/Products/Debug-iphonesimulator/PackageFrameworks -F /Users/richard/code/BicTerm/.build-artifacts/DerivedData/g12-core/Build/Products/Debug-iphonesimulator -F /Applications/Xcode.app/Contents/Developer/Platforms/iPhoneSimulator.platform/Developer/Library/Frameworks -F /Applications/Xcode.app/Contents/Developer/Platforms/iPhoneSimulator.platform/Developer/SDKs/iPhoneSimulator26.5.sdk/Developer/Library/Frameworks -c -j20 -enable-batch-mode -incremental -Xcc -ivfsstatcache -Xcc /Users/richard/code/BicTerm/.build-artifacts/DerivedData/g12-core/SDKStatCaches.noindex/iphonesimulator26.5-23F81a-688ef53f1462e2c8f657fdc38a81448f6cfe768891a92b912361537c460fe42b.sdkstatcache -output-file-map /Users/richard/code/BicTerm/.build-artifacts/DerivedData/g12-core/Build/Intermediates.noindex/BicTermCore.build/Debug-iphonesimulator/BicTermCoreTests.build/Objects-normal/arm64/BicTermCoreTests-OutputFileMap.json -use-frontend-parseable-output -save-temps -no-color-diagnostics -explicit-module-build -module-cache-path /Users/richard/code/BicTerm/.build-artifacts/DerivedData/g12-core/Build/Intermediates.noindex/SwiftExplicitPrecompiledModules -clang-scanner-module-cache-path /Users/richard/code/BicTerm/.build-artifacts/DerivedData/g12-core/ModuleCache.noindex -sdk-module-cache-path /Users/richard/code/BicTerm/.build-artifacts/DerivedData/g12-core/ModuleCache.noindex -serialize-diagnostics -emit-dependencies -emit-module -emit-module-path /Users/richard/code/BicTerm/.build-artifacts/DerivedData/g12-core/Build/Intermediates.noindex/BicTermCore.build/Debug-iphonesimulator/BicTermCoreTests.build/Objects-normal/arm64/BicTermCoreTests.swiftmodule -validate-clang-modules-once -clang-build-session-file /Users/richard/code/BicTerm/.build-artifacts/DerivedData/g12-core/ModuleCache.noindex/Session.modulevalidation -package-name bictermcore -emit-const-values -Xfrontend -const-gather-protocols-file -Xfrontend /Users/richard/code/BicTerm/.build-artifacts/DerivedData/g12-core/Build/Intermediates.noindex/BicTermCore.build/Debug-iphonesimulator/BicTermCoreTests.build/Objects-normal/arm64/BicTermCoreTests_const_extract_protocols.json -Xcc -I/Users/richard/code/BicTerm/.build-artifacts/DerivedData/g12-core/SourcePackages/checkouts/swift-nio/Sources/CNIOPosix/include -Xcc -I/Users/richard/code/BicTerm/.build-artifacts/DerivedData/g12-core/SourcePackages/checkouts/swift-atomics/Sources/_AtomicsShims/include -Xcc -I/Users/richard/code/BicTerm/.build-artifacts/DerivedData/g12-core/SourcePackages/checkouts/swift-nio/Sources/CNIOWASI/include -Xcc -I/Users/richard/code/BicTerm/.build-artifacts/DerivedData/g12-core/SourcePackages/checkouts/swift-nio/Sources/CNIOWindows/include -Xcc -I/Users/richard/code/BicTerm/.build-artifacts/DerivedData/g12-core/SourcePackages/checkouts/swift-nio/Sources/CNIOLinux/include -Xcc -I/Users/richard/code/BicTerm/.build-artifacts/DerivedData/g12-core/SourcePackages/checkouts/swift-nio/Sources/CNIODarwin/include -Xcc -I/Users/richard/code/BicTerm/.build-artifacts/DerivedData/g12-core/SourcePackages/checkouts/swift-nio/Sources/CNIOFreeBSD/include -Xcc -I/Users/richard/code/BicTerm/.build-artifacts/DerivedData/g12-core/SourcePackages/checkouts/swift-nio/Sources/CNIOOpenBSD/include -Xcc -I/Users/richard/code/BicTerm/.build-artifacts/DerivedData/g12-core/SourcePackages/checkouts/swift-nio/Sources/CNIOAtomics/include -Xcc -I/Users/richard/code/BicTerm/BicTermCore/Sources/CBcryptPBKDF/include -Xcc -I/Users/richard/code/BicTerm/.build-artifacts/DerivedData/g12-core/Build/Products/Debug-iphonesimulator/include -Xcc -I/Users/richard/code/BicTerm/.build-artifacts/DerivedData/g12-core/Build/Intermediates.noindex/BicTermCore.build/Debug-iphonesimulator/BicTermCoreTests.build/DerivedSources-normal/arm64 -Xcc -I/Users/richard/code/BicTerm/.build-artifacts/DerivedData/g12-core/Build/Intermediates.noindex/BicTermCore.build/Debug-iphonesimulator/BicTermCoreTests.build/DerivedSources/arm64 -Xcc -I/Users/richard/code/BicTerm/.build-artifacts/DerivedData/g12-core/Build/Intermediates.noindex/BicTermCore.build/Debug-iphonesimulator/BicTermCoreTests.build/DerivedSources -Xcc -DSWIFT_PACKAGE -Xcc -DDEBUG\=1 -working-directory /Users/richard/code/BicTerm/BicTermCore/.swiftpm/xcode -experimental-emit-module-separately -disable-cmo

SwiftDriverJobDiscovery normal arm64 Compiling SSHTransportStaticGuardTests.swift, SSHTransportTestSupport.swift (in target 'BicTermCoreTests' from project 'BicTermCore')

Copy /Users/richard/code/BicTerm/.build-artifacts/DerivedData/g12-core/Build/Products/Debug-iphonesimulator/BicTermCoreTests.swiftmodule/Project/arm64-apple-ios-simulator.swiftsourceinfo /Users/richard/code/BicTerm/.build-artifacts/DerivedData/g12-core/Build/Intermediates.noindex/BicTermCore.build/Debug-iphonesimulator/BicTermCoreTests.build/Objects-normal/arm64/BicTermCoreTests.swiftsourceinfo (in target 'BicTermCoreTests' from project 'BicTermCore')
    cd /Users/richard/code/BicTerm/BicTermCore
    builtin-copy -exclude .DS_Store -exclude CVS -exclude .svn -exclude .git -exclude .hg -resolve-src-symlinks -rename /Users/richard/code/BicTerm/.build-artifacts/DerivedData/g12-core/Build/Intermediates.noindex/BicTermCore.build/Debug-iphonesimulator/BicTermCoreTests.build/Objects-normal/arm64/BicTermCoreTests.swiftsourceinfo /Users/richard/code/BicTerm/.build-artifacts/DerivedData/g12-core/Build/Products/Debug-iphonesimulator/BicTermCoreTests.swiftmodule/Project/arm64-apple-ios-simulator.swiftsourceinfo

Copy /Users/richard/code/BicTerm/.build-artifacts/DerivedData/g12-core/Build/Products/Debug-iphonesimulator/BicTermCoreTests.swiftmodule/arm64-apple-ios-simulator.abi.json /Users/richard/code/BicTerm/.build-artifacts/DerivedData/g12-core/Build/Intermediates.noindex/BicTermCore.build/Debug-iphonesimulator/BicTermCoreTests.build/Objects-normal/arm64/BicTermCoreTests.abi.json (in target 'BicTermCoreTests' from project 'BicTermCore')
    cd /Users/richard/code/BicTerm/BicTermCore
    builtin-copy -exclude .DS_Store -exclude CVS -exclude .svn -exclude .git -exclude .hg -resolve-src-symlinks -rename /Users/richard/code/BicTerm/.build-artifacts/DerivedData/g12-core/Build/Intermediates.noindex/BicTermCore.build/Debug-iphonesimulator/BicTermCoreTests.build/Objects-normal/arm64/BicTermCoreTests.abi.json /Users/richard/code/BicTerm/.build-artifacts/DerivedData/g12-core/Build/Products/Debug-iphonesimulator/BicTermCoreTests.swiftmodule/arm64-apple-ios-simulator.abi.json

SwiftDriverJobDiscovery normal arm64 Compiling SSHAgentCodecTests.swift, SSHAgentForwardingBridgeTests.swift (in target 'BicTermCoreTests' from project 'BicTermCore')

SwiftDriverJobDiscovery normal arm64 Compiling CoderEventClassificationTests.swift, CoderLifecycleObservationTests.swift, CoderLifecycleTests.swift (in target 'BicTermCoreTests' from project 'BicTermCore')

SwiftDriverJobDiscovery normal arm64 Compiling CoderWorkspaceClientTests.swift, CoderWorkspaceResolverTests.swift (in target 'BicTermCoreTests' from project 'BicTermCore')

SwiftDriverJobDiscovery normal arm64 Compiling CoderTransportConformanceTests.swift, CoderTransportTests.swift, CoderTrustPolicyTests.swift (in target 'BicTermCoreTests' from project 'BicTermCore')

SwiftDriver\ Compilation BicTermCoreTests normal arm64 com.apple.xcode.tools.swift.compiler (in target 'BicTermCoreTests' from project 'BicTermCore')
    cd /Users/richard/code/BicTerm/BicTermCore/.swiftpm/xcode
    builtin-Swift-Compilation -- /Applications/Xcode.app/Contents/Developer/Toolchains/XcodeDefault.xctoolchain/usr/bin/swiftc -module-name BicTermCoreTests -Onone @/Users/richard/code/BicTerm/.build-artifacts/DerivedData/g12-core/Build/Intermediates.noindex/BicTermCore.build/Debug-iphonesimulator/BicTermCoreTests.build/Objects-normal/arm64/BicTermCoreTests.SwiftFileList -DSWIFT_PACKAGE -DDEBUG -Xcc -fmodule-map-file\=/Users/richard/code/BicTerm/.build-artifacts/DerivedData/g12-core/Build/Intermediates.noindex/GeneratedModuleMaps-iphonesimulator/CNIOPosix.modulemap -Xcc -fmodule-map-file\=/Users/richard/code/BicTerm/.build-artifacts/DerivedData/g12-core/Build/Intermediates.noindex/GeneratedModuleMaps-iphonesimulator/CNIOWASI.modulemap -Xcc -fmodule-map-file\=/Users/richard/code/BicTerm/.build-artifacts/DerivedData/g12-core/Build/Intermediates.noindex/GeneratedModuleMaps-iphonesimulator/CNIOLinux.modulemap -Xcc -fmodule-map-file\=/Users/richard/code/BicTerm/.build-artifacts/DerivedData/g12-core/Build/Intermediates.noindex/GeneratedModuleMaps-iphonesimulator/CNIODarwin.modulemap -Xcc -fmodule-map-file\=/Users/richard/code/BicTerm/.build-artifacts/DerivedData/g12-core/Build/Intermediates.noindex/GeneratedModuleMaps-iphonesimulator/CNIOFreeBSD.modulemap -Xcc -fmodule-map-file\=/Users/richard/code/BicTerm/.build-artifacts/DerivedData/g12-core/Build/Intermediates.noindex/GeneratedModuleMaps-iphonesimulator/CNIOOpenBSD.modulemap -Xcc -fmodule-map-file\=/Users/richard/code/BicTerm/.build-artifacts/DerivedData/g12-core/Build/Intermediates.noindex/GeneratedModuleMaps-iphonesimulator/CNIOAtomics.modulemap -Xcc -fmodule-map-file\=/Users/richard/code/BicTerm/.build-artifacts/DerivedData/g12-core/Build/Intermediates.noindex/GeneratedModuleMaps-iphonesimulator/CBcryptPBKDF.modulemap -DXcode -plugin-path /Applications/Xcode.app/Contents/Developer/Toolchains/XcodeDefault.xctoolchain/usr/lib/swift/host/plugins/testing -enable-experimental-feature DebugDescriptionMacro -sdk /Applications/Xcode.app/Contents/Developer/Platforms/iPhoneSimulator.platform/Developer/SDKs/iPhoneSimulator26.5.sdk -target arm64-apple-ios18.0-simulator -g -module-cache-path /Users/richard/code/BicTerm/.build-artifacts/DerivedData/g12-core/ModuleCache.noindex -Xfrontend -serialize-debugging-options -profile-coverage-mapping -profile-generate -enable-testing -index-store-path /Users/richard/code/BicTerm/.build-artifacts/DerivedData/g12-core/Index.noindex/DataStore -Xcc -D_LIBCPP_HARDENING_MODE\=_LIBCPP_HARDENING_MODE_DEBUG -swift-version 6 -I /Users/richard/code/BicTerm/.build-artifacts/DerivedData/g12-core/Build/Products/Debug-iphonesimulator -Isystem /Applications/Xcode.app/Contents/Developer/Platforms/iPhoneSimulator.platform/Developer/usr/lib -F /Users/richard/code/BicTerm/.build-artifacts/DerivedData/g12-core/Build/Products/Debug-iphonesimulator/PackageFrameworks -F /Users/richard/code/BicTerm/.build-artifacts/DerivedData/g12-core/Build/Products/Debug-iphonesimulator/PackageFrameworks -F /Users/richard/code/BicTerm/.build-artifacts/DerivedData/g12-core/Build/Products/Debug-iphonesimulator/PackageFrameworks -F /Users/richard/code/BicTerm/.build-artifacts/DerivedData/g12-core/Build/Products/Debug-iphonesimulator/PackageFrameworks -F /Users/richard/code/BicTerm/.build-artifacts/DerivedData/g12-core/Build/Products/Debug-iphonesimulator/PackageFrameworks -F /Users/richard/code/BicTerm/.build-artifacts/DerivedData/g12-core/Build/Products/Debug-iphonesimulator/PackageFrameworks -F /Users/richard/code/BicTerm/.build-artifacts/DerivedData/g12-core/Build/Products/Debug-iphonesimulator/PackageFrameworks -F /Users/richard/code/BicTerm/.build-artifacts/DerivedData/g12-core/Build/Products/Debug-iphonesimulator/PackageFrameworks -F /Users/richard/code/BicTerm/.build-artifacts/DerivedData/g12-core/Build/Products/Debug-iphonesimulator/PackageFrameworks -F /Users/richard/code/BicTerm/.build-artifacts/DerivedData/g12-core/Build/Products/Debug-iphonesimulator/PackageFrameworks -F /Users/richard/code/BicTerm/.build-artifacts/DerivedData/g12-core/Build/Products/Debug-iphonesimulator/PackageFrameworks -F /Users/richard/code/BicTerm/.build-artifacts/DerivedData/g12-core/Build/Products/Debug-iphonesimulator/PackageFrameworks -F /Users/richard/code/BicTerm/.build-artifacts/DerivedData/g12-core/Build/Products/Debug-iphonesimulator/PackageFrameworks -F /Users/richard/code/BicTerm/.build-artifacts/DerivedData/g12-core/Build/Products/Debug-iphonesimulator/PackageFrameworks -F /Users/richard/code/BicTerm/.build-artifacts/DerivedData/g12-core/Build/Products/Debug-iphonesimulator/PackageFrameworks -F /Users/richard/code/BicTerm/.build-artifacts/DerivedData/g12-core/Build/Products/Debug-iphonesimulator/PackageFrameworks -F /Users/richard/code/BicTerm/.build-artifacts/DerivedData/g12-core/Build/Products/Debug-iphonesimulator/PackageFrameworks -F /Users/richard/code/BicTerm/.build-artifacts/DerivedData/g12-core/Build/Products/Debug-iphonesimulator/PackageFrameworks -F /Users/richard/code/BicTerm/.build-artifacts/DerivedData/g12-core/Build/Products/Debug-iphonesimulator/PackageFrameworks -F /Users/richard/code/BicTerm/.build-artifacts/DerivedData/g12-core/Build/Products/Debug-iphonesimulator/PackageFrameworks -F /Users/richard/code/BicTerm/.build-artifacts/DerivedData/g12-core/Build/Products/Debug-iphonesimulator/PackageFrameworks -F /Users/richard/code/BicTerm/.build-artifacts/DerivedData/g12-core/Build/Products/Debug-iphonesimulator/PackageFrameworks -F /Users/richard/code/BicTerm/.build-artifacts/DerivedData/g12-core/Build/Products/Debug-iphonesimulator/PackageFrameworks -F /Users/richard/code/BicTerm/.build-artifacts/DerivedData/g12-core/Build/Products/Debug-iphonesimulator/PackageFrameworks -F /Users/richard/code/BicTerm/.build-artifacts/DerivedData/g12-core/Build/Products/Debug-iphonesimulator/PackageFrameworks -F /Users/richard/code/BicTerm/.build-artifacts/DerivedData/g12-core/Build/Products/Debug-iphonesimulator/PackageFrameworks -F /Users/richard/code/BicTerm/.build-artifacts/DerivedData/g12-core/Build/Products/Debug-iphonesimulator -F /Applications/Xcode.app/Contents/Developer/Platforms/iPhoneSimulator.platform/Developer/Library/Frameworks -F /Applications/Xcode.app/Contents/Developer/Platforms/iPhoneSimulator.platform/Developer/SDKs/iPhoneSimulator26.5.sdk/Developer/Library/Frameworks -c -j20 -enable-batch-mode -incremental -Xcc -ivfsstatcache -Xcc /Users/richard/code/BicTerm/.build-artifacts/DerivedData/g12-core/SDKStatCaches.noindex/iphonesimulator26.5-23F81a-688ef53f1462e2c8f657fdc38a81448f6cfe768891a92b912361537c460fe42b.sdkstatcache -output-file-map /Users/richard/code/BicTerm/.build-artifacts/DerivedData/g12-core/Build/Intermediates.noindex/BicTermCore.build/Debug-iphonesimulator/BicTermCoreTests.build/Objects-normal/arm64/BicTermCoreTests-OutputFileMap.json -use-frontend-parseable-output -save-temps -no-color-diagnostics -explicit-module-build -module-cache-path /Users/richard/code/BicTerm/.build-artifacts/DerivedData/g12-core/Build/Intermediates.noindex/SwiftExplicitPrecompiledModules -clang-scanner-module-cache-path /Users/richard/code/BicTerm/.build-artifacts/DerivedData/g12-core/ModuleCache.noindex -sdk-module-cache-path /Users/richard/code/BicTerm/.build-artifacts/DerivedData/g12-core/ModuleCache.noindex -serialize-diagnostics -emit-dependencies -emit-module -emit-module-path /Users/richard/code/BicTerm/.build-artifacts/DerivedData/g12-core/Build/Intermediates.noindex/BicTermCore.build/Debug-iphonesimulator/BicTermCoreTests.build/Objects-normal/arm64/BicTermCoreTests.swiftmodule -validate-clang-modules-once -clang-build-session-file /Users/richard/code/BicTerm/.build-artifacts/DerivedData/g12-core/ModuleCache.noindex/Session.modulevalidation -package-name bictermcore -emit-const-values -Xfrontend -const-gather-protocols-file -Xfrontend /Users/richard/code/BicTerm/.build-artifacts/DerivedData/g12-core/Build/Intermediates.noindex/BicTermCore.build/Debug-iphonesimulator/BicTermCoreTests.build/Objects-normal/arm64/BicTermCoreTests_const_extract_protocols.json -Xcc -I/Users/richard/code/BicTerm/.build-artifacts/DerivedData/g12-core/SourcePackages/checkouts/swift-nio/Sources/CNIOPosix/include -Xcc -I/Users/richard/code/BicTerm/.build-artifacts/DerivedData/g12-core/SourcePackages/checkouts/swift-atomics/Sources/_AtomicsShims/include -Xcc -I/Users/richard/code/BicTerm/.build-artifacts/DerivedData/g12-core/SourcePackages/checkouts/swift-nio/Sources/CNIOWASI/include -Xcc -I/Users/richard/code/BicTerm/.build-artifacts/DerivedData/g12-core/SourcePackages/checkouts/swift-nio/Sources/CNIOWindows/include -Xcc -I/Users/richard/code/BicTerm/.build-artifacts/DerivedData/g12-core/SourcePackages/checkouts/swift-nio/Sources/CNIOLinux/include -Xcc -I/Users/richard/code/BicTerm/.build-artifacts/DerivedData/g12-core/SourcePackages/checkouts/swift-nio/Sources/CNIODarwin/include -Xcc -I/Users/richard/code/BicTerm/.build-artifacts/DerivedData/g12-core/SourcePackages/checkouts/swift-nio/Sources/CNIOFreeBSD/include -Xcc -I/Users/richard/code/BicTerm/.build-artifacts/DerivedData/g12-core/SourcePackages/checkouts/swift-nio/Sources/CNIOOpenBSD/include -Xcc -I/Users/richard/code/BicTerm/.build-artifacts/DerivedData/g12-core/SourcePackages/checkouts/swift-nio/Sources/CNIOAtomics/include -Xcc -I/Users/richard/code/BicTerm/BicTermCore/Sources/CBcryptPBKDF/include -Xcc -I/Users/richard/code/BicTerm/.build-artifacts/DerivedData/g12-core/Build/Products/Debug-iphonesimulator/include -Xcc -I/Users/richard/code/BicTerm/.build-artifacts/DerivedData/g12-core/Build/Intermediates.noindex/BicTermCore.build/Debug-iphonesimulator/BicTermCoreTests.build/DerivedSources-normal/arm64 -Xcc -I/Users/richard/code/BicTerm/.build-artifacts/DerivedData/g12-core/Build/Intermediates.noindex/BicTermCore.build/Debug-iphonesimulator/BicTermCoreTests.build/DerivedSources/arm64 -Xcc -I/Users/richard/code/BicTerm/.build-artifacts/DerivedData/g12-core/Build/Intermediates.noindex/BicTermCore.build/Debug-iphonesimulator/BicTermCoreTests.build/DerivedSources -Xcc -DSWIFT_PACKAGE -Xcc -DDEBUG\=1 -working-directory /Users/richard/code/BicTerm/BicTermCore/.swiftpm/xcode -experimental-emit-module-separately -disable-cmo

Ld /Users/richard/code/BicTerm/.build-artifacts/DerivedData/g12-core/Build/Products/Debug-iphonesimulator/BicTermCoreTests.xctest/BicTermCoreTests normal (in target 'BicTermCoreTests' from project 'BicTermCore')
    cd /Users/richard/code/BicTerm/BicTermCore
    /Applications/Xcode.app/Contents/Developer/Toolchains/XcodeDefault.xctoolchain/usr/bin/clang -Xlinker -reproducible -target arm64-apple-ios18.0-simulator -bundle -isysroot /Applications/Xcode.app/Contents/Developer/Platforms/iPhoneSimulator.platform/Developer/SDKs/iPhoneSimulator26.5.sdk -O0 -L/Users/richard/code/BicTerm/.build-artifacts/DerivedData/g12-core/Build/Intermediates.noindex/EagerLinkingTBDs/Debug-iphonesimulator -L/Users/richard/code/BicTerm/.build-artifacts/DerivedData/g12-core/Build/Products/Debug-iphonesimulator -L/Applications/Xcode.app/Contents/Developer/Platforms/iPhoneSimulator.platform/Developer/usr/lib -F/Users/richard/code/BicTerm/.build-artifacts/DerivedData/g12-core/Build/Intermediates.noindex/EagerLinkingTBDs/Debug-iphonesimulator -F/Users/richard/code/BicTerm/.build-artifacts/DerivedData/g12-core/Build/Products/Debug-iphonesimulator/PackageFrameworks -F/Users/richard/code/BicTerm/.build-artifacts/DerivedData/g12-core/Build/Products/Debug-iphonesimulator/PackageFrameworks -F/Users/richard/code/BicTerm/.build-artifacts/DerivedData/g12-core/Build/Products/Debug-iphonesimulator/PackageFrameworks -F/Users/richard/code/BicTerm/.build-artifacts/DerivedData/g12-core/Build/Products/Debug-iphonesimulator/PackageFrameworks -F/Users/richard/code/BicTerm/.build-artifacts/DerivedData/g12-core/Build/Products/Debug-iphonesimulator/PackageFrameworks -F/Users/richard/code/BicTerm/.build-artifacts/DerivedData/g12-core/Build/Products/Debug-iphonesimulator/PackageFrameworks -F/Users/richard/code/BicTerm/.build-artifacts/DerivedData/g12-core/Build/Products/Debug-iphonesimulator/PackageFrameworks -F/Users/richard/code/BicTerm/.build-artifacts/DerivedData/g12-core/Build/Products/Debug-iphonesimulator/PackageFrameworks -F/Users/richard/code/BicTerm/.build-artifacts/DerivedData/g12-core/Build/Products/Debug-iphonesimulator/PackageFrameworks -F/Users/richard/code/BicTerm/.build-artifacts/DerivedData/g12-core/Build/Products/Debug-iphonesimulator/PackageFrameworks -F/Users/richard/code/BicTerm/.build-artifacts/DerivedData/g12-core/Build/Products/Debug-iphonesimulator/PackageFrameworks -F/Users/richard/code/BicTerm/.build-artifacts/DerivedData/g12-core/Build/Products/Debug-iphonesimulator/PackageFrameworks -F/Users/richard/code/BicTerm/.build-artifacts/DerivedData/g12-core/Build/Products/Debug-iphonesimulator/PackageFrameworks -F/Users/richard/code/BicTerm/.build-artifacts/DerivedData/g12-core/Build/Products/Debug-iphonesimulator/PackageFrameworks -F/Users/richard/code/BicTerm/.build-artifacts/DerivedData/g12-core/Build/Products/Debug-iphonesimulator/PackageFrameworks -F/Users/richard/code/BicTerm/.build-artifacts/DerivedData/g12-core/Build/Products/Debug-iphonesimulator/PackageFrameworks -F/Users/richard/code/BicTerm/.build-artifacts/DerivedData/g12-core/Build/Products/Debug-iphonesimulator/PackageFrameworks -F/Users/richard/code/BicTerm/.build-artifacts/DerivedData/g12-core/Build/Products/Debug-iphonesimulator/PackageFrameworks -F/Users/richard/code/BicTerm/.build-artifacts/DerivedData/g12-core/Build/Products/Debug-iphonesimulator/PackageFrameworks -F/Users/richard/code/BicTerm/.build-artifacts/DerivedData/g12-core/Build/Products/Debug-iphonesimulator/PackageFrameworks -F/Users/richard/code/BicTerm/.build-artifacts/DerivedData/g12-core/Build/Products/Debug-iphonesimulator/PackageFrameworks -F/Users/richard/code/BicTerm/.build-artifacts/DerivedData/g12-core/Build/Products/Debug-iphonesimulator/PackageFrameworks -F/Users/richard/code/BicTerm/.build-artifacts/DerivedData/g12-core/Build/Products/Debug-iphonesimulator/PackageFrameworks -F/Users/richard/code/BicTerm/.build-artifacts/DerivedData/g12-core/Build/Products/Debug-iphonesimulator/PackageFrameworks -F/Users/richard/code/BicTerm/.build-artifacts/DerivedData/g12-core/Build/Products/Debug-iphonesimulator/PackageFrameworks -F/Users/richard/code/BicTerm/.build-artifacts/DerivedData/g12-core/Build/Products/Debug-iphonesimulator/PackageFrameworks -F/Users/richard/code/BicTerm/.build-artifacts/DerivedData/g12-core/Build/Products/Debug-iphonesimulator -iframework /Applications/Xcode.app/Contents/Developer/Platforms/iPhoneSimulator.platform/Developer/Library/Frameworks -iframework /Applications/Xcode.app/Contents/Developer/Platforms/iPhoneSimulator.platform/Developer/SDKs/iPhoneSimulator26.5.sdk/Developer/Library/Frameworks -filelist /Users/richard/code/BicTerm/.build-artifacts/DerivedData/g12-core/Build/Intermediates.noindex/BicTermCore.build/Debug-iphonesimulator/BicTermCoreTests.build/Objects-normal/arm64/BicTermCoreTests.LinkFileList -Xlinker -rpath -Xlinker /usr/lib/swift -Xlinker -rpath -Xlinker /Users/richard/code/BicTerm/.build-artifacts/DerivedData/g12-core/Build/Products/Debug-iphonesimulator/PackageFrameworks -Xlinker -rpath -Xlinker @loader_path/Frameworks -Xlinker -rpath -Xlinker @loader_path/../Frameworks -Xlinker -dead_strip -Xlinker -object_path_lto -Xlinker /Users/richard/code/BicTerm/.build-artifacts/DerivedData/g12-core/Build/Intermediates.noindex/BicTermCore.build/Debug-iphonesimulator/BicTermCoreTests.build/Objects-normal/arm64/BicTermCoreTests_lto.o -rdynamic -Xlinker -no_deduplicate -Xlinker -objc_abi_version -Xlinker 2 -Xlinker -debug_variant -Xlinker -dependency_info -Xlinker /Users/richard/code/BicTerm/.build-artifacts/DerivedData/g12-core/Build/Intermediates.noindex/BicTermCore.build/Debug-iphonesimulator/BicTermCoreTests.build/Objects-normal/arm64/BicTermCoreTests_dependency_info.dat -fobjc-link-runtime -fprofile-instr-generate -L/Applications/Xcode.app/Contents/Developer/Toolchains/XcodeDefault.xctoolchain/usr/lib/swift/iphonesimulator -L/usr/lib/swift -Xlinker -add_ast_path -Xlinker /Users/richard/code/BicTerm/.build-artifacts/DerivedData/g12-core/Build/Intermediates.noindex/BicTermCore.build/Debug-iphonesimulator/BicTermCoreTests.build/Objects-normal/arm64/BicTermCoreTests.swiftmodule @/Users/richard/code/BicTerm/.build-artifacts/DerivedData/g12-core/Build/Intermediates.noindex/BicTermCore.build/Debug-iphonesimulator/BicTermCoreTests.build/Objects-normal/arm64/BicTermCoreTests-linker-args.resp -Wl,-no_warn_duplicate_libraries -Wl,-no_warn_duplicate_libraries -Wl,-no_warn_duplicate_libraries -Wl,-no_warn_duplicate_libraries -Wl,-no_warn_duplicate_libraries -Wl,-no_warn_duplicate_libraries -Wl,-no_warn_duplicate_libraries -Wl,-no_warn_duplicate_libraries -Wl,-no_warn_duplicate_libraries -Wl,-no_warn_duplicate_libraries -Wl,-no_warn_duplicate_libraries -Wl,-no_warn_duplicate_libraries -Wl,-no_warn_duplicate_libraries -Wl,-no_warn_duplicate_libraries -Wl,-no_warn_duplicate_libraries -Wl,-no_warn_duplicate_libraries -Wl,-no_warn_duplicate_libraries -Wl,-no_warn_duplicate_libraries -Wl,-no_warn_duplicate_libraries -Wl,-no_warn_duplicate_libraries -Wl,-no_warn_duplicate_libraries -Wl,-no_warn_duplicate_libraries -Wl,-no_warn_duplicate_libraries -Wl,-no_warn_duplicate_libraries -Wl,-no_warn_duplicate_libraries -Wl,-no_warn_duplicate_libraries -lresolv -Xlinker -needed_framework -Xlinker XCTest -framework XCTest -Xlinker -needed-lXCTestSwiftSupport -lXCTestSwiftSupport /Users/richard/code/BicTerm/.build-artifacts/DerivedData/g12-core/Build/Products/Debug-iphonesimulator/CoderNet.a -Xlinker -no_adhoc_codesign -o /Users/richard/code/BicTerm/.build-artifacts/DerivedData/g12-core/Build/Products/Debug-iphonesimulator/BicTermCoreTests.xctest/BicTermCoreTests -Xlinker -add_ast_path -Xlinker /Users/richard/code/BicTerm/.build-artifacts/DerivedData/g12-core/Build/Intermediates.noindex/swift-nio-ssh.build/Debug-iphonesimulator/NIOSSH.build/Objects-normal/arm64/NIOSSH.swiftmodule @/Users/richard/code/BicTerm/.build-artifacts/DerivedData/g12-core/Build/Intermediates.noindex/swift-nio-ssh.build/Debug-iphonesimulator/NIOSSH.build/Objects-normal/arm64/NIOSSH-linker-args.resp -Xlinker -add_ast_path -Xlinker /Users/richard/code/BicTerm/.build-artifacts/DerivedData/g12-core/Build/Intermediates.noindex/swift-nio.build/Debug-iphonesimulator/NIOCore.build/Objects-normal/arm64/NIOCore.swiftmodule @/Users/richard/code/BicTerm/.build-artifacts/DerivedData/g12-core/Build/Intermediates.noindex/swift-nio.build/Debug-iphonesimulator/NIOCore.build/Objects-normal/arm64/NIOCore-linker-args.resp -Xlinker -add_ast_path -Xlinker /Users/richard/code/BicTerm/.build-artifacts/DerivedData/g12-core/Build/Intermediates.noindex/swift-nio.build/Debug-iphonesimulator/NIOConcurrencyHelpers.build/Objects-normal/arm64/NIOConcurrencyHelpers.swiftmodule @/Users/richard/code/BicTerm/.build-artifacts/DerivedData/g12-core/Build/Intermediates.noindex/swift-nio.build/Debug-iphonesimulator/NIOConcurrencyHelpers.build/Objects-normal/arm64/NIOConcurrencyHelpers-linker-args.resp -Xlinker -add_ast_path -Xlinker /Users/richard/code/BicTerm/.build-artifacts/DerivedData/g12-core/Build/Intermediates.noindex/swift-nio.build/Debug-iphonesimulator/_NIOBase64.build/Objects-normal/arm64/_NIOBase64.swiftmodule @/Users/richard/code/BicTerm/.build-artifacts/DerivedData/g12-core/Build/Intermediates.noindex/swift-nio.build/Debug-iphonesimulator/_NIOBase64.build/Objects-normal/arm64/_NIOBase64-linker-args.resp -Xlinker -add_ast_path -Xlinker /Users/richard/code/BicTerm/.build-artifacts/DerivedData/g12-core/Build/Intermediates.noindex/swift-nio.build/Debug-iphonesimulator/_NIODataStructures.build/Objects-normal/arm64/_NIODataStructures.swiftmodule @/Users/richard/code/BicTerm/.build-artifacts/DerivedData/g12-core/Build/Intermediates.noindex/swift-nio.build/Debug-iphonesimulator/_NIODataStructures.build/Objects-normal/arm64/_NIODataStructures-linker-args.resp -Xlinker -add_ast_path -Xlinker /Users/richard/code/BicTerm/.build-artifacts/DerivedData/g12-core/Build/Intermediates.noindex/swift-collections.build/Debug-iphonesimulator/DequeModule.build/Objects-normal/arm64/DequeModule.swiftmodule @/Users/richard/code/BicTerm/.build-artifacts/DerivedData/g12-core/Build/Intermediates.noindex/swift-collections.build/Debug-iphonesimulator/DequeModule.build/Objects-normal/arm64/DequeModule-linker-args.resp -Xlinker -add_ast_path -Xlinker /Users/richard/code/BicTerm/.build-artifacts/DerivedData/g12-core/Build/Intermediates.noindex/swift-collections.build/Debug-iphonesimulator/InternalCollectionsUtilities.build/Objects-normal/arm64/InternalCollectionsUtilities.swiftmodule @/Users/richard/code/BicTerm/.build-artifacts/DerivedData/g12-core/Build/Intermediates.noindex/swift-collections.build/Debug-iphonesimulator/InternalCollectionsUtilities.build/Objects-normal/arm64/InternalCollectionsUtilities-linker-args.resp -Xlinker -add_ast_path -Xlinker /Users/richard/code/BicTerm/.build-artifacts/DerivedData/g12-core/Build/Intermediates.noindex/swift-collections.build/Debug-iphonesimulator/ContainersPreview.build/Objects-normal/arm64/ContainersPreview.swiftmodule @/Users/richard/code/BicTerm/.build-artifacts/DerivedData/g12-core/Build/Intermediates.noindex/swift-collections.build/Debug-iphonesimulator/ContainersPreview.build/Objects-normal/arm64/ContainersPreview-linker-args.resp -Xlinker -add_ast_path -Xlinker /Users/richard/code/BicTerm/.build-artifacts/DerivedData/g12-core/Build/Intermediates.noindex/swift-atomics.build/Debug-iphonesimulator/Atomics.build/Objects-normal/arm64/Atomics.swiftmodule @/Users/richard/code/BicTerm/.build-artifacts/DerivedData/g12-core/Build/Intermediates.noindex/swift-atomics.build/Debug-iphonesimulator/Atomics.build/Objects-normal/arm64/Atomics-linker-args.resp -Xlinker -add_ast_path -Xlinker /Users/richard/code/BicTerm/.build-artifacts/DerivedData/g12-core/Build/Intermediates.noindex/swift-nio.build/Debug-iphonesimulator/NIOFoundationCompat.build/Objects-normal/arm64/NIOFoundationCompat.swiftmodule @/Users/richard/code/BicTerm/.build-artifacts/DerivedData/g12-core/Build/Intermediates.noindex/swift-nio.build/Debug-iphonesimulator/NIOFoundationCompat.build/Objects-normal/arm64/NIOFoundationCompat-linker-args.resp -Xlinker -add_ast_path -Xlinker /Users/richard/code/BicTerm/.build-artifacts/DerivedData/g12-core/Build/Intermediates.noindex/swift-nio.build/Debug-iphonesimulator/NIOEmbedded.build/Objects-normal/arm64/NIOEmbedded.swiftmodule @/Users/richard/code/BicTerm/.build-artifacts/DerivedData/g12-core/Build/Intermediates.noindex/swift-nio.build/Debug-iphonesimulator/NIOEmbedded.build/Objects-normal/arm64/NIOEmbedded-linker-args.resp -Xlinker -add_ast_path -Xlinker /Users/richard/code/BicTerm/.build-artifacts/DerivedData/g12-core/Build/Intermediates.noindex/swift-nio.build/Debug-iphonesimulator/NIOPosix.build/Objects-normal/arm64/NIOPosix.swiftmodule @/Users/richard/code/BicTerm/.build-artifacts/DerivedData/g12-core/Build/Intermediates.noindex/swift-nio.build/Debug-iphonesimulator/NIOPosix.build/Objects-normal/arm64/NIOPosix-linker-args.resp -Xlinker -add_ast_path -Xlinker /Users/richard/code/BicTerm/.build-artifacts/DerivedData/g12-core/Build/Intermediates.noindex/swift-nio.build/Debug-iphonesimulator/NIO.build/Objects-normal/arm64/NIO.swiftmodule @/Users/richard/code/BicTerm/.build-artifacts/DerivedData/g12-core/Build/Intermediates.noindex/swift-nio.build/Debug-iphonesimulator/NIO.build/Objects-normal/arm64/NIO-linker-args.resp -Xlinker -add_ast_path -Xlinker /Users/richard/code/BicTerm/.build-artifacts/DerivedData/g12-core/Build/Intermediates.noindex/swift-nio.build/Debug-iphonesimulator/NIOFoundationEssentialsCompat.build/Objects-normal/arm64/NIOFoundationEssentialsCompat.swiftmodule @/Users/richard/code/BicTerm/.build-artifacts/DerivedData/g12-core/Build/Intermediates.noindex/swift-nio.build/Debug-iphonesimulator/NIOFoundationEssentialsCompat.build/Objects-normal/arm64/NIOFoundationEssentialsCompat-linker-args.resp -Xlinker -add_ast_path -Xlinker /Users/richard/code/BicTerm/.build-artifacts/DerivedData/g12-core/Build/Intermediates.noindex/swift-crypto.build/Debug-iphonesimulator/Crypto.build/Objects-normal/arm64/Crypto.swiftmodule @/Users/richard/code/BicTerm/.build-artifacts/DerivedData/g12-core/Build/Intermediates.noindex/swift-crypto.build/Debug-iphonesimulator/Crypto.build/Objects-normal/arm64/Crypto-linker-args.resp -Xlinker -add_ast_path -Xlinker /Users/richard/code/BicTerm/.build-artifacts/DerivedData/g12-core/Build/Intermediates.noindex/BicTermCore.build/Debug-iphonesimulator/BicTermCore.build/Objects-normal/arm64/BicTermCore.swiftmodule @/Users/richard/code/BicTerm/.build-artifacts/DerivedData/g12-core/Build/Intermediates.noindex/BicTermCore.build/Debug-iphonesimulator/BicTermCore.build/Objects-normal/arm64/BicTermCore-linker-args.resp

CopySwiftLibs /Users/richard/code/BicTerm/.build-artifacts/DerivedData/g12-core/Build/Products/Debug-iphonesimulator/BicTermCoreTests.xctest (in target 'BicTermCoreTests' from project 'BicTermCore')
    cd /Users/richard/code/BicTerm/BicTermCore
    builtin-swiftStdLibTool --copy --verbose --sign - --scan-executable /Users/richard/code/BicTerm/.build-artifacts/DerivedData/g12-core/Build/Products/Debug-iphonesimulator/BicTermCoreTests.xctest/BicTermCoreTests --scan-folder /Users/richard/code/BicTerm/.build-artifacts/DerivedData/g12-core/Build/Products/Debug-iphonesimulator/BicTermCoreTests.xctest/Frameworks --scan-folder /Users/richard/code/BicTerm/.build-artifacts/DerivedData/g12-core/Build/Products/Debug-iphonesimulator/BicTermCoreTests.xctest/PlugIns --scan-folder /Users/richard/code/BicTerm/.build-artifacts/DerivedData/g12-core/Build/Products/Debug-iphonesimulator/BicTermCoreTests.xctest/SystemExtensions --scan-folder /Users/richard/code/BicTerm/.build-artifacts/DerivedData/g12-core/Build/Products/Debug-iphonesimulator/BicTermCoreTests.xctest/Extensions --platform iphonesimulator --toolchain /var/run/com.apple.security.cryptexd/mnt/com.apple.MobileAsset.MetalToolchain-v17.6.109.0.ozHyXD/Metal.xctoolchain --toolchain /Applications/Xcode.app/Contents/Developer/Toolchains/XcodeDefault.xctoolchain --destination /Users/richard/code/BicTerm/.build-artifacts/DerivedData/g12-core/Build/Products/Debug-iphonesimulator/BicTermCoreTests.xctest/Frameworks --strip-bitcode --scan-executable /Applications/Xcode.app/Contents/Developer/Platforms/iPhoneSimulator.platform/Developer/usr/lib/libXCTestSwiftSupport.dylib --strip-bitcode-tool /Applications/Xcode.app/Contents/Developer/Toolchains/XcodeDefault.xctoolchain/usr/bin/bitcode_strip --emit-dependency-info /Users/richard/code/BicTerm/.build-artifacts/DerivedData/g12-core/Build/Intermediates.noindex/BicTermCore.build/Debug-iphonesimulator/BicTermCoreTests.build/SwiftStdLibToolInputDependencies.dep --filter-for-swift-os

ExtractAppIntentsMetadata (in target 'BicTermCoreTests' from project 'BicTermCore')
    cd /Users/richard/code/BicTerm/BicTermCore
    /Applications/Xcode.app/Contents/Developer/Toolchains/XcodeDefault.xctoolchain/usr/bin/appintentsmetadataprocessor --toolchain-dir /var/run/com.apple.security.cryptexd/mnt/com.apple.MobileAsset.MetalToolchain-v17.6.109.0.ozHyXD/Metal.xctoolchain --module-name BicTermCoreTests --sdk-root /Applications/Xcode.app/Contents/Developer/Platforms/iPhoneSimulator.platform/Developer/SDKs/iPhoneSimulator26.5.sdk --xcode-version 17F113 --platform-family iOS --deployment-target 18.0 --bundle-identifier bictermcore.BicTermCoreTests --output /Users/richard/code/BicTerm/.build-artifacts/DerivedData/g12-core/Build/Products/Debug-iphonesimulator/BicTermCoreTests.xctest --target-triple arm64-apple-ios18.0-simulator --binary-file /Users/richard/code/BicTerm/.build-artifacts/DerivedData/g12-core/Build/Products/Debug-iphonesimulator/BicTermCoreTests.xctest/BicTermCoreTests --dependency-file /Users/richard/code/BicTerm/.build-artifacts/DerivedData/g12-core/Build/Intermediates.noindex/BicTermCore.build/Debug-iphonesimulator/BicTermCoreTests.build/Objects-normal/arm64/BicTermCoreTests_dependency_info.dat --stringsdata-file /Users/richard/code/BicTerm/.build-artifacts/DerivedData/g12-core/Build/Intermediates.noindex/BicTermCore.build/Debug-iphonesimulator/BicTermCoreTests.build/Objects-normal/arm64/ExtractedAppShortcutsMetadata.stringsdata --source-file-list /Users/richard/code/BicTerm/.build-artifacts/DerivedData/g12-core/Build/Intermediates.noindex/BicTermCore.build/Debug-iphonesimulator/BicTermCoreTests.build/Objects-normal/arm64/BicTermCoreTests.SwiftFileList --metadata-file-list /Users/richard/code/BicTerm/.build-artifacts/DerivedData/g12-core/Build/Intermediates.noindex/BicTermCore.build/Debug-iphonesimulator/BicTermCoreTests.build/BicTermCoreTests.DependencyMetadataFileList --static-metadata-file-list /Users/richard/code/BicTerm/.build-artifacts/DerivedData/g12-core/Build/Intermediates.noindex/BicTermCore.build/Debug-iphonesimulator/BicTermCoreTests.build/BicTermCoreTests.DependencyStaticMetadataFileList --swift-const-vals-list /Users/richard/code/BicTerm/.build-artifacts/DerivedData/g12-core/Build/Intermediates.noindex/BicTermCore.build/Debug-iphonesimulator/BicTermCoreTests.build/Objects-normal/arm64/BicTermCoreTests.SwiftConstValuesFileList --compile-time-extraction --deployment-aware-processing --validate-assistant-intents --no-app-shortcuts-localization
2026-09-09 14:08:58.708 appintentsmetadataprocessor[41456:31809409] Starting appintentsmetadataprocessor export
2026-09-09 14:08:58.710 appintentsmetadataprocessor[41456:31809409] warning: Metadata extraction skipped. No AppIntents.framework dependency found.

CodeSign /Users/richard/code/BicTerm/.build-artifacts/DerivedData/g12-core/Build/Products/Debug-iphonesimulator/BicTermCoreTests.xctest (in target 'BicTermCoreTests' from project 'BicTermCore')
    cd /Users/richard/code/BicTerm/BicTermCore
    
    Signing Identity:     "Sign to Run Locally"
    
    /usr/bin/codesign --force --sign - --timestamp\=none --generate-entitlement-der /Users/richard/code/BicTerm/.build-artifacts/DerivedData/g12-core/Build/Products/Debug-iphonesimulator/BicTermCoreTests.xctest

Test Suite 'Selected tests' started at 2026-09-09 14:08:59.878.
Test Suite 'BicTermCoreTests.xctest' started at 2026-09-09 14:08:59.879.
Test Suite 'CoderTransportConformanceTests' started at 2026-09-09 14:08:59.879.
Test Case '-[BicTermCoreTests.CoderTransportConformanceTests testAgentAddressMetadataMatchesServicePrefixMath]' started.
Test Case '-[BicTermCoreTests.CoderTransportConformanceTests testAgentAddressMetadataMatchesServicePrefixMath]' passed (0.249 seconds).
Test Case '-[BicTermCoreTests.CoderTransportConformanceTests testCloseIsTerminalIdempotentAndFinishesOutput]' started.
Test Case '-[BicTermCoreTests.CoderTransportConformanceTests testCloseIsTerminalIdempotentAndFinishesOutput]' passed (5.870 seconds).
Test Case '-[BicTermCoreTests.CoderTransportConformanceTests testConnectFailureSurfacesTypedTransportError]' started.
2026-09-09 14:09:06.003898-0600 xctest[41465:31809527] [connection] nw_socket_handle_socket_event [C2:2] Socket SO_ERROR [61: Connection refused]
2026-09-09 14:09:06.004142-0600 xctest[41465:31809527] [connection] nw_endpoint_flow_failed_with_error [C2 127.0.0.1:9 in_progress socket-flow (satisfied (Path is satisfied), interface: lo0)] already failing, returning
2026-09-09 14:09:06.004281-0600 xctest[41465:31809527] [Default] Connection 2: received failure notification
2026-09-09 14:09:06.004365-0600 xctest[41465:31809527] [Default] Connection 2: failed to connect 1:61, reason -1
2026-09-09 14:09:06.004413-0600 xctest[41465:31809527] [Default] Connection 2: encountered error(1:61)
2026-09-09 14:09:06.004568-0600 xctest[41465:31809527] [connection] nw_connection_copy_protocol_metadata_internal_block_invoke [C2] Client called nw_connection_copy_protocol_metadata_internal on unconnected nw_connection
2026-09-09 14:09:06.004680-0600 xctest[41465:31809527] [connection] nw_connection_copy_protocol_metadata_internal_block_invoke [C2] Client called nw_connection_copy_protocol_metadata_internal on unconnected nw_connection
2026-09-09 14:09:06.004758-0600 xctest[41465:31809527] [connection] nw_connection_copy_connected_local_endpoint_block_invoke [C2] Client called nw_connection_copy_connected_local_endpoint on unconnected nw_connection
2026-09-09 14:09:06.004818-0600 xctest[41465:31809527] [connection] nw_connection_copy_connected_remote_endpoint_block_invoke [C2] Client called nw_connection_copy_connected_remote_endpoint on unconnected nw_connection
2026-09-09 14:09:06.005125-0600 xctest[41465:31809527] [Default] Task <F9601D33-0557-432E-95A5-19A5FC118F1B>.<4> HTTP load failed, 0/0 bytes (error code: -1004 [1:61])
2026-09-09 14:09:06.005848-0600 xctest[41465:31809519] [Default] Task <F9601D33-0557-432E-95A5-19A5FC118F1B>.<4> finished with error [-1004] Error Domain=NSURLErrorDomain Code=-1004 "Could not connect to the server." UserInfo={_kCFStreamErrorCodeKey=61, NSUnderlyingError=0x106c82f10 {Error Domain=kCFErrorDomainCFNetwork Code=-1004 "(null)" UserInfo={_NSURLErrorNWPathKey=satisfied (Path is satisfied), interface: lo0, _kCFStreamErrorCodeKey=61, _kCFStreamErrorDomainKey=1}}, _NSURLErrorFailingURLSessionTaskErrorKey=LocalDataTask <F9601D33-0557-432E-95A5-19A5FC118F1B>.<4>, _NSURLErrorRelatedURLSessionTaskErrorKey=(
    "LocalDataTask <F9601D33-0557-432E-95A5-19A5FC118F1B>.<4>"
), NSLocalizedDescription=Could not connect to the server., NSErrorFailingURLStringKey=http://127.0.0.1:9/api/v2/workspaces?q=owner:me&limit=100&offset=0, NSErrorFailingURLKey=http://127.0.0.1:9/api/v2/workspaces?q=owner:me&limit=100&offset=0, _kCFStreamErrorDomainKey=1}
Test Case '-[BicTermCoreTests.CoderTransportConformanceTests testConnectFailureSurfacesTypedTransportError]' passed (0.008 seconds).
Test Case '-[BicTermCoreTests.CoderTransportConformanceTests testConnectSucceedsAndOutputStreamIsLive]' started.
Test Case '-[BicTermCoreTests.CoderTransportConformanceTests testConnectSucceedsAndOutputStreamIsLive]' passed (4.070 seconds).
Test Case '-[BicTermCoreTests.CoderTransportConformanceTests testInputOutputRoundTrip]' started.
Test Case '-[BicTermCoreTests.CoderTransportConformanceTests testInputOutputRoundTrip]' passed (4.077 seconds).
Test Case '-[BicTermCoreTests.CoderTransportConformanceTests testLiveTunnelPrintfBictermOK]' started.
Test Case '-[BicTermCoreTests.CoderTransportConformanceTests testLiveTunnelPrintfBictermOK]' passed (4.052 seconds).
Test Case '-[BicTermCoreTests.CoderTransportConformanceTests testResizeIsObserved]' started.
Test Case '-[BicTermCoreTests.CoderTransportConformanceTests testResizeIsObserved]' passed (4.072 seconds).
Test Case '-[BicTermCoreTests.CoderTransportConformanceTests testSendBeforeConnectThrowsTypedChannelDenied]' started.
Test Case '-[BicTermCoreTests.CoderTransportConformanceTests testSendBeforeConnectThrowsTypedChannelDenied]' passed (0.001 seconds).
Test Case '-[BicTermCoreTests.CoderTransportConformanceTests testSuspendResumeFollowsDeclaredStrategy]' started.
Test Case '-[BicTermCoreTests.CoderTransportConformanceTests testSuspendResumeFollowsDeclaredStrategy]' passed (4.278 seconds).
Test Suite 'CoderTransportConformanceTests' passed at 2026-09-09 14:09:26.561.
	 Executed 9 tests, with 0 failures (0 unexpected) in 26.676 (26.682) seconds
Test Suite 'BicTermCoreTests.xctest' passed at 2026-09-09 14:09:26.562.
	 Executed 9 tests, with 0 failures (0 unexpected) in 26.676 (26.683) seconds
Test Suite 'Selected tests' passed at 2026-09-09 14:09:26.562.
	 Executed 9 tests, with 0 failures (0 unexpected) in 26.676 (26.684) seconds
2026-09-09 14:09:26.843 xcodebuild[41181:31807598] [MT] IDETestOperationsObserverDebug: 27.969 elapsed -- Testing started completed.
2026-09-09 14:09:26.843 xcodebuild[41181:31807598] [MT] IDETestOperationsObserverDebug: 0.000 sec, +0.000 sec -- start
2026-09-09 14:09:26.843 xcodebuild[41181:31807598] [MT] IDETestOperationsObserverDebug: 27.969 sec, +27.969 sec -- end

Test session results, code coverage, and logs:
	/Users/richard/code/BicTerm/.build-artifacts/DerivedData/g12-core/Logs/Test/Test-BicTermCore-2026.09.09_14-08-52--0600.xcresult

** TEST SUCCEEDED **

Testing started
