Command line invocation:
    /Applications/Xcode.app/Contents/Developer/usr/bin/xcodebuild test -scheme BicTerm -destination "platform=iOS Simulator,id=3686DD9C-ACA2-4A79-8968-A9C3572C8276" -derivedDataPath /Users/richard/code/BicTerm/.build-artifacts/DerivedData/g12-app -resultBundlePath /Users/richard/code/BicTerm/.build-artifacts/xcresults/g12-final-full-ipad.xcresult -parallel-testing-enabled NO "-only-testing:BicTermUITests"

Resolve Package Graph


Resolved source packages:
  swift-nio: https://github.com/apple/swift-nio.git @ 2.102.0
  BicTermCore: /Users/richard/code/BicTerm/BicTermCore
  swift-argument-parser: https://github.com/apple/swift-argument-parser @ 1.8.2
  swift-system: https://github.com/apple/swift-system.git @ 1.8.1
  swift-atomics: https://github.com/apple/swift-atomics.git @ 1.3.1
  swift-asn1: https://github.com/apple/swift-asn1.git @ 1.7.2
  swift-crypto: https://github.com/apple/swift-crypto.git @ 4.5.2
  swift-nio-ssh: /Users/richard/code/BicTerm/Vendor/swift-nio-ssh @ local
  SwiftTerm: /Users/richard/code/BicTerm/Vendor/SwiftTerm
  SymbolKit: https://github.com/swiftlang/swift-docc-symbolkit @ 1.0.0
  SwiftDocCPlugin: https://github.com/apple/swift-docc-plugin @ 1.5.0
  swift-collections: https://github.com/apple/swift-collections.git @ 1.6.0

Writing result bundle at path:
	/Users/richard/code/BicTerm/.build-artifacts/xcresults/g12-final-full-ipad.xcresult

ComputePackagePrebuildTargetDependencyGraph

Prepare packages

Compile plug-in “SwiftTermBuildInfoPlugin” in package “swiftterm”
[debug]: Compiling plugin to executable at /Users/richard/code/BicTerm/.build-artifacts/DerivedData/g12-app/Build/Products/PluginExecutables/SwiftTermBuildInfoPlugin
[debug]: Using compiler /Applications/Xcode.app/Contents/Developer/Toolchains/XcodeDefault.xctoolchain/usr/bin/swiftc
[debug]: Plugin compilation output directory '/Users/richard/code/BicTerm/.build-artifacts/DerivedData/g12-app/Build/Products/PluginExecutables'
[debug]: Computed hash of plugin compilation inputs: a89582677f16616d3ae07a046f0d81e39cf426cc338b7a282fc0e8a9a3a779ee


Apply build tool plug-in “SwiftTermBuildInfoPlugin” to target “SwiftTerm” in package “swiftterm”

Process build tool plug-in results
package: <IDESwiftPackageCore.IDESwiftPackage:0x8d26f4300 path:'/Users/richard/code/BicTerm/Vendor/SwiftTerm'>
    target: SwiftTerm
        prebuildCommandOutputPaths: []
        buildCommands: [SwiftPM.SPMCustomBuildCommand(displayName: Optional("Generate SwiftTerm build information"), executable: "/${BUILD_DIR}/${CONFIGURATION}/SwiftTermBuildInfoGenerator", arguments: ["/Users/richard/code/BicTerm/Vendor/SwiftTerm", "/Users/richard/code/BicTerm/.build-artifacts/DerivedData/g12-app/Build/Intermediates.noindex/BuildToolPluginIntermediates/swiftterm.output/SwiftTerm/SwiftTermBuildInfoPlugin/Generated/SwiftTermBuildInfo.swift"], environment: [:], workingDir: nil, inputPaths: [SwiftPM.SPMAbsolutePath(absolutePath: <AbsolutePath:"/Users/richard/code/BicTerm/.build-artifacts/DerivedData/g12-app/Build/Intermediates.noindex/BuildToolPluginIntermediates/swiftterm.output/SwiftTerm/SwiftTermBuildInfoPlugin/build-info-trigger">)], pluginOutputDir: SwiftPM.SPMAbsolutePath(absolutePath: <AbsolutePath:"/Users/richard/code/BicTerm/.build-artifacts/DerivedData/g12-app/Build/Intermediates.noindex/BuildToolPluginIntermediates/swiftterm.output/SwiftTerm/SwiftTermBuildInfoPlugin">), outputPaths: ["/Users/richard/code/BicTerm/.build-artifacts/DerivedData/g12-app/Build/Intermediates.noindex/BuildToolPluginIntermediates/swiftterm.output/SwiftTerm/SwiftTermBuildInfoPlugin/Generated/SwiftTermBuildInfo.swift"], sandboxProfile: Optional(SwiftPM.SPMSandboxProfile(strictness: Basics.Sandbox.Strictness.writableTemporaryDirectory, writableDirectories: [<AbsolutePath:"/Users/richard/code/BicTerm/.build-artifacts/DerivedData/g12-app/Build/Intermediates.noindex/BuildToolPluginIntermediates/swiftterm.output/SwiftTerm/SwiftTermBuildInfoPlugin">], readOnlyDirectories: [<AbsolutePath:"/Users/richard/code/BicTerm/Vendor/SwiftTerm">])))]
        allDerivedOutputPaths: [SwiftPM.SPMAbsolutePath(absolutePath: <AbsolutePath:"/Users/richard/code/BicTerm/.build-artifacts/DerivedData/g12-app/Build/Intermediates.noindex/BuildToolPluginIntermediates/swiftterm.output/SwiftTerm/SwiftTermBuildInfoPlugin/Generated/SwiftTermBuildInfo.swift">)]

CreateBuildRequest

SendProjectDescription

CreateBuildOperation

ComputeTargetDependencyGraph
note: Building targets in dependency order
note: Target dependency graph (47 targets)
    Target 'BicTermUITests' in project 'BicTerm'
        ➜ Explicit dependency on target 'BicTerm' in project 'BicTerm'
    Target 'BicTermTests' in project 'BicTerm'
        ➜ Explicit dependency on target 'BicTerm' in project 'BicTerm'
    Target 'BicTerm' in project 'BicTerm'
        ➜ Implicit dependency on target 'CoderTunnel' in project 'BicTerm' via options '-framework CoderTunnel' in build setting 'OTHER_LDFLAGS'
        ➜ Explicit dependency on target 'BicTermCore' in project 'BicTermCore'
        ➜ Explicit dependency on target 'SwiftTerm' in project 'SwiftTerm'
    Target 'SwiftTerm' in project 'SwiftTerm'
        ➜ Explicit dependency on target 'SwiftTerm' in project 'SwiftTerm'
        ➜ Explicit dependency on target 'SwiftTerm_SwiftTerm' in project 'SwiftTerm'
        ➜ Explicit dependency on target 'SwiftTermBuildInfoGenerator' in project 'SwiftTerm'
        ➜ Explicit dependency on target 'SwiftTermBuildInfoPlugin' in project 'SwiftTerm'
    Target 'SwiftTerm' in project 'SwiftTerm'
        ➜ Explicit dependency on target 'SwiftTerm_SwiftTerm' in project 'SwiftTerm'
        ➜ Explicit dependency on target 'SwiftTermBuildInfoGenerator' in project 'SwiftTerm'
        ➜ Explicit dependency on target 'SwiftTermBuildInfoPlugin' in project 'SwiftTerm'
    Target 'SwiftTermBuildInfoGenerator' in project 'SwiftTerm' (no dependencies)
    Target 'SwiftTerm_SwiftTerm' in project 'SwiftTerm'
        ➜ Explicit dependency on target 'SwiftTermBuildInfoPlugin' in project 'SwiftTerm'
    Target 'SwiftTermBuildInfoPlugin' in project 'SwiftTerm'
        ➜ Explicit dependency on target 'SwiftTermBuildInfoGenerator' in project 'SwiftTerm'
    Target 'SwiftTermBuildInfoGenerator' in project 'SwiftTerm' (no dependencies)
    Target 'CoderTunnel' in project 'BicTerm'
        ➜ Explicit dependency on target 'BicTermCore' in project 'BicTermCore'
    Target 'BicTermCore' in project 'BicTermCore'
        ➜ Explicit dependency on target 'BicTermCore' in project 'BicTermCore'
        ➜ Explicit dependency on target 'CBcryptPBKDF' in project 'BicTermCore'
        ➜ Explicit dependency on target 'NIOSSH' in project 'swift-nio-ssh'
        ➜ Explicit dependency on target 'NIOCore' in project 'swift-nio'
        ➜ Explicit dependency on target 'NIOPosix' in project 'swift-nio'
    Target 'BicTermCore' in project 'BicTermCore'
        ➜ Explicit dependency on target 'CBcryptPBKDF' in project 'BicTermCore'
        ➜ Explicit dependency on target 'NIOSSH' in project 'swift-nio-ssh'
        ➜ Explicit dependency on target 'NIOCore' in project 'swift-nio'
        ➜ Explicit dependency on target 'NIOPosix' in project 'swift-nio'
    Target 'NIOPosix' in project 'swift-nio'
        ➜ Explicit dependency on target 'NIOPosix' in project 'swift-nio'
        ➜ Explicit dependency on target 'swift-nio_NIOPosix' in project 'swift-nio'
        ➜ Explicit dependency on target 'CNIOOpenBSD' in project 'swift-nio'
        ➜ Explicit dependency on target 'CNIOLinux' in project 'swift-nio'
        ➜ Explicit dependency on target 'CNIODarwin' in project 'swift-nio'
        ➜ Explicit dependency on target 'CNIOWindows' in project 'swift-nio'
        ➜ Explicit dependency on target 'CNIOAtomics' in project 'swift-nio'
        ➜ Explicit dependency on target 'NIOConcurrencyHelpers' in project 'swift-nio'
        ➜ Explicit dependency on target '_NIOBase64' in project 'swift-nio'
        ➜ Explicit dependency on target 'CNIOFreeBSD' in project 'swift-nio'
        ➜ Explicit dependency on target 'CNIOWASI' in project 'swift-nio'
        ➜ Explicit dependency on target '_NIODataStructures' in project 'swift-nio'
        ➜ Explicit dependency on target 'NIOCore' in project 'swift-nio'
        ➜ Explicit dependency on target 'CNIOPosix' in project 'swift-nio'
        ➜ Explicit dependency on target 'DequeModule' in project 'swift-collections'
        ➜ Explicit dependency on target 'Atomics' in project 'swift-atomics'
    Target 'NIOSSH' in project 'swift-nio-ssh'
        ➜ Explicit dependency on target 'NIOSSH' in project 'swift-nio-ssh'
        ➜ Explicit dependency on target 'NIOCore' in project 'swift-nio'
        ➜ Explicit dependency on target 'NIOConcurrencyHelpers' in project 'swift-nio'
        ➜ Explicit dependency on target 'NIOFoundationCompat' in project 'swift-nio'
        ➜ Explicit dependency on target 'Crypto' in project 'swift-crypto'
        ➜ Explicit dependency on target 'Atomics' in project 'swift-atomics'
    Target 'NIOSSH' in project 'swift-nio-ssh'
        ➜ Explicit dependency on target 'NIOCore' in project 'swift-nio'
        ➜ Explicit dependency on target 'NIOConcurrencyHelpers' in project 'swift-nio'
        ➜ Explicit dependency on target 'NIOFoundationCompat' in project 'swift-nio'
        ➜ Explicit dependency on target 'Crypto' in project 'swift-crypto'
        ➜ Explicit dependency on target 'Atomics' in project 'swift-atomics'
    Target 'Crypto' in project 'swift-crypto'
        ➜ Explicit dependency on target 'Crypto' in project 'swift-crypto'
        ➜ Explicit dependency on target 'swift-crypto_Crypto' in project 'swift-crypto'
    Target 'Crypto' in project 'swift-crypto'
        ➜ Explicit dependency on target 'swift-crypto_Crypto' in project 'swift-crypto'
    Target 'swift-crypto_Crypto' in project 'swift-crypto' (no dependencies)
    Target 'NIOFoundationCompat' in project 'swift-nio'
        ➜ Explicit dependency on target 'NIOFoundationCompat' in project 'swift-nio'
        ➜ Explicit dependency on target 'CNIOAtomics' in project 'swift-nio'
        ➜ Explicit dependency on target 'NIOConcurrencyHelpers' in project 'swift-nio'
        ➜ Explicit dependency on target '_NIOBase64' in project 'swift-nio'
        ➜ Explicit dependency on target 'CNIOOpenBSD' in project 'swift-nio'
        ➜ Explicit dependency on target 'CNIOFreeBSD' in project 'swift-nio'
        ➜ Explicit dependency on target 'CNIODarwin' in project 'swift-nio'
        ➜ Explicit dependency on target 'CNIOLinux' in project 'swift-nio'
        ➜ Explicit dependency on target 'CNIOWindows' in project 'swift-nio'
        ➜ Explicit dependency on target 'CNIOWASI' in project 'swift-nio'
        ➜ Explicit dependency on target '_NIODataStructures' in project 'swift-nio'
        ➜ Explicit dependency on target 'NIOCore' in project 'swift-nio'
        ➜ Explicit dependency on target 'NIOEmbedded' in project 'swift-nio'
        ➜ Explicit dependency on target 'CNIOPosix' in project 'swift-nio'
        ➜ Explicit dependency on target 'NIOPosix' in project 'swift-nio'
        ➜ Explicit dependency on target 'NIO' in project 'swift-nio'
        ➜ Explicit dependency on target 'NIOFoundationEssentialsCompat' in project 'swift-nio'
        ➜ Explicit dependency on target 'DequeModule' in project 'swift-collections'
        ➜ Explicit dependency on target 'Atomics' in project 'swift-atomics'
    Target 'NIOFoundationCompat' in project 'swift-nio'
        ➜ Explicit dependency on target 'CNIOAtomics' in project 'swift-nio'
        ➜ Explicit dependency on target 'NIOConcurrencyHelpers' in project 'swift-nio'
        ➜ Explicit dependency on target '_NIOBase64' in project 'swift-nio'
        ➜ Explicit dependency on target 'CNIOOpenBSD' in project 'swift-nio'
        ➜ Explicit dependency on target 'CNIOFreeBSD' in project 'swift-nio'
        ➜ Explicit dependency on target 'CNIODarwin' in project 'swift-nio'
        ➜ Explicit dependency on target 'CNIOLinux' in project 'swift-nio'
        ➜ Explicit dependency on target 'CNIOWindows' in project 'swift-nio'
        ➜ Explicit dependency on target 'CNIOWASI' in project 'swift-nio'
        ➜ Explicit dependency on target '_NIODataStructures' in project 'swift-nio'
        ➜ Explicit dependency on target 'NIOCore' in project 'swift-nio'
        ➜ Explicit dependency on target 'NIOEmbedded' in project 'swift-nio'
        ➜ Explicit dependency on target 'CNIOPosix' in project 'swift-nio'
        ➜ Explicit dependency on target 'NIOPosix' in project 'swift-nio'
        ➜ Explicit dependency on target 'NIO' in project 'swift-nio'
        ➜ Explicit dependency on target 'NIOFoundationEssentialsCompat' in project 'swift-nio'
        ➜ Explicit dependency on target 'DequeModule' in project 'swift-collections'
        ➜ Explicit dependency on target 'Atomics' in project 'swift-atomics'
    Target 'NIOFoundationEssentialsCompat' in project 'swift-nio'
        ➜ Explicit dependency on target 'CNIOAtomics' in project 'swift-nio'
        ➜ Explicit dependency on target 'NIOConcurrencyHelpers' in project 'swift-nio'
        ➜ Explicit dependency on target '_NIOBase64' in project 'swift-nio'
        ➜ Explicit dependency on target 'CNIOOpenBSD' in project 'swift-nio'
        ➜ Explicit dependency on target 'CNIOFreeBSD' in project 'swift-nio'
        ➜ Explicit dependency on target 'CNIODarwin' in project 'swift-nio'
        ➜ Explicit dependency on target 'CNIOLinux' in project 'swift-nio'
        ➜ Explicit dependency on target 'CNIOWindows' in project 'swift-nio'
        ➜ Explicit dependency on target 'CNIOWASI' in project 'swift-nio'
        ➜ Explicit dependency on target '_NIODataStructures' in project 'swift-nio'
        ➜ Explicit dependency on target 'NIOCore' in project 'swift-nio'
        ➜ Explicit dependency on target 'DequeModule' in project 'swift-collections'
        ➜ Explicit dependency on target 'Atomics' in project 'swift-atomics'
    Target 'NIO' in project 'swift-nio'
        ➜ Explicit dependency on target 'CNIOAtomics' in project 'swift-nio'
        ➜ Explicit dependency on target 'NIOConcurrencyHelpers' in project 'swift-nio'
        ➜ Explicit dependency on target '_NIOBase64' in project 'swift-nio'
        ➜ Explicit dependency on target 'CNIOOpenBSD' in project 'swift-nio'
        ➜ Explicit dependency on target 'CNIOFreeBSD' in project 'swift-nio'
        ➜ Explicit dependency on target 'CNIODarwin' in project 'swift-nio'
        ➜ Explicit dependency on target 'CNIOLinux' in project 'swift-nio'
        ➜ Explicit dependency on target 'CNIOWindows' in project 'swift-nio'
        ➜ Explicit dependency on target 'CNIOWASI' in project 'swift-nio'
        ➜ Explicit dependency on target '_NIODataStructures' in project 'swift-nio'
        ➜ Explicit dependency on target 'NIOCore' in project 'swift-nio'
        ➜ Explicit dependency on target 'NIOEmbedded' in project 'swift-nio'
        ➜ Explicit dependency on target 'CNIOPosix' in project 'swift-nio'
        ➜ Explicit dependency on target 'NIOPosix' in project 'swift-nio'
        ➜ Explicit dependency on target 'DequeModule' in project 'swift-collections'
        ➜ Explicit dependency on target 'Atomics' in project 'swift-atomics'
    Target 'NIOPosix' in project 'swift-nio'
        ➜ Explicit dependency on target 'swift-nio_NIOPosix' in project 'swift-nio'
        ➜ Explicit dependency on target 'CNIOOpenBSD' in project 'swift-nio'
        ➜ Explicit dependency on target 'CNIOLinux' in project 'swift-nio'
        ➜ Explicit dependency on target 'CNIODarwin' in project 'swift-nio'
        ➜ Explicit dependency on target 'CNIOWindows' in project 'swift-nio'
        ➜ Explicit dependency on target 'CNIOAtomics' in project 'swift-nio'
        ➜ Explicit dependency on target 'NIOConcurrencyHelpers' in project 'swift-nio'
        ➜ Explicit dependency on target '_NIOBase64' in project 'swift-nio'
        ➜ Explicit dependency on target 'CNIOFreeBSD' in project 'swift-nio'
        ➜ Explicit dependency on target 'CNIOWASI' in project 'swift-nio'
        ➜ Explicit dependency on target '_NIODataStructures' in project 'swift-nio'
        ➜ Explicit dependency on target 'NIOCore' in project 'swift-nio'
        ➜ Explicit dependency on target 'CNIOPosix' in project 'swift-nio'
        ➜ Explicit dependency on target 'DequeModule' in project 'swift-collections'
        ➜ Explicit dependency on target 'Atomics' in project 'swift-atomics'
    Target 'swift-nio_NIOPosix' in project 'swift-nio' (no dependencies)
    Target 'CNIOPosix' in project 'swift-nio' (no dependencies)
    Target 'NIOEmbedded' in project 'swift-nio'
        ➜ Explicit dependency on target 'CNIOAtomics' in project 'swift-nio'
        ➜ Explicit dependency on target 'NIOConcurrencyHelpers' in project 'swift-nio'
        ➜ Explicit dependency on target '_NIOBase64' in project 'swift-nio'
        ➜ Explicit dependency on target 'CNIOOpenBSD' in project 'swift-nio'
        ➜ Explicit dependency on target 'CNIOFreeBSD' in project 'swift-nio'
        ➜ Explicit dependency on target 'CNIODarwin' in project 'swift-nio'
        ➜ Explicit dependency on target 'CNIOLinux' in project 'swift-nio'
        ➜ Explicit dependency on target 'CNIOWindows' in project 'swift-nio'
        ➜ Explicit dependency on target 'CNIOWASI' in project 'swift-nio'
        ➜ Explicit dependency on target '_NIODataStructures' in project 'swift-nio'
        ➜ Explicit dependency on target 'NIOCore' in project 'swift-nio'
        ➜ Explicit dependency on target 'DequeModule' in project 'swift-collections'
        ➜ Explicit dependency on target 'Atomics' in project 'swift-atomics'
    Target 'NIOConcurrencyHelpers' in project 'swift-nio'
        ➜ Explicit dependency on target 'NIOConcurrencyHelpers' in project 'swift-nio'
        ➜ Explicit dependency on target 'CNIOAtomics' in project 'swift-nio'
    Target 'NIOCore' in project 'swift-nio'
        ➜ Explicit dependency on target 'NIOCore' in project 'swift-nio'
        ➜ Explicit dependency on target 'CNIOAtomics' in project 'swift-nio'
        ➜ Explicit dependency on target 'NIOConcurrencyHelpers' in project 'swift-nio'
        ➜ Explicit dependency on target '_NIOBase64' in project 'swift-nio'
        ➜ Explicit dependency on target 'CNIOOpenBSD' in project 'swift-nio'
        ➜ Explicit dependency on target 'CNIOFreeBSD' in project 'swift-nio'
        ➜ Explicit dependency on target 'CNIODarwin' in project 'swift-nio'
        ➜ Explicit dependency on target 'CNIOLinux' in project 'swift-nio'
        ➜ Explicit dependency on target 'CNIOWindows' in project 'swift-nio'
        ➜ Explicit dependency on target 'CNIOWASI' in project 'swift-nio'
        ➜ Explicit dependency on target '_NIODataStructures' in project 'swift-nio'
        ➜ Explicit dependency on target 'DequeModule' in project 'swift-collections'
        ➜ Explicit dependency on target 'Atomics' in project 'swift-atomics'
    Target 'NIOCore' in project 'swift-nio'
        ➜ Explicit dependency on target 'CNIOAtomics' in project 'swift-nio'
        ➜ Explicit dependency on target 'NIOConcurrencyHelpers' in project 'swift-nio'
        ➜ Explicit dependency on target '_NIOBase64' in project 'swift-nio'
        ➜ Explicit dependency on target 'CNIOOpenBSD' in project 'swift-nio'
        ➜ Explicit dependency on target 'CNIOFreeBSD' in project 'swift-nio'
        ➜ Explicit dependency on target 'CNIODarwin' in project 'swift-nio'
        ➜ Explicit dependency on target 'CNIOLinux' in project 'swift-nio'
        ➜ Explicit dependency on target 'CNIOWindows' in project 'swift-nio'
        ➜ Explicit dependency on target 'CNIOWASI' in project 'swift-nio'
        ➜ Explicit dependency on target '_NIODataStructures' in project 'swift-nio'
        ➜ Explicit dependency on target 'DequeModule' in project 'swift-collections'
        ➜ Explicit dependency on target 'Atomics' in project 'swift-atomics'
    Target 'Atomics' in project 'swift-atomics'
        ➜ Explicit dependency on target 'Atomics' in project 'swift-atomics'
        ➜ Explicit dependency on target '_AtomicsShims' in project 'swift-atomics'
    Target 'Atomics' in project 'swift-atomics'
        ➜ Explicit dependency on target '_AtomicsShims' in project 'swift-atomics'
    Target '_AtomicsShims' in project 'swift-atomics' (no dependencies)
    Target 'DequeModule' in project 'swift-collections'
        ➜ Explicit dependency on target 'DequeModule' in project 'swift-collections'
        ➜ Explicit dependency on target 'InternalCollectionsUtilities' in project 'swift-collections'
        ➜ Explicit dependency on target 'ContainersPreview' in project 'swift-collections'
    Target 'DequeModule' in project 'swift-collections'
        ➜ Explicit dependency on target 'InternalCollectionsUtilities' in project 'swift-collections'
        ➜ Explicit dependency on target 'ContainersPreview' in project 'swift-collections'
    Target 'ContainersPreview' in project 'swift-collections'
        ➜ Explicit dependency on target 'InternalCollectionsUtilities' in project 'swift-collections'
    Target 'InternalCollectionsUtilities' in project 'swift-collections' (no dependencies)
    Target '_NIODataStructures' in project 'swift-nio' (no dependencies)
    Target 'CNIOWASI' in project 'swift-nio' (no dependencies)
    Target 'CNIOWindows' in project 'swift-nio' (no dependencies)
    Target 'CNIOLinux' in project 'swift-nio' (no dependencies)
    Target 'CNIODarwin' in project 'swift-nio' (no dependencies)
    Target 'CNIOFreeBSD' in project 'swift-nio' (no dependencies)
    Target 'CNIOOpenBSD' in project 'swift-nio' (no dependencies)
    Target '_NIOBase64' in project 'swift-nio' (no dependencies)
    Target 'NIOConcurrencyHelpers' in project 'swift-nio'
        ➜ Explicit dependency on target 'CNIOAtomics' in project 'swift-nio'
    Target 'CNIOAtomics' in project 'swift-nio' (no dependencies)
    Target 'CBcryptPBKDF' in project 'BicTermCore' (no dependencies)

GatherProvisioningInputs

CreateBuildDescription

ClangStatCache /Applications/Xcode.app/Contents/Developer/Toolchains/XcodeDefault.xctoolchain/usr/bin/clang-stat-cache /Applications/Xcode.app/Contents/Developer/Platforms/iPhoneSimulator.platform/Developer/SDKs/iPhoneSimulator26.5.sdk /Users/richard/code/BicTerm/.build-artifacts/DerivedData/g12-app/SDKStatCaches.noindex/iphonesimulator26.5-23F81a-688ef53f1462e2c8f657fdc38a81448f6cfe768891a92b912361537c460fe42b.sdkstatcache
    cd /Users/richard/code/BicTerm/BicTerm.xcodeproj
    /Applications/Xcode.app/Contents/Developer/Toolchains/XcodeDefault.xctoolchain/usr/bin/clang-stat-cache /Applications/Xcode.app/Contents/Developer/Platforms/iPhoneSimulator.platform/Developer/SDKs/iPhoneSimulator26.5.sdk -o /Users/richard/code/BicTerm/.build-artifacts/DerivedData/g12-app/SDKStatCaches.noindex/iphonesimulator26.5-23F81a-688ef53f1462e2c8f657fdc38a81448f6cfe768891a92b912361537c460fe42b.sdkstatcache

ClangStatCache /Applications/Xcode.app/Contents/Developer/Toolchains/XcodeDefault.xctoolchain/usr/bin/clang-stat-cache /Applications/Xcode.app/Contents/Developer/Platforms/MacOSX.platform/Developer/SDKs/MacOSX26.5.sdk /Users/richard/code/BicTerm/.build-artifacts/DerivedData/g12-app/SDKStatCaches.noindex/macosx26.5-25F70-688ef53f1462e2c8f657fdc38a81448fe082c4a02f00227109f4ed75e425c832.sdkstatcache
    cd /Users/richard/code/BicTerm/BicTerm.xcodeproj
    /Applications/Xcode.app/Contents/Developer/Toolchains/XcodeDefault.xctoolchain/usr/bin/clang-stat-cache /Applications/Xcode.app/Contents/Developer/Platforms/MacOSX.platform/Developer/SDKs/MacOSX26.5.sdk -o /Users/richard/code/BicTerm/.build-artifacts/DerivedData/g12-app/SDKStatCaches.noindex/macosx26.5-25F70-688ef53f1462e2c8f657fdc38a81448fe082c4a02f00227109f4ed75e425c832.sdkstatcache

ProcessInfoPlistFile /Users/richard/code/BicTerm/.build-artifacts/DerivedData/g12-app/Build/Products/Debug-iphonesimulator/SwiftTerm_SwiftTerm.bundle/Info.plist /Users/richard/code/BicTerm/.build-artifacts/DerivedData/g12-app/Build/Intermediates.noindex/SwiftTerm.build/Debug-iphonesimulator/SwiftTerm_SwiftTerm.build/empty-SwiftTerm_SwiftTerm.plist (in target 'SwiftTerm_SwiftTerm' from project 'SwiftTerm')
    cd /Users/richard/code/BicTerm/Vendor/SwiftTerm
    builtin-infoPlistUtility /Users/richard/code/BicTerm/.build-artifacts/DerivedData/g12-app/Build/Intermediates.noindex/SwiftTerm.build/Debug-iphonesimulator/SwiftTerm_SwiftTerm.build/empty-SwiftTerm_SwiftTerm.plist -producttype com.apple.product-type.bundle -expandbuildsettings -format binary -platform iphonesimulator -o /Users/richard/code/BicTerm/.build-artifacts/DerivedData/g12-app/Build/Products/Debug-iphonesimulator/SwiftTerm_SwiftTerm.bundle/Info.plist

CustomTask Generate\ SwiftTerm\ build\ information 632e0666a54d13731e352a3b69d98103 (in target 'SwiftTerm' from project 'SwiftTerm')
    cd /Users/richard/code/BicTerm/Vendor/SwiftTerm
    export ACTION\=build
    export AD_HOC_CODE_SIGNING_ALLOWED\=YES
    export ALLOW_BUILD_REQUEST_OVERRIDES\=NO
    export ALLOW_TARGET_PLATFORM_SPECIALIZATION\=NO
    export ALTERNATE_GROUP\=staff
    export ALTERNATE_MODE\=u+w,go-w,a+rX
    export ALTERNATE_OWNER\=richard
    export ALTERNATIVE_DISTRIBUTION_WEB\=NO
    export ALWAYS_EMBED_SWIFT_STANDARD_LIBRARIES\=NO
    export ALWAYS_SEARCH_USER_PATHS\=YES
    export ALWAYS_USE_SEPARATE_HEADERMAPS\=NO
    export APPLICATION_EXTENSION_API_ONLY\=NO
    export APPLY_RULES_IN_COPY_FILES\=NO
    export APPLY_RULES_IN_COPY_HEADERS\=NO
    export APP_SHORTCUTS_ENABLE_FLEXIBLE_MATCHING\=YES
    export ARCHS\=arm64
    export ARCHS_BASE\=arm64
    export ARCHS_STANDARD\=arm64\ x86_64
    export ARCHS_STANDARD_32_64_BIT\=arm64\ x86_64
    export ARCHS_STANDARD_64_BIT\=arm64\ x86_64
    export ARCHS_STANDARD_INCLUDING_64_BIT\=arm64\ x86_64
    export ARCHS_UNIVERSAL_IPHONE_OS\=arm64\ x86_64
    export ASSETCATALOG_FILTER_FOR_DEVICE_MODEL\=iPad17,4-A
    export ASSETCATALOG_FILTER_FOR_DEVICE_OS_VERSION\=26.3.1
    export ASSETCATALOG_FILTER_FOR_THINNING_DEVICE_CONFIGURATION\=iPad17,4-A
    export AUTOMATICALLY_MERGE_DEPENDENCIES\=NO
    export AUTOMATION_APPLE_EVENTS\=NO
    export AVAILABLE_PLATFORMS\=android\ appletvos\ appletvsimulator\ driverkit\ freebsd\ iphoneos\ iphonesimulator\ linux\ macosx\ none\ openbsd\ qnx\ watchos\ watchsimulator\ webassembly\ xros\ xrsimulator
    export BUILD_ACTIVE_RESOURCES_ONLY\=YES
    export BUILD_COMPONENTS\=headers\ build
    export BUILD_DIR\=/Users/richard/code/BicTerm/.build-artifacts/DerivedData/g12-app/Build/Products
    export BUILD_LIBRARY_FOR_DISTRIBUTION\=NO
    export BUILD_ONLY_KNOWN_LOCALIZATIONS\=NO
    export BUILD_ROOT\=/Users/richard/code/BicTerm/.build-artifacts/DerivedData/g12-app/Build/Products
    export BUILD_STYLE\=
    export BUILD_VARIANTS\=normal
    export BUILT_PRODUCTS_DIR\=/Users/richard/code/BicTerm/.build-artifacts/DerivedData/g12-app/Build/Products/Debug-iphonesimulator
    export BUNDLE_CONTENTS_FOLDER_PATH_deep\=Contents/
    export BUNDLE_EXECUTABLE_FOLDER_NAME_deep\=MacOS
    export BUNDLE_EXTENSIONS_FOLDER_PATH\=Extensions
    export BUNDLE_FORMAT\=shallow
    export BUNDLE_FRAMEWORKS_FOLDER_PATH\=Frameworks
    export BUNDLE_PLUGINS_FOLDER_PATH\=PlugIns
    export BUNDLE_PRIVATE_HEADERS_FOLDER_PATH\=PrivateHeaders
    export BUNDLE_PUBLIC_HEADERS_FOLDER_PATH\=Headers
    export CACHE_ROOT\=/var/folders/hy/m79bdqfj21g6ndt8hbtf0c6w0000gn/C/com.apple.DeveloperTools/26.6-17F113/Xcode
    export CCHROOT\=/var/folders/hy/m79bdqfj21g6ndt8hbtf0c6w0000gn/C/com.apple.DeveloperTools/26.6-17F113/Xcode
    export CHMOD\=/bin/chmod
    export CHOWN\=chown
    export CLANG_CACHE_FINE_GRAINED_OUTPUTS\=YES
    export CLANG_COVERAGE_MAPPING_LINKER_ARGS\=NO
    export CLANG_ENABLE_EXPLICIT_MODULES\=YES
    export CLANG_ENABLE_MODULES\=YES
    export CLANG_ENABLE_OBJC_ARC\=YES
    export CLANG_MODULES_BUILD_SESSION_FILE\=/Users/richard/code/BicTerm/.build-artifacts/DerivedData/g12-app/ModuleCache.noindex/Session.modulevalidation
    export CLASS_FILE_DIR\=/Users/richard/code/BicTerm/.build-artifacts/DerivedData/g12-app/Build/Intermediates.noindex/SwiftTerm.build/Debug-iphonesimulator/SwiftTerm.build/JavaClasses
    export CLEAN_PRECOMPS\=YES
    export CLONE_HEADERS\=NO
    export CODESIGNING_FOLDER_PATH\=/Users/richard/code/BicTerm/.build-artifacts/DerivedData/g12-app/Build/Products/Debug-iphonesimulator/SwiftTerm.o
    export CODE_SIGNING_ALLOWED\=NO
    export CODE_SIGNING_REQUIRED\=NO
    export CODE_SIGN_CONTEXT_CLASS\=XCiPhoneSimulatorCodeSignContext
    export CODE_SIGN_INJECT_BASE_ENTITLEMENTS\=YES
    export COLOR_DIAGNOSTICS\=NO
    export COMBINE_HIDPI_IMAGES\=NO
    export COMPILATION_CACHE_CAS_PATH\=/Users/richard/code/BicTerm/.build-artifacts/DerivedData/g12-app/CompilationCache.noindex
    export COMPILATION_CACHE_KEEP_CAS_DIRECTORY\=YES
    export COMPILER_INDEX_STORE_ENABLE\=Default
    export COMPILER_WORKING_DIRECTORY\=/Users/richard/code/BicTerm/BicTerm.xcodeproj
    export COMPOSITE_SDK_DIRS\=/Users/richard/code/BicTerm/.build-artifacts/DerivedData/g12-app/Build/Intermediates.noindex/CompositeSDKs
    export COMPRESS_PNG_FILES\=YES
    export CONFIGURATION\=Debug
    export CONFIGURATION_BUILD_DIR\=/Users/richard/code/BicTerm/.build-artifacts/DerivedData/g12-app/Build/Products/Debug-iphonesimulator
    export CONFIGURATION_TEMP_DIR\=/Users/richard/code/BicTerm/.build-artifacts/DerivedData/g12-app/Build/Intermediates.noindex/SwiftTerm.build/Debug-iphonesimulator
    export COPYING_PRESERVES_HFS_DATA\=NO
    export COPY_HEADERS_RUN_UNIFDEF\=NO
    export COPY_PHASE_STRIP\=NO
    export COREML_CODEGEN_LANGUAGE\=Swift
    export COREML_COMPILER_CONTAINER\=swift-package
    export CORRESPONDING_DEVICE_PLATFORM_DIR\=/Applications/Xcode.app/Contents/Developer/Platforms/iPhoneOS.platform
    export CORRESPONDING_DEVICE_PLATFORM_NAME\=iphoneos
    export CORRESPONDING_DEVICE_SDK_DIR\=/Applications/Xcode.app/Contents/Developer/Platforms/iPhoneOS.platform/Developer/SDKs/iPhoneOS26.5.sdk
    export CORRESPONDING_DEVICE_SDK_NAME\=iphoneos26.5
    export CP\=/bin/cp
    export CREATE_INFOPLIST_SECTION_IN_BINARY\=NO
    export CURRENT_ARCH\=undefined_arch
    export CURRENT_VARIANT\=normal
    export DEAD_CODE_STRIPPING\=NO
    export DEBUGGING_SYMBOLS\=YES
    export DEBUG_INFORMATION_FORMAT\=dwarf
    export DEBUG_INFORMATION_VERSION\=compiler-default
    export DEFAULT_COMPILER\=com.apple.compilers.llvm.clang.1_0
    export DEFAULT_DEXT_INSTALL_PATH\=/System/Library/DriverExtensions
    export DEFAULT_KEXT_INSTALL_PATH\=/System/Library/Extensions
    export DEFINES_MODULE\=YES
    export DEPLOYMENT_LOCATION\=NO
    export DEPLOYMENT_POSTPROCESSING\=NO
    export DEPLOYMENT_TARGET_SETTING_NAME\=IPHONEOS_DEPLOYMENT_TARGET
    export DEPLOYMENT_TARGET_SUGGESTED_VALUES\=12.0\ 12.1\ 12.2\ 12.3\ 12.4\ 13.0\ 13.1\ 13.2\ 13.3\ 13.4\ 13.5\ 13.6\ 14.0\ 14.1\ 14.2\ 14.3\ 14.4\ 14.5\ 14.6\ 14.7\ 15.0\ 15.1\ 15.2\ 15.3\ 15.4\ 15.5\ 15.6\ 16.0\ 16.1\ 16.2\ 16.3\ 16.4\ 16.5\ 16.6\ 17.0\ 17.1\ 17.2\ 17.3\ 17.4\ 17.5\ 17.6\ 18.0\ 18.1\ 18.2\ 18.3\ 18.4\ 18.5\ 18.6\ 26.0\ 26.2\ 26.3\ 26.4\ 26.5
    export DERIVED_FILES_DIR\=/Users/richard/code/BicTerm/.build-artifacts/DerivedData/g12-app/Build/Intermediates.noindex/SwiftTerm.build/Debug-iphonesimulator/SwiftTerm.build/DerivedSources
    export DERIVED_FILE_DIR\=/Users/richard/code/BicTerm/.build-artifacts/DerivedData/g12-app/Build/Intermediates.noindex/SwiftTerm.build/Debug-iphonesimulator/SwiftTerm.build/DerivedSources
    export DERIVED_SOURCES_DIR\=/Users/richard/code/BicTerm/.build-artifacts/DerivedData/g12-app/Build/Intermediates.noindex/SwiftTerm.build/Debug-iphonesimulator/SwiftTerm.build/DerivedSources
    export DEVELOPER_APPLICATIONS_DIR\=/Applications/Xcode.app/Contents/Developer/Applications
    export DEVELOPER_BIN_DIR\=/Applications/Xcode.app/Contents/Developer/usr/bin
    export DEVELOPER_DIR\=/Applications/Xcode.app/Contents/Developer
    export DEVELOPER_FRAMEWORKS_DIR\=/Applications/Xcode.app/Contents/Developer/Library/Frameworks
    export DEVELOPER_FRAMEWORKS_DIR_QUOTED\=/Applications/Xcode.app/Contents/Developer/Library/Frameworks
    export DEVELOPER_LIBRARY_DIR\=/Applications/Xcode.app/Contents/Developer/Library
    export DEVELOPER_SDK_DIR\=/Applications/Xcode.app/Contents/Developer/Platforms/MacOSX.platform/Developer/SDKs
    export DEVELOPER_TOOLS_DIR\=/Applications/Xcode.app/Contents/Developer/Tools
    export DEVELOPER_USR_DIR\=/Applications/Xcode.app/Contents/Developer/usr
    export DEVELOPMENT_LANGUAGE\=en
    export DIAGNOSE_MISSING_TARGET_DEPENDENCIES\=YES
    export DIFF\=/usr/bin/diff
    export DONT_GENERATE_INFOPLIST_FILE\=NO
    export DSTROOT\=/tmp/SwiftTerm.dst
    export DT_TOOLCHAIN_DIR\=/Applications/Xcode.app/Contents/Developer/Toolchains/XcodeDefault.xctoolchain
    export DUMP_DEPENDENCIES\=NO
    export DUMP_DEPENDENCIES_OUTPUT_PATH\=/Users/richard/code/BicTerm/.build-artifacts/DerivedData/g12-app/Build/Intermediates.noindex/SwiftTerm.build/Debug-iphonesimulator/SwiftTerm.build/SwiftTerm-BuildDependencyInfo.json
    export DWARF_DSYM_FILE_NAME\=SwiftTerm.o.dSYM
    export DWARF_DSYM_FILE_SHOULD_ACCOMPANY_PRODUCT\=NO
    export DWARF_DSYM_FOLDER_PATH\=/Users/richard/code/BicTerm/.build-artifacts/DerivedData/g12-app/Build/Products/Debug-iphonesimulator
    export DYLIB_INSTALL_NAME_BASE\=@rpath
    export DYNAMIC_LIBRARY_EXTENSION\=dylib
    export EAGER_COMPILATION_ALLOW_SCRIPTS\=NO
    export EAGER_LINKING\=NO
    export EFFECTIVE_PLATFORM_NAME\=-iphonesimulator
    export EFFECTIVE_SWIFT_VERSION\=5
    export EMBEDDED_CONTENT_CONTAINS_SWIFT\=NO
    export EMBED_ASSET_PACKS_IN_PRODUCT_BUNDLE\=NO
    export ENABLE_APP_SANDBOX\=NO
    export ENABLE_CODE_COVERAGE\=YES
    export ENABLE_COHORT_ARCHS\=NO
    export ENABLE_CPLUSPLUS_BOUNDS_SAFE_BUFFERS\=NO
    export ENABLE_C_BOUNDS_SAFETY\=NO
    export ENABLE_DEFAULT_HEADER_SEARCH_PATHS\=YES
    export ENABLE_DEFAULT_SEARCH_PATHS\=YES
    export ENABLE_ENHANCED_SECURITY\=NO
    export ENABLE_HARDENED_RUNTIME\=NO
    export ENABLE_HEADER_DEPENDENCIES\=YES
    export ENABLE_INCOMING_NETWORK_CONNECTIONS\=NO
    export ENABLE_NS_ASSERTIONS\=YES
    export ENABLE_ON_DEMAND_RESOURCES\=NO
    export ENABLE_OUTGOING_NETWORK_CONNECTIONS\=NO
    export ENABLE_POINTER_AUTHENTICATION\=NO
    export ENABLE_PREVIEWS\=NO
    export ENABLE_RESOURCE_ACCESS_AUDIO_INPUT\=NO
    export ENABLE_RESOURCE_ACCESS_BLUETOOTH\=NO
    export ENABLE_RESOURCE_ACCESS_CALENDARS\=NO
    export ENABLE_RESOURCE_ACCESS_CAMERA\=NO
    export ENABLE_RESOURCE_ACCESS_CONTACTS\=NO
    export ENABLE_RESOURCE_ACCESS_LOCATION\=NO
    export ENABLE_RESOURCE_ACCESS_PHOTO_LIBRARY\=NO
    export ENABLE_RESOURCE_ACCESS_PRINTING\=NO
    export ENABLE_RESOURCE_ACCESS_USB\=NO
    export ENABLE_SDK_IMPORTS\=NO
    export ENABLE_SECURITY_COMPILER_WARNINGS\=NO
    export ENABLE_TESTABILITY\=YES
    export ENABLE_TESTING_SEARCH_PATHS\=YES
    export ENABLE_USER_SCRIPT_SANDBOXING\=NO
    export ENABLE_XOJIT_PREVIEWS\=YES
    export ENFORCE_VALID_ARCHS\=YES
    export ENTITLEMENTS_DESTINATION\=__entitlements
    export ENTITLEMENTS_REQUIRED\=NO
    export EXCLUDED_INSTALLSRC_SUBDIRECTORY_PATTERNS\=.DS_Store\ .svn\ .git\ .hg\ CVS
    export EXCLUDED_RECURSIVE_SEARCH_PATH_SUBDIRECTORIES\=\*.nib\ \*.lproj\ \*.framework\ \*.gch\ \*.xcode\*\ \*.xcassets\ \*.icon\ \(\*\)\ .DS_Store\ CVS\ .svn\ .git\ .hg\ \*.pbproj\ \*.pbxproj
    export EXECUTABLE_EXTENSION\=o
    export EXECUTABLE_NAME\=SwiftTerm.o
    export EXECUTABLE_PATH\=SwiftTerm.o
    export EXECUTABLE_SUFFIX\=.o
    export FILE_LIST\=/Users/richard/code/BicTerm/.build-artifacts/DerivedData/g12-app/Build/Intermediates.noindex/SwiftTerm.build/Debug-iphonesimulator/SwiftTerm.build/Objects/LinkFileList
    export FIXED_FILES_DIR\=/Users/richard/code/BicTerm/.build-artifacts/DerivedData/g12-app/Build/Intermediates.noindex/SwiftTerm.build/Debug-iphonesimulator/SwiftTerm.build/FixedFiles
    export FRAMEWORK_FLAG_PREFIX\=-framework
    export FRAMEWORK_SEARCH_PATHS\=/Users/richard/code/BicTerm/.build-artifacts/DerivedData/g12-app/Build/Products/Debug-iphonesimulator\ 
    export FRAMEWORK_VERSION\=A
    export FULL_PRODUCT_NAME\=SwiftTerm.o
    export FUSE_BUILD_PHASES\=YES
    export FUSE_BUILD_SCRIPT_PHASES\=NO
    export GCC3_VERSION\=3.3
    export GCC_INLINES_ARE_PRIVATE_EXTERN\=YES
    export GCC_OBJC_LEGACY_DISPATCH\=YES
    export GCC_OPTIMIZATION_LEVEL\=0
    export GCC_PFE_FILE_C_DIALECTS\=c\ objective-c\ c++\ objective-c++
    export GCC_PREPROCESSOR_DEFINITIONS\=\ SWIFT_PACKAGE\ DEBUG\=1
    export GCC_TREAT_WARNINGS_AS_ERRORS\=NO
    export GCC_VERSION\=com.apple.compilers.llvm.clang.1_0
    export GCC_VERSION_IDENTIFIER\=com_apple_compilers_llvm_clang_1_0
    export GCC_WARN_64_TO_32_BIT_CONVERSION\=NO
    export GENERATED_MODULEMAP_DIR\=/Users/richard/code/BicTerm/.build-artifacts/DerivedData/g12-app/Build/Intermediates.noindex/GeneratedModuleMaps-iphonesimulator
    export GENERATE_INFOPLIST_FILE\=NO
    export GENERATE_INTERMEDIATE_TEXT_BASED_STUBS\=YES
    export GENERATE_MASTER_OBJECT_FILE\=NO
    export GENERATE_PKGINFO_FILE\=NO
    export GENERATE_PRELINK_OBJECT_FILE\=NO
    export GENERATE_PROFILING_CODE\=NO
    export GENERATE_RESOURCE_ACCESSORS\=YES
    export GENERATE_TEXT_BASED_STUBS\=NO
    export GID\=20
    export GROUP\=staff
    export HEADERMAP_INCLUDES_FLAT_ENTRIES_FOR_TARGET_BEING_BUILT\=YES
    export HEADERMAP_INCLUDES_FRAMEWORK_ENTRIES_FOR_ALL_PRODUCT_TYPES\=YES
    export HEADERMAP_INCLUDES_FRAMEWORK_ENTRIES_FOR_TARGETS_NOT_BEING_BUILT\=YES
    export HEADERMAP_INCLUDES_NONPUBLIC_NONPRIVATE_HEADERS\=YES
    export HEADERMAP_INCLUDES_PROJECT_HEADERS\=YES
    export HEADERMAP_USES_FRAMEWORK_PREFIX_ENTRIES\=YES
    export HEADERMAP_USES_VFS\=YES
    export HEADER_SEARCH_PATHS\=/Users/richard/code/BicTerm/.build-artifacts/DerivedData/g12-app/Build/Products/Debug-iphonesimulator/include\ 
    export HOME\=/Users/richard
    export HOST_ARCH\=arm64
    export HOST_PLATFORM\=macosx
    export ICONV\=/usr/bin/iconv
    export IMPLICIT_DEPENDENCY_DOMAIN\=default
    export INDEX_STORE_COMPRESS\=NO
    export INDEX_STORE_ONLY_PROJECT_FILES\=NO
    export INFOPLIST_ENABLE_CFBUNDLEICONS_MERGE\=YES
    export INFOPLIST_EXPAND_BUILD_SETTINGS\=YES
    export INFOPLIST_OUTPUT_FORMAT\=binary
    export INFOPLIST_PREPROCESS\=NO
    export INLINE_PRIVATE_FRAMEWORKS\=NO
    export INSTALLAPI_IGNORE_SKIP_INSTALL\=YES
    export INSTALLHDRS_COPY_PHASE\=NO
    export INSTALLHDRS_SCRIPT_PHASE\=NO
    export INSTALL_DIR\=/tmp/SwiftTerm.dst/Users/richard/Objects
    export INSTALL_GROUP\=staff
    export INSTALL_MODE_FLAG\=u+w,go-w,a+rX
    export INSTALL_OWNER\=richard
    export INSTALL_PATH\=/Users/richard/Objects
    export INSTALL_ROOT\=/tmp/SwiftTerm.dst
    export IPHONEOS_DEPLOYMENT_TARGET\=14.0
    export IS_UNOPTIMIZED_BUILD\=YES
    export JAVAC_DEFAULT_FLAGS\=-J-Xms64m\ -J-XX:NewSize\=4M\ -J-Dfile.encoding\=UTF8
    export JAVA_APP_STUB\=/System/Library/Frameworks/JavaVM.framework/Resources/MacOS/JavaApplicationStub
    export JAVA_ARCHIVE_CLASSES\=YES
    export JAVA_ARCHIVE_TYPE\=JAR
    export JAVA_COMPILER\=/usr/bin/javac
    export JAVA_FRAMEWORK_RESOURCES_DIRS\=Resources
    export JAVA_JAR_FLAGS\=cv
    export JAVA_SOURCE_SUBDIR\=.
    export JAVA_USE_DEPENDENCIES\=YES
    export JAVA_ZIP_FLAGS\=-urg
    export JIKES_DEFAULT_FLAGS\=+E\ +OLDCSO
    export KEEP_PRIVATE_EXTERNS\=NO
    export LD_DEPENDENCY_INFO_FILE\=/Users/richard/code/BicTerm/.build-artifacts/DerivedData/g12-app/Build/Intermediates.noindex/SwiftTerm.build/Debug-iphonesimulator/SwiftTerm.build/Objects-normal/undefined_arch/SwiftTerm_dependency_info.dat
    export LD_EXPORT_SYMBOLS\=YES
    export LD_GENERATE_MAP_FILE\=NO
    export LD_MAP_FILE_PATH\=/Users/richard/code/BicTerm/.build-artifacts/DerivedData/g12-app/Build/Intermediates.noindex/SwiftTerm.build/Debug-iphonesimulator/SwiftTerm.build/SwiftTerm-LinkMap-normal-undefined_arch.txt
    export LD_NO_PIE\=NO
    export LD_QUOTE_LINKER_ARGUMENTS_FOR_COMPILER_DRIVER\=YES
    export LD_SHARED_CACHE_ELIGIBLE\=Automatic
    export LD_WARN_DUPLICATE_LIBRARIES\=NO
    export LD_WARN_UNUSED_DYLIBS\=NO
    export LEGACY_DEVELOPER_DIR\=/Applications/Xcode.app/Contents/PlugIns/Xcode3Core.ideplugin/Contents/SharedSupport/Developer
    export LEX\=lex
    export LIBRARY_DEXT_INSTALL_PATH\=/Library/DriverExtensions
    export LIBRARY_FLAG_NOSPACE\=YES
    export LIBRARY_FLAG_PREFIX\=-l
    export LIBRARY_KEXT_INSTALL_PATH\=/Library/Extensions
    export LIBRARY_SEARCH_PATHS\=/Users/richard/code/BicTerm/.build-artifacts/DerivedData/g12-app/Build/Products/Debug-iphonesimulator\ \ \ /Applications/Xcode.app/Contents/Developer/Platforms/iPhoneSimulator.platform/Developer/usr/lib
    export LINKER_DISPLAYS_MANGLED_NAMES\=NO
    export LINK_FILE_LIST_normal_arm64\=/Users/richard/code/BicTerm/.build-artifacts/DerivedData/g12-app/Build/Intermediates.noindex/SwiftTerm.build/Debug-iphonesimulator/SwiftTerm.build/Objects-normal/arm64/SwiftTerm.LinkFileList
    export LINK_OBJC_RUNTIME\=YES
    export LINK_WITH_STANDARD_LIBRARIES\=NO
    export LLVM_TARGET_TRIPLE_OS_VERSION\=ios14.0
    export LLVM_TARGET_TRIPLE_SUFFIX\=-simulator
    export LLVM_TARGET_TRIPLE_VENDOR\=apple
    export LM_AUX_CONST_METADATA_LIST_PATH_normal_arm64\=/Users/richard/code/BicTerm/.build-artifacts/DerivedData/g12-app/Build/Intermediates.noindex/SwiftTerm.build/Debug-iphonesimulator/SwiftTerm.build/Objects-normal/arm64/SwiftTerm.SwiftConstValuesFileList
    export LOCALIZATION_EXPORT_SUPPORTED\=YES
    export LOCALIZATION_PREFERS_STRING_CATALOGS\=NO
    export LOCALIZED_STRING_CODE_COMMENTS\=NO
    export LOCALIZED_STRING_MACRO_NAMES\=NSLocalizedString\ CFCopyLocalizedString
    export LOCALIZED_STRING_SWIFTUI_SUPPORT\=YES
    export LOCAL_ADMIN_APPS_DIR\=/Applications/Utilities
    export LOCAL_APPS_DIR\=/Applications
    export LOCAL_DEVELOPER_DIR\=/Library/Developer
    export LOCAL_LIBRARY_DIR\=/Library
    export LOCROOT\=/Users/richard/code/BicTerm/Vendor/SwiftTerm
    export LOCSYMROOT\=/Users/richard/code/BicTerm/Vendor/SwiftTerm
    export MACH_O_TYPE\=mh_object
    export MAC_OS_X_PRODUCT_BUILD_VERSION\=25G83
    export MAC_OS_X_VERSION_ACTUAL\=260602
    export MAC_OS_X_VERSION_MAJOR\=260000
    export MAC_OS_X_VERSION_MINOR\=260600
    export MAKE_MERGEABLE\=NO
    export MERGEABLE_LIBRARY\=NO
    export MERGED_BINARY_TYPE\=none
    export MERGE_LINKED_LIBRARIES\=NO
    export METAL_LIBRARY_FILE_BASE\=default
    export METAL_LIBRARY_OUTPUT_DIR\=/Users/richard/code/BicTerm/.build-artifacts/DerivedData/g12-app/Build/Products/Debug-iphonesimulator/
    export MODULEMAP_FILE_CONTENTS\=module\ SwiftTerm\ \{'
'header\ \"SwiftTerm-Swift.h\"'
'export\ \*'
'\}
    export MODULEMAP_PATH\=/Users/richard/code/BicTerm/.build-artifacts/DerivedData/g12-app/Build/Intermediates.noindex/GeneratedModuleMaps-iphonesimulator/SwiftTerm.modulemap
    export MODULE_CACHE_DIR\=/Users/richard/code/BicTerm/.build-artifacts/DerivedData/g12-app/ModuleCache.noindex
    export NATIVE_ARCH\=arm64
    export NATIVE_ARCH_32_BIT\=arm
    export NATIVE_ARCH_64_BIT\=arm64
    export NATIVE_ARCH_ACTUAL\=arm64
    export NO_COMMON\=YES
    export OBJC_ABI_VERSION\=2
    export OBJECT_FILE_DIR\=/Users/richard/code/BicTerm/.build-artifacts/DerivedData/g12-app/Build/Intermediates.noindex/SwiftTerm.build/Debug-iphonesimulator/SwiftTerm.build/Objects
    export OBJECT_FILE_DIR_normal\=/Users/richard/code/BicTerm/.build-artifacts/DerivedData/g12-app/Build/Intermediates.noindex/SwiftTerm.build/Debug-iphonesimulator/SwiftTerm.build/Objects-normal
    export OBJROOT\=/Users/richard/code/BicTerm/.build-artifacts/DerivedData/g12-app/Build/Intermediates.noindex
    export ONLY_ACTIVE_ARCH\=YES
    export OS\=MACOS
    export OSAC\=/usr/bin/osacompile
    export OTHER_CFLAGS\=\ -DXcode
    export OTHER_CPLUSPLUSFLAGS\=\ -DXcode
    export OTHER_SWIFT_FLAGS\=\ -DXcode\ -plugin-path\ /Applications/Xcode.app/Contents/Developer/Toolchains/XcodeDefault.xctoolchain/usr/lib/swift/host/plugins/testing
    export PACKAGE_RESOURCE_BUNDLE_NAME\=SwiftTerm_SwiftTerm
    export PACKAGE_RESOURCE_TARGET_KIND\=regular
    export PACKAGE_TYPE\=com.apple.package-type.mach-o-objfile
    export PASCAL_STRINGS\=YES
    export PATH\=/Applications/Xcode.app/Contents/SharedFrameworks/SwiftBuild.framework/Versions/A/PlugIns/SWBBuildService.bundle/Contents/PlugIns/SWBUniversalPlatformPlugin.bundle/Contents/Frameworks/SWBUniversalPlatform.framework/Resources:/var/run/com.apple.security.cryptexd/mnt/com.apple.MobileAsset.MetalToolchain-v17.6.109.0.ozHyXD/Metal.xctoolchain/usr/bin:/var/run/com.apple.security.cryptexd/mnt/com.apple.MobileAsset.MetalToolchain-v17.6.109.0.ozHyXD/Metal.xctoolchain/usr/local/bin:/var/run/com.apple.security.cryptexd/mnt/com.apple.MobileAsset.MetalToolchain-v17.6.109.0.ozHyXD/Metal.xctoolchain/usr/libexec:/Applications/Xcode.app/Contents/Developer/Toolchains/XcodeDefault.xctoolchain/usr/bin:/Applications/Xcode.app/Contents/Developer/Toolchains/XcodeDefault.xctoolchain/usr/local/bin:/Applications/Xcode.app/Contents/Developer/Toolchains/XcodeDefault.xctoolchain/usr/libexec:/Applications/Xcode.app/Contents/Developer/Platforms/iPhoneSimulator.platform/usr/bin:/Applications/Xcode.app/Contents/Developer/Platforms/iPhoneSimulator.platform/usr/local/bin:/Applications/Xcode.app/Contents/Developer/Platforms/iPhoneSimulator.platform/Developer/usr/bin:/Applications/Xcode.app/Contents/Developer/Platforms/iPhoneSimulator.platform/Developer/usr/local/bin:/Applications/Xcode.app/Contents/Developer/usr/bin:/Applications/Xcode.app/Contents/Developer/usr/local/bin:/Users/richard/.opencode/bin:/Users/richard/.bun/bin:/Users/richard/.local/bin:/opt/homebrew/opt/ruby/bin:/Users/richard/.pyenv/shims:/Users/richard/.krew/bin:/opt/homebrew/bin:/Users/richard/.nvm/versions/node/v22.22.0/bin:/usr/local/bin:/opt/local/bin:/opt/local/sbin:/System/Cryptexes/App/usr/bin:/usr/bin:/bin:/usr/sbin:/sbin:/var/run/com.apple.security.cryptexd/codex.system/bootstrap/usr/local/bin:/var/run/com.apple.security.cryptexd/codex.system/bootstrap/usr/bin:/var/run/com.apple.security.cryptexd/codex.system/bootstrap/usr/appleinternal/bin:/pkg/env/global/bin:/Library/Apple/usr/bin:/usr/local/MacGPG2/bin:/usr/local/share/dotnet:/Library/Frameworks/Mono.framework/Versions/Current/Commands:/Users/richard/.cargo/bin:/Users/richard/go/bin:/opt/homebrew/opt/go/libexec/bin:/Users/richard/.lmstudio/bin
    export PATH_PREFIXES_EXCLUDED_FROM_HEADER_DEPENDENCIES\=/usr/include\ /usr/local/include\ /System/Library/Frameworks\ /System/Library/PrivateFrameworks\ /Applications/Xcode.app/Contents/Developer/Headers\ /Applications/Xcode.app/Contents/Developer/SDKs\ /Applications/Xcode.app/Contents/Developer/Platforms
    export PER_ARCH_MODULE_FILE_DIR\=/Users/richard/code/BicTerm/.build-artifacts/DerivedData/g12-app/Build/Intermediates.noindex/SwiftTerm.build/Debug-iphonesimulator/SwiftTerm.build/Objects-normal/undefined_arch
    export PER_ARCH_OBJECT_FILE_DIR\=/Users/richard/code/BicTerm/.build-artifacts/DerivedData/g12-app/Build/Intermediates.noindex/SwiftTerm.build/Debug-iphonesimulator/SwiftTerm.build/Objects-normal/undefined_arch
    export PER_VARIANT_OBJECT_FILE_DIR\=/Users/richard/code/BicTerm/.build-artifacts/DerivedData/g12-app/Build/Intermediates.noindex/SwiftTerm.build/Debug-iphonesimulator/SwiftTerm.build/Objects-normal
    export PKGINFO_FILE_PATH\=/Users/richard/code/BicTerm/.build-artifacts/DerivedData/g12-app/Build/Intermediates.noindex/SwiftTerm.build/Debug-iphonesimulator/SwiftTerm.build/PkgInfo
    export PLATFORM_DEVELOPER_APPLICATIONS_DIR\=/Applications/Xcode.app/Contents/Developer/Platforms/iPhoneSimulator.platform/Developer/Applications
    export PLATFORM_DEVELOPER_BIN_DIR\=/Applications/Xcode.app/Contents/Developer/Platforms/iPhoneSimulator.platform/Developer/usr/bin
    export PLATFORM_DEVELOPER_LIBRARY_DIR\=/Applications/Xcode.app/Contents/Developer/Platforms/iPhoneSimulator.platform/Developer/Library
    export PLATFORM_DEVELOPER_SDK_DIR\=/Applications/Xcode.app/Contents/Developer/Platforms/iPhoneSimulator.platform/Developer/SDKs
    export PLATFORM_DEVELOPER_TOOLS_DIR\=/Applications/Xcode.app/Contents/Developer/Platforms/iPhoneSimulator.platform/Developer/Tools
    export PLATFORM_DEVELOPER_USR_DIR\=/Applications/Xcode.app/Contents/Developer/Platforms/iPhoneSimulator.platform/Developer/usr
    export PLATFORM_DIR\=/Applications/Xcode.app/Contents/Developer/Platforms/iPhoneSimulator.platform
    export PLATFORM_DISPLAY_NAME\=iOS\ Simulator
    export PLATFORM_FAMILY_NAME\=iOS
    export PLATFORM_NAME\=iphonesimulator
    export PLATFORM_PREFERRED_ARCH\=x86_64
    export PLATFORM_PRODUCT_BUILD_VERSION\=23F81a
    export PLATFORM_REQUIRES_SWIFT_AUTOLINK_EXTRACT\=NO
    export PLATFORM_REQUIRES_SWIFT_MODULEWRAP\=NO
    export PLATFORM_USES_DSYMS\=YES
    export PLIST_FILE_OUTPUT_FORMAT\=binary
    export PRECOMPS_INCLUDE_HEADERS_FROM_BUILT_PRODUCTS_DIR\=YES
    export PRECOMP_DESTINATION_DIR\=/Users/richard/code/BicTerm/.build-artifacts/DerivedData/g12-app/Build/Intermediates.noindex/SwiftTerm.build/Debug-iphonesimulator/SwiftTerm.build/PrefixHeaders
    export PRIVATE_HEADERS_FOLDER_PATH\=/usr/local/include
    export PROCESSED_INFOPLIST_PATH\=/Users/richard/code/BicTerm/.build-artifacts/DerivedData/g12-app/Build/Intermediates.noindex/SwiftTerm.build/Debug-iphonesimulator/SwiftTerm.build/Objects-normal/undefined_arch/Processed-Info.plist
    export PRODUCT_BUNDLE_IDENTIFIER\=swiftterm.SwiftTerm
    export PRODUCT_MODULE_NAME\=SwiftTerm
    export PRODUCT_NAME\=SwiftTerm
    export PRODUCT_SETTINGS_PATH\=
    export PRODUCT_TYPE\=com.apple.product-type.objfile
    export PROFILING_CODE\=NO
    export PROJECT\=SwiftTerm
    export PROJECT_DERIVED_FILE_DIR\=/Users/richard/code/BicTerm/.build-artifacts/DerivedData/g12-app/Build/Intermediates.noindex/SwiftTerm.build/DerivedSources
    export PROJECT_DIR\=/Users/richard/code/BicTerm/Vendor/SwiftTerm
    export PROJECT_FILE_PATH\=/Users/richard/code/BicTerm/Vendor/SwiftTerm/Package.swift
    export PROJECT_GUID\=PACKAGE:/Users/richard/code/BicTerm/Vendor/SwiftTerm
    export PROJECT_NAME\=SwiftTerm
    export PROJECT_TEMP_DIR\=/Users/richard/code/BicTerm/.build-artifacts/DerivedData/g12-app/Build/Intermediates.noindex/SwiftTerm.build
    export PROJECT_TEMP_ROOT\=/Users/richard/code/BicTerm/.build-artifacts/DerivedData/g12-app/Build/Intermediates.noindex
    export PUBLIC_HEADERS_FOLDER_PATH\=/usr/local/include
    export RECOMMENDED_IPHONEOS_DEPLOYMENT_TARGET\=15.0
    export RECURSIVE_SEARCH_PATHS_FOLLOW_SYMLINKS\=YES
    export REMOVE_CVS_FROM_RESOURCES\=YES
    export REMOVE_GIT_FROM_RESOURCES\=YES
    export REMOVE_HEADERS_FROM_EMBEDDED_BUNDLES\=YES
    export REMOVE_HG_FROM_RESOURCES\=YES
    export REMOVE_STATIC_EXECUTABLES_FROM_EMBEDDED_BUNDLES\=YES
    export REMOVE_SVN_FROM_RESOURCES\=YES
    export RESCHEDULE_INDEPENDENT_HEADERS_PHASES\=YES
    export REZ_COLLECTOR_DIR\=/Users/richard/code/BicTerm/.build-artifacts/DerivedData/g12-app/Build/Intermediates.noindex/SwiftTerm.build/Debug-iphonesimulator/SwiftTerm.build/ResourceManagerResources
    export REZ_EXECUTABLE\=YES
    export REZ_OBJECTS_DIR\=/Users/richard/code/BicTerm/.build-artifacts/DerivedData/g12-app/Build/Intermediates.noindex/SwiftTerm.build/Debug-iphonesimulator/SwiftTerm.build/ResourceManagerResources/Objects
    export REZ_SEARCH_PATHS\=/Users/richard/code/BicTerm/.build-artifacts/DerivedData/g12-app/Build/Products/Debug-iphonesimulator\ 
    export RPATH_ORIGIN\=@loader_path
    export RUNTIME_EXCEPTION_ALLOW_DYLD_ENVIRONMENT_VARIABLES\=NO
    export RUNTIME_EXCEPTION_ALLOW_JIT\=NO
    export RUNTIME_EXCEPTION_ALLOW_UNSIGNED_EXECUTABLE_MEMORY\=NO
    export RUNTIME_EXCEPTION_DEBUGGING_TOOL\=NO
    export RUNTIME_EXCEPTION_DISABLE_EXECUTABLE_PAGE_PROTECTION\=NO
    export RUNTIME_EXCEPTION_DISABLE_LIBRARY_VALIDATION\=NO
    export SCANNING_PCM_KEEP_CACHE_DIRECTORY\=YES
    export SCAN_ALL_SOURCE_FILES_FOR_INCLUDES\=NO
    export SDKROOT\=/Applications/Xcode.app/Contents/Developer/Platforms/iPhoneSimulator.platform/Developer/SDKs/iPhoneSimulator26.5.sdk
    export SDK_DIR\=/Applications/Xcode.app/Contents/Developer/Platforms/iPhoneSimulator.platform/Developer/SDKs/iPhoneSimulator26.5.sdk
    export SDK_DIR_iphonesimulator\=/Applications/Xcode.app/Contents/Developer/Platforms/iPhoneSimulator.platform/Developer/SDKs/iPhoneSimulator26.5.sdk
    export SDK_DIR_iphonesimulator26_5\=/Applications/Xcode.app/Contents/Developer/Platforms/iPhoneSimulator.platform/Developer/SDKs/iPhoneSimulator26.5.sdk
    export SDK_NAME\=iphonesimulator26.5
    export SDK_NAMES\=iphonesimulator26.5
    export SDK_PRODUCT_BUILD_VERSION\=23F81a
    export SDK_STAT_CACHE_DIR\=/Users/richard/code/BicTerm/.build-artifacts/DerivedData/g12-app
    export SDK_STAT_CACHE_ENABLE\=YES
    export SDK_STAT_CACHE_PATH\=/Users/richard/code/BicTerm/.build-artifacts/DerivedData/g12-app/SDKStatCaches.noindex/iphonesimulator26.5-23F81a-688ef53f1462e2c8f657fdc38a81448f6cfe768891a92b912361537c460fe42b.sdkstatcache
    export SDK_VERSION\=26.5
    export SDK_VERSION_ACTUAL\=260500
    export SDK_VERSION_MAJOR\=260000
    export SDK_VERSION_MINOR\=260500
    export SED\=/usr/bin/sed
    export SEPARATE_STRIP\=NO
    export SEPARATE_SYMBOL_EDIT\=NO
    export SET_DIR_MODE_OWNER_GROUP\=YES
    export SET_FILE_MODE_OWNER_GROUP\=NO
    export SHALLOW_BUNDLE\=NO
    export SHARED_DERIVED_FILE_DIR\=/Users/richard/code/BicTerm/.build-artifacts/DerivedData/g12-app/Build/Products/Debug-iphonesimulator/DerivedSources
    export SHARED_PRECOMPS_DIR\=/Users/richard/code/BicTerm/.build-artifacts/DerivedData/g12-app/Build/Intermediates.noindex/PrecompiledHeaders
    export SKIP_INSTALL\=YES
    export SKIP_MERGEABLE_LIBRARY_BUNDLE_HOOK\=NO
    export SOURCE_ROOT\=/Users/richard/code/BicTerm/Vendor/SwiftTerm
    export SRCROOT\=/Users/richard/code/BicTerm/Vendor/SwiftTerm
    export STRINGSDATA_DIR\=/Users/richard/code/BicTerm/.build-artifacts/DerivedData/g12-app/Build/Intermediates.noindex/SwiftTerm.build/Debug-iphonesimulator/SwiftTerm.build/Objects-normal/undefined_arch
    export STRINGSDATA_ROOT\=/Users/richard/code/BicTerm/.build-artifacts/DerivedData/g12-app/Build/Intermediates.noindex/SwiftTerm.build/Debug-iphonesimulator/SwiftTerm.build
    export STRINGS_FILE_INFOPLIST_RENAME\=YES
    export STRINGS_FILE_OUTPUT_ENCODING\=binary
    export STRING_CATALOG_GENERATE_SYMBOLS\=NO
    export STRIP_BITCODE_FROM_COPIED_FILES\=NO
    export STRIP_INSTALLED_PRODUCT\=NO
    export STRIP_STYLE\=debugging
    export STRIP_SWIFT_SYMBOLS\=YES
    export SUPPORTED_DEVICE_FAMILIES\=1,2
    export SUPPORTED_PLATFORMS\=android\ appletvos\ appletvsimulator\ driverkit\ freebsd\ iphoneos\ iphonesimulator\ linux\ macosx\ none\ openbsd\ qnx\ watchos\ watchsimulator\ webassembly\ xros\ xrsimulator
    export SUPPORTS_MACCATALYST\=NO
    export SUPPORTS_TEXT_BASED_API\=NO
    export SUPPRESS_WARNINGS\=NO
    export SWIFT_ACTIVE_COMPILATION_CONDITIONS\=\ SWIFT_PACKAGE\ DEBUG\ SWIFT_MODULE_RESOURCE_BUNDLE_AVAILABLE
    export SWIFT_EMIT_CONST_VALUE_PROTOCOLS\=AnyResolverProviding\ AppEntity\ AppEnum\ AppExtension\ AppIntent\ AppIntentsPackage\ AppShortcutProviding\ AppShortcutsProvider\ DynamicOptionsProvider\ EntityQuery\ ExtensionPointDefining\ IntentValueQuery\ Resolver\ TransientEntity\ _AssistantIntentsProvider\ _GenerativeFunctionExtractable\ _IntentValueRepresentable
    export SWIFT_EMIT_LOC_STRINGS\=NO
    export SWIFT_ENABLE_BARE_SLASH_REGEX\=NO
    export SWIFT_ENABLE_EXPLICIT_MODULES\=YES
    export SWIFT_INSTALL_OBJC_HEADER\=NO
    export SWIFT_OBJC_INTERFACE_HEADER_DIR\=/Users/richard/code/BicTerm/.build-artifacts/DerivedData/g12-app/Build/Intermediates.noindex/GeneratedModuleMaps-iphonesimulator
    export SWIFT_OBJC_INTERFACE_HEADER_NAME\=SwiftTerm-Swift.h
    export SWIFT_OPTIMIZATION_LEVEL\=-Onone
    export SWIFT_PACKAGE_NAME\=swiftterm
    export SWIFT_PLATFORM_TARGET_PREFIX\=ios
    export SWIFT_RESPONSE_FILE_PATH_normal_arm64\=/Users/richard/code/BicTerm/.build-artifacts/DerivedData/g12-app/Build/Intermediates.noindex/SwiftTerm.build/Debug-iphonesimulator/SwiftTerm.build/Objects-normal/arm64/SwiftTerm.SwiftFileList
    export SWIFT_VERSION\=5
    export SYMROOT\=/Users/richard/code/BicTerm/.build-artifacts/DerivedData/g12-app/Build/Products
    export SYSTEM_ADMIN_APPS_DIR\=/Applications/Utilities
    export SYSTEM_APPS_DIR\=/Applications
    export SYSTEM_CORE_SERVICES_DIR\=/System/Library/CoreServices
    export SYSTEM_DEMOS_DIR\=/Applications/Extras
    export SYSTEM_DEVELOPER_APPS_DIR\=/Applications/Xcode.app/Contents/Developer/Applications
    export SYSTEM_DEVELOPER_BIN_DIR\=/Applications/Xcode.app/Contents/Developer/usr/bin
    export SYSTEM_DEVELOPER_DEMOS_DIR\=/Applications/Xcode.app/Contents/Developer/Applications/Utilities/Built\ Examples
    export SYSTEM_DEVELOPER_DIR\=/Applications/Xcode.app/Contents/Developer
    export SYSTEM_DEVELOPER_DOC_DIR\=/Applications/Xcode.app/Contents/Developer/ADC\ Reference\ Library
    export SYSTEM_DEVELOPER_GRAPHICS_TOOLS_DIR\=/Applications/Xcode.app/Contents/Developer/Applications/Graphics\ Tools
    export SYSTEM_DEVELOPER_JAVA_TOOLS_DIR\=/Applications/Xcode.app/Contents/Developer/Applications/Java\ Tools
    export SYSTEM_DEVELOPER_PERFORMANCE_TOOLS_DIR\=/Applications/Xcode.app/Contents/Developer/Applications/Performance\ Tools
    export SYSTEM_DEVELOPER_RELEASENOTES_DIR\=/Applications/Xcode.app/Contents/Developer/ADC\ Reference\ Library/releasenotes
    export SYSTEM_DEVELOPER_TOOLS\=/Applications/Xcode.app/Contents/Developer/Tools
    export SYSTEM_DEVELOPER_TOOLS_DOC_DIR\=/Applications/Xcode.app/Contents/Developer/ADC\ Reference\ Library/documentation/DeveloperTools
    export SYSTEM_DEVELOPER_TOOLS_RELEASENOTES_DIR\=/Applications/Xcode.app/Contents/Developer/ADC\ Reference\ Library/releasenotes/DeveloperTools
    export SYSTEM_DEVELOPER_USR_DIR\=/Applications/Xcode.app/Contents/Developer/usr
    export SYSTEM_DEVELOPER_UTILITIES_DIR\=/Applications/Xcode.app/Contents/Developer/Applications/Utilities
    export SYSTEM_DEXT_INSTALL_PATH\=/System/Library/DriverExtensions
    export SYSTEM_DOCUMENTATION_DIR\=/Library/Documentation
    export SYSTEM_FRAMEWORK_SEARCH_PATHS\=\ \ /Applications/Xcode.app/Contents/Developer/Platforms/iPhoneSimulator.platform/Developer/Library/Frameworks\ /Applications/Xcode.app/Contents/Developer/Platforms/iPhoneSimulator.platform/Developer/SDKs/iPhoneSimulator26.5.sdk/Developer/Library/Frameworks
    export SYSTEM_KEXT_INSTALL_PATH\=/System/Library/Extensions
    export SYSTEM_LIBRARY_DIR\=/System/Library
    export TAPI_DEMANGLE\=YES
    export TAPI_DYLIB_INSTALL_NAME\=SwiftTerm
    export TAPI_ENABLE_PROJECT_HEADERS\=NO
    export TAPI_LANGUAGE\=objective-c
    export TAPI_LANGUAGE_STANDARD\=compiler-default
    export TAPI_USE_SRCROOT\=YES
    export TAPI_VERIFY_MODE\=Pedantic
    export TARGETED_DEVICE_FAMILY\=1,2,3,4,6,7
    export TARGETNAME\=SwiftTerm
    export TARGET_BUILD_DIR\=/Users/richard/code/BicTerm/.build-artifacts/DerivedData/g12-app/Build/Products/Debug-iphonesimulator
    export TARGET_DEVICE_IDENTIFIER\=3686DD9C-ACA2-4A79-8968-A9C3572C8276
    export TARGET_DEVICE_MODEL\=iPad17,4
    export TARGET_DEVICE_OS_VERSION\=26.3.1
    export TARGET_DEVICE_PLATFORM_NAME\=iphonesimulator
    export TARGET_NAME\=SwiftTerm
    export TARGET_TEMP_DIR\=/Users/richard/code/BicTerm/.build-artifacts/DerivedData/g12-app/Build/Intermediates.noindex/SwiftTerm.build/Debug-iphonesimulator/SwiftTerm.build
    export TEMP_DIR\=/Users/richard/code/BicTerm/.build-artifacts/DerivedData/g12-app/Build/Intermediates.noindex/SwiftTerm.build/Debug-iphonesimulator/SwiftTerm.build
    export TEMP_FILES_DIR\=/Users/richard/code/BicTerm/.build-artifacts/DerivedData/g12-app/Build/Intermediates.noindex/SwiftTerm.build/Debug-iphonesimulator/SwiftTerm.build
    export TEMP_FILE_DIR\=/Users/richard/code/BicTerm/.build-artifacts/DerivedData/g12-app/Build/Intermediates.noindex/SwiftTerm.build/Debug-iphonesimulator/SwiftTerm.build
    export TEMP_ROOT\=/Users/richard/code/BicTerm/.build-artifacts/DerivedData/g12-app/Build/Intermediates.noindex
    export TEMP_SANDBOX_DIR\=/Users/richard/code/BicTerm/.build-artifacts/DerivedData/g12-app/Build/Intermediates.noindex/TemporaryTaskSandboxes
    export TEST_FRAMEWORK_SEARCH_PATHS\=\ /Applications/Xcode.app/Contents/Developer/Platforms/iPhoneSimulator.platform/Developer/Library/Frameworks\ /Applications/Xcode.app/Contents/Developer/Platforms/iPhoneSimulator.platform/Developer/SDKs/iPhoneSimulator26.5.sdk/Developer/Library/Frameworks
    export TEST_LIBRARY_SEARCH_PATHS\=\ /Applications/Xcode.app/Contents/Developer/Platforms/iPhoneSimulator.platform/Developer/usr/lib
    export TOOLCHAINS\=com.apple.dt.toolchain.Metal.32023.883\ com.apple.dt.toolchain.XcodeDefault
    export TOOLCHAIN_DIR\=/var/run/com.apple.security.cryptexd/mnt/com.apple.MobileAsset.MetalToolchain-v17.6.109.0.ozHyXD/Metal.xctoolchain
    export TOOLCHAIN_VERSION\=32023.883
    export TREAT_MISSING_BASELINES_AS_TEST_FAILURES\=NO
    export TREAT_MISSING_SCRIPT_PHASE_OUTPUTS_AS_ERRORS\=NO
    export UID\=501
    export UNINSTALLED_PRODUCTS_DIR\=/Users/richard/code/BicTerm/.build-artifacts/DerivedData/g12-app/Build/Intermediates.noindex/UninstalledProducts
    export UNSTRIPPED_PRODUCT\=NO
    export USER\=richard
    export USER_APPS_DIR\=/Users/richard/Applications
    export USER_LIBRARY_DIR\=/Users/richard/Library
    export USE_DYNAMIC_NO_PIC\=YES
    export USE_HEADERMAP\=NO
    export USE_HEADER_SYMLINKS\=NO
    export VALIDATE_DEVELOPMENT_ASSET_PATHS\=YES_ERROR
    export VALIDATE_PRODUCT\=NO
    export VALID_ARCHS\=arm64\ x86_64
    export VERBOSE_PBXCP\=NO
    export VERSION_INFO_BUILDER\=richard
    export VERSION_INFO_FILE\=SwiftTerm_vers.c
    export VERSION_INFO_STRING\=\"@\(\#\)PROGRAM:SwiftTerm\ \ PROJECT:SwiftTerm-\"
    export WORKSPACE_DIR\=/Users/richard/code/BicTerm/BicTerm.xcodeproj
    export WRAP_ASSET_PACKS_IN_SEPARATE_DIRECTORIES\=NO
    export XCODE_APP_SUPPORT_DIR\=/Applications/Xcode.app/Contents/Developer/Library/Xcode
    export XCODE_PRODUCT_BUILD_VERSION\=17F113
    export XCODE_VERSION_ACTUAL\=2660
    export XCODE_VERSION_MAJOR\=2600
    export XCODE_VERSION_MINOR\=2660
    export XPCSERVICES_FOLDER_PATH\=/XPCServices
    export YACC\=yacc
    export _DISCOVER_COMMAND_LINE_LINKER_INPUTS\=YES
    export _DISCOVER_COMMAND_LINE_LINKER_INPUTS_INCLUDE_WL\=YES
    export _LD_MULTIARCH\=YES
    export __DIAGNOSE_DEPRECATED_ARCHS\=YES
    export __ORIGINAL_SDK_DEFINED_LLVM_TARGET_TRIPLE_SYS\=ios
    export arch\=undefined_arch
    export variant\=normal
    /usr/bin/sandbox-exec -p \(version\ 1\)'
'\(deny\ default\)'
'\(import\ \"system.sb\"\)'
'\(allow\ file-read\*\)'
'\(allow\ process\*\)'
'\(allow\ mach-lookup\ \(global-name\ \"com.apple.lsd.mapdb\"\)\)'
'\(allow\ mach-lookup\ \(global-name\ \"com.apple.mobileassetd.v2\"\)\)'
'\(allow\ file-write\*'
'\ \ \ \ \(subpath\ \"/private/tmp\"\)'
'\ \ \ \ \(subpath\ \"/private/var/tmp\"\)'
'\ \ \ \ \(subpath\ \"/Users/richard/code/BicTerm/.scratch/tmp\"\)'
'\ \ \ \ \(subpath\ \"/private/var/folders/hy/m79bdqfj21g6ndt8hbtf0c6w0000gn/T\"\)'
'\ \ \ \ \(subpath\ \"/private/var/folders/hy/m79bdqfj21g6ndt8hbtf0c6w0000gn/C\"\)'
'\)'
'\(deny\ file-write\*'
'\ \ \ \ \(subpath\ \"/Users/richard/code/BicTerm/Vendor/SwiftTerm\"\)'
'\)'
'\(allow\ file-write\*'
'\ \ \ \ \(subpath\ \"/Users/richard/code/BicTerm/.build-artifacts/DerivedData/g12-app/Build/Intermediates.noindex/BuildToolPluginIntermediates/swiftterm.output/SwiftTerm/SwiftTermBuildInfoPlugin\"\)'
'\ \ \ \ \(subpath\ \"/Users/richard/code/.TemporaryItems/folders.501/TemporaryItems\"\)'
'\)'
' //Users/richard/code/BicTerm/.build-artifacts/DerivedData/g12-app/Build/Products/Debug/SwiftTermBuildInfoGenerator /Users/richard/code/BicTerm/Vendor/SwiftTerm /Users/richard/code/BicTerm/.build-artifacts/DerivedData/g12-app/Build/Intermediates.noindex/BuildToolPluginIntermediates/swiftterm.output/SwiftTerm/SwiftTermBuildInfoPlugin/Generated/SwiftTermBuildInfo.swift

ProcessInfoPlistFile /Users/richard/code/BicTerm/.build-artifacts/DerivedData/g12-app/Build/Products/Debug-iphonesimulator/swift-nio_NIOPosix.bundle/Info.plist /Users/richard/code/BicTerm/.build-artifacts/DerivedData/g12-app/Build/Intermediates.noindex/swift-nio.build/Debug-iphonesimulator/swift-nio_NIOPosix.build/empty-swift-nio_NIOPosix.plist (in target 'swift-nio_NIOPosix' from project 'swift-nio')
    cd /Users/richard/code/BicTerm/.build-artifacts/DerivedData/g12-app/SourcePackages/checkouts/swift-nio
    builtin-infoPlistUtility /Users/richard/code/BicTerm/.build-artifacts/DerivedData/g12-app/Build/Intermediates.noindex/swift-nio.build/Debug-iphonesimulator/swift-nio_NIOPosix.build/empty-swift-nio_NIOPosix.plist -producttype com.apple.product-type.bundle -expandbuildsettings -format binary -platform iphonesimulator -o /Users/richard/code/BicTerm/.build-artifacts/DerivedData/g12-app/Build/Products/Debug-iphonesimulator/swift-nio_NIOPosix.bundle/Info.plist

ProcessInfoPlistFile /Users/richard/code/BicTerm/.build-artifacts/DerivedData/g12-app/Build/Products/Debug-iphonesimulator/swift-crypto_Crypto.bundle/Info.plist /Users/richard/code/BicTerm/.build-artifacts/DerivedData/g12-app/Build/Intermediates.noindex/swift-crypto.build/Debug-iphonesimulator/swift-crypto_Crypto.build/empty-swift-crypto_Crypto.plist (in target 'swift-crypto_Crypto' from project 'swift-crypto')
    cd /Users/richard/code/BicTerm/.build-artifacts/DerivedData/g12-app/SourcePackages/checkouts/swift-crypto
    builtin-infoPlistUtility /Users/richard/code/BicTerm/.build-artifacts/DerivedData/g12-app/Build/Intermediates.noindex/swift-crypto.build/Debug-iphonesimulator/swift-crypto_Crypto.build/empty-swift-crypto_Crypto.plist -producttype com.apple.product-type.bundle -expandbuildsettings -format binary -platform iphonesimulator -o /Users/richard/code/BicTerm/.build-artifacts/DerivedData/g12-app/Build/Products/Debug-iphonesimulator/swift-crypto_Crypto.bundle/Info.plist

ProcessInfoPlistFile /Users/richard/code/BicTerm/.build-artifacts/DerivedData/g12-app/Build/Products/Debug-iphonesimulator/CoderTunnel.framework/Info.plist /Users/richard/code/BicTerm/.build-artifacts/DerivedData/g12-app/Build/Intermediates.noindex/BicTerm.build/Debug-iphonesimulator/CoderTunnel.build/empty-CoderTunnel.plist (in target 'CoderTunnel' from project 'BicTerm')
    cd /Users/richard/code/BicTerm
    builtin-infoPlistUtility /Users/richard/code/BicTerm/.build-artifacts/DerivedData/g12-app/Build/Intermediates.noindex/BicTerm.build/Debug-iphonesimulator/CoderTunnel.build/empty-CoderTunnel.plist -producttype com.apple.product-type.framework -expandbuildsettings -format binary -platform iphonesimulator -o /Users/richard/code/BicTerm/.build-artifacts/DerivedData/g12-app/Build/Products/Debug-iphonesimulator/CoderTunnel.framework/Info.plist

CompileAssetCatalogVariant thinned /Users/richard/code/BicTerm/.build-artifacts/DerivedData/g12-app/Build/Products/Debug-iphonesimulator/BicTerm.app /Users/richard/code/BicTerm/BicTerm/Resources/Assets.xcassets (in target 'BicTerm' from project 'BicTerm')
    cd /Users/richard/code/BicTerm
    /Applications/Xcode.app/Contents/Developer/usr/bin/actool /Users/richard/code/BicTerm/BicTerm/Resources/Assets.xcassets --compile /Users/richard/code/BicTerm/.build-artifacts/DerivedData/g12-app/Build/Intermediates.noindex/BicTerm.build/Debug-iphonesimulator/BicTerm.build/assetcatalog_output/thinned --output-format human-readable-text --notices --warnings --export-dependency-info /Users/richard/code/BicTerm/.build-artifacts/DerivedData/g12-app/Build/Intermediates.noindex/BicTerm.build/Debug-iphonesimulator/BicTerm.build/assetcatalog_dependencies_thinned --output-partial-info-plist /Users/richard/code/BicTerm/.build-artifacts/DerivedData/g12-app/Build/Intermediates.noindex/BicTerm.build/Debug-iphonesimulator/BicTerm.build/assetcatalog_generated_info.plist_thinned --app-icon AppIcon --compress-pngs --enable-on-demand-resources YES --filter-for-thinning-device-configuration iPad17,4-A --filter-for-device-os-version 26.3.1 --development-region en --target-device iphone --target-device ipad --minimum-deployment-target 18.0 --platform iphonesimulator
/* com.apple.actool.compilation-results */
/Users/richard/code/BicTerm/.build-artifacts/DerivedData/g12-app/Build/Intermediates.noindex/BicTerm.build/Debug-iphonesimulator/BicTerm.build/assetcatalog_generated_info.plist_thinned


ProcessInfoPlistFile /Users/richard/code/BicTerm/.build-artifacts/DerivedData/g12-app/Build/Products/Debug-iphonesimulator/BicTerm.app/Info.plist /Users/richard/code/BicTerm/.build-artifacts/DerivedData/g12-app/Build/Intermediates.noindex/BicTerm.build/Debug-iphonesimulator/BicTerm.build/empty-BicTerm.plist (in target 'BicTerm' from project 'BicTerm')
    cd /Users/richard/code/BicTerm
    builtin-infoPlistUtility /Users/richard/code/BicTerm/.build-artifacts/DerivedData/g12-app/Build/Intermediates.noindex/BicTerm.build/Debug-iphonesimulator/BicTerm.build/empty-BicTerm.plist -producttype com.apple.product-type.application -genpkginfo /Users/richard/code/BicTerm/.build-artifacts/DerivedData/g12-app/Build/Products/Debug-iphonesimulator/BicTerm.app/PkgInfo -expandbuildsettings -format binary -platform iphonesimulator -additionalcontentfile /Users/richard/code/BicTerm/.build-artifacts/DerivedData/g12-app/Build/Intermediates.noindex/BicTerm.build/Debug-iphonesimulator/BicTerm.build/assetcatalog_generated_info.plist -scanforprivacyfile /Users/richard/code/BicTerm/.build-artifacts/DerivedData/g12-app/Build/Products/Debug-iphonesimulator/BicTerm.app/SwiftTerm_SwiftTerm.bundle -scanforprivacyfile /Users/richard/code/BicTerm/.build-artifacts/DerivedData/g12-app/Build/Products/Debug-iphonesimulator/BicTerm.app/swift-crypto_Crypto.bundle -scanforprivacyfile /Users/richard/code/BicTerm/.build-artifacts/DerivedData/g12-app/Build/Products/Debug-iphonesimulator/BicTerm.app/swift-nio_NIOPosix.bundle -o /Users/richard/code/BicTerm/.build-artifacts/DerivedData/g12-app/Build/Products/Debug-iphonesimulator/BicTerm.app/Info.plist

CopySwiftLibs /Users/richard/code/BicTerm/.build-artifacts/DerivedData/g12-app/Build/Products/Debug-iphonesimulator/BicTerm.app (in target 'BicTerm' from project 'BicTerm')
    cd /Users/richard/code/BicTerm
    builtin-swiftStdLibTool --copy --verbose --sign - --scan-executable /Users/richard/code/BicTerm/.build-artifacts/DerivedData/g12-app/Build/Products/Debug-iphonesimulator/BicTerm.app/BicTerm.debug.dylib --scan-folder /Users/richard/code/BicTerm/.build-artifacts/DerivedData/g12-app/Build/Products/Debug-iphonesimulator/BicTerm.app/Frameworks --scan-folder /Users/richard/code/BicTerm/.build-artifacts/DerivedData/g12-app/Build/Products/Debug-iphonesimulator/BicTerm.app/PlugIns --scan-folder /Users/richard/code/BicTerm/.build-artifacts/DerivedData/g12-app/Build/Products/Debug-iphonesimulator/BicTerm.app/SystemExtensions --scan-folder /Users/richard/code/BicTerm/.build-artifacts/DerivedData/g12-app/Build/Products/Debug-iphonesimulator/BicTerm.app/Extensions --platform iphonesimulator --toolchain /var/run/com.apple.security.cryptexd/mnt/com.apple.MobileAsset.MetalToolchain-v17.6.109.0.ozHyXD/Metal.xctoolchain --toolchain /Applications/Xcode.app/Contents/Developer/Toolchains/XcodeDefault.xctoolchain --destination /Users/richard/code/BicTerm/.build-artifacts/DerivedData/g12-app/Build/Products/Debug-iphonesimulator/BicTerm.app/Frameworks --strip-bitcode --strip-bitcode-tool /Applications/Xcode.app/Contents/Developer/Toolchains/XcodeDefault.xctoolchain/usr/bin/bitcode_strip --emit-dependency-info /Users/richard/code/BicTerm/.build-artifacts/DerivedData/g12-app/Build/Intermediates.noindex/BicTerm.build/Debug-iphonesimulator/BicTerm.build/SwiftStdLibToolInputDependencies.dep --filter-for-swift-os

ProcessInfoPlistFile /Users/richard/code/BicTerm/.build-artifacts/DerivedData/g12-app/Build/Products/Debug-iphonesimulator/BicTerm.app/PlugIns/BicTermTests.xctest/Info.plist /Users/richard/code/BicTerm/.build-artifacts/DerivedData/g12-app/Build/Intermediates.noindex/BicTerm.build/Debug-iphonesimulator/BicTermTests.build/empty-BicTermTests.plist (in target 'BicTermTests' from project 'BicTerm')
    cd /Users/richard/code/BicTerm
    builtin-infoPlistUtility /Users/richard/code/BicTerm/.build-artifacts/DerivedData/g12-app/Build/Intermediates.noindex/BicTerm.build/Debug-iphonesimulator/BicTermTests.build/empty-BicTermTests.plist -producttype com.apple.product-type.bundle.unit-test -expandbuildsettings -format binary -platform iphonesimulator -scanforprivacyfile /Users/richard/code/BicTerm/.build-artifacts/DerivedData/g12-app/Build/Products/Debug-iphonesimulator/BicTerm.app/PlugIns/BicTermTests.xctest/SwiftTerm_SwiftTerm.bundle -scanforprivacyfile /Users/richard/code/BicTerm/.build-artifacts/DerivedData/g12-app/Build/Products/Debug-iphonesimulator/BicTerm.app/PlugIns/BicTermTests.xctest/swift-crypto_Crypto.bundle -scanforprivacyfile /Users/richard/code/BicTerm/.build-artifacts/DerivedData/g12-app/Build/Products/Debug-iphonesimulator/BicTerm.app/PlugIns/BicTermTests.xctest/swift-nio_NIOPosix.bundle -o /Users/richard/code/BicTerm/.build-artifacts/DerivedData/g12-app/Build/Products/Debug-iphonesimulator/BicTerm.app/PlugIns/BicTermTests.xctest/Info.plist

CopySwiftLibs /Users/richard/code/BicTerm/.build-artifacts/DerivedData/g12-app/Build/Products/Debug-iphonesimulator/BicTerm.app/PlugIns/BicTermTests.xctest (in target 'BicTermTests' from project 'BicTerm')
    cd /Users/richard/code/BicTerm
    builtin-swiftStdLibTool --copy --verbose --sign - --scan-executable /Users/richard/code/BicTerm/.build-artifacts/DerivedData/g12-app/Build/Products/Debug-iphonesimulator/BicTerm.app/PlugIns/BicTermTests.xctest/BicTermTests --scan-folder /Users/richard/code/BicTerm/.build-artifacts/DerivedData/g12-app/Build/Products/Debug-iphonesimulator/BicTerm.app/PlugIns/BicTermTests.xctest/Frameworks --scan-folder /Users/richard/code/BicTerm/.build-artifacts/DerivedData/g12-app/Build/Products/Debug-iphonesimulator/BicTerm.app/PlugIns/BicTermTests.xctest/PlugIns --scan-folder /Users/richard/code/BicTerm/.build-artifacts/DerivedData/g12-app/Build/Products/Debug-iphonesimulator/BicTerm.app/PlugIns/BicTermTests.xctest/SystemExtensions --scan-folder /Users/richard/code/BicTerm/.build-artifacts/DerivedData/g12-app/Build/Products/Debug-iphonesimulator/BicTerm.app/PlugIns/BicTermTests.xctest/Extensions --platform iphonesimulator --toolchain /var/run/com.apple.security.cryptexd/mnt/com.apple.MobileAsset.MetalToolchain-v17.6.109.0.ozHyXD/Metal.xctoolchain --toolchain /Applications/Xcode.app/Contents/Developer/Toolchains/XcodeDefault.xctoolchain --destination /Users/richard/code/BicTerm/.build-artifacts/DerivedData/g12-app/Build/Products/Debug-iphonesimulator/BicTerm.app/PlugIns/BicTermTests.xctest/Frameworks --strip-bitcode --scan-executable /Applications/Xcode.app/Contents/Developer/Platforms/iPhoneSimulator.platform/Developer/usr/lib/libXCTestSwiftSupport.dylib --strip-bitcode-tool /Applications/Xcode.app/Contents/Developer/Toolchains/XcodeDefault.xctoolchain/usr/bin/bitcode_strip --emit-dependency-info /Users/richard/code/BicTerm/.build-artifacts/DerivedData/g12-app/Build/Intermediates.noindex/BicTerm.build/Debug-iphonesimulator/BicTermTests.build/SwiftStdLibToolInputDependencies.dep --filter-for-swift-os

ProcessInfoPlistFile /Users/richard/code/BicTerm/.build-artifacts/DerivedData/g12-app/Build/Products/Debug-iphonesimulator/BicTermUITests-Runner.app/PlugIns/BicTermUITests.xctest/Info.plist /Users/richard/code/BicTerm/.build-artifacts/DerivedData/g12-app/Build/Intermediates.noindex/BicTerm.build/Debug-iphonesimulator/BicTermUITests.build/empty-BicTermUITests.plist (in target 'BicTermUITests' from project 'BicTerm')
    cd /Users/richard/code/BicTerm
    builtin-infoPlistUtility /Users/richard/code/BicTerm/.build-artifacts/DerivedData/g12-app/Build/Intermediates.noindex/BicTerm.build/Debug-iphonesimulator/BicTermUITests.build/empty-BicTermUITests.plist -producttype com.apple.product-type.bundle.ui-testing -expandbuildsettings -format binary -platform iphonesimulator -additionalcontentfile /Users/richard/code/BicTerm/.build-artifacts/DerivedData/g12-app/Build/Intermediates.noindex/BicTerm.build/Debug-iphonesimulator/BicTermUITests.build/ProductTypeInfoPlistAdditions.plist -o /Users/richard/code/BicTerm/.build-artifacts/DerivedData/g12-app/Build/Products/Debug-iphonesimulator/BicTermUITests-Runner.app/PlugIns/BicTermUITests.xctest/Info.plist

CopySwiftLibs /Users/richard/code/BicTerm/.build-artifacts/DerivedData/g12-app/Build/Products/Debug-iphonesimulator/BicTermUITests-Runner.app/PlugIns/BicTermUITests.xctest (in target 'BicTermUITests' from project 'BicTerm')
    cd /Users/richard/code/BicTerm
    builtin-swiftStdLibTool --copy --verbose --sign - --scan-executable /Users/richard/code/BicTerm/.build-artifacts/DerivedData/g12-app/Build/Products/Debug-iphonesimulator/BicTermUITests-Runner.app/PlugIns/BicTermUITests.xctest/BicTermUITests --scan-folder /Users/richard/code/BicTerm/.build-artifacts/DerivedData/g12-app/Build/Products/Debug-iphonesimulator/BicTermUITests-Runner.app/PlugIns/BicTermUITests.xctest/Frameworks --scan-folder /Users/richard/code/BicTerm/.build-artifacts/DerivedData/g12-app/Build/Products/Debug-iphonesimulator/BicTermUITests-Runner.app/PlugIns/BicTermUITests.xctest/PlugIns --scan-folder /Users/richard/code/BicTerm/.build-artifacts/DerivedData/g12-app/Build/Products/Debug-iphonesimulator/BicTermUITests-Runner.app/PlugIns/BicTermUITests.xctest/SystemExtensions --scan-folder /Users/richard/code/BicTerm/.build-artifacts/DerivedData/g12-app/Build/Products/Debug-iphonesimulator/BicTermUITests-Runner.app/PlugIns/BicTermUITests.xctest/Extensions --platform iphonesimulator --toolchain /var/run/com.apple.security.cryptexd/mnt/com.apple.MobileAsset.MetalToolchain-v17.6.109.0.ozHyXD/Metal.xctoolchain --toolchain /Applications/Xcode.app/Contents/Developer/Toolchains/XcodeDefault.xctoolchain --destination /Users/richard/code/BicTerm/.build-artifacts/DerivedData/g12-app/Build/Products/Debug-iphonesimulator/BicTermUITests-Runner.app/PlugIns/BicTermUITests.xctest/Frameworks --strip-bitcode --scan-executable /Applications/Xcode.app/Contents/Developer/Platforms/iPhoneSimulator.platform/Developer/usr/lib/libXCTestSwiftSupport.dylib --strip-bitcode-tool /Applications/Xcode.app/Contents/Developer/Toolchains/XcodeDefault.xctoolchain/usr/bin/bitcode_strip --emit-dependency-info /Users/richard/code/BicTerm/.build-artifacts/DerivedData/g12-app/Build/Intermediates.noindex/BicTerm.build/Debug-iphonesimulator/BicTermUITests.build/SwiftStdLibToolInputDependencies.dep --filter-for-swift-os

2026-09-08 22:41:08.942032-0600 BicTermUITests-Runner[31770:29944976] [Default] Running tests...
2026-09-08 22:41:08.959831-0600 BicTermUITests-Runner[31770:29944976] [UIKit App Config] Update the Info.plist: Launch screens will soon be required.
    t =      nans Interface orientation changed to Portrait
Test Suite 'All tests' started at 2026-09-08 22:41:09.664.
Test Suite 'BicTermUITests.xctest' started at 2026-09-08 22:41:09.664.
Test Suite 'AppShellUITests' started at 2026-09-08 22:41:09.664.
Test Case '-[BicTermUITests.AppShellUITests testAppLaunchesAndHasWindows]' started.
    t =     0.00s Start Test at 2026-09-08 22:41:09.665
    t =     0.02s Set Up
    t =     0.02s Open com.bicterm.app
    t =     0.02s     Launch com.bicterm.app
2026-09-08 22:41:09.727 xcodebuild[31656:29943544] [MT] IDELaunchParametersSnapshot: The operation couldn’t be completed. (DebuggerLLDB.DebuggerVersionStore.StoreError error 0.)
2026-09-08 22:41:09.727 xcodebuild[31656:29943544] [MT] IDELaunchParametersSnapshot: no debugger version
    t =     0.67s         Setting up automation session
    t =     1.56s         Wait for com.bicterm.app to idle
    t =     3.06s Get number of matches for: Descendants matching type Window
    t =     3.11s Tear Down
Test Case '-[BicTermUITests.AppShellUITests testAppLaunchesAndHasWindows]' passed (3.331 seconds).
Test Suite 'AppShellUITests' passed at 2026-09-08 22:41:12.997.
	 Executed 1 test, with 0 failures (0 unexpected) in 3.331 (3.332) seconds
Test Suite 'CoderAgentPickerUITests' started at 2026-09-08 22:41:12.998.
Test Case '-[BicTermUITests.CoderAgentPickerUITests testDormantWorkspaceShowsActionRequiredWithoutMutation]' started.
    t =     0.00s Start Test at 2026-09-08 22:41:12.998
    t =     0.02s Set Up
    t =     0.02s Open com.bicterm.app
    t =     0.02s     Launch com.bicterm.app
    t =     0.02s         Terminate com.bicterm.app:31779
2026-09-08 22:41:14.103 xcodebuild[31656:29943544] [MT] IDELaunchParametersSnapshot: The operation couldn’t be completed. (DebuggerLLDB.DebuggerVersionStore.StoreError error 0.)
2026-09-08 22:41:14.103 xcodebuild[31656:29943544] [MT] IDELaunchParametersSnapshot: no debugger version
    t =     1.53s         Setting up automation session
    t =     2.28s         Wait for com.bicterm.app to idle
    t =     3.76s Tap "open-settings" Button
    t =     3.76s     Wait for com.bicterm.app to idle
    t =     3.76s     Find the "open-settings" Button
    t =     3.82s     Check for interrupting elements affecting "open-settings" Button
    t =     3.85s         Wait for com.apple.springboard to idle
    t =     3.87s Ignoring failure to get hierarchy for remote element in process 1995 (Error getting main window kAXErrorServerNotFound)
    t =     3.87s Ignoring failure to get hierarchy for remote element in process 1995 (Error getting main window kAXErrorServerNotFound)
    t =     3.88s     Synthesize event
    t =     4.17s     Wait for com.bicterm.app to idle
    t =     4.97s Waiting 5.0s for "settings-coder-servers" Button to exist
    t =     6.03s     Checking `Expect predicate `existsNoRetry == 1` for object "settings-coder-servers" Button`
    t =     6.03s         Checking existence of `"settings-coder-servers" Button`
    t =     6.07s Tap "settings-coder-servers" Button
    t =     6.07s     Wait for com.bicterm.app to idle
    t =     6.07s     Find the "settings-coder-servers" Button
    t =     6.10s     Check for interrupting elements affecting "settings-coder-servers" Button
    t =     6.13s         Wait for com.apple.springboard to idle
    t =     6.15s Ignoring failure to get hierarchy for remote element in process 1995 (Error getting main window kAXErrorServerNotFound)
    t =     6.15s Ignoring failure to get hierarchy for remote element in process 1995 (Error getting main window kAXErrorServerNotFound)
    t =     6.16s     Synthesize event
    t =     6.44s     Wait for com.bicterm.app to idle
    t =     7.23s Waiting 5.0s for "Coder Servers" NavigationBar to exist
    t =     8.29s     Checking `Expect predicate `existsNoRetry == 1` for object "Coder Servers" NavigationBar`
    t =     8.29s         Checking existence of `"Coder Servers" NavigationBar`
    t =     8.32s Tap "add-coder-server" Button
    t =     8.32s     Wait for com.bicterm.app to idle
    t =     8.32s     Find the "add-coder-server" Button
    t =     8.34s     Check for interrupting elements affecting "add-coder-server" Button
    t =     8.37s         Wait for com.apple.springboard to idle
    t =     8.39s Ignoring failure to get hierarchy for remote element in process 1995 (Error getting main window kAXErrorServerNotFound)
    t =     8.39s Ignoring failure to get hierarchy for remote element in process 1995 (Error getting main window kAXErrorServerNotFound)
    t =     8.39s     Synthesize event
    t =     8.70s     Wait for com.bicterm.app to idle
    t =     9.47s Waiting 5.0s for "Add Coder Server" NavigationBar to exist
    t =    10.53s     Checking `Expect predicate `existsNoRetry == 1` for object "Add Coder Server" NavigationBar`
    t =    10.53s         Checking existence of `"Add Coder Server" NavigationBar`
    t =    10.58s Find the "coder-server-name" TextField
    t =    10.62s Tap "coder-server-name" TextField
    t =    10.62s     Wait for com.bicterm.app to idle
    t =    10.63s     Find the "coder-server-name" TextField
    t =    10.65s     Check for interrupting elements affecting "coder-server-name" TextField
    t =    10.69s         Wait for com.apple.springboard to idle
    t =    10.71s Ignoring failure to get hierarchy for remote element in process 1995 (Error getting main window kAXErrorServerNotFound)
    t =    10.71s Ignoring failure to get hierarchy for remote element in process 1995 (Error getting main window kAXErrorServerNotFound)
    t =    10.71s     Synthesize event
    t =    11.01s     Wait for com.bicterm.app to idle
    t =    11.17s Find the "coder-server-name" TextField
    t =    11.26s Type 'Fixture Server' into "coder-server-name" TextField
    t =    11.26s     Wait for com.bicterm.app to idle
    t =    11.56s     Find the "coder-server-name" TextField
    t =    11.62s     Check for interrupting elements affecting "coder-server-name" TextField
    t =    11.67s         Wait for com.apple.springboard to idle
    t =    11.69s Ignoring failure to get hierarchy for remote element in process 1995 (Error getting main window kAXErrorServerNotFound)
    t =    11.70s Ignoring failure to get hierarchy for remote element in process 1995 (Error getting main window kAXErrorServerNotFound)
    t =    11.70s     Synthesize event
    t =    12.13s     Wait for com.bicterm.app to idle
    t =    12.13s Find the "coder-server-url" TextField
    t =    12.19s Tap "coder-server-url" TextField
    t =    12.19s     Wait for com.bicterm.app to idle
    t =    12.20s     Find the "coder-server-url" TextField
    t =    12.24s     Check for interrupting elements affecting "coder-server-url" TextField
    t =    12.29s         Wait for com.apple.springboard to idle
    t =    12.31s Ignoring failure to get hierarchy for remote element in process 1995 (Error getting main window kAXErrorServerNotFound)
    t =    12.31s Ignoring failure to get hierarchy for remote element in process 1995 (Error getting main window kAXErrorServerNotFound)
    t =    12.32s     Synthesize event
    t =    12.61s     Wait for com.bicterm.app to idle
    t =    12.62s Find the "coder-server-url" TextField
    t =    12.67s Type 'https://coder.exam...' into "coder-server-url" TextField
    t =    12.67s     Wait for com.bicterm.app to idle
    t =    12.67s     Find the "coder-server-url" TextField
    t =    12.72s     Check for interrupting elements affecting "coder-server-url" TextField
    t =    12.76s         Wait for com.apple.springboard to idle
    t =    12.79s Ignoring failure to get hierarchy for remote element in process 1995 (Error getting main window kAXErrorServerNotFound)
    t =    12.79s Ignoring failure to get hierarchy for remote element in process 1995 (Error getting main window kAXErrorServerNotFound)
    t =    12.79s     Synthesize event
    t =    13.41s     Wait for com.bicterm.app to idle
    t =    13.41s Find the "coder-server-token" SecureTextField
    t =    13.47s Tap "coder-server-token" SecureTextField
    t =    13.47s     Wait for com.bicterm.app to idle
    t =    13.47s     Find the "coder-server-token" SecureTextField
    t =    13.52s     Check for interrupting elements affecting "coder-server-token" SecureTextField
    t =    13.57s         Wait for com.apple.springboard to idle
    t =    13.59s Ignoring failure to get hierarchy for remote element in process 1995 (Error getting main window kAXErrorServerNotFound)
    t =    13.60s Ignoring failure to get hierarchy for remote element in process 1995 (Error getting main window kAXErrorServerNotFound)
    t =    13.60s     Synthesize event
    t =    13.89s     Wait for com.bicterm.app to idle
    t =    13.90s Find the "coder-server-token" SecureTextField
    t =    13.95s Type '...' into "coder-server-token" SecureTextField
    t =    13.95s     Wait for com.bicterm.app to idle
    t =    13.95s     Find the "coder-server-token" SecureTextField
    t =    14.00s     Check for interrupting elements affecting "coder-server-token" SecureTextField
    t =    14.05s         Wait for com.apple.springboard to idle
    t =    14.07s Ignoring failure to get hierarchy for remote element in process 1995 (Error getting main window kAXErrorServerNotFound)
    t =    14.08s Ignoring failure to get hierarchy for remote element in process 1995 (Error getting main window kAXErrorServerNotFound)
    t =    14.08s     Synthesize event
    t =    14.93s     Wait for com.bicterm.app to idle
    t =    14.93s Type '<redacted>' into "coder-server-token" SecureTextField
    t =    14.93s     Wait for com.bicterm.app to idle
    t =    14.93s     Find the "coder-server-token" SecureTextField
    t =    14.98s     Check for interrupting elements affecting "coder-server-token" SecureTextField
    t =    15.03s         Wait for com.apple.springboard to idle
    t =    15.05s Ignoring failure to get hierarchy for remote element in process 1995 (Error getting main window kAXErrorServerNotFound)
    t =    15.05s Ignoring failure to get hierarchy for remote element in process 1995 (Error getting main window kAXErrorServerNotFound)
    t =    15.06s     Synthesize event
    t =    15.41s     Wait for com.bicterm.app to idle
    t =    15.41s Tap "coder-server-validate-save" Button
    t =    15.41s     Wait for com.bicterm.app to idle
    t =    15.41s     Find the "coder-server-validate-save" Button
    t =    15.46s     Check for interrupting elements affecting "coder-server-validate-save" Button
    t =    15.51s         Wait for com.apple.springboard to idle
    t =    15.53s Ignoring failure to get hierarchy for remote element in process 1995 (Error getting main window kAXErrorServerNotFound)
    t =    15.53s Ignoring failure to get hierarchy for remote element in process 1995 (Error getting main window kAXErrorServerNotFound)
    t =    15.54s     Synthesize event
    t =    15.83s     Wait for com.bicterm.app to idle
    t =    16.80s Waiting 10.0s for "coder-server-Fixture-Server" Button to exist
    t =    17.86s     Checking `Expect predicate `existsNoRetry == 1` for object "coder-server-Fixture-Server" Button`
    t =    17.86s         Checking existence of `"coder-server-Fixture-Server" Button`
    t =    17.89s Tap Button (Element at index 0)
    t =    17.89s     Wait for com.bicterm.app to idle
    t =    17.89s     Find the Button (Element at index 0)
    t =    17.91s     Check for interrupting elements affecting "BackButton" Button
    t =    17.94s         Wait for com.apple.springboard to idle
    t =    17.97s Ignoring failure to get hierarchy for remote element in process 1995 (Error getting main window kAXErrorServerNotFound)
    t =    17.97s Ignoring failure to get hierarchy for remote element in process 1995 (Error getting main window kAXErrorServerNotFound)
    t =    17.97s     Synthesize event
    t =    18.27s     Wait for com.bicterm.app to idle
    t =    18.64s Waiting 5.0s for Button (Element at index 0) to exist
    t =    19.69s     Checking `Expect predicate `existsNoRetry == 1` for object Button (Element at index 0)`
    t =    19.69s         Checking existence of `Button (Element at index 0)`
    t =    19.72s Tap Button (Element at index 0)
    t =    19.72s     Wait for com.bicterm.app to idle
    t =    19.73s     Find the Button (Element at index 0)
    t =    19.76s     Check for interrupting elements affecting "BackButton" Button
    t =    19.79s         Wait for com.apple.springboard to idle
    t =    19.82s Ignoring failure to get hierarchy for remote element in process 1995 (Error getting main window kAXErrorServerNotFound)
    t =    19.82s Ignoring failure to get hierarchy for remote element in process 1995 (Error getting main window kAXErrorServerNotFound)
    t =    19.82s     Synthesize event
    t =    20.12s     Wait for com.bicterm.app to idle
    t =    20.93s Waiting 15.0s for "add-connection" Button to exist
    t =    21.98s     Checking `Expect predicate `existsNoRetry == 1` for object "add-connection" Button`
    t =    21.98s         Checking existence of `"add-connection" Button`
    t =    22.01s Tap "add-connection" Button
    t =    22.01s     Wait for com.bicterm.app to idle
    t =    22.02s     Find the "add-connection" Button
    t =    22.04s     Check for interrupting elements affecting "add-connection" Button
    t =    22.07s         Wait for com.apple.springboard to idle
    t =    22.09s Ignoring failure to get hierarchy for remote element in process 1995 (Error getting main window kAXErrorServerNotFound)
    t =    22.09s Ignoring failure to get hierarchy for remote element in process 1995 (Error getting main window kAXErrorServerNotFound)
    t =    22.10s     Synthesize event
    t =    22.39s     Wait for com.bicterm.app to idle
    t =    23.21s Waiting 10.0s for "field-name" TextField to exist
    t =    24.27s     Checking `Expect predicate `existsNoRetry == 1` for object "field-name" TextField`
    t =    24.27s         Checking existence of `"field-name" TextField`
    t =    24.38s Find the "field-name" TextField
    t =    24.46s Tap "field-name" TextField
    t =    24.46s     Wait for com.bicterm.app to idle
    t =    24.46s     Find the "field-name" TextField
    t =    24.53s     Check for interrupting elements affecting "field-name" TextField
    t =    24.60s         Wait for com.apple.springboard to idle
    t =    24.62s Ignoring failure to get hierarchy for remote element in process 1995 (Error getting main window kAXErrorServerNotFound)
    t =    24.62s Ignoring failure to get hierarchy for remote element in process 1995 (Error getting main window kAXErrorServerNotFound)
    t =    24.62s     Synthesize event
    t =    24.91s     Wait for com.bicterm.app to idle
    t =    25.28s Find the "field-name" TextField
    t =    25.38s Type 'Dormant Case' into "field-name" TextField
    t =    25.38s     Wait for com.bicterm.app to idle
    t =    25.38s     Find the "field-name" TextField
    t =    25.48s     Check for interrupting elements affecting "field-name" TextField
    t =    25.57s         Wait for com.apple.springboard to idle
    t =    25.59s Ignoring failure to get hierarchy for remote element in process 1995 (Error getting main window kAXErrorServerNotFound)
    t =    25.59s Ignoring failure to get hierarchy for remote element in process 1995 (Error getting main window kAXErrorServerNotFound)
    t =    25.60s     Synthesize event
    t =    26.00s     Wait for com.bicterm.app to idle
    t =    26.00s Tap "protocol-picker" Button
    t =    26.00s     Wait for com.bicterm.app to idle
    t =    26.00s     Find the "protocol-picker" Button
    t =    26.09s     Check for interrupting elements affecting "protocol-picker" Button
    t =    26.18s         Wait for com.apple.springboard to idle
    t =    26.20s Ignoring failure to get hierarchy for remote element in process 1995 (Error getting main window kAXErrorServerNotFound)
    t =    26.21s Ignoring failure to get hierarchy for remote element in process 1995 (Error getting main window kAXErrorServerNotFound)
    t =    26.21s     Synthesize event
    t =    26.51s     Wait for com.bicterm.app to idle
    t =    27.61s Waiting 5.0s for "Coder" Button to exist
    t =    28.67s     Checking `Expect predicate `existsNoRetry == 1` for object "Coder" Button`
    t =    28.67s         Checking existence of `"Coder" Button`
    t =    28.77s Tap "Coder" Button
    t =    28.77s     Wait for com.bicterm.app to idle
    t =    28.78s     Find the "Coder" Button
    t =    28.89s     Check for interrupting elements affecting "Coder" Button
    t =    28.97s         Wait for com.apple.springboard to idle
    t =    29.00s Ignoring failure to get hierarchy for remote element in process 1995 (Error getting main window kAXErrorServerNotFound)
    t =    29.00s Ignoring failure to get hierarchy for remote element in process 1995 (Error getting main window kAXErrorServerNotFound)
    t =    29.00s     Synthesize event
    t =    29.29s     Wait for com.bicterm.app to idle
    t =    30.77s Find the "field-host" TextField
    t =    30.85s Tap "field-host" TextField
    t =    30.85s     Wait for com.bicterm.app to idle
    t =    30.85s     Find the "field-host" TextField
    t =    30.92s     Check for interrupting elements affecting "field-host" TextField
    t =    30.99s         Wait for com.apple.springboard to idle
    t =    31.01s Ignoring failure to get hierarchy for remote element in process 1995 (Error getting main window kAXErrorServerNotFound)
    t =    31.02s Ignoring failure to get hierarchy for remote element in process 1995 (Error getting main window kAXErrorServerNotFound)
    t =    31.02s     Synthesize event
    t =    31.32s     Wait for com.bicterm.app to idle
    t =    31.63s Find the "field-host" TextField
    t =    31.73s Type 'coder.example.com' into "field-host" TextField
    t =    31.73s     Wait for com.bicterm.app to idle
    t =    31.73s     Find the "field-host" TextField
    t =    31.82s     Check for interrupting elements affecting "field-host" TextField
    t =    31.90s         Wait for com.apple.springboard to idle
    t =    31.93s Ignoring failure to get hierarchy for remote element in process 1995 (Error getting main window kAXErrorServerNotFound)
    t =    31.93s Ignoring failure to get hierarchy for remote element in process 1995 (Error getting main window kAXErrorServerNotFound)
    t =    31.93s     Synthesize event
    t =    32.42s     Wait for com.bicterm.app to idle
    t =    32.42s Find the "field-username" TextField
    t =    32.52s Tap "field-username" TextField
    t =    32.52s     Wait for com.bicterm.app to idle
    t =    32.52s     Find the "field-username" TextField
    t =    32.60s     Check for interrupting elements affecting "field-username" TextField
    t =    32.68s         Wait for com.apple.springboard to idle
    t =    32.70s Ignoring failure to get hierarchy for remote element in process 1995 (Error getting main window kAXErrorServerNotFound)
    t =    32.70s Ignoring failure to get hierarchy for remote element in process 1995 (Error getting main window kAXErrorServerNotFound)
    t =    32.71s     Synthesize event
    t =    33.00s     Wait for com.bicterm.app to idle
    t =    33.00s Find the "field-username" TextField
    t =    33.08s Type 'user' into "field-username" TextField
    t =    33.08s     Wait for com.bicterm.app to idle
    t =    33.09s     Find the "field-username" TextField
    t =    33.17s     Check for interrupting elements affecting "field-username" TextField
    t =    33.25s         Wait for com.apple.springboard to idle
    t =    33.27s Ignoring failure to get hierarchy for remote element in process 1995 (Error getting main window kAXErrorServerNotFound)
    t =    33.27s Ignoring failure to get hierarchy for remote element in process 1995 (Error getting main window kAXErrorServerNotFound)
    t =    33.28s     Synthesize event
    t =    33.55s     Wait for com.bicterm.app to idle
    t =    33.55s Waiting 2.0s for "Done" Button to exist
    t =    34.58s     Checking `Expect predicate `existsNoRetry == 1` for object "Done" Button`
    t =    34.58s         Checking existence of `"Done" Button`
    t =    34.67s Tap "Done" Button
    t =    34.67s     Wait for com.bicterm.app to idle
    t =    34.67s     Find the "Done" Button
    t =    34.76s     Check for interrupting elements affecting "Done" Button
    t =    34.84s         Wait for com.apple.springboard to idle
    t =    34.87s Ignoring failure to get hierarchy for remote element in process 1995 (Error getting main window kAXErrorServerNotFound)
    t =    34.87s Ignoring failure to get hierarchy for remote element in process 1995 (Error getting main window kAXErrorServerNotFound)
    t =    34.87s     Synthesize event
    t =    35.17s     Wait for com.bicterm.app to idle
    t =    35.97s Checking existence of `"coder-server-picker" Button`
    t =    36.03s Find the "coder-server-picker" Button
    t =    36.11s Tap "coder-server-picker" Button
    t =    36.11s     Wait for com.bicterm.app to idle
    t =    36.11s     Find the "coder-server-picker" Button
    t =    36.18s     Check for interrupting elements affecting "coder-server-picker" Button
    t =    36.24s         Wait for com.apple.springboard to idle
    t =    36.27s Ignoring failure to get hierarchy for remote element in process 1995 (Error getting main window kAXErrorServerNotFound)
    t =    36.27s Ignoring failure to get hierarchy for remote element in process 1995 (Error getting main window kAXErrorServerNotFound)
    t =    36.27s     Synthesize event
    t =    36.57s     Wait for com.bicterm.app to idle
    t =    38.00s Waiting 5.0s for "Fixture Server" Button to exist
    t =    39.04s     Checking `Expect predicate `existsNoRetry == 1` for object "Fixture Server" Button`
    t =    39.04s         Checking existence of `"Fixture Server" Button`
    t =    39.11s Tap "Fixture Server" Button
    t =    39.11s     Wait for com.bicterm.app to idle
    t =    39.12s     Find the "Fixture Server" Button
    t =    39.19s     Check for interrupting elements affecting "Fixture Server" Button
    t =    39.25s         Wait for com.apple.springboard to idle
    t =    39.28s Ignoring failure to get hierarchy for remote element in process 1995 (Error getting main window kAXErrorServerNotFound)
    t =    39.28s Ignoring failure to get hierarchy for remote element in process 1995 (Error getting main window kAXErrorServerNotFound)
    t =    39.28s     Synthesize event
    t =    39.57s     Wait for com.bicterm.app to idle
    t =    40.66s Waiting 10.0s for "coder-workspace-Running-Dev" Button to exist
    t =    41.69s     Checking `Expect predicate `existsNoRetry == 1` for object "coder-workspace-Running-Dev" Button`
    t =    41.69s         Checking existence of `"coder-workspace-Running-Dev" Button`
    t =    41.77s Tap "coder-workspace-Running-Dev" Button
    t =    41.77s     Wait for com.bicterm.app to idle
    t =    41.77s     Find the "coder-workspace-Running-Dev" Button
    t =    41.85s     Check for interrupting elements affecting "coder-workspace-Running-Dev" Button
    t =    41.92s         Wait for com.apple.springboard to idle
    t =    41.94s Ignoring failure to get hierarchy for remote element in process 1995 (Error getting main window kAXErrorServerNotFound)
    t =    41.94s Ignoring failure to get hierarchy for remote element in process 1995 (Error getting main window kAXErrorServerNotFound)
    t =    41.94s     Synthesize event
    t =    42.23s     Wait for com.bicterm.app to idle
    t =    42.23s Waiting 2.0s for "Done" Button to exist
    t =    43.25s     Checking `Expect predicate `existsNoRetry == 1` for object "Done" Button`
    t =    43.25s         Checking existence of `"Done" Button`
    t =    43.32s         Capturing element debug description
    t =    44.23s     Checking `Expect predicate `existsNoRetry == 1` for object "Done" Button`
    t =    44.24s         Checking existence of `"Done" Button`
    t =    44.31s         Capturing element debug description
    t =    44.31s     Checking existence of `"Done" Button`
    t =    44.38s Collecting debug information to assist test failure triage
    t =    44.38s     Requesting snapshot of accessibility hierarchy for app with pid 31790
    t =    44.50s Checking existence of `"return" Button`
    t =    44.57s Checking existence of `"done" Button`
    t =    44.64s Checking existence of `Keyboard (First Match)`
    t =    44.77s Checking existence of `"coder-start-policy-toggle" Switch`
    t =    44.84s Find the "coder-start-policy-toggle" Switch
    t =    44.92s Waiting 5.0s for "coder-start-policy-toggle" Switch to exist
    t =    45.96s     Checking `Expect predicate `existsNoRetry == 1` for object "coder-start-policy-toggle" Switch`
    t =    45.96s         Checking existence of `"coder-start-policy-toggle" Switch`
    t =    46.03s Checking existence of `Switch (First Match)`
    t =    46.16s Tap Switch (First Match)
    t =    46.16s     Wait for com.bicterm.app to idle
    t =    46.16s     Find the Switch (First Match)
    t =    46.30s     Check for interrupting elements affecting "0" Switch
    t =    46.37s         Wait for com.apple.springboard to idle
    t =    46.39s Ignoring failure to get hierarchy for remote element in process 1995 (Error getting main window kAXErrorServerNotFound)
    t =    46.39s Ignoring failure to get hierarchy for remote element in process 1995 (Error getting main window kAXErrorServerNotFound)
    t =    46.39s     Synthesize event
    t =    46.70s     Wait for com.bicterm.app to idle
    t =    48.22s Waiting 5.0s for "coder-start-policy-confirm" Button to exist
    t =    49.26s     Checking `Expect predicate `existsNoRetry == 1` for object "coder-start-policy-confirm" Button`
    t =    49.27s         Checking existence of `"coder-start-policy-confirm" Button`
    t =    49.34s Waiting 2.0s for "coder-start-policy-confirm" Button to exist
    t =    50.38s     Checking `Expect predicate `existsNoRetry == 1` for object "coder-start-policy-confirm" Button`
    t =    50.38s         Checking existence of `"coder-start-policy-confirm" Button`
    t =    50.45s Tap "coder-start-policy-confirm" Button
    t =    50.45s     Wait for com.bicterm.app to idle
    t =    50.45s     Find the "coder-start-policy-confirm" Button
    t =    50.52s     Check for interrupting elements affecting "coder-start-policy-confirm" Button
    t =    50.59s         Wait for com.apple.springboard to idle
    t =    50.61s Ignoring failure to get hierarchy for remote element in process 1995 (Error getting main window kAXErrorServerNotFound)
    t =    50.61s Ignoring failure to get hierarchy for remote element in process 1995 (Error getting main window kAXErrorServerNotFound)
    t =    50.62s     Synthesize event
    t =    50.92s     Wait for com.bicterm.app to idle
    t =    51.29s Waiting 2.0s for "Done" Button to exist
    t =    52.34s     Checking `Expect predicate `existsNoRetry == 1` for object "Done" Button`
    t =    52.34s         Checking existence of `"Done" Button`
    t =    52.41s         Capturing element debug description
    t =    53.30s     Checking `Expect predicate `existsNoRetry == 1` for object "Done" Button`
    t =    53.30s         Checking existence of `"Done" Button`
    t =    53.37s         Capturing element debug description
    t =    53.38s     Checking existence of `"Done" Button`
    t =    53.44s Collecting debug information to assist test failure triage
    t =    53.44s     Requesting snapshot of accessibility hierarchy for app with pid 31790
    t =    53.56s Checking existence of `"return" Button`
    t =    53.63s Checking existence of `"done" Button`
    t =    53.70s Checking existence of `Keyboard (First Match)`
    t =    53.83s Swipe down Target Application 'com.bicterm.app'
    t =    53.83s     Wait for com.bicterm.app to idle
    t =    53.83s     Find the Target Application 'com.bicterm.app'
    t =    53.89s     Check for interrupting elements affecting "BicTerm" Application
    t =    53.96s         Wait for com.apple.springboard to idle
    t =    53.98s Ignoring failure to get hierarchy for remote element in process 1995 (Error getting main window kAXErrorServerNotFound)
    t =    53.98s Ignoring failure to get hierarchy for remote element in process 1995 (Error getting main window kAXErrorServerNotFound)
    t =    53.99s     Synthesize event
    t =    54.41s     Wait for com.bicterm.app to idle
    t =    54.78s Checking existence of `"key-selector" Button`
    t =    54.85s Find the "key-selector" Button
    t =    54.94s Tap "key-selector" Button
    t =    54.94s     Wait for com.bicterm.app to idle
    t =    54.94s     Find the "key-selector" Button
    t =    55.02s     Check for interrupting elements affecting "key-selector" Button
    t =    55.08s         Wait for com.apple.springboard to idle
    t =    55.11s Ignoring failure to get hierarchy for remote element in process 1995 (Error getting main window kAXErrorServerNotFound)
    t =    55.11s Ignoring failure to get hierarchy for remote element in process 1995 (Error getting main window kAXErrorServerNotFound)
    t =    55.11s     Synthesize event
    t =    55.41s     Wait for com.bicterm.app to idle
    t =    56.15s Waiting 5.0s for "key-Fixture-Ed25519" Button to exist
    t =    57.17s     Checking `Expect predicate `existsNoRetry == 1` for object "key-Fixture-Ed25519" Button`
    t =    57.17s         Checking existence of `"key-Fixture-Ed25519" Button`
    t =    57.22s Tap "key-Fixture-Ed25519" Button
    t =    57.22s     Wait for com.bicterm.app to idle
    t =    57.23s     Find the "key-Fixture-Ed25519" Button
    t =    57.27s     Check for interrupting elements affecting "key-Fixture-Ed25519" Button
    t =    57.31s         Wait for com.apple.springboard to idle
    t =    57.33s Ignoring failure to get hierarchy for remote element in process 1995 (Error getting main window kAXErrorServerNotFound)
    t =    57.33s Ignoring failure to get hierarchy for remote element in process 1995 (Error getting main window kAXErrorServerNotFound)
    t =    57.34s     Synthesize event
    t =    57.64s     Wait for com.bicterm.app to idle
    t =    58.47s Checking existence of `"save-editor" Button`
    t =    58.55s Find the "save-editor" Button
    t =    58.64s Find the "save-editor" Button
    t =    58.72s Tap "save-editor" Button
    t =    58.72s     Wait for com.bicterm.app to idle
    t =    58.72s     Find the "save-editor" Button
    t =    58.79s     Check for interrupting elements affecting "save-editor" Button
    t =    58.87s         Wait for com.apple.springboard to idle
    t =    58.89s Ignoring failure to get hierarchy for remote element in process 1995 (Error getting main window kAXErrorServerNotFound)
    t =    58.89s Ignoring failure to get hierarchy for remote element in process 1995 (Error getting main window kAXErrorServerNotFound)
    t =    58.90s     Synthesize event
    t =    59.19s     Wait for com.bicterm.app to idle
    t =    60.00s Checking existence of `"connection-Dormant-Case" Button`
    t =    60.04s Checking existence of `"connection-Dormant-Case" Button`
    t =    60.09s Terminate com.bicterm.app:31790
    t =    61.16s Open com.bicterm.app
    t =    61.16s     Launch com.bicterm.app
2026-09-08 22:42:14.158 xcodebuild[31656:29943544] [MT] IDELaunchParametersSnapshot: The operation couldn’t be completed. (DebuggerLLDB.DebuggerVersionStore.StoreError error 0.)
2026-09-08 22:42:14.158 xcodebuild[31656:29943544] [MT] IDELaunchParametersSnapshot: no debugger version
    t =    61.58s         Setting up automation session
    t =    62.32s         Wait for com.bicterm.app to idle
    t =    63.83s Checking existence of `"connection-Dormant-Case" Button`
    t =    63.90s Waiting 10.0s for "connection-Dormant-Case" Button to exist
    t =    64.94s     Checking `Expect predicate `existsNoRetry == 1` for object "connection-Dormant-Case" Button`
    t =    64.94s         Checking existence of `"connection-Dormant-Case" Button`
    t =    64.98s Checking existence of `"connection-Dormant-Case" Button`
    t =    65.02s Find the "connection-Dormant-Case" Button
    t =    65.07s Swipe left "connection-Dormant-Case" Button
    t =    65.07s     Wait for com.bicterm.app to idle
    t =    65.07s     Find the "connection-Dormant-Case" Button
    t =    65.11s     Check for interrupting elements affecting "connection-Dormant-Case" Button
    t =    65.14s         Wait for com.apple.springboard to idle
    t =    65.17s Ignoring failure to get hierarchy for remote element in process 1995 (Error getting main window kAXErrorServerNotFound)
    t =    65.17s Ignoring failure to get hierarchy for remote element in process 1995 (Error getting main window kAXErrorServerNotFound)
    t =    65.17s     Synthesize event
    t =    65.63s     Wait for com.bicterm.app to idle
    t =    66.30s Waiting 5.0s for "connect-Dormant-Case" Button to exist
    t =    67.33s     Checking `Expect predicate `existsNoRetry == 1` for object "connect-Dormant-Case" Button`
    t =    67.33s         Checking existence of `"connect-Dormant-Case" Button`
    t =    67.38s Find the "connect-Dormant-Case" Button
    t =    67.44s Tap "connect-Dormant-Case" Button
    t =    67.44s     Wait for com.bicterm.app to idle
    t =    67.44s     Find the "connect-Dormant-Case" Button
    t =    67.48s     Check for interrupting elements affecting "connect-Dormant-Case" Button
    t =    67.51s         Wait for com.apple.springboard to idle
    t =    67.53s Ignoring failure to get hierarchy for remote element in process 1995 (Error getting main window kAXErrorServerNotFound)
    t =    67.53s Ignoring failure to get hierarchy for remote element in process 1995 (Error getting main window kAXErrorServerNotFound)
    t =    67.54s     Synthesize event
    t =    67.84s     Wait for com.bicterm.app to idle
    t =    68.85s Waiting 10.0s for "coder-action-required-message" StaticText to exist
    t =    69.87s     Checking `Expect predicate `existsNoRetry == 1` for object "coder-action-required-message" StaticText`
    t =    69.87s         Checking existence of `"coder-action-required-message" StaticText`
    t =    69.92s Find the "coder-action-required-message" StaticText
    t =    69.96s Waiting 5.0s for "coder-start-post-count" StaticText to exist
    t =    71.03s     Checking `Expect predicate `existsNoRetry == 1` for object "coder-start-post-count" StaticText`
    t =    71.03s         Checking existence of `"coder-start-post-count" StaticText`
    t =    71.07s Find the "coder-start-post-count" StaticText
    t =    71.10s Checking existence of `Window (First Match)`
    t =    71.11s Find the Window (First Match)
    t =    71.29s Added attachment named 'dormant-action-required'
    t =    71.29s Find the "coder-action-required-close" Button
    t =    71.34s Tap "coder-action-required-close" Button
    t =    71.34s     Wait for com.bicterm.app to idle
    t =    71.34s     Find the "coder-action-required-close" Button
    t =    71.38s     Check for interrupting elements affecting "coder-action-required-close" Button
    t =    71.42s         Wait for com.apple.springboard to idle
    t =    71.45s Ignoring failure to get hierarchy for remote element in process 1995 (Error getting main window kAXErrorServerNotFound)
    t =    71.45s Ignoring failure to get hierarchy for remote element in process 1995 (Error getting main window kAXErrorServerNotFound)
    t =    71.45s     Synthesize event
    t =    71.75s     Wait for com.bicterm.app to idle
    t =    72.13s Tear Down
Test Case '-[BicTermUITests.CoderAgentPickerUITests testDormantWorkspaceShowsActionRequiredWithoutMutation]' passed (72.711 seconds).
Test Case '-[BicTermUITests.CoderAgentPickerUITests testParameterMismatchShowsActionRequiredWithoutStart]' started.
    t =     0.00s Start Test at 2026-09-08 22:42:25.711
    t =     0.02s Set Up
    t =     0.02s Open com.bicterm.app
    t =     0.02s     Launch com.bicterm.app
    t =     0.03s         Terminate com.bicterm.app:31887
2026-09-08 22:42:26.793 xcodebuild[31656:29943544] [MT] IDELaunchParametersSnapshot: The operation couldn’t be completed. (DebuggerLLDB.DebuggerVersionStore.StoreError error 0.)
2026-09-08 22:42:26.793 xcodebuild[31656:29943544] [MT] IDELaunchParametersSnapshot: no debugger version
    t =     1.30s         Setting up automation session
    t =     2.17s         Wait for com.bicterm.app to idle
    t =     3.68s Tap "open-settings" Button
    t =     3.68s     Wait for com.bicterm.app to idle
    t =     3.69s     Find the "open-settings" Button
    t =     3.74s     Check for interrupting elements affecting "open-settings" Button
    t =     3.77s         Wait for com.apple.springboard to idle
    t =     3.79s Ignoring failure to get hierarchy for remote element in process 1995 (Error getting main window kAXErrorServerNotFound)
    t =     3.79s Ignoring failure to get hierarchy for remote element in process 1995 (Error getting main window kAXErrorServerNotFound)
    t =     3.80s     Synthesize event
    t =     4.09s     Wait for com.bicterm.app to idle
    t =     4.94s Waiting 5.0s for "settings-coder-servers" Button to exist
    t =     5.98s     Checking `Expect predicate `existsNoRetry == 1` for object "settings-coder-servers" Button`
    t =     5.98s         Checking existence of `"settings-coder-servers" Button`
    t =     6.02s Tap "settings-coder-servers" Button
    t =     6.02s     Wait for com.bicterm.app to idle
    t =     6.02s     Find the "settings-coder-servers" Button
    t =     6.05s     Check for interrupting elements affecting "settings-coder-servers" Button
    t =     6.08s         Wait for com.apple.springboard to idle
    t =     6.10s Ignoring failure to get hierarchy for remote element in process 1995 (Error getting main window kAXErrorServerNotFound)
    t =     6.11s Ignoring failure to get hierarchy for remote element in process 1995 (Error getting main window kAXErrorServerNotFound)
    t =     6.11s     Synthesize event
    t =     6.40s     Wait for com.bicterm.app to idle
    t =     7.20s Waiting 5.0s for "Coder Servers" NavigationBar to exist
    t =     8.23s     Checking `Expect predicate `existsNoRetry == 1` for object "Coder Servers" NavigationBar`
    t =     8.23s         Checking existence of `"Coder Servers" NavigationBar`
    t =     8.26s Tap "add-coder-server" Button
    t =     8.26s     Wait for com.bicterm.app to idle
    t =     8.26s     Find the "add-coder-server" Button
    t =     8.28s     Check for interrupting elements affecting "add-coder-server" Button
    t =     8.31s         Wait for com.apple.springboard to idle
    t =     8.33s Ignoring failure to get hierarchy for remote element in process 1995 (Error getting main window kAXErrorServerNotFound)
    t =     8.33s Ignoring failure to get hierarchy for remote element in process 1995 (Error getting main window kAXErrorServerNotFound)
    t =     8.33s     Synthesize event
    t =     8.63s     Wait for com.bicterm.app to idle
    t =     9.47s Waiting 5.0s for "Add Coder Server" NavigationBar to exist
    t =    10.51s     Checking `Expect predicate `existsNoRetry == 1` for object "Add Coder Server" NavigationBar`
    t =    10.51s         Checking existence of `"Add Coder Server" NavigationBar`
    t =    10.56s Find the "coder-server-name" TextField
    t =    10.60s Tap "coder-server-name" TextField
    t =    10.60s     Wait for com.bicterm.app to idle
    t =    10.60s     Find the "coder-server-name" TextField
    t =    10.63s     Check for interrupting elements affecting "coder-server-name" TextField
    t =    10.66s         Wait for com.apple.springboard to idle
    t =    10.69s Ignoring failure to get hierarchy for remote element in process 1995 (Error getting main window kAXErrorServerNotFound)
    t =    10.69s Ignoring failure to get hierarchy for remote element in process 1995 (Error getting main window kAXErrorServerNotFound)
    t =    10.69s     Synthesize event
    t =    10.98s     Wait for com.bicterm.app to idle
    t =    11.09s Find the "coder-server-name" TextField
    t =    11.18s Type 'Fixture Server' into "coder-server-name" TextField
    t =    11.18s     Wait for com.bicterm.app to idle
    t =    11.47s     Find the "coder-server-name" TextField
    t =    11.54s     Check for interrupting elements affecting "coder-server-name" TextField
    t =    11.59s         Wait for com.apple.springboard to idle
    t =    11.61s Ignoring failure to get hierarchy for remote element in process 1995 (Error getting main window kAXErrorServerNotFound)
    t =    11.61s Ignoring failure to get hierarchy for remote element in process 1995 (Error getting main window kAXErrorServerNotFound)
    t =    11.62s     Synthesize event
    t =    12.05s     Wait for com.bicterm.app to idle
    t =    12.05s Find the "coder-server-url" TextField
    t =    12.11s Tap "coder-server-url" TextField
    t =    12.11s     Wait for com.bicterm.app to idle
    t =    12.12s     Find the "coder-server-url" TextField
    t =    12.16s     Check for interrupting elements affecting "coder-server-url" TextField
    t =    12.21s         Wait for com.apple.springboard to idle
    t =    12.23s Ignoring failure to get hierarchy for remote element in process 1995 (Error getting main window kAXErrorServerNotFound)
    t =    12.23s Ignoring failure to get hierarchy for remote element in process 1995 (Error getting main window kAXErrorServerNotFound)
    t =    12.24s     Synthesize event
    t =    12.53s     Wait for com.bicterm.app to idle
    t =    12.53s Find the "coder-server-url" TextField
    t =    12.58s Type 'https://coder.exam...' into "coder-server-url" TextField
    t =    12.58s     Wait for com.bicterm.app to idle
    t =    12.59s     Find the "coder-server-url" TextField
    t =    12.63s     Check for interrupting elements affecting "coder-server-url" TextField
    t =    12.68s         Wait for com.apple.springboard to idle
    t =    12.70s Ignoring failure to get hierarchy for remote element in process 1995 (Error getting main window kAXErrorServerNotFound)
    t =    12.70s Ignoring failure to get hierarchy for remote element in process 1995 (Error getting main window kAXErrorServerNotFound)
    t =    12.71s     Synthesize event
    t =    13.33s     Wait for com.bicterm.app to idle
    t =    13.33s Find the "coder-server-token" SecureTextField
    t =    13.39s Tap "coder-server-token" SecureTextField
    t =    13.39s     Wait for com.bicterm.app to idle
    t =    13.40s     Find the "coder-server-token" SecureTextField
    t =    13.45s     Check for interrupting elements affecting "coder-server-token" SecureTextField
    t =    13.50s         Wait for com.apple.springboard to idle
    t =    13.52s Ignoring failure to get hierarchy for remote element in process 1995 (Error getting main window kAXErrorServerNotFound)
    t =    13.52s Ignoring failure to get hierarchy for remote element in process 1995 (Error getting main window kAXErrorServerNotFound)
    t =    13.53s     Synthesize event
    t =    13.83s     Wait for com.bicterm.app to idle
    t =    13.83s Find the "coder-server-token" SecureTextField
    t =    13.88s Type '...' into "coder-server-token" SecureTextField
    t =    13.88s     Wait for com.bicterm.app to idle
    t =    13.89s     Find the "coder-server-token" SecureTextField
    t =    13.94s     Check for interrupting elements affecting "coder-server-token" SecureTextField
    t =    13.99s         Wait for com.apple.springboard to idle
    t =    14.01s Ignoring failure to get hierarchy for remote element in process 1995 (Error getting main window kAXErrorServerNotFound)
    t =    14.01s Ignoring failure to get hierarchy for remote element in process 1995 (Error getting main window kAXErrorServerNotFound)
    t =    14.02s     Synthesize event
    t =    14.87s     Wait for com.bicterm.app to idle
    t =    14.87s Type '<redacted>' into "coder-server-token" SecureTextField
    t =    14.87s     Wait for com.bicterm.app to idle
    t =    14.87s     Find the "coder-server-token" SecureTextField
    t =    14.92s     Check for interrupting elements affecting "coder-server-token" SecureTextField
    t =    14.97s         Wait for com.apple.springboard to idle
    t =    14.99s Ignoring failure to get hierarchy for remote element in process 1995 (Error getting main window kAXErrorServerNotFound)
    t =    15.00s Ignoring failure to get hierarchy for remote element in process 1995 (Error getting main window kAXErrorServerNotFound)
    t =    15.00s     Synthesize event
    t =    15.35s     Wait for com.bicterm.app to idle
    t =    15.36s Tap "coder-server-validate-save" Button
    t =    15.36s     Wait for com.bicterm.app to idle
    t =    15.36s     Find the "coder-server-validate-save" Button
    t =    15.41s     Check for interrupting elements affecting "coder-server-validate-save" Button
    t =    15.45s         Wait for com.apple.springboard to idle
    t =    15.48s Ignoring failure to get hierarchy for remote element in process 1995 (Error getting main window kAXErrorServerNotFound)
    t =    15.48s Ignoring failure to get hierarchy for remote element in process 1995 (Error getting main window kAXErrorServerNotFound)
    t =    15.48s     Synthesize event
    t =    15.78s     Wait for com.bicterm.app to idle
    t =    16.70s Waiting 10.0s for "coder-server-Fixture-Server" Button to exist
    t =    17.72s     Checking `Expect predicate `existsNoRetry == 1` for object "coder-server-Fixture-Server" Button`
    t =    17.72s         Checking existence of `"coder-server-Fixture-Server" Button`
    t =    17.75s Tap Button (Element at index 0)
    t =    17.75s     Wait for com.bicterm.app to idle
    t =    17.75s     Find the Button (Element at index 0)
    t =    17.78s     Check for interrupting elements affecting "BackButton" Button
    t =    17.80s         Wait for com.apple.springboard to idle
    t =    17.82s Ignoring failure to get hierarchy for remote element in process 1995 (Error getting main window kAXErrorServerNotFound)
    t =    17.82s Ignoring failure to get hierarchy for remote element in process 1995 (Error getting main window kAXErrorServerNotFound)
    t =    17.83s     Synthesize event
    t =    18.13s     Wait for com.bicterm.app to idle
    t =    18.49s Waiting 5.0s for Button (Element at index 0) to exist
    t =    19.52s     Checking `Expect predicate `existsNoRetry == 1` for object Button (Element at index 0)`
    t =    19.52s         Checking existence of `Button (Element at index 0)`
    t =    19.55s Tap Button (Element at index 0)
    t =    19.55s     Wait for com.bicterm.app to idle
    t =    19.55s     Find the Button (Element at index 0)
    t =    19.58s     Check for interrupting elements affecting "BackButton" Button
    t =    19.61s         Wait for com.apple.springboard to idle
    t =    19.64s Ignoring failure to get hierarchy for remote element in process 1995 (Error getting main window kAXErrorServerNotFound)
    t =    19.64s Ignoring failure to get hierarchy for remote element in process 1995 (Error getting main window kAXErrorServerNotFound)
    t =    19.65s     Synthesize event
    t =    19.94s     Wait for com.bicterm.app to idle
    t =    20.75s Waiting 15.0s for "add-connection" Button to exist
    t =    21.78s     Checking `Expect predicate `existsNoRetry == 1` for object "add-connection" Button`
    t =    21.78s         Checking existence of `"add-connection" Button`
    t =    21.81s Tap "add-connection" Button
    t =    21.81s     Wait for com.bicterm.app to idle
    t =    21.81s     Find the "add-connection" Button
    t =    21.83s     Check for interrupting elements affecting "add-connection" Button
    t =    21.86s         Wait for com.apple.springboard to idle
    t =    21.88s Ignoring failure to get hierarchy for remote element in process 1995 (Error getting main window kAXErrorServerNotFound)
    t =    21.88s Ignoring failure to get hierarchy for remote element in process 1995 (Error getting main window kAXErrorServerNotFound)
    t =    21.89s     Synthesize event
    t =    22.18s     Wait for com.bicterm.app to idle
    t =    23.02s Waiting 10.0s for "field-name" TextField to exist
    t =    24.05s     Checking `Expect predicate `existsNoRetry == 1` for object "field-name" TextField`
    t =    24.05s         Checking existence of `"field-name" TextField`
    t =    24.15s Find the "field-name" TextField
    t =    24.23s Tap "field-name" TextField
    t =    24.23s     Wait for com.bicterm.app to idle
    t =    24.23s     Find the "field-name" TextField
    t =    24.30s     Check for interrupting elements affecting "field-name" TextField
    t =    24.37s         Wait for com.apple.springboard to idle
    t =    24.39s Ignoring failure to get hierarchy for remote element in process 1995 (Error getting main window kAXErrorServerNotFound)
    t =    24.39s Ignoring failure to get hierarchy for remote element in process 1995 (Error getting main window kAXErrorServerNotFound)
    t =    24.39s     Synthesize event
    t =    24.69s     Wait for com.bicterm.app to idle
    t =    25.04s Find the "field-name" TextField
    t =    25.14s Type 'Param Case' into "field-name" TextField
    t =    25.14s     Wait for com.bicterm.app to idle
    t =    25.14s     Find the "field-name" TextField
    t =    25.24s     Check for interrupting elements affecting "field-name" TextField
    t =    25.32s         Wait for com.apple.springboard to idle
    t =    25.35s Ignoring failure to get hierarchy for remote element in process 1995 (Error getting main window kAXErrorServerNotFound)
    t =    25.35s Ignoring failure to get hierarchy for remote element in process 1995 (Error getting main window kAXErrorServerNotFound)
    t =    25.35s     Synthesize event
    t =    25.72s     Wait for com.bicterm.app to idle
    t =    25.73s Tap "protocol-picker" Button
    t =    25.73s     Wait for com.bicterm.app to idle
    t =    25.73s     Find the "protocol-picker" Button
    t =    25.82s     Check for interrupting elements affecting "protocol-picker" Button
    t =    25.90s         Wait for com.apple.springboard to idle
    t =    25.93s Ignoring failure to get hierarchy for remote element in process 1995 (Error getting main window kAXErrorServerNotFound)
    t =    25.93s Ignoring failure to get hierarchy for remote element in process 1995 (Error getting main window kAXErrorServerNotFound)
    t =    25.93s     Synthesize event
    t =    26.23s     Wait for com.bicterm.app to idle
    t =    27.33s Waiting 5.0s for "Coder" Button to exist
    t =    28.38s     Checking `Expect predicate `existsNoRetry == 1` for object "Coder" Button`
    t =    28.38s         Checking existence of `"Coder" Button`
    t =    28.48s Tap "Coder" Button
    t =    28.48s     Wait for com.bicterm.app to idle
    t =    28.48s     Find the "Coder" Button
    t =    28.57s     Check for interrupting elements affecting "Coder" Button
    t =    28.66s         Wait for com.apple.springboard to idle
    t =    28.68s Ignoring failure to get hierarchy for remote element in process 1995 (Error getting main window kAXErrorServerNotFound)
    t =    28.68s Ignoring failure to get hierarchy for remote element in process 1995 (Error getting main window kAXErrorServerNotFound)
    t =    28.69s     Synthesize event
    t =    28.98s     Wait for com.bicterm.app to idle
    t =    30.44s Find the "field-host" TextField
    t =    30.52s Tap "field-host" TextField
    t =    30.52s     Wait for com.bicterm.app to idle
    t =    30.52s     Find the "field-host" TextField
    t =    30.59s     Check for interrupting elements affecting "field-host" TextField
    t =    30.65s         Wait for com.apple.springboard to idle
    t =    30.68s Ignoring failure to get hierarchy for remote element in process 1995 (Error getting main window kAXErrorServerNotFound)
    t =    30.68s Ignoring failure to get hierarchy for remote element in process 1995 (Error getting main window kAXErrorServerNotFound)
    t =    30.68s     Synthesize event
    t =    30.98s     Wait for com.bicterm.app to idle
    t =    31.28s Find the "field-host" TextField
    t =    31.38s Type 'coder.example.com' into "field-host" TextField
    t =    31.38s     Wait for com.bicterm.app to idle
    t =    31.38s     Find the "field-host" TextField
    t =    31.47s     Check for interrupting elements affecting "field-host" TextField
    t =    31.55s         Wait for com.apple.springboard to idle
    t =    31.58s Ignoring failure to get hierarchy for remote element in process 1995 (Error getting main window kAXErrorServerNotFound)
    t =    31.58s Ignoring failure to get hierarchy for remote element in process 1995 (Error getting main window kAXErrorServerNotFound)
    t =    31.58s     Synthesize event
    t =    32.07s     Wait for com.bicterm.app to idle
    t =    32.07s Find the "field-username" TextField
    t =    32.17s Tap "field-username" TextField
    t =    32.17s     Wait for com.bicterm.app to idle
    t =    32.17s     Find the "field-username" TextField
    t =    32.25s     Check for interrupting elements affecting "field-username" TextField
    t =    32.33s         Wait for com.apple.springboard to idle
    t =    32.36s Ignoring failure to get hierarchy for remote element in process 1995 (Error getting main window kAXErrorServerNotFound)
    t =    32.36s Ignoring failure to get hierarchy for remote element in process 1995 (Error getting main window kAXErrorServerNotFound)
    t =    32.37s     Synthesize event
    t =    32.66s     Wait for com.bicterm.app to idle
    t =    32.66s Find the "field-username" TextField
    t =    32.75s Type 'user' into "field-username" TextField
    t =    32.75s     Wait for com.bicterm.app to idle
    t =    32.75s     Find the "field-username" TextField
    t =    32.83s     Check for interrupting elements affecting "field-username" TextField
    t =    32.91s         Wait for com.apple.springboard to idle
    t =    32.94s Ignoring failure to get hierarchy for remote element in process 1995 (Error getting main window kAXErrorServerNotFound)
    t =    32.94s Ignoring failure to get hierarchy for remote element in process 1995 (Error getting main window kAXErrorServerNotFound)
    t =    32.94s     Synthesize event
    t =    33.20s     Wait for com.bicterm.app to idle
    t =    33.21s Waiting 2.0s for "Done" Button to exist
    t =    34.24s     Checking `Expect predicate `existsNoRetry == 1` for object "Done" Button`
    t =    34.24s         Checking existence of `"Done" Button`
    t =    34.33s Tap "Done" Button
    t =    34.33s     Wait for com.bicterm.app to idle
    t =    34.34s     Find the "Done" Button
    t =    34.42s     Check for interrupting elements affecting "Done" Button
    t =    34.50s         Wait for com.apple.springboard to idle
    t =    34.52s Ignoring failure to get hierarchy for remote element in process 1995 (Error getting main window kAXErrorServerNotFound)
    t =    34.53s Ignoring failure to get hierarchy for remote element in process 1995 (Error getting main window kAXErrorServerNotFound)
    t =    34.53s     Synthesize event
    t =    34.83s     Wait for com.bicterm.app to idle
    t =    35.62s Checking existence of `"coder-server-picker" Button`
    t =    35.68s Find the "coder-server-picker" Button
    t =    35.76s Tap "coder-server-picker" Button
    t =    35.76s     Wait for com.bicterm.app to idle
    t =    35.76s     Find the "coder-server-picker" Button
    t =    35.83s     Check for interrupting elements affecting "coder-server-picker" Button
    t =    35.89s         Wait for com.apple.springboard to idle
    t =    35.91s Ignoring failure to get hierarchy for remote element in process 1995 (Error getting main window kAXErrorServerNotFound)
    t =    35.91s Ignoring failure to get hierarchy for remote element in process 1995 (Error getting main window kAXErrorServerNotFound)
    t =    35.92s     Synthesize event
    t =    36.21s     Wait for com.bicterm.app to idle
    t =    37.64s Waiting 5.0s for "Fixture Server" Button to exist
    t =    38.68s     Checking `Expect predicate `existsNoRetry == 1` for object "Fixture Server" Button`
    t =    38.68s         Checking existence of `"Fixture Server" Button`
    t =    38.75s Tap "Fixture Server" Button
    t =    38.75s     Wait for com.bicterm.app to idle
    t =    38.75s     Find the "Fixture Server" Button
    t =    38.82s     Check for interrupting elements affecting "Fixture Server" Button
    t =    38.88s         Wait for com.apple.springboard to idle
    t =    38.90s Ignoring failure to get hierarchy for remote element in process 1995 (Error getting main window kAXErrorServerNotFound)
    t =    38.90s Ignoring failure to get hierarchy for remote element in process 1995 (Error getting main window kAXErrorServerNotFound)
    t =    38.91s     Synthesize event
    t =    39.20s     Wait for com.bicterm.app to idle
    t =    40.30s Waiting 10.0s for "coder-workspace-Running-Dev" Button to exist
    t =    41.34s     Checking `Expect predicate `existsNoRetry == 1` for object "coder-workspace-Running-Dev" Button`
    t =    41.34s         Checking existence of `"coder-workspace-Running-Dev" Button`
    t =    41.42s Tap "coder-workspace-Running-Dev" Button
    t =    41.42s     Wait for com.bicterm.app to idle
    t =    41.42s     Find the "coder-workspace-Running-Dev" Button
    t =    41.49s     Check for interrupting elements affecting "coder-workspace-Running-Dev" Button
    t =    41.56s         Wait for com.apple.springboard to idle
    t =    41.58s Ignoring failure to get hierarchy for remote element in process 1995 (Error getting main window kAXErrorServerNotFound)
    t =    41.58s Ignoring failure to get hierarchy for remote element in process 1995 (Error getting main window kAXErrorServerNotFound)
    t =    41.58s     Synthesize event
    t =    41.88s     Wait for com.bicterm.app to idle
    t =    41.88s Waiting 2.0s for "Done" Button to exist
    t =    42.90s     Checking `Expect predicate `existsNoRetry == 1` for object "Done" Button`
    t =    42.90s         Checking existence of `"Done" Button`
    t =    42.98s         Capturing element debug description
    t =    43.88s     Checking `Expect predicate `existsNoRetry == 1` for object "Done" Button`
    t =    43.88s         Checking existence of `"Done" Button`
    t =    43.95s         Capturing element debug description
    t =    43.95s     Checking existence of `"Done" Button`
    t =    44.02s Collecting debug information to assist test failure triage
    t =    44.02s     Requesting snapshot of accessibility hierarchy for app with pid 31909
    t =    44.15s Checking existence of `"return" Button`
    t =    44.22s Checking existence of `"done" Button`
    t =    44.29s Checking existence of `Keyboard (First Match)`
    t =    44.42s Checking existence of `"coder-start-policy-toggle" Switch`
    t =    44.49s Find the "coder-start-policy-toggle" Switch
    t =    44.57s Waiting 5.0s for "coder-start-policy-toggle" Switch to exist
    t =    45.61s     Checking `Expect predicate `existsNoRetry == 1` for object "coder-start-policy-toggle" Switch`
    t =    45.62s         Checking existence of `"coder-start-policy-toggle" Switch`
    t =    45.69s Checking existence of `Switch (First Match)`
    t =    45.81s Tap Switch (First Match)
    t =    45.81s     Wait for com.bicterm.app to idle
    t =    45.81s     Find the Switch (First Match)
    t =    45.94s     Check for interrupting elements affecting "0" Switch
    t =    46.01s         Wait for com.apple.springboard to idle
    t =    46.04s Ignoring failure to get hierarchy for remote element in process 1995 (Error getting main window kAXErrorServerNotFound)
    t =    46.04s Ignoring failure to get hierarchy for remote element in process 1995 (Error getting main window kAXErrorServerNotFound)
    t =    46.04s     Synthesize event
    t =    46.35s     Wait for com.bicterm.app to idle
    t =    47.65s Waiting 5.0s for "coder-start-policy-confirm" Button to exist
    t =    48.68s     Checking `Expect predicate `existsNoRetry == 1` for object "coder-start-policy-confirm" Button`
    t =    48.68s         Checking existence of `"coder-start-policy-confirm" Button`
    t =    48.75s Waiting 2.0s for "coder-start-policy-confirm" Button to exist
    t =    49.80s     Checking `Expect predicate `existsNoRetry == 1` for object "coder-start-policy-confirm" Button`
    t =    49.80s         Checking existence of `"coder-start-policy-confirm" Button`
    t =    49.88s Tap "coder-start-policy-confirm" Button
    t =    49.88s     Wait for com.bicterm.app to idle
    t =    49.88s     Find the "coder-start-policy-confirm" Button
    t =    49.95s     Check for interrupting elements affecting "coder-start-policy-confirm" Button
    t =    50.03s         Wait for com.apple.springboard to idle
    t =    50.05s Ignoring failure to get hierarchy for remote element in process 1995 (Error getting main window kAXErrorServerNotFound)
    t =    50.05s Ignoring failure to get hierarchy for remote element in process 1995 (Error getting main window kAXErrorServerNotFound)
    t =    50.05s     Synthesize event
    t =    50.35s     Wait for com.bicterm.app to idle
    t =    50.73s Waiting 2.0s for "Done" Button to exist
    t =    51.76s     Checking `Expect predicate `existsNoRetry == 1` for object "Done" Button`
    t =    51.76s         Checking existence of `"Done" Button`
    t =    51.84s         Capturing element debug description
    t =    52.73s     Checking `Expect predicate `existsNoRetry == 1` for object "Done" Button`
    t =    52.73s         Checking existence of `"Done" Button`
    t =    52.81s         Capturing element debug description
    t =    52.81s     Checking existence of `"Done" Button`
    t =    52.88s Collecting debug information to assist test failure triage
    t =    52.88s     Requesting snapshot of accessibility hierarchy for app with pid 31909
    t =    53.00s Checking existence of `"return" Button`
    t =    53.07s Checking existence of `"done" Button`
    t =    53.14s Checking existence of `Keyboard (First Match)`
    t =    53.27s Swipe down Target Application 'com.bicterm.app'
    t =    53.27s     Wait for com.bicterm.app to idle
    t =    53.28s     Find the Target Application 'com.bicterm.app'
    t =    53.34s     Check for interrupting elements affecting "BicTerm" Application
    t =    53.40s         Wait for com.apple.springboard to idle
    t =    53.42s Ignoring failure to get hierarchy for remote element in process 1995 (Error getting main window kAXErrorServerNotFound)
    t =    53.42s Ignoring failure to get hierarchy for remote element in process 1995 (Error getting main window kAXErrorServerNotFound)
    t =    53.43s     Synthesize event
    t =    53.85s     Wait for com.bicterm.app to idle
    t =    54.21s Checking existence of `"key-selector" Button`
    t =    54.28s Find the "key-selector" Button
    t =    54.37s Tap "key-selector" Button
    t =    54.37s     Wait for com.bicterm.app to idle
    t =    54.37s     Find the "key-selector" Button
    t =    54.45s     Check for interrupting elements affecting "key-selector" Button
    t =    54.51s         Wait for com.apple.springboard to idle
    t =    54.54s Ignoring failure to get hierarchy for remote element in process 1995 (Error getting main window kAXErrorServerNotFound)
    t =    54.54s Ignoring failure to get hierarchy for remote element in process 1995 (Error getting main window kAXErrorServerNotFound)
    t =    54.54s     Synthesize event
    t =    54.83s     Wait for com.bicterm.app to idle
    t =    55.59s Waiting 5.0s for "key-Fixture-Ed25519" Button to exist
    t =    56.62s     Checking `Expect predicate `existsNoRetry == 1` for object "key-Fixture-Ed25519" Button`
    t =    56.62s         Checking existence of `"key-Fixture-Ed25519" Button`
    t =    56.67s Tap "key-Fixture-Ed25519" Button
    t =    56.67s     Wait for com.bicterm.app to idle
    t =    56.67s     Find the "key-Fixture-Ed25519" Button
    t =    56.71s     Check for interrupting elements affecting "key-Fixture-Ed25519" Button
    t =    56.75s         Wait for com.apple.springboard to idle
    t =    56.77s Ignoring failure to get hierarchy for remote element in process 1995 (Error getting main window kAXErrorServerNotFound)
    t =    56.77s Ignoring failure to get hierarchy for remote element in process 1995 (Error getting main window kAXErrorServerNotFound)
    t =    56.78s     Synthesize event
    t =    57.07s     Wait for com.bicterm.app to idle
    t =    57.88s Checking existence of `"save-editor" Button`
    t =    57.96s Find the "save-editor" Button
    t =    58.06s Find the "save-editor" Button
    t =    58.14s Tap "save-editor" Button
    t =    58.14s     Wait for com.bicterm.app to idle
    t =    58.14s     Find the "save-editor" Button
    t =    58.22s     Check for interrupting elements affecting "save-editor" Button
    t =    58.30s         Wait for com.apple.springboard to idle
    t =    58.32s Ignoring failure to get hierarchy for remote element in process 1995 (Error getting main window kAXErrorServerNotFound)
    t =    58.32s Ignoring failure to get hierarchy for remote element in process 1995 (Error getting main window kAXErrorServerNotFound)
    t =    58.32s     Synthesize event
    t =    58.63s     Wait for com.bicterm.app to idle
    t =    59.40s Checking existence of `"connection-Param-Case" Button`
    t =    59.45s Checking existence of `"connection-Param-Case" Button`
    t =    59.49s Terminate com.bicterm.app:31909
    t =    60.54s Open com.bicterm.app
    t =    60.55s     Launch com.bicterm.app
2026-09-08 22:43:26.257 xcodebuild[31656:29943544] [MT] IDELaunchParametersSnapshot: The operation couldn’t be completed. (DebuggerLLDB.DebuggerVersionStore.StoreError error 0.)
2026-09-08 22:43:26.257 xcodebuild[31656:29943544] [MT] IDELaunchParametersSnapshot: no debugger version
    t =    60.96s         Setting up automation session
    t =    61.72s         Wait for com.bicterm.app to idle
    t =    63.23s Checking existence of `"connection-Param-Case" Button`
    t =    63.30s Waiting 10.0s for "connection-Param-Case" Button to exist
    t =    64.33s     Checking `Expect predicate `existsNoRetry == 1` for object "connection-Param-Case" Button`
    t =    64.33s         Checking existence of `"connection-Param-Case" Button`
    t =    64.37s Checking existence of `"connection-Param-Case" Button`
    t =    64.41s Find the "connection-Param-Case" Button
    t =    64.46s Swipe left "connection-Param-Case" Button
    t =    64.46s     Wait for com.bicterm.app to idle
    t =    64.46s     Find the "connection-Param-Case" Button
    t =    64.50s     Check for interrupting elements affecting "connection-Param-Case" Button
    t =    64.53s         Wait for com.apple.springboard to idle
    t =    64.55s Ignoring failure to get hierarchy for remote element in process 1995 (Error getting main window kAXErrorServerNotFound)
    t =    64.56s Ignoring failure to get hierarchy for remote element in process 1995 (Error getting main window kAXErrorServerNotFound)
    t =    64.56s     Synthesize event
    t =    65.04s     Wait for com.bicterm.app to idle
    t =    65.70s Waiting 5.0s for "connect-Param-Case" Button to exist
    t =    66.73s     Checking `Expect predicate `existsNoRetry == 1` for object "connect-Param-Case" Button`
    t =    66.73s         Checking existence of `"connect-Param-Case" Button`
    t =    66.78s Find the "connect-Param-Case" Button
    t =    66.83s Tap "connect-Param-Case" Button
    t =    66.83s     Wait for com.bicterm.app to idle
    t =    66.84s     Find the "connect-Param-Case" Button
    t =    66.88s     Check for interrupting elements affecting "connect-Param-Case" Button
    t =    66.91s         Wait for com.apple.springboard to idle
    t =    66.93s Ignoring failure to get hierarchy for remote element in process 1995 (Error getting main window kAXErrorServerNotFound)
    t =    66.94s Ignoring failure to get hierarchy for remote element in process 1995 (Error getting main window kAXErrorServerNotFound)
    t =    66.94s     Synthesize event
    t =    67.23s     Wait for com.bicterm.app to idle
    t =    68.25s Waiting 10.0s for "coder-action-required-message" StaticText to exist
    t =    69.29s     Checking `Expect predicate `existsNoRetry == 1` for object "coder-action-required-message" StaticText`
    t =    69.29s         Checking existence of `"coder-action-required-message" StaticText`
    t =    69.34s Find the "coder-action-required-message" StaticText
    t =    69.38s Waiting 5.0s for "coder-start-post-count" StaticText to exist
    t =    70.43s     Checking `Expect predicate `existsNoRetry == 1` for object "coder-start-post-count" StaticText`
    t =    70.43s         Checking existence of `"coder-start-post-count" StaticText`
    t =    70.47s Find the "coder-start-post-count" StaticText
    t =    70.51s Checking existence of `Window (First Match)`
    t =    70.51s Find the Window (First Match)
    t =    70.69s Added attachment named 'parameter-mismatch'
    t =    70.69s Find the "coder-action-required-close" Button
    t =    70.74s Tap "coder-action-required-close" Button
    t =    70.74s     Wait for com.bicterm.app to idle
    t =    70.74s     Find the "coder-action-required-close" Button
    t =    70.78s     Check for interrupting elements affecting "coder-action-required-close" Button
    t =    70.82s         Wait for com.apple.springboard to idle
    t =    70.84s Ignoring failure to get hierarchy for remote element in process 1995 (Error getting main window kAXErrorServerNotFound)
    t =    70.84s Ignoring failure to get hierarchy for remote element in process 1995 (Error getting main window kAXErrorServerNotFound)
    t =    70.85s     Synthesize event
    t =    71.14s     Wait for com.bicterm.app to idle
    t =    71.51s Tear Down
Test Case '-[BicTermUITests.CoderAgentPickerUITests testParameterMismatchShowsActionRequiredWithoutStart]' passed (72.066 seconds).
Test Case '-[BicTermUITests.CoderAgentPickerUITests testPolicyOnStartsExactlyOnceAndConnectsAfterReady]' started.
    t =     0.00s Start Test at 2026-09-08 22:43:37.778
    t =     0.02s Set Up
    t =     0.02s Open com.bicterm.app
    t =     0.02s     Launch com.bicterm.app
    t =     0.02s         Terminate com.bicterm.app:32019
2026-09-08 22:43:38.857 xcodebuild[31656:29943544] [MT] IDELaunchParametersSnapshot: The operation couldn’t be completed. (DebuggerLLDB.DebuggerVersionStore.StoreError error 0.)
2026-09-08 22:43:38.857 xcodebuild[31656:29943544] [MT] IDELaunchParametersSnapshot: no debugger version
    t =     1.29s         Setting up automation session
    t =     2.15s         Wait for com.bicterm.app to idle
    t =     3.64s Tap "open-settings" Button
    t =     3.64s     Wait for com.bicterm.app to idle
    t =     3.65s     Find the "open-settings" Button
    t =     3.70s     Check for interrupting elements affecting "open-settings" Button
    t =     3.73s         Wait for com.apple.springboard to idle
    t =     3.75s Ignoring failure to get hierarchy for remote element in process 1995 (Error getting main window kAXErrorServerNotFound)
    t =     3.76s Ignoring failure to get hierarchy for remote element in process 1995 (Error getting main window kAXErrorServerNotFound)
    t =     3.76s     Synthesize event
    t =     4.06s     Wait for com.bicterm.app to idle
    t =     4.90s Waiting 5.0s for "settings-coder-servers" Button to exist
    t =     5.94s     Checking `Expect predicate `existsNoRetry == 1` for object "settings-coder-servers" Button`
    t =     5.94s         Checking existence of `"settings-coder-servers" Button`
    t =     5.99s Tap "settings-coder-servers" Button
    t =     5.99s     Wait for com.bicterm.app to idle
    t =     5.99s     Find the "settings-coder-servers" Button
    t =     6.02s     Check for interrupting elements affecting "settings-coder-servers" Button
    t =     6.05s         Wait for com.apple.springboard to idle
    t =     6.07s Ignoring failure to get hierarchy for remote element in process 1995 (Error getting main window kAXErrorServerNotFound)
    t =     6.07s Ignoring failure to get hierarchy for remote element in process 1995 (Error getting main window kAXErrorServerNotFound)
    t =     6.08s     Synthesize event
    t =     6.36s     Wait for com.bicterm.app to idle
    t =     7.17s Waiting 5.0s for "Coder Servers" NavigationBar to exist
    t =     8.21s     Checking `Expect predicate `existsNoRetry == 1` for object "Coder Servers" NavigationBar`
    t =     8.21s         Checking existence of `"Coder Servers" NavigationBar`
    t =     8.24s Tap "add-coder-server" Button
    t =     8.24s     Wait for com.bicterm.app to idle
    t =     8.24s     Find the "add-coder-server" Button
    t =     8.26s     Check for interrupting elements affecting "add-coder-server" Button
    t =     8.29s         Wait for com.apple.springboard to idle
    t =     8.31s Ignoring failure to get hierarchy for remote element in process 1995 (Error getting main window kAXErrorServerNotFound)
    t =     8.31s Ignoring failure to get hierarchy for remote element in process 1995 (Error getting main window kAXErrorServerNotFound)
    t =     8.31s     Synthesize event
    t =     8.61s     Wait for com.bicterm.app to idle
    t =     9.42s Waiting 5.0s for "Add Coder Server" NavigationBar to exist
    t =    10.47s     Checking `Expect predicate `existsNoRetry == 1` for object "Add Coder Server" NavigationBar`
    t =    10.48s         Checking existence of `"Add Coder Server" NavigationBar`
    t =    10.52s Find the "coder-server-name" TextField
    t =    10.56s Tap "coder-server-name" TextField
    t =    10.56s     Wait for com.bicterm.app to idle
    t =    10.57s     Find the "coder-server-name" TextField
    t =    10.59s     Check for interrupting elements affecting "coder-server-name" TextField
    t =    10.62s         Wait for com.apple.springboard to idle
    t =    10.64s Ignoring failure to get hierarchy for remote element in process 1995 (Error getting main window kAXErrorServerNotFound)
    t =    10.65s Ignoring failure to get hierarchy for remote element in process 1995 (Error getting main window kAXErrorServerNotFound)
    t =    10.65s     Synthesize event
    t =    10.94s     Wait for com.bicterm.app to idle
    t =    11.03s Find the "coder-server-name" TextField
    t =    11.13s Type 'Fixture Server' into "coder-server-name" TextField
    t =    11.13s     Wait for com.bicterm.app to idle
    t =    11.42s     Find the "coder-server-name" TextField
    t =    11.47s     Check for interrupting elements affecting "coder-server-name" TextField
    t =    11.53s         Wait for com.apple.springboard to idle
    t =    11.55s Ignoring failure to get hierarchy for remote element in process 1995 (Error getting main window kAXErrorServerNotFound)
    t =    11.55s Ignoring failure to get hierarchy for remote element in process 1995 (Error getting main window kAXErrorServerNotFound)
    t =    11.55s     Synthesize event
    t =    11.99s     Wait for com.bicterm.app to idle
    t =    11.99s Find the "coder-server-url" TextField
    t =    12.05s Tap "coder-server-url" TextField
    t =    12.05s     Wait for com.bicterm.app to idle
    t =    12.05s     Find the "coder-server-url" TextField
    t =    12.10s     Check for interrupting elements affecting "coder-server-url" TextField
    t =    12.15s         Wait for com.apple.springboard to idle
    t =    12.18s Ignoring failure to get hierarchy for remote element in process 1995 (Error getting main window kAXErrorServerNotFound)
    t =    12.18s Ignoring failure to get hierarchy for remote element in process 1995 (Error getting main window kAXErrorServerNotFound)
    t =    12.18s     Synthesize event
    t =    12.47s     Wait for com.bicterm.app to idle
    t =    12.48s Find the "coder-server-url" TextField
    t =    12.53s Type 'https://coder.exam...' into "coder-server-url" TextField
    t =    12.53s     Wait for com.bicterm.app to idle
    t =    12.53s     Find the "coder-server-url" TextField
    t =    12.58s     Check for interrupting elements affecting "coder-server-url" TextField
    t =    12.63s         Wait for com.apple.springboard to idle
    t =    12.65s Ignoring failure to get hierarchy for remote element in process 1995 (Error getting main window kAXErrorServerNotFound)
    t =    12.65s Ignoring failure to get hierarchy for remote element in process 1995 (Error getting main window kAXErrorServerNotFound)
    t =    12.66s     Synthesize event
    t =    13.28s     Wait for com.bicterm.app to idle
    t =    13.28s Find the "coder-server-token" SecureTextField
    t =    13.34s Tap "coder-server-token" SecureTextField
    t =    13.34s     Wait for com.bicterm.app to idle
    t =    13.34s     Find the "coder-server-token" SecureTextField
    t =    13.39s     Check for interrupting elements affecting "coder-server-token" SecureTextField
    t =    13.43s         Wait for com.apple.springboard to idle
    t =    13.46s Ignoring failure to get hierarchy for remote element in process 1995 (Error getting main window kAXErrorServerNotFound)
    t =    13.46s Ignoring failure to get hierarchy for remote element in process 1995 (Error getting main window kAXErrorServerNotFound)
    t =    13.46s     Synthesize event
    t =    13.76s     Wait for com.bicterm.app to idle
    t =    13.77s Find the "coder-server-token" SecureTextField
    t =    13.82s Type '...' into "coder-server-token" SecureTextField
    t =    13.82s     Wait for com.bicterm.app to idle
    t =    13.82s     Find the "coder-server-token" SecureTextField
    t =    13.87s     Check for interrupting elements affecting "coder-server-token" SecureTextField
    t =    13.91s         Wait for com.apple.springboard to idle
    t =    13.94s Ignoring failure to get hierarchy for remote element in process 1995 (Error getting main window kAXErrorServerNotFound)
    t =    13.94s Ignoring failure to get hierarchy for remote element in process 1995 (Error getting main window kAXErrorServerNotFound)
    t =    13.95s     Synthesize event
    t =    14.79s     Wait for com.bicterm.app to idle
    t =    14.80s Type '<redacted>' into "coder-server-token" SecureTextField
    t =    14.80s     Wait for com.bicterm.app to idle
    t =    14.80s     Find the "coder-server-token" SecureTextField
    t =    14.85s     Check for interrupting elements affecting "coder-server-token" SecureTextField
    t =    14.90s         Wait for com.apple.springboard to idle
    t =    14.92s Ignoring failure to get hierarchy for remote element in process 1995 (Error getting main window kAXErrorServerNotFound)
    t =    14.92s Ignoring failure to get hierarchy for remote element in process 1995 (Error getting main window kAXErrorServerNotFound)
    t =    14.93s     Synthesize event
    t =    15.28s     Wait for com.bicterm.app to idle
    t =    15.28s Tap "coder-server-validate-save" Button
    t =    15.28s     Wait for com.bicterm.app to idle
    t =    15.28s     Find the "coder-server-validate-save" Button
    t =    15.33s     Check for interrupting elements affecting "coder-server-validate-save" Button
    t =    15.38s         Wait for com.apple.springboard to idle
    t =    15.40s Ignoring failure to get hierarchy for remote element in process 1995 (Error getting main window kAXErrorServerNotFound)
    t =    15.41s Ignoring failure to get hierarchy for remote element in process 1995 (Error getting main window kAXErrorServerNotFound)
    t =    15.41s     Synthesize event
    t =    15.71s     Wait for com.bicterm.app to idle
    t =    16.65s Waiting 10.0s for "coder-server-Fixture-Server" Button to exist
    t =    17.69s     Checking `Expect predicate `existsNoRetry == 1` for object "coder-server-Fixture-Server" Button`
    t =    17.69s         Checking existence of `"coder-server-Fixture-Server" Button`
    t =    17.72s Tap Button (Element at index 0)
    t =    17.72s     Wait for com.bicterm.app to idle
    t =    17.73s     Find the Button (Element at index 0)
    t =    17.75s     Check for interrupting elements affecting "BackButton" Button
    t =    17.78s         Wait for com.apple.springboard to idle
    t =    17.80s Ignoring failure to get hierarchy for remote element in process 1995 (Error getting main window kAXErrorServerNotFound)
    t =    17.80s Ignoring failure to get hierarchy for remote element in process 1995 (Error getting main window kAXErrorServerNotFound)
    t =    17.81s     Synthesize event
    t =    18.11s     Wait for com.bicterm.app to idle
    t =    18.47s Waiting 5.0s for Button (Element at index 0) to exist
    t =    19.51s     Checking `Expect predicate `existsNoRetry == 1` for object Button (Element at index 0)`
    t =    19.51s         Checking existence of `Button (Element at index 0)`
    t =    19.54s Tap Button (Element at index 0)
    t =    19.54s     Wait for com.bicterm.app to idle
    t =    19.55s     Find the Button (Element at index 0)
    t =    19.57s     Check for interrupting elements affecting "BackButton" Button
    t =    19.60s         Wait for com.apple.springboard to idle
    t =    19.63s Ignoring failure to get hierarchy for remote element in process 1995 (Error getting main window kAXErrorServerNotFound)
    t =    19.63s Ignoring failure to get hierarchy for remote element in process 1995 (Error getting main window kAXErrorServerNotFound)
    t =    19.63s     Synthesize event
    t =    19.93s     Wait for com.bicterm.app to idle
    t =    20.74s Waiting 15.0s for "add-connection" Button to exist
    t =    21.78s     Checking `Expect predicate `existsNoRetry == 1` for object "add-connection" Button`
    t =    21.78s         Checking existence of `"add-connection" Button`
    t =    21.81s Tap "add-connection" Button
    t =    21.81s     Wait for com.bicterm.app to idle
    t =    21.81s     Find the "add-connection" Button
    t =    21.84s     Check for interrupting elements affecting "add-connection" Button
    t =    21.86s         Wait for com.apple.springboard to idle
    t =    21.89s Ignoring failure to get hierarchy for remote element in process 1995 (Error getting main window kAXErrorServerNotFound)
    t =    21.89s Ignoring failure to get hierarchy for remote element in process 1995 (Error getting main window kAXErrorServerNotFound)
    t =    21.89s     Synthesize event
    t =    22.19s     Wait for com.bicterm.app to idle
    t =    22.98s Waiting 10.0s for "field-name" TextField to exist
    t =    24.01s     Checking `Expect predicate `existsNoRetry == 1` for object "field-name" TextField`
    t =    24.01s         Checking existence of `"field-name" TextField`
    t =    24.12s Find the "field-name" TextField
    t =    24.20s Tap "field-name" TextField
    t =    24.20s     Wait for com.bicterm.app to idle
    t =    24.21s     Find the "field-name" TextField
    t =    24.27s     Check for interrupting elements affecting "field-name" TextField
    t =    24.34s         Wait for com.apple.springboard to idle
    t =    24.37s Ignoring failure to get hierarchy for remote element in process 1995 (Error getting main window kAXErrorServerNotFound)
    t =    24.37s Ignoring failure to get hierarchy for remote element in process 1995 (Error getting main window kAXErrorServerNotFound)
    t =    24.37s     Synthesize event
    t =    24.67s     Wait for com.bicterm.app to idle
    t =    25.02s Find the "field-name" TextField
    t =    25.12s Type 'Policy On' into "field-name" TextField
    t =    25.12s     Wait for com.bicterm.app to idle
    t =    25.12s     Find the "field-name" TextField
    t =    25.21s     Check for interrupting elements affecting "field-name" TextField
    t =    25.29s         Wait for com.apple.springboard to idle
    t =    25.32s Ignoring failure to get hierarchy for remote element in process 1995 (Error getting main window kAXErrorServerNotFound)
    t =    25.32s Ignoring failure to get hierarchy for remote element in process 1995 (Error getting main window kAXErrorServerNotFound)
    t =    25.32s     Synthesize event
    t =    25.67s     Wait for com.bicterm.app to idle
    t =    25.67s Tap "protocol-picker" Button
    t =    25.67s     Wait for com.bicterm.app to idle
    t =    25.67s     Find the "protocol-picker" Button
    t =    25.76s     Check for interrupting elements affecting "protocol-picker" Button
    t =    25.84s         Wait for com.apple.springboard to idle
    t =    25.86s Ignoring failure to get hierarchy for remote element in process 1995 (Error getting main window kAXErrorServerNotFound)
    t =    25.87s Ignoring failure to get hierarchy for remote element in process 1995 (Error getting main window kAXErrorServerNotFound)
    t =    25.87s     Synthesize event
    t =    26.16s     Wait for com.bicterm.app to idle
    t =    27.27s Waiting 5.0s for "Coder" Button to exist
    t =    28.30s     Checking `Expect predicate `existsNoRetry == 1` for object "Coder" Button`
    t =    28.30s         Checking existence of `"Coder" Button`
    t =    28.40s Tap "Coder" Button
    t =    28.40s     Wait for com.bicterm.app to idle
    t =    28.40s     Find the "Coder" Button
    t =    28.49s     Check for interrupting elements affecting "Coder" Button
    t =    28.57s         Wait for com.apple.springboard to idle
    t =    28.59s Ignoring failure to get hierarchy for remote element in process 1995 (Error getting main window kAXErrorServerNotFound)
    t =    28.59s Ignoring failure to get hierarchy for remote element in process 1995 (Error getting main window kAXErrorServerNotFound)
    t =    28.60s     Synthesize event
    t =    28.89s     Wait for com.bicterm.app to idle
    t =    30.37s Find the "field-host" TextField
    t =    30.45s Tap "field-host" TextField
    t =    30.45s     Wait for com.bicterm.app to idle
    t =    30.46s     Find the "field-host" TextField
    t =    30.52s     Check for interrupting elements affecting "field-host" TextField
    t =    30.59s         Wait for com.apple.springboard to idle
    t =    30.61s Ignoring failure to get hierarchy for remote element in process 1995 (Error getting main window kAXErrorServerNotFound)
    t =    30.61s Ignoring failure to get hierarchy for remote element in process 1995 (Error getting main window kAXErrorServerNotFound)
    t =    30.62s     Synthesize event
    t =    30.91s     Wait for com.bicterm.app to idle
    t =    31.24s Find the "field-host" TextField
    t =    31.33s Type 'coder.example.com' into "field-host" TextField
    t =    31.33s     Wait for com.bicterm.app to idle
    t =    31.33s     Find the "field-host" TextField
    t =    31.42s     Check for interrupting elements affecting "field-host" TextField
    t =    31.50s         Wait for com.apple.springboard to idle
    t =    31.52s Ignoring failure to get hierarchy for remote element in process 1995 (Error getting main window kAXErrorServerNotFound)
    t =    31.52s Ignoring failure to get hierarchy for remote element in process 1995 (Error getting main window kAXErrorServerNotFound)
    t =    31.53s     Synthesize event
    t =    32.01s     Wait for com.bicterm.app to idle
    t =    32.01s Find the "field-username" TextField
    t =    32.10s Tap "field-username" TextField
    t =    32.10s     Wait for com.bicterm.app to idle
    t =    32.11s     Find the "field-username" TextField
    t =    32.19s     Check for interrupting elements affecting "field-username" TextField
    t =    32.27s         Wait for com.apple.springboard to idle
    t =    32.30s Ignoring failure to get hierarchy for remote element in process 1995 (Error getting main window kAXErrorServerNotFound)
    t =    32.30s Ignoring failure to get hierarchy for remote element in process 1995 (Error getting main window kAXErrorServerNotFound)
    t =    32.30s     Synthesize event
    t =    32.59s     Wait for com.bicterm.app to idle
    t =    32.60s Find the "field-username" TextField
    t =    32.68s Type 'user' into "field-username" TextField
    t =    32.68s     Wait for com.bicterm.app to idle
    t =    32.69s     Find the "field-username" TextField
    t =    32.77s     Check for interrupting elements affecting "field-username" TextField
    t =    32.85s         Wait for com.apple.springboard to idle
    t =    32.87s Ignoring failure to get hierarchy for remote element in process 1995 (Error getting main window kAXErrorServerNotFound)
    t =    32.87s Ignoring failure to get hierarchy for remote element in process 1995 (Error getting main window kAXErrorServerNotFound)
    t =    32.88s     Synthesize event
    t =    33.14s     Wait for com.bicterm.app to idle
    t =    33.15s Waiting 2.0s for "Done" Button to exist
    t =    34.19s     Checking `Expect predicate `existsNoRetry == 1` for object "Done" Button`
    t =    34.19s         Checking existence of `"Done" Button`
    t =    34.28s Tap "Done" Button
    t =    34.28s     Wait for com.bicterm.app to idle
    t =    34.28s     Find the "Done" Button
    t =    34.37s     Check for interrupting elements affecting "Done" Button
    t =    34.45s         Wait for com.apple.springboard to idle
    t =    34.47s Ignoring failure to get hierarchy for remote element in process 1995 (Error getting main window kAXErrorServerNotFound)
    t =    34.47s Ignoring failure to get hierarchy for remote element in process 1995 (Error getting main window kAXErrorServerNotFound)
    t =    34.48s     Synthesize event
    t =    34.77s     Wait for com.bicterm.app to idle
    t =    35.57s Checking existence of `"coder-server-picker" Button`
    t =    35.64s Find the "coder-server-picker" Button
    t =    35.71s Tap "coder-server-picker" Button
    t =    35.71s     Wait for com.bicterm.app to idle
    t =    35.72s     Find the "coder-server-picker" Button
    t =    35.78s     Check for interrupting elements affecting "coder-server-picker" Button
    t =    35.85s         Wait for com.apple.springboard to idle
    t =    35.87s Ignoring failure to get hierarchy for remote element in process 1995 (Error getting main window kAXErrorServerNotFound)
    t =    35.87s Ignoring failure to get hierarchy for remote element in process 1995 (Error getting main window kAXErrorServerNotFound)
    t =    35.88s     Synthesize event
    t =    36.18s     Wait for com.bicterm.app to idle
    t =    37.60s Waiting 5.0s for "Fixture Server" Button to exist
    t =    38.65s     Checking `Expect predicate `existsNoRetry == 1` for object "Fixture Server" Button`
    t =    38.65s         Checking existence of `"Fixture Server" Button`
    t =    38.72s Tap "Fixture Server" Button
    t =    38.72s     Wait for com.bicterm.app to idle
    t =    38.73s     Find the "Fixture Server" Button
    t =    38.79s     Check for interrupting elements affecting "Fixture Server" Button
    t =    38.86s         Wait for com.apple.springboard to idle
    t =    38.89s Ignoring failure to get hierarchy for remote element in process 1995 (Error getting main window kAXErrorServerNotFound)
    t =    38.89s Ignoring failure to get hierarchy for remote element in process 1995 (Error getting main window kAXErrorServerNotFound)
    t =    38.89s     Synthesize event
    t =    39.18s     Wait for com.bicterm.app to idle
    t =    40.28s Waiting 10.0s for "coder-workspace-Running-Dev" Button to exist
    t =    41.33s     Checking `Expect predicate `existsNoRetry == 1` for object "coder-workspace-Running-Dev" Button`
    t =    41.33s         Checking existence of `"coder-workspace-Running-Dev" Button`
    t =    41.41s Tap "coder-workspace-Running-Dev" Button
    t =    41.41s     Wait for com.bicterm.app to idle
    t =    41.41s     Find the "coder-workspace-Running-Dev" Button
    t =    41.48s     Check for interrupting elements affecting "coder-workspace-Running-Dev" Button
    t =    41.55s         Wait for com.apple.springboard to idle
    t =    41.58s Ignoring failure to get hierarchy for remote element in process 1995 (Error getting main window kAXErrorServerNotFound)
    t =    41.58s Ignoring failure to get hierarchy for remote element in process 1995 (Error getting main window kAXErrorServerNotFound)
    t =    41.58s     Synthesize event
    t =    41.88s     Wait for com.bicterm.app to idle
    t =    41.88s Waiting 2.0s for "Done" Button to exist
    t =    42.89s     Checking `Expect predicate `existsNoRetry == 1` for object "Done" Button`
    t =    42.89s         Checking existence of `"Done" Button`
    t =    42.97s         Capturing element debug description
    t =    43.89s     Checking `Expect predicate `existsNoRetry == 1` for object "Done" Button`
    t =    43.89s         Checking existence of `"Done" Button`
    t =    43.96s         Capturing element debug description
    t =    43.96s     Checking existence of `"Done" Button`
    t =    44.03s Collecting debug information to assist test failure triage
    t =    44.03s     Requesting snapshot of accessibility hierarchy for app with pid 32035
    t =    44.16s Checking existence of `"return" Button`
    t =    44.23s Checking existence of `"done" Button`
    t =    44.30s Checking existence of `Keyboard (First Match)`
    t =    44.44s Checking existence of `"coder-start-policy-toggle" Switch`
    t =    44.51s Find the "coder-start-policy-toggle" Switch
    t =    44.60s Waiting 5.0s for "coder-start-policy-toggle" Switch to exist
    t =    45.63s     Checking `Expect predicate `existsNoRetry == 1` for object "coder-start-policy-toggle" Switch`
    t =    45.64s         Checking existence of `"coder-start-policy-toggle" Switch`
    t =    45.71s Checking existence of `Switch (First Match)`
    t =    45.83s Tap Switch (First Match)
    t =    45.83s     Wait for com.bicterm.app to idle
    t =    45.83s     Find the Switch (First Match)
    t =    45.96s     Check for interrupting elements affecting "0" Switch
    t =    46.03s         Wait for com.apple.springboard to idle
    t =    46.05s Ignoring failure to get hierarchy for remote element in process 1995 (Error getting main window kAXErrorServerNotFound)
    t =    46.05s Ignoring failure to get hierarchy for remote element in process 1995 (Error getting main window kAXErrorServerNotFound)
    t =    46.06s     Synthesize event
    t =    46.36s     Wait for com.bicterm.app to idle
    t =    47.67s Waiting 5.0s for "coder-start-policy-confirm" Button to exist
    t =    48.70s     Checking `Expect predicate `existsNoRetry == 1` for object "coder-start-policy-confirm" Button`
    t =    48.70s         Checking existence of `"coder-start-policy-confirm" Button`
    t =    48.77s Waiting 2.0s for "coder-start-policy-confirm" Button to exist
    t =    49.82s     Checking `Expect predicate `existsNoRetry == 1` for object "coder-start-policy-confirm" Button`
    t =    49.82s         Checking existence of `"coder-start-policy-confirm" Button`
    t =    49.89s Tap "coder-start-policy-confirm" Button
    t =    49.89s     Wait for com.bicterm.app to idle
    t =    49.89s     Find the "coder-start-policy-confirm" Button
    t =    49.96s     Check for interrupting elements affecting "coder-start-policy-confirm" Button
    t =    50.04s         Wait for com.apple.springboard to idle
    t =    50.06s Ignoring failure to get hierarchy for remote element in process 1995 (Error getting main window kAXErrorServerNotFound)
    t =    50.06s Ignoring failure to get hierarchy for remote element in process 1995 (Error getting main window kAXErrorServerNotFound)
    t =    50.06s     Synthesize event
    t =    50.37s     Wait for com.bicterm.app to idle
    t =    50.75s Waiting 2.0s for "Done" Button to exist
    t =    51.78s     Checking `Expect predicate `existsNoRetry == 1` for object "Done" Button`
    t =    51.78s         Checking existence of `"Done" Button`
    t =    51.86s         Capturing element debug description
    t =    52.75s     Checking `Expect predicate `existsNoRetry == 1` for object "Done" Button`
    t =    52.75s         Checking existence of `"Done" Button`
    t =    52.83s         Capturing element debug description
    t =    52.83s     Checking existence of `"Done" Button`
    t =    52.90s Collecting debug information to assist test failure triage
    t =    52.90s     Requesting snapshot of accessibility hierarchy for app with pid 32035
    t =    53.03s Checking existence of `"return" Button`
    t =    53.10s Checking existence of `"done" Button`
    t =    53.17s Checking existence of `Keyboard (First Match)`
    t =    53.31s Swipe down Target Application 'com.bicterm.app'
    t =    53.31s     Wait for com.bicterm.app to idle
    t =    53.32s     Find the Target Application 'com.bicterm.app'
    t =    53.38s     Check for interrupting elements affecting "BicTerm" Application
    t =    53.45s         Wait for com.apple.springboard to idle
    t =    53.47s Ignoring failure to get hierarchy for remote element in process 1995 (Error getting main window kAXErrorServerNotFound)
    t =    53.47s Ignoring failure to get hierarchy for remote element in process 1995 (Error getting main window kAXErrorServerNotFound)
    t =    53.48s     Synthesize event
    t =    53.90s     Wait for com.bicterm.app to idle
    t =    54.28s Checking existence of `"key-selector" Button`
    t =    54.36s Find the "key-selector" Button
    t =    54.44s Tap "key-selector" Button
    t =    54.44s     Wait for com.bicterm.app to idle
    t =    54.44s     Find the "key-selector" Button
    t =    54.52s     Check for interrupting elements affecting "key-selector" Button
    t =    54.58s         Wait for com.apple.springboard to idle
    t =    54.61s Ignoring failure to get hierarchy for remote element in process 1995 (Error getting main window kAXErrorServerNotFound)
    t =    54.61s Ignoring failure to get hierarchy for remote element in process 1995 (Error getting main window kAXErrorServerNotFound)
    t =    54.61s     Synthesize event
    t =    54.91s     Wait for com.bicterm.app to idle
    t =    55.64s Waiting 5.0s for "key-Fixture-Ed25519" Button to exist
    t =    56.68s     Checking `Expect predicate `existsNoRetry == 1` for object "key-Fixture-Ed25519" Button`
    t =    56.68s         Checking existence of `"key-Fixture-Ed25519" Button`
    t =    56.73s Tap "key-Fixture-Ed25519" Button
    t =    56.73s     Wait for com.bicterm.app to idle
    t =    56.73s     Find the "key-Fixture-Ed25519" Button
    t =    56.78s     Check for interrupting elements affecting "key-Fixture-Ed25519" Button
    t =    56.82s         Wait for com.apple.springboard to idle
    t =    56.84s Ignoring failure to get hierarchy for remote element in process 1995 (Error getting main window kAXErrorServerNotFound)
    t =    56.84s Ignoring failure to get hierarchy for remote element in process 1995 (Error getting main window kAXErrorServerNotFound)
    t =    56.85s     Synthesize event
    t =    57.14s     Wait for com.bicterm.app to idle
    t =    57.97s Checking existence of `"save-editor" Button`
    t =    58.05s Find the "save-editor" Button
    t =    58.14s Find the "save-editor" Button
    t =    58.21s Tap "save-editor" Button
    t =    58.21s     Wait for com.bicterm.app to idle
    t =    58.22s     Find the "save-editor" Button
    t =    58.29s     Check for interrupting elements affecting "save-editor" Button
    t =    58.36s         Wait for com.apple.springboard to idle
    t =    58.39s Ignoring failure to get hierarchy for remote element in process 1995 (Error getting main window kAXErrorServerNotFound)
    t =    58.39s Ignoring failure to get hierarchy for remote element in process 1995 (Error getting main window kAXErrorServerNotFound)
    t =    58.39s     Synthesize event
    t =    58.70s     Wait for com.bicterm.app to idle
    t =    59.47s Checking existence of `"connection-Policy-On" Button`
    t =    59.51s Checking existence of `"connection-Policy-On" Button`
    t =    59.56s Terminate com.bicterm.app:32035
    t =    60.63s Open com.bicterm.app
    t =    60.63s     Launch com.bicterm.app
2026-09-08 22:44:38.411 xcodebuild[31656:29943544] [MT] IDELaunchParametersSnapshot: The operation couldn’t be completed. (DebuggerLLDB.DebuggerVersionStore.StoreError error 0.)
2026-09-08 22:44:38.411 xcodebuild[31656:29943544] [MT] IDELaunchParametersSnapshot: no debugger version
    t =    61.05s         Setting up automation session
    t =    61.79s         Wait for com.bicterm.app to idle
    t =    63.27s Checking existence of `"connection-Policy-On" Button`
    t =    63.34s Waiting 10.0s for "connection-Policy-On" Button to exist
    t =    64.36s     Checking `Expect predicate `existsNoRetry == 1` for object "connection-Policy-On" Button`
    t =    64.36s         Checking existence of `"connection-Policy-On" Button`
    t =    64.41s Checking existence of `"connection-Policy-On" Button`
    t =    64.45s Find the "connection-Policy-On" Button
    t =    64.50s Swipe left "connection-Policy-On" Button
    t =    64.50s     Wait for com.bicterm.app to idle
    t =    64.50s     Find the "connection-Policy-On" Button
    t =    64.54s     Check for interrupting elements affecting "connection-Policy-On" Button
    t =    64.58s         Wait for com.apple.springboard to idle
    t =    64.60s Ignoring failure to get hierarchy for remote element in process 1995 (Error getting main window kAXErrorServerNotFound)
    t =    64.60s Ignoring failure to get hierarchy for remote element in process 1995 (Error getting main window kAXErrorServerNotFound)
    t =    64.61s     Synthesize event
    t =    65.07s     Wait for com.bicterm.app to idle
    t =    65.74s Waiting 5.0s for "connect-Policy-On" Button to exist
    t =    66.75s     Checking `Expect predicate `existsNoRetry == 1` for object "connect-Policy-On" Button`
    t =    66.75s         Checking existence of `"connect-Policy-On" Button`
    t =    66.80s Find the "connect-Policy-On" Button
    t =    66.85s Tap "connect-Policy-On" Button
    t =    66.85s     Wait for com.bicterm.app to idle
    t =    66.85s     Find the "connect-Policy-On" Button
    t =    66.89s     Check for interrupting elements affecting "connect-Policy-On" Button
    t =    66.93s         Wait for com.apple.springboard to idle
    t =    66.95s Ignoring failure to get hierarchy for remote element in process 1995 (Error getting main window kAXErrorServerNotFound)
    t =    66.95s Ignoring failure to get hierarchy for remote element in process 1995 (Error getting main window kAXErrorServerNotFound)
    t =    66.95s     Synthesize event
    t =    67.25s     Wait for com.bicterm.app to idle
    t =    68.25s Waiting 10.0s for "coder-start-layer-build" StaticText to exist
    t =    69.28s     Checking `Expect predicate `existsNoRetry == 1` for object "coder-start-layer-build" StaticText`
    t =    69.28s         Checking existence of `"coder-start-layer-build" StaticText`
    t =    69.34s Waiting 5.0s for "coder-start-layer-agent-lifecycle" StaticText to exist
    t =    70.39s     Checking `Expect predicate `existsNoRetry == 1` for object "coder-start-layer-agent-lifecycle" StaticText`
    t =    70.39s         Checking existence of `"coder-start-layer-agent-lifecycle" StaticText`
    t =    70.43s Waiting 5.0s for "coder-start-post-count" StaticText to exist
    t =    71.46s     Checking `Expect predicate `existsNoRetry == 1` for object "coder-start-post-count" StaticText`
    t =    71.46s         Checking existence of `"coder-start-post-count" StaticText`
    t =    71.51s Find the "coder-start-post-count" StaticText
    t =    71.55s Checking existence of `Window (First Match)`
    t =    71.55s Find the Window (First Match)
    t =    71.74s Added attachment named 'policy-layered-progress'
    t =    71.74s Waiting 30.0s for "terminalView" Any to exist
    t =    72.76s     Checking `Expect predicate `existsNoRetry == 1` for object "terminalView" Any`
    t =    72.77s         Checking existence of `"terminalView" Any`
    t =    72.89s         Capturing element debug description
    t =    73.83s     Checking `Expect predicate `existsNoRetry == 1` for object "terminalView" Any`
    t =    73.83s         Checking existence of `"terminalView" Any`
    t =    73.95s         Capturing element debug description
    t =    74.76s     Checking `Expect predicate `existsNoRetry == 1` for object "terminalView" Any`
    t =    74.76s         Checking existence of `"terminalView" Any`
    t =    74.89s         Capturing element debug description
    t =    75.81s     Checking `Expect predicate `existsNoRetry == 1` for object "terminalView" Any`
    t =    75.81s         Checking existence of `"terminalView" Any`
    t =    75.94s         Capturing element debug description
    t =    76.75s     Checking `Expect predicate `existsNoRetry == 1` for object "terminalView" Any`
    t =    76.75s         Checking existence of `"terminalView" Any`
    t =    76.88s         Capturing element debug description
    t =    77.83s     Checking `Expect predicate `existsNoRetry == 1` for object "terminalView" Any`
    t =    77.83s         Checking existence of `"terminalView" Any`
    t =    77.95s         Capturing element debug description
    t =    78.77s     Checking `Expect predicate `existsNoRetry == 1` for object "terminalView" Any`
    t =    78.77s         Checking existence of `"terminalView" Any`
    t =    78.90s         Capturing element debug description
    t =    79.74s     Checking `Expect predicate `existsNoRetry == 1` for object "terminalView" Any`
    t =    79.74s         Checking existence of `"terminalView" Any`
    t =    79.87s         Capturing element debug description
    t =    80.79s     Checking `Expect predicate `existsNoRetry == 1` for object "terminalView" Any`
    t =    80.79s         Checking existence of `"terminalView" Any`
    t =    80.93s Tear Down
Test Case '-[BicTermUITests.CoderAgentPickerUITests testPolicyOnStartsExactlyOnceAndConnectsAfterReady]' passed (81.481 seconds).
Test Case '-[BicTermUITests.CoderAgentPickerUITests testSessionInfoShowsPathWorkspaceAgentAndServerVersion]' started.
    t =     0.00s Start Test at 2026-09-08 22:44:59.260
    t =     0.02s Set Up
    t =     0.02s Open com.bicterm.app
    t =     0.02s     Launch com.bicterm.app
    t =     0.02s         Terminate com.bicterm.app:32147
2026-09-08 22:45:00.360 xcodebuild[31656:29943544] [MT] IDELaunchParametersSnapshot: The operation couldn’t be completed. (DebuggerLLDB.DebuggerVersionStore.StoreError error 0.)
2026-09-08 22:45:00.360 xcodebuild[31656:29943544] [MT] IDELaunchParametersSnapshot: no debugger version
    t =     1.52s         Setting up automation session
    t =     2.27s         Wait for com.bicterm.app to idle
    t =     3.77s Tap "open-settings" Button
    t =     3.77s     Wait for com.bicterm.app to idle
    t =     3.77s     Find the "open-settings" Button
    t =     3.83s     Check for interrupting elements affecting "open-settings" Button
    t =     3.86s         Wait for com.apple.springboard to idle
    t =     3.88s Ignoring failure to get hierarchy for remote element in process 1995 (Error getting main window kAXErrorServerNotFound)
    t =     3.88s Ignoring failure to get hierarchy for remote element in process 1995 (Error getting main window kAXErrorServerNotFound)
    t =     3.89s     Synthesize event
    t =     4.19s     Wait for com.bicterm.app to idle
    t =     4.97s Waiting 5.0s for "settings-coder-servers" Button to exist
    t =     6.02s     Checking `Expect predicate `existsNoRetry == 1` for object "settings-coder-servers" Button`
    t =     6.02s         Checking existence of `"settings-coder-servers" Button`
    t =     6.06s Tap "settings-coder-servers" Button
    t =     6.06s     Wait for com.bicterm.app to idle
    t =     6.06s     Find the "settings-coder-servers" Button
    t =     6.09s     Check for interrupting elements affecting "settings-coder-servers" Button
    t =     6.12s         Wait for com.apple.springboard to idle
    t =     6.14s Ignoring failure to get hierarchy for remote element in process 1995 (Error getting main window kAXErrorServerNotFound)
    t =     6.14s Ignoring failure to get hierarchy for remote element in process 1995 (Error getting main window kAXErrorServerNotFound)
    t =     6.15s     Synthesize event
    t =     6.43s     Wait for com.bicterm.app to idle
    t =     7.24s Waiting 5.0s for "Coder Servers" NavigationBar to exist
    t =     8.28s     Checking `Expect predicate `existsNoRetry == 1` for object "Coder Servers" NavigationBar`
    t =     8.28s         Checking existence of `"Coder Servers" NavigationBar`
    t =     8.31s Tap "add-coder-server" Button
    t =     8.31s     Wait for com.bicterm.app to idle
    t =     8.31s     Find the "add-coder-server" Button
    t =     8.33s     Check for interrupting elements affecting "add-coder-server" Button
    t =     8.35s         Wait for com.apple.springboard to idle
    t =     8.37s Ignoring failure to get hierarchy for remote element in process 1995 (Error getting main window kAXErrorServerNotFound)
    t =     8.38s Ignoring failure to get hierarchy for remote element in process 1995 (Error getting main window kAXErrorServerNotFound)
    t =     8.38s     Synthesize event
    t =     8.68s     Wait for com.bicterm.app to idle
    t =     9.45s Waiting 5.0s for "Add Coder Server" NavigationBar to exist
    t =    10.48s     Checking `Expect predicate `existsNoRetry == 1` for object "Add Coder Server" NavigationBar`
    t =    10.48s         Checking existence of `"Add Coder Server" NavigationBar`
    t =    10.53s Find the "coder-server-name" TextField
    t =    10.57s Tap "coder-server-name" TextField
    t =    10.57s     Wait for com.bicterm.app to idle
    t =    10.57s     Find the "coder-server-name" TextField
    t =    10.60s     Check for interrupting elements affecting "coder-server-name" TextField
    t =    10.63s         Wait for com.apple.springboard to idle
    t =    10.65s Ignoring failure to get hierarchy for remote element in process 1995 (Error getting main window kAXErrorServerNotFound)
    t =    10.65s Ignoring failure to get hierarchy for remote element in process 1995 (Error getting main window kAXErrorServerNotFound)
    t =    10.66s     Synthesize event
    t =    10.95s     Wait for com.bicterm.app to idle
    t =    11.05s Find the "coder-server-name" TextField
    t =    11.15s Type 'Fixture Server' into "coder-server-name" TextField
    t =    11.15s     Wait for com.bicterm.app to idle
    t =    11.44s     Find the "coder-server-name" TextField
    t =    11.49s     Check for interrupting elements affecting "coder-server-name" TextField
    t =    11.54s         Wait for com.apple.springboard to idle
    t =    11.57s Ignoring failure to get hierarchy for remote element in process 1995 (Error getting main window kAXErrorServerNotFound)
    t =    11.57s Ignoring failure to get hierarchy for remote element in process 1995 (Error getting main window kAXErrorServerNotFound)
    t =    11.57s     Synthesize event
    t =    12.00s     Wait for com.bicterm.app to idle
    t =    12.00s Find the "coder-server-url" TextField
    t =    12.07s Tap "coder-server-url" TextField
    t =    12.07s     Wait for com.bicterm.app to idle
    t =    12.07s     Find the "coder-server-url" TextField
    t =    12.12s     Check for interrupting elements affecting "coder-server-url" TextField
    t =    12.17s         Wait for com.apple.springboard to idle
    t =    12.19s Ignoring failure to get hierarchy for remote element in process 1995 (Error getting main window kAXErrorServerNotFound)
    t =    12.19s Ignoring failure to get hierarchy for remote element in process 1995 (Error getting main window kAXErrorServerNotFound)
    t =    12.20s     Synthesize event
    t =    12.49s     Wait for com.bicterm.app to idle
    t =    12.49s Find the "coder-server-url" TextField
    t =    12.54s Type 'https://coder.exam...' into "coder-server-url" TextField
    t =    12.54s     Wait for com.bicterm.app to idle
    t =    12.54s     Find the "coder-server-url" TextField
    t =    12.59s     Check for interrupting elements affecting "coder-server-url" TextField
    t =    12.64s         Wait for com.apple.springboard to idle
    t =    12.66s Ignoring failure to get hierarchy for remote element in process 1995 (Error getting main window kAXErrorServerNotFound)
    t =    12.66s Ignoring failure to get hierarchy for remote element in process 1995 (Error getting main window kAXErrorServerNotFound)
    t =    12.67s     Synthesize event
    t =    13.29s     Wait for com.bicterm.app to idle
    t =    13.29s Find the "coder-server-token" SecureTextField
    t =    13.35s Tap "coder-server-token" SecureTextField
    t =    13.35s     Wait for com.bicterm.app to idle
    t =    13.35s     Find the "coder-server-token" SecureTextField
    t =    13.40s     Check for interrupting elements affecting "coder-server-token" SecureTextField
    t =    13.45s         Wait for com.apple.springboard to idle
    t =    13.47s Ignoring failure to get hierarchy for remote element in process 1995 (Error getting main window kAXErrorServerNotFound)
    t =    13.48s Ignoring failure to get hierarchy for remote element in process 1995 (Error getting main window kAXErrorServerNotFound)
    t =    13.48s     Synthesize event
    t =    13.77s     Wait for com.bicterm.app to idle
    t =    13.77s Find the "coder-server-token" SecureTextField
    t =    13.83s Type '...' into "coder-server-token" SecureTextField
    t =    13.83s     Wait for com.bicterm.app to idle
    t =    13.83s     Find the "coder-server-token" SecureTextField
    t =    13.88s     Check for interrupting elements affecting "coder-server-token" SecureTextField
    t =    13.93s         Wait for com.apple.springboard to idle
    t =    13.95s Ignoring failure to get hierarchy for remote element in process 1995 (Error getting main window kAXErrorServerNotFound)
    t =    13.95s Ignoring failure to get hierarchy for remote element in process 1995 (Error getting main window kAXErrorServerNotFound)
    t =    13.96s     Synthesize event
    t =    14.80s     Wait for com.bicterm.app to idle
    t =    14.80s Type '<redacted>' into "coder-server-token" SecureTextField
    t =    14.80s     Wait for com.bicterm.app to idle
    t =    14.80s     Find the "coder-server-token" SecureTextField
    t =    14.85s     Check for interrupting elements affecting "coder-server-token" SecureTextField
    t =    14.90s         Wait for com.apple.springboard to idle
    t =    14.92s Ignoring failure to get hierarchy for remote element in process 1995 (Error getting main window kAXErrorServerNotFound)
    t =    14.92s Ignoring failure to get hierarchy for remote element in process 1995 (Error getting main window kAXErrorServerNotFound)
    t =    14.92s     Synthesize event
    t =    15.28s     Wait for com.bicterm.app to idle
    t =    15.28s Tap "coder-server-validate-save" Button
    t =    15.28s     Wait for com.bicterm.app to idle
    t =    15.28s     Find the "coder-server-validate-save" Button
    t =    15.33s     Check for interrupting elements affecting "coder-server-validate-save" Button
    t =    15.38s         Wait for com.apple.springboard to idle
    t =    15.41s Ignoring failure to get hierarchy for remote element in process 1995 (Error getting main window kAXErrorServerNotFound)
    t =    15.41s Ignoring failure to get hierarchy for remote element in process 1995 (Error getting main window kAXErrorServerNotFound)
    t =    15.41s     Synthesize event
    t =    15.71s     Wait for com.bicterm.app to idle
    t =    16.65s Waiting 10.0s for "coder-server-Fixture-Server" Button to exist
    t =    17.70s     Checking `Expect predicate `existsNoRetry == 1` for object "coder-server-Fixture-Server" Button`
    t =    17.70s         Checking existence of `"coder-server-Fixture-Server" Button`
    t =    17.73s Tap Button (Element at index 0)
    t =    17.73s     Wait for com.bicterm.app to idle
    t =    17.73s     Find the Button (Element at index 0)
    t =    17.76s     Check for interrupting elements affecting "BackButton" Button
    t =    17.78s         Wait for com.apple.springboard to idle
    t =    17.81s Ignoring failure to get hierarchy for remote element in process 1995 (Error getting main window kAXErrorServerNotFound)
    t =    17.81s Ignoring failure to get hierarchy for remote element in process 1995 (Error getting main window kAXErrorServerNotFound)
    t =    17.81s     Synthesize event
    t =    18.11s     Wait for com.bicterm.app to idle
    t =    18.48s Waiting 5.0s for Button (Element at index 0) to exist
    t =    19.53s     Checking `Expect predicate `existsNoRetry == 1` for object Button (Element at index 0)`
    t =    19.53s         Checking existence of `Button (Element at index 0)`
    t =    19.56s Tap Button (Element at index 0)
    t =    19.56s     Wait for com.bicterm.app to idle
    t =    19.56s     Find the Button (Element at index 0)
    t =    19.59s     Check for interrupting elements affecting "BackButton" Button
    t =    19.62s         Wait for com.apple.springboard to idle
    t =    19.65s Ignoring failure to get hierarchy for remote element in process 1995 (Error getting main window kAXErrorServerNotFound)
    t =    19.65s Ignoring failure to get hierarchy for remote element in process 1995 (Error getting main window kAXErrorServerNotFound)
    t =    19.65s     Synthesize event
    t =    19.95s     Wait for com.bicterm.app to idle
    t =    20.77s Waiting 15.0s for "add-connection" Button to exist
    t =    21.81s     Checking `Expect predicate `existsNoRetry == 1` for object "add-connection" Button`
    t =    21.81s         Checking existence of `"add-connection" Button`
    t =    21.84s Tap "add-connection" Button
    t =    21.84s     Wait for com.bicterm.app to idle
    t =    21.84s     Find the "add-connection" Button
    t =    21.87s     Check for interrupting elements affecting "add-connection" Button
    t =    21.90s         Wait for com.apple.springboard to idle
    t =    21.93s Ignoring failure to get hierarchy for remote element in process 1995 (Error getting main window kAXErrorServerNotFound)
    t =    21.93s Ignoring failure to get hierarchy for remote element in process 1995 (Error getting main window kAXErrorServerNotFound)
    t =    21.93s     Synthesize event
    t =    22.23s     Wait for com.bicterm.app to idle
    t =    23.20s Waiting 10.0s for "field-name" TextField to exist
    t =    24.24s     Checking `Expect predicate `existsNoRetry == 1` for object "field-name" TextField`
    t =    24.25s         Checking existence of `"field-name" TextField`
    t =    24.36s Find the "field-name" TextField
    t =    24.44s Tap "field-name" TextField
    t =    24.44s     Wait for com.bicterm.app to idle
    t =    24.44s     Find the "field-name" TextField
    t =    24.51s     Check for interrupting elements affecting "field-name" TextField
    t =    24.57s         Wait for com.apple.springboard to idle
    t =    24.59s Ignoring failure to get hierarchy for remote element in process 1995 (Error getting main window kAXErrorServerNotFound)
    t =    24.60s Ignoring failure to get hierarchy for remote element in process 1995 (Error getting main window kAXErrorServerNotFound)
    t =    24.60s     Synthesize event
    t =    24.89s     Wait for com.bicterm.app to idle
    t =    25.23s Find the "field-name" TextField
    t =    25.34s Type 'Info Case' into "field-name" TextField
    t =    25.34s     Wait for com.bicterm.app to idle
    t =    25.34s     Find the "field-name" TextField
    t =    25.43s     Check for interrupting elements affecting "field-name" TextField
    t =    25.52s         Wait for com.apple.springboard to idle
    t =    25.55s Ignoring failure to get hierarchy for remote element in process 1995 (Error getting main window kAXErrorServerNotFound)
    t =    25.55s Ignoring failure to get hierarchy for remote element in process 1995 (Error getting main window kAXErrorServerNotFound)
    t =    25.55s     Synthesize event
    t =    25.90s     Wait for com.bicterm.app to idle
    t =    25.91s Tap "protocol-picker" Button
    t =    25.91s     Wait for com.bicterm.app to idle
    t =    25.91s     Find the "protocol-picker" Button
    t =    26.00s     Check for interrupting elements affecting "protocol-picker" Button
    t =    26.08s         Wait for com.apple.springboard to idle
    t =    26.10s Ignoring failure to get hierarchy for remote element in process 1995 (Error getting main window kAXErrorServerNotFound)
    t =    26.10s Ignoring failure to get hierarchy for remote element in process 1995 (Error getting main window kAXErrorServerNotFound)
    t =    26.11s     Synthesize event
    t =    26.40s     Wait for com.bicterm.app to idle
    t =    27.52s Waiting 5.0s for "Coder" Button to exist
    t =    28.58s     Checking `Expect predicate `existsNoRetry == 1` for object "Coder" Button`
    t =    28.58s         Checking existence of `"Coder" Button`
    t =    28.67s Tap "Coder" Button
    t =    28.67s     Wait for com.bicterm.app to idle
    t =    28.68s     Find the "Coder" Button
    t =    28.77s     Check for interrupting elements affecting "Coder" Button
    t =    28.85s         Wait for com.apple.springboard to idle
    t =    28.87s Ignoring failure to get hierarchy for remote element in process 1995 (Error getting main window kAXErrorServerNotFound)
    t =    28.87s Ignoring failure to get hierarchy for remote element in process 1995 (Error getting main window kAXErrorServerNotFound)
    t =    28.87s     Synthesize event
    t =    29.17s     Wait for com.bicterm.app to idle
    t =    30.66s Find the "field-host" TextField
    t =    30.74s Tap "field-host" TextField
    t =    30.74s     Wait for com.bicterm.app to idle
    t =    30.74s     Find the "field-host" TextField
    t =    30.81s     Check for interrupting elements affecting "field-host" TextField
    t =    30.88s         Wait for com.apple.springboard to idle
    t =    30.90s Ignoring failure to get hierarchy for remote element in process 1995 (Error getting main window kAXErrorServerNotFound)
    t =    30.90s Ignoring failure to get hierarchy for remote element in process 1995 (Error getting main window kAXErrorServerNotFound)
    t =    30.91s     Synthesize event
    t =    31.20s     Wait for com.bicterm.app to idle
    t =    31.52s Find the "field-host" TextField
    t =    31.61s Type 'coder.example.com' into "field-host" TextField
    t =    31.61s     Wait for com.bicterm.app to idle
    t =    31.62s     Find the "field-host" TextField
    t =    31.70s     Check for interrupting elements affecting "field-host" TextField
    t =    31.78s         Wait for com.apple.springboard to idle
    t =    31.81s Ignoring failure to get hierarchy for remote element in process 1995 (Error getting main window kAXErrorServerNotFound)
    t =    31.81s Ignoring failure to get hierarchy for remote element in process 1995 (Error getting main window kAXErrorServerNotFound)
    t =    31.81s     Synthesize event
    t =    32.29s     Wait for com.bicterm.app to idle
    t =    32.29s Find the "field-username" TextField
    t =    32.38s Tap "field-username" TextField
    t =    32.38s     Wait for com.bicterm.app to idle
    t =    32.38s     Find the "field-username" TextField
    t =    32.46s     Check for interrupting elements affecting "field-username" TextField
    t =    32.54s         Wait for com.apple.springboard to idle
    t =    32.56s Ignoring failure to get hierarchy for remote element in process 1995 (Error getting main window kAXErrorServerNotFound)
    t =    32.56s Ignoring failure to get hierarchy for remote element in process 1995 (Error getting main window kAXErrorServerNotFound)
    t =    32.57s     Synthesize event
    t =    32.85s     Wait for com.bicterm.app to idle
    t =    32.86s Find the "field-username" TextField
    t =    32.95s Type 'user' into "field-username" TextField
    t =    32.95s     Wait for com.bicterm.app to idle
    t =    32.95s     Find the "field-username" TextField
    t =    33.03s     Check for interrupting elements affecting "field-username" TextField
    t =    33.11s         Wait for com.apple.springboard to idle
    t =    33.14s Ignoring failure to get hierarchy for remote element in process 1995 (Error getting main window kAXErrorServerNotFound)
    t =    33.14s Ignoring failure to get hierarchy for remote element in process 1995 (Error getting main window kAXErrorServerNotFound)
    t =    33.14s     Synthesize event
    t =    33.41s     Wait for com.bicterm.app to idle
    t =    33.41s Waiting 2.0s for "Done" Button to exist
    t =    34.43s     Checking `Expect predicate `existsNoRetry == 1` for object "Done" Button`
    t =    34.43s         Checking existence of `"Done" Button`
    t =    34.52s Tap "Done" Button
    t =    34.52s     Wait for com.bicterm.app to idle
    t =    34.52s     Find the "Done" Button
    t =    34.61s     Check for interrupting elements affecting "Done" Button
    t =    34.68s         Wait for com.apple.springboard to idle
    t =    34.71s Ignoring failure to get hierarchy for remote element in process 1995 (Error getting main window kAXErrorServerNotFound)
    t =    34.71s Ignoring failure to get hierarchy for remote element in process 1995 (Error getting main window kAXErrorServerNotFound)
    t =    34.71s     Synthesize event
    t =    35.00s     Wait for com.bicterm.app to idle
    t =    35.80s Checking existence of `"coder-server-picker" Button`
    t =    35.87s Find the "coder-server-picker" Button
    t =    35.95s Tap "coder-server-picker" Button
    t =    35.95s     Wait for com.bicterm.app to idle
    t =    35.95s     Find the "coder-server-picker" Button
    t =    36.02s     Check for interrupting elements affecting "coder-server-picker" Button
    t =    36.08s         Wait for com.apple.springboard to idle
    t =    36.11s Ignoring failure to get hierarchy for remote element in process 1995 (Error getting main window kAXErrorServerNotFound)
    t =    36.11s Ignoring failure to get hierarchy for remote element in process 1995 (Error getting main window kAXErrorServerNotFound)
    t =    36.11s     Synthesize event
    t =    36.41s     Wait for com.bicterm.app to idle
    t =    37.84s Waiting 5.0s for "Fixture Server" Button to exist
    t =    38.86s     Checking `Expect predicate `existsNoRetry == 1` for object "Fixture Server" Button`
    t =    38.86s         Checking existence of `"Fixture Server" Button`
    t =    38.93s Tap "Fixture Server" Button
    t =    38.93s     Wait for com.bicterm.app to idle
    t =    38.94s     Find the "Fixture Server" Button
    t =    39.01s     Check for interrupting elements affecting "Fixture Server" Button
    t =    39.07s         Wait for com.apple.springboard to idle
    t =    39.10s Ignoring failure to get hierarchy for remote element in process 1995 (Error getting main window kAXErrorServerNotFound)
    t =    39.10s Ignoring failure to get hierarchy for remote element in process 1995 (Error getting main window kAXErrorServerNotFound)
    t =    39.10s     Synthesize event
    t =    39.39s     Wait for com.bicterm.app to idle
    t =    40.49s Waiting 10.0s for "coder-workspace-Running-Dev" Button to exist
    t =    41.51s     Checking `Expect predicate `existsNoRetry == 1` for object "coder-workspace-Running-Dev" Button`
    t =    41.51s         Checking existence of `"coder-workspace-Running-Dev" Button`
    t =    41.62s Tap "coder-workspace-Running-Dev" Button
    t =    41.62s     Wait for com.bicterm.app to idle
    t =    41.63s     Find the "coder-workspace-Running-Dev" Button
    t =    41.70s     Check for interrupting elements affecting "coder-workspace-Running-Dev" Button
    t =    41.77s         Wait for com.apple.springboard to idle
    t =    41.80s Ignoring failure to get hierarchy for remote element in process 1995 (Error getting main window kAXErrorServerNotFound)
    t =    41.80s Ignoring failure to get hierarchy for remote element in process 1995 (Error getting main window kAXErrorServerNotFound)
    t =    41.80s     Synthesize event
    t =    42.10s     Wait for com.bicterm.app to idle
    t =    42.10s Waiting 2.0s for "Done" Button to exist
    t =    43.12s     Checking `Expect predicate `existsNoRetry == 1` for object "Done" Button`
    t =    43.12s         Checking existence of `"Done" Button`
    t =    43.20s         Capturing element debug description
    t =    44.10s     Checking `Expect predicate `existsNoRetry == 1` for object "Done" Button`
    t =    44.10s         Checking existence of `"Done" Button`
    t =    44.17s         Capturing element debug description
    t =    44.18s     Checking existence of `"Done" Button`
    t =    44.24s Collecting debug information to assist test failure triage
    t =    44.24s     Requesting snapshot of accessibility hierarchy for app with pid 32183
    t =    44.37s Checking existence of `"return" Button`
    t =    44.44s Checking existence of `"done" Button`
    t =    44.51s Checking existence of `Keyboard (First Match)`
    t =    44.65s Swipe down Target Application 'com.bicterm.app'
    t =    44.65s     Wait for com.bicterm.app to idle
    t =    44.65s     Find the Target Application 'com.bicterm.app'
    t =    44.71s     Check for interrupting elements affecting "BicTerm" Application
    t =    44.78s         Wait for com.apple.springboard to idle
    t =    44.80s Ignoring failure to get hierarchy for remote element in process 1995 (Error getting main window kAXErrorServerNotFound)
    t =    44.80s Ignoring failure to get hierarchy for remote element in process 1995 (Error getting main window kAXErrorServerNotFound)
    t =    44.81s     Synthesize event
    t =    45.23s     Wait for com.bicterm.app to idle
    t =    45.60s Checking existence of `"key-selector" Button`
    t =    45.67s Find the "key-selector" Button
    t =    45.76s Tap "key-selector" Button
    t =    45.76s     Wait for com.bicterm.app to idle
    t =    45.76s     Find the "key-selector" Button
    t =    45.84s     Check for interrupting elements affecting "key-selector" Button
    t =    45.91s         Wait for com.apple.springboard to idle
    t =    45.93s Ignoring failure to get hierarchy for remote element in process 1995 (Error getting main window kAXErrorServerNotFound)
    t =    45.93s Ignoring failure to get hierarchy for remote element in process 1995 (Error getting main window kAXErrorServerNotFound)
    t =    45.94s     Synthesize event
    t =    46.23s     Wait for com.bicterm.app to idle
    t =    46.99s Waiting 5.0s for "key-Fixture-Ed25519" Button to exist
    t =    48.04s     Checking `Expect predicate `existsNoRetry == 1` for object "key-Fixture-Ed25519" Button`
    t =    48.05s         Checking existence of `"key-Fixture-Ed25519" Button`
    t =    48.10s Tap "key-Fixture-Ed25519" Button
    t =    48.10s     Wait for com.bicterm.app to idle
    t =    48.10s     Find the "key-Fixture-Ed25519" Button
    t =    48.15s     Check for interrupting elements affecting "key-Fixture-Ed25519" Button
    t =    48.19s         Wait for com.apple.springboard to idle
    t =    48.21s Ignoring failure to get hierarchy for remote element in process 1995 (Error getting main window kAXErrorServerNotFound)
    t =    48.21s Ignoring failure to get hierarchy for remote element in process 1995 (Error getting main window kAXErrorServerNotFound)
    t =    48.22s     Synthesize event
    t =    48.51s     Wait for com.bicterm.app to idle
    t =    49.34s Checking existence of `"save-editor" Button`
    t =    49.42s Find the "save-editor" Button
    t =    49.51s Find the "save-editor" Button
    t =    49.58s Tap "save-editor" Button
    t =    49.58s     Wait for com.bicterm.app to idle
    t =    49.59s     Find the "save-editor" Button
    t =    49.67s     Check for interrupting elements affecting "save-editor" Button
    t =    49.74s         Wait for com.apple.springboard to idle
    t =    49.76s Ignoring failure to get hierarchy for remote element in process 1995 (Error getting main window kAXErrorServerNotFound)
    t =    49.76s Ignoring failure to get hierarchy for remote element in process 1995 (Error getting main window kAXErrorServerNotFound)
    t =    49.77s     Synthesize event
    t =    50.07s     Wait for com.bicterm.app to idle
    t =    50.84s Checking existence of `"connection-Info-Case" Button`
    t =    50.88s Checking existence of `"connection-Info-Case" Button`
    t =    50.92s Terminate com.bicterm.app:32183
    t =    52.00s Open com.bicterm.app
    t =    52.00s     Launch com.bicterm.app
2026-09-08 22:45:51.260 xcodebuild[31656:29943544] [MT] IDELaunchParametersSnapshot: The operation couldn’t be completed. (DebuggerLLDB.DebuggerVersionStore.StoreError error 0.)
2026-09-08 22:45:51.260 xcodebuild[31656:29943544] [MT] IDELaunchParametersSnapshot: no debugger version
    t =    52.41s         Setting up automation session
    t =    53.17s         Wait for com.bicterm.app to idle
    t =    54.72s Checking existence of `"connection-Info-Case" Button`
    t =    54.79s Waiting 10.0s for "connection-Info-Case" Button to exist
    t =    55.81s     Checking `Expect predicate `existsNoRetry == 1` for object "connection-Info-Case" Button`
    t =    55.81s         Checking existence of `"connection-Info-Case" Button`
    t =    55.85s Checking existence of `"connection-Info-Case" Button`
    t =    55.89s Find the "connection-Info-Case" Button
    t =    55.94s Swipe left "connection-Info-Case" Button
    t =    55.94s     Wait for com.bicterm.app to idle
    t =    55.94s     Find the "connection-Info-Case" Button
    t =    55.98s     Check for interrupting elements affecting "connection-Info-Case" Button
    t =    56.02s         Wait for com.apple.springboard to idle
    t =    56.04s Ignoring failure to get hierarchy for remote element in process 1995 (Error getting main window kAXErrorServerNotFound)
    t =    56.04s Ignoring failure to get hierarchy for remote element in process 1995 (Error getting main window kAXErrorServerNotFound)
    t =    56.04s     Synthesize event
    t =    56.51s     Wait for com.bicterm.app to idle
    t =    57.17s Waiting 5.0s for "connect-Info-Case" Button to exist
    t =    58.22s     Checking `Expect predicate `existsNoRetry == 1` for object "connect-Info-Case" Button`
    t =    58.22s         Checking existence of `"connect-Info-Case" Button`
    t =    58.27s Find the "connect-Info-Case" Button
    t =    58.32s Tap "connect-Info-Case" Button
    t =    58.32s     Wait for com.bicterm.app to idle
    t =    58.32s     Find the "connect-Info-Case" Button
    t =    58.37s     Check for interrupting elements affecting "connect-Info-Case" Button
    t =    58.40s         Wait for com.apple.springboard to idle
    t =    58.42s Ignoring failure to get hierarchy for remote element in process 1995 (Error getting main window kAXErrorServerNotFound)
    t =    58.42s Ignoring failure to get hierarchy for remote element in process 1995 (Error getting main window kAXErrorServerNotFound)
    t =    58.43s     Synthesize event
    t =    58.72s     Wait for com.bicterm.app to idle
    t =    59.74s Waiting 20.0s for "terminalView" Any to exist
    t =    60.79s     Checking `Expect predicate `existsNoRetry == 1` for object "terminalView" Any`
    t =    60.79s         Checking existence of `"terminalView" Any`
    t =    60.91s Waiting 5.0s for "scene-coder-info" Button to exist
    t =    61.91s     Checking `Expect predicate `existsNoRetry == 1` for object "scene-coder-info" Button`
    t =    61.91s         Checking existence of `"scene-coder-info" Button`
    t =    61.98s Tap "scene-coder-info" Button
    t =    61.98s     Wait for com.bicterm.app to idle
    t =    61.99s     Find the "scene-coder-info" Button
    t =    62.04s     Check for interrupting elements affecting "scene-coder-info" Button
    t =    62.09s         Wait for com.apple.springboard to idle
    t =    62.12s Ignoring failure to get hierarchy for remote element in process 1995 (Error getting main window kAXErrorServerNotFound)
    t =    62.12s Ignoring failure to get hierarchy for remote element in process 1995 (Error getting main window kAXErrorServerNotFound)
    t =    62.12s     Synthesize event
    t =    62.41s     Wait for com.bicterm.app to idle
    t =    62.90s Waiting 5.0s for "coder-info-path" StaticText to exist
    t =    63.93s     Checking `Expect predicate `existsNoRetry == 1` for object "coder-info-path" StaticText`
    t =    63.93s         Checking existence of `"coder-info-path" StaticText`
    t =    63.99s Find the "coder-info-path" StaticText
    t =    64.03s Waiting 5.0s for "coder-info-server" StaticText to exist
    t =    65.06s     Checking `Expect predicate `existsNoRetry == 1` for object "coder-info-server" StaticText`
    t =    65.06s         Checking existence of `"coder-info-server" StaticText`
    t =    65.12s Find the "coder-info-server" StaticText
    t =    65.17s Waiting 5.0s for "coder-info-workspace" StaticText to exist
    t =    66.21s     Checking `Expect predicate `existsNoRetry == 1` for object "coder-info-workspace" StaticText`
    t =    66.21s         Checking existence of `"coder-info-workspace" StaticText`
    t =    66.27s Waiting 5.0s for "coder-info-agent" StaticText to exist
    t =    67.29s     Checking `Expect predicate `existsNoRetry == 1` for object "coder-info-agent" StaticText`
    t =    67.29s         Checking existence of `"coder-info-agent" StaticText`
    t =    67.35s Press Target Application 'com.bicterm.app'[0.50, 0.48] for 0.1 seconds, then drag to Target Application 'com.bicterm.app'[0.50, 0.25] with velocity of 500.00 pixels per second, and then hold for 0.0 seconds 
    t =    67.35s     Wait for com.bicterm.app to idle
    t =    67.35s     Find the Target Application 'com.bicterm.app'
    t =    67.39s     Check for interrupting elements affecting "BicTerm" Application
    t =    67.44s         Wait for com.apple.springboard to idle
    t =    67.46s Ignoring failure to get hierarchy for remote element in process 1995 (Error getting main window kAXErrorServerNotFound)
    t =    67.46s Ignoring failure to get hierarchy for remote element in process 1995 (Error getting main window kAXErrorServerNotFound)
    t =    67.46s     Synthesize event
    t =    67.46s         Find the Target Application 'com.bicterm.app'
    t =    67.50s         Find the Target Application 'com.bicterm.app'
    t =    67.54s         Find the Target Application 'com.bicterm.app'
    t =    67.58s         Find the Target Application 'com.bicterm.app'
    t =    67.62s         Find the Target Application 'com.bicterm.app'
    t =    68.57s     Wait for com.bicterm.app to idle
    t =    69.27s Checking existence of `Window (First Match)`
    t =    69.28s Find the Window (First Match)
    t =    69.46s Added attachment named 'session-diagnostics'
    t =    69.46s Tear Down
Test Case '-[BicTermUITests.CoderAgentPickerUITests testSessionInfoShowsPathWorkspaceAgentAndServerVersion]' passed (69.860 seconds).
Test Case '-[BicTermUITests.CoderAgentPickerUITests testStoppedWorkspacePolicyOffShowsNotConnectableAndSendsNoStart]' started.
    t =     0.00s Start Test at 2026-09-08 22:46:09.121
    t =     0.02s Set Up
    t =     0.02s Open com.bicterm.app
    t =     0.02s     Launch com.bicterm.app
    t =     0.02s         Terminate com.bicterm.app:32284
2026-09-08 22:46:10.217 xcodebuild[31656:29943544] [MT] IDELaunchParametersSnapshot: The operation couldn’t be completed. (DebuggerLLDB.DebuggerVersionStore.StoreError error 0.)
2026-09-08 22:46:10.217 xcodebuild[31656:29943544] [MT] IDELaunchParametersSnapshot: no debugger version
    t =     1.31s         Setting up automation session
    t =     2.19s         Wait for com.bicterm.app to idle
    t =     3.73s Tap "open-settings" Button
    t =     3.73s     Wait for com.bicterm.app to idle
    t =     3.74s     Find the "open-settings" Button
    t =     3.79s     Check for interrupting elements affecting "open-settings" Button
    t =     3.82s         Wait for com.apple.springboard to idle
    t =     3.84s Ignoring failure to get hierarchy for remote element in process 1995 (Error getting main window kAXErrorServerNotFound)
    t =     3.85s Ignoring failure to get hierarchy for remote element in process 1995 (Error getting main window kAXErrorServerNotFound)
    t =     3.85s     Synthesize event
    t =     4.15s     Wait for com.bicterm.app to idle
    t =     5.01s Waiting 5.0s for "settings-coder-servers" Button to exist
    t =     6.03s     Checking `Expect predicate `existsNoRetry == 1` for object "settings-coder-servers" Button`
    t =     6.03s         Checking existence of `"settings-coder-servers" Button`
    t =     6.07s Tap "settings-coder-servers" Button
    t =     6.07s     Wait for com.bicterm.app to idle
    t =     6.08s     Find the "settings-coder-servers" Button
    t =     6.11s     Check for interrupting elements affecting "settings-coder-servers" Button
    t =     6.14s         Wait for com.apple.springboard to idle
    t =     6.16s Ignoring failure to get hierarchy for remote element in process 1995 (Error getting main window kAXErrorServerNotFound)
    t =     6.16s Ignoring failure to get hierarchy for remote element in process 1995 (Error getting main window kAXErrorServerNotFound)
    t =     6.16s     Synthesize event
    t =     6.46s     Wait for com.bicterm.app to idle
    t =     7.26s Waiting 5.0s for "Coder Servers" NavigationBar to exist
    t =     8.29s     Checking `Expect predicate `existsNoRetry == 1` for object "Coder Servers" NavigationBar`
    t =     8.29s         Checking existence of `"Coder Servers" NavigationBar`
    t =     8.32s Tap "add-coder-server" Button
    t =     8.32s     Wait for com.bicterm.app to idle
    t =     8.32s     Find the "add-coder-server" Button
    t =     8.34s     Check for interrupting elements affecting "add-coder-server" Button
    t =     8.37s         Wait for com.apple.springboard to idle
    t =     8.39s Ignoring failure to get hierarchy for remote element in process 1995 (Error getting main window kAXErrorServerNotFound)
    t =     8.39s Ignoring failure to get hierarchy for remote element in process 1995 (Error getting main window kAXErrorServerNotFound)
    t =     8.39s     Synthesize event
    t =     8.70s     Wait for com.bicterm.app to idle
    t =     9.51s Waiting 5.0s for "Add Coder Server" NavigationBar to exist
    t =    10.53s     Checking `Expect predicate `existsNoRetry == 1` for object "Add Coder Server" NavigationBar`
    t =    10.53s         Checking existence of `"Add Coder Server" NavigationBar`
    t =    10.58s Find the "coder-server-name" TextField
    t =    10.62s Tap "coder-server-name" TextField
    t =    10.62s     Wait for com.bicterm.app to idle
    t =    10.62s     Find the "coder-server-name" TextField
    t =    10.65s     Check for interrupting elements affecting "coder-server-name" TextField
    t =    10.68s         Wait for com.apple.springboard to idle
    t =    10.71s Ignoring failure to get hierarchy for remote element in process 1995 (Error getting main window kAXErrorServerNotFound)
    t =    10.71s Ignoring failure to get hierarchy for remote element in process 1995 (Error getting main window kAXErrorServerNotFound)
    t =    10.71s     Synthesize event
    t =    11.01s     Wait for com.bicterm.app to idle
    t =    11.10s Find the "coder-server-name" TextField
    t =    11.21s Type 'Fixture Server' into "coder-server-name" TextField
    t =    11.21s     Wait for com.bicterm.app to idle
    t =    11.49s     Find the "coder-server-name" TextField
    t =    11.55s     Check for interrupting elements affecting "coder-server-name" TextField
    t =    11.60s         Wait for com.apple.springboard to idle
    t =    11.62s Ignoring failure to get hierarchy for remote element in process 1995 (Error getting main window kAXErrorServerNotFound)
    t =    11.62s Ignoring failure to get hierarchy for remote element in process 1995 (Error getting main window kAXErrorServerNotFound)
    t =    11.63s     Synthesize event
    t =    12.05s     Wait for com.bicterm.app to idle
    t =    12.06s Find the "coder-server-url" TextField
    t =    12.12s Tap "coder-server-url" TextField
    t =    12.12s     Wait for com.bicterm.app to idle
    t =    12.12s     Find the "coder-server-url" TextField
    t =    12.16s     Check for interrupting elements affecting "coder-server-url" TextField
    t =    12.21s         Wait for com.apple.springboard to idle
    t =    12.23s Ignoring failure to get hierarchy for remote element in process 1995 (Error getting main window kAXErrorServerNotFound)
    t =    12.23s Ignoring failure to get hierarchy for remote element in process 1995 (Error getting main window kAXErrorServerNotFound)
    t =    12.24s     Synthesize event
    t =    12.53s     Wait for com.bicterm.app to idle
    t =    12.53s Find the "coder-server-url" TextField
    t =    12.58s Type 'https://coder.exam...' into "coder-server-url" TextField
    t =    12.58s     Wait for com.bicterm.app to idle
    t =    12.58s     Find the "coder-server-url" TextField
    t =    12.63s     Check for interrupting elements affecting "coder-server-url" TextField
    t =    12.67s         Wait for com.apple.springboard to idle
    t =    12.70s Ignoring failure to get hierarchy for remote element in process 1995 (Error getting main window kAXErrorServerNotFound)
    t =    12.70s Ignoring failure to get hierarchy for remote element in process 1995 (Error getting main window kAXErrorServerNotFound)
    t =    12.70s     Synthesize event
    t =    13.32s     Wait for com.bicterm.app to idle
    t =    13.32s Find the "coder-server-token" SecureTextField
    t =    13.38s Tap "coder-server-token" SecureTextField
    t =    13.38s     Wait for com.bicterm.app to idle
    t =    13.39s     Find the "coder-server-token" SecureTextField
    t =    13.43s     Check for interrupting elements affecting "coder-server-token" SecureTextField
    t =    13.48s         Wait for com.apple.springboard to idle
    t =    13.51s Ignoring failure to get hierarchy for remote element in process 1995 (Error getting main window kAXErrorServerNotFound)
    t =    13.51s Ignoring failure to get hierarchy for remote element in process 1995 (Error getting main window kAXErrorServerNotFound)
    t =    13.51s     Synthesize event
    t =    13.81s     Wait for com.bicterm.app to idle
    t =    13.81s Find the "coder-server-token" SecureTextField
    t =    13.86s Type '...' into "coder-server-token" SecureTextField
    t =    13.86s     Wait for com.bicterm.app to idle
    t =    13.87s     Find the "coder-server-token" SecureTextField
    t =    13.92s     Check for interrupting elements affecting "coder-server-token" SecureTextField
    t =    13.97s         Wait for com.apple.springboard to idle
    t =    13.99s Ignoring failure to get hierarchy for remote element in process 1995 (Error getting main window kAXErrorServerNotFound)
    t =    13.99s Ignoring failure to get hierarchy for remote element in process 1995 (Error getting main window kAXErrorServerNotFound)
    t =    14.00s     Synthesize event
    t =    14.85s     Wait for com.bicterm.app to idle
    t =    14.85s Type '<redacted>' into "coder-server-token" SecureTextField
    t =    14.85s     Wait for com.bicterm.app to idle
    t =    14.85s     Find the "coder-server-token" SecureTextField
    t =    14.90s     Check for interrupting elements affecting "coder-server-token" SecureTextField
    t =    14.94s         Wait for com.apple.springboard to idle
    t =    14.97s Ignoring failure to get hierarchy for remote element in process 1995 (Error getting main window kAXErrorServerNotFound)
    t =    14.97s Ignoring failure to get hierarchy for remote element in process 1995 (Error getting main window kAXErrorServerNotFound)
    t =    14.97s     Synthesize event
    t =    15.32s     Wait for com.bicterm.app to idle
    t =    15.32s Tap "coder-server-validate-save" Button
    t =    15.32s     Wait for com.bicterm.app to idle
    t =    15.33s     Find the "coder-server-validate-save" Button
    t =    15.38s     Check for interrupting elements affecting "coder-server-validate-save" Button
    t =    15.42s         Wait for com.apple.springboard to idle
    t =    15.44s Ignoring failure to get hierarchy for remote element in process 1995 (Error getting main window kAXErrorServerNotFound)
    t =    15.45s Ignoring failure to get hierarchy for remote element in process 1995 (Error getting main window kAXErrorServerNotFound)
    t =    15.45s     Synthesize event
    t =    15.74s     Wait for com.bicterm.app to idle
    t =    16.69s Waiting 10.0s for "coder-server-Fixture-Server" Button to exist
    t =    17.73s     Checking `Expect predicate `existsNoRetry == 1` for object "coder-server-Fixture-Server" Button`
    t =    17.73s         Checking existence of `"coder-server-Fixture-Server" Button`
    t =    17.76s Tap Button (Element at index 0)
    t =    17.76s     Wait for com.bicterm.app to idle
    t =    17.76s     Find the Button (Element at index 0)
    t =    17.79s     Check for interrupting elements affecting "BackButton" Button
    t =    17.81s         Wait for com.apple.springboard to idle
    t =    17.84s Ignoring failure to get hierarchy for remote element in process 1995 (Error getting main window kAXErrorServerNotFound)
    t =    17.84s Ignoring failure to get hierarchy for remote element in process 1995 (Error getting main window kAXErrorServerNotFound)
    t =    17.84s     Synthesize event
    t =    18.14s     Wait for com.bicterm.app to idle
    t =    18.51s Waiting 5.0s for Button (Element at index 0) to exist
    t =    19.53s     Checking `Expect predicate `existsNoRetry == 1` for object Button (Element at index 0)`
    t =    19.53s         Checking existence of `Button (Element at index 0)`
    t =    19.57s Tap Button (Element at index 0)
    t =    19.57s     Wait for com.bicterm.app to idle
    t =    19.57s     Find the Button (Element at index 0)
    t =    19.60s     Check for interrupting elements affecting "BackButton" Button
    t =    19.63s         Wait for com.apple.springboard to idle
    t =    19.66s Ignoring failure to get hierarchy for remote element in process 1995 (Error getting main window kAXErrorServerNotFound)
    t =    19.66s Ignoring failure to get hierarchy for remote element in process 1995 (Error getting main window kAXErrorServerNotFound)
    t =    19.66s     Synthesize event
    t =    19.96s     Wait for com.bicterm.app to idle
    t =    20.76s Waiting 15.0s for "add-connection" Button to exist
    t =    21.80s     Checking `Expect predicate `existsNoRetry == 1` for object "add-connection" Button`
    t =    21.80s         Checking existence of `"add-connection" Button`
    t =    21.82s Tap "add-connection" Button
    t =    21.82s     Wait for com.bicterm.app to idle
    t =    21.83s     Find the "add-connection" Button
    t =    21.85s     Check for interrupting elements affecting "add-connection" Button
    t =    21.88s         Wait for com.apple.springboard to idle
    t =    21.90s Ignoring failure to get hierarchy for remote element in process 1995 (Error getting main window kAXErrorServerNotFound)
    t =    21.90s Ignoring failure to get hierarchy for remote element in process 1995 (Error getting main window kAXErrorServerNotFound)
    t =    21.91s     Synthesize event
    t =    22.21s     Wait for com.bicterm.app to idle
    t =    23.09s Waiting 10.0s for "field-name" TextField to exist
    t =    24.13s     Checking `Expect predicate `existsNoRetry == 1` for object "field-name" TextField`
    t =    24.13s         Checking existence of `"field-name" TextField`
    t =    24.24s Find the "field-name" TextField
    t =    24.32s Tap "field-name" TextField
    t =    24.32s     Wait for com.bicterm.app to idle
    t =    24.32s     Find the "field-name" TextField
    t =    24.38s     Check for interrupting elements affecting "field-name" TextField
    t =    24.45s         Wait for com.apple.springboard to idle
    t =    24.48s Ignoring failure to get hierarchy for remote element in process 1995 (Error getting main window kAXErrorServerNotFound)
    t =    24.48s Ignoring failure to get hierarchy for remote element in process 1995 (Error getting main window kAXErrorServerNotFound)
    t =    24.48s     Synthesize event
    t =    24.78s     Wait for com.bicterm.app to idle
    t =    25.13s Find the "field-name" TextField
    t =    25.23s Type 'Policy Off' into "field-name" TextField
    t =    25.23s     Wait for com.bicterm.app to idle
    t =    25.23s     Find the "field-name" TextField
    t =    25.33s     Check for interrupting elements affecting "field-name" TextField
    t =    25.41s         Wait for com.apple.springboard to idle
    t =    25.44s Ignoring failure to get hierarchy for remote element in process 1995 (Error getting main window kAXErrorServerNotFound)
    t =    25.44s Ignoring failure to get hierarchy for remote element in process 1995 (Error getting main window kAXErrorServerNotFound)
    t =    25.44s     Synthesize event
    t =    25.81s     Wait for com.bicterm.app to idle
    t =    25.81s Tap "protocol-picker" Button
    t =    25.81s     Wait for com.bicterm.app to idle
    t =    25.81s     Find the "protocol-picker" Button
    t =    25.90s     Check for interrupting elements affecting "protocol-picker" Button
    t =    25.98s         Wait for com.apple.springboard to idle
    t =    26.01s Ignoring failure to get hierarchy for remote element in process 1995 (Error getting main window kAXErrorServerNotFound)
    t =    26.01s Ignoring failure to get hierarchy for remote element in process 1995 (Error getting main window kAXErrorServerNotFound)
    t =    26.02s     Synthesize event
    t =    26.32s     Wait for com.bicterm.app to idle
    t =    27.42s Waiting 5.0s for "Coder" Button to exist
    t =    28.45s     Checking `Expect predicate `existsNoRetry == 1` for object "Coder" Button`
    t =    28.45s         Checking existence of `"Coder" Button`
    t =    28.55s Tap "Coder" Button
    t =    28.55s     Wait for com.bicterm.app to idle
    t =    28.55s     Find the "Coder" Button
    t =    28.65s     Check for interrupting elements affecting "Coder" Button
    t =    28.73s         Wait for com.apple.springboard to idle
    t =    28.76s Ignoring failure to get hierarchy for remote element in process 1995 (Error getting main window kAXErrorServerNotFound)
    t =    28.76s Ignoring failure to get hierarchy for remote element in process 1995 (Error getting main window kAXErrorServerNotFound)
    t =    28.76s     Synthesize event
    t =    29.05s     Wait for com.bicterm.app to idle
    t =    30.54s Find the "field-host" TextField
    t =    30.63s Tap "field-host" TextField
    t =    30.63s     Wait for com.bicterm.app to idle
    t =    30.63s     Find the "field-host" TextField
    t =    30.70s     Check for interrupting elements affecting "field-host" TextField
    t =    30.76s         Wait for com.apple.springboard to idle
    t =    30.79s Ignoring failure to get hierarchy for remote element in process 1995 (Error getting main window kAXErrorServerNotFound)
    t =    30.79s Ignoring failure to get hierarchy for remote element in process 1995 (Error getting main window kAXErrorServerNotFound)
    t =    30.79s     Synthesize event
    t =    31.08s     Wait for com.bicterm.app to idle
    t =    31.39s Find the "field-host" TextField
    t =    31.49s Type 'coder.example.com' into "field-host" TextField
    t =    31.49s     Wait for com.bicterm.app to idle
    t =    31.49s     Find the "field-host" TextField
    t =    31.58s     Check for interrupting elements affecting "field-host" TextField
    t =    31.66s         Wait for com.apple.springboard to idle
    t =    31.69s Ignoring failure to get hierarchy for remote element in process 1995 (Error getting main window kAXErrorServerNotFound)
    t =    31.69s Ignoring failure to get hierarchy for remote element in process 1995 (Error getting main window kAXErrorServerNotFound)
    t =    31.69s     Synthesize event
    t =    32.18s     Wait for com.bicterm.app to idle
    t =    32.18s Find the "field-username" TextField
    t =    32.28s Tap "field-username" TextField
    t =    32.28s     Wait for com.bicterm.app to idle
    t =    32.28s     Find the "field-username" TextField
    t =    32.36s     Check for interrupting elements affecting "field-username" TextField
    t =    32.44s         Wait for com.apple.springboard to idle
    t =    32.46s Ignoring failure to get hierarchy for remote element in process 1995 (Error getting main window kAXErrorServerNotFound)
    t =    32.46s Ignoring failure to get hierarchy for remote element in process 1995 (Error getting main window kAXErrorServerNotFound)
    t =    32.47s     Synthesize event
    t =    32.76s     Wait for com.bicterm.app to idle
    t =    32.77s Find the "field-username" TextField
    t =    32.85s Type 'user' into "field-username" TextField
    t =    32.85s     Wait for com.bicterm.app to idle
    t =    32.85s     Find the "field-username" TextField
    t =    32.93s     Check for interrupting elements affecting "field-username" TextField
    t =    33.01s         Wait for com.apple.springboard to idle
    t =    33.04s Ignoring failure to get hierarchy for remote element in process 1995 (Error getting main window kAXErrorServerNotFound)
    t =    33.04s Ignoring failure to get hierarchy for remote element in process 1995 (Error getting main window kAXErrorServerNotFound)
    t =    33.04s     Synthesize event
    t =    33.31s     Wait for com.bicterm.app to idle
    t =    33.31s Waiting 2.0s for "Done" Button to exist
    t =    34.35s     Checking `Expect predicate `existsNoRetry == 1` for object "Done" Button`
    t =    34.35s         Checking existence of `"Done" Button`
    t =    34.44s Tap "Done" Button
    t =    34.44s     Wait for com.bicterm.app to idle
    t =    34.44s     Find the "Done" Button
    t =    34.53s     Check for interrupting elements affecting "Done" Button
    t =    34.61s         Wait for com.apple.springboard to idle
    t =    34.64s Ignoring failure to get hierarchy for remote element in process 1995 (Error getting main window kAXErrorServerNotFound)
    t =    34.64s Ignoring failure to get hierarchy for remote element in process 1995 (Error getting main window kAXErrorServerNotFound)
    t =    34.64s     Synthesize event
    t =    34.94s     Wait for com.bicterm.app to idle
    t =    35.73s Checking existence of `"coder-server-picker" Button`
    t =    35.79s Find the "coder-server-picker" Button
    t =    35.87s Tap "coder-server-picker" Button
    t =    35.87s     Wait for com.bicterm.app to idle
    t =    35.87s     Find the "coder-server-picker" Button
    t =    35.94s     Check for interrupting elements affecting "coder-server-picker" Button
    t =    36.00s         Wait for com.apple.springboard to idle
    t =    36.02s Ignoring failure to get hierarchy for remote element in process 1995 (Error getting main window kAXErrorServerNotFound)
    t =    36.03s Ignoring failure to get hierarchy for remote element in process 1995 (Error getting main window kAXErrorServerNotFound)
    t =    36.03s     Synthesize event
    t =    36.33s     Wait for com.bicterm.app to idle
    t =    37.76s Waiting 5.0s for "Fixture Server" Button to exist
    t =    38.80s     Checking `Expect predicate `existsNoRetry == 1` for object "Fixture Server" Button`
    t =    38.80s         Checking existence of `"Fixture Server" Button`
    t =    38.87s Tap "Fixture Server" Button
    t =    38.87s     Wait for com.bicterm.app to idle
    t =    38.87s     Find the "Fixture Server" Button
    t =    38.94s     Check for interrupting elements affecting "Fixture Server" Button
    t =    39.01s         Wait for com.apple.springboard to idle
    t =    39.03s Ignoring failure to get hierarchy for remote element in process 1995 (Error getting main window kAXErrorServerNotFound)
    t =    39.03s Ignoring failure to get hierarchy for remote element in process 1995 (Error getting main window kAXErrorServerNotFound)
    t =    39.04s     Synthesize event
    t =    39.33s     Wait for com.bicterm.app to idle
    t =    40.42s Waiting 10.0s for "coder-workspace-Running-Dev" Button to exist
    t =    41.45s     Checking `Expect predicate `existsNoRetry == 1` for object "coder-workspace-Running-Dev" Button`
    t =    41.45s         Checking existence of `"coder-workspace-Running-Dev" Button`
    t =    41.52s Tap "coder-workspace-Running-Dev" Button
    t =    41.52s     Wait for com.bicterm.app to idle
    t =    41.53s     Find the "coder-workspace-Running-Dev" Button
    t =    41.60s     Check for interrupting elements affecting "coder-workspace-Running-Dev" Button
    t =    41.67s         Wait for com.apple.springboard to idle
    t =    41.69s Ignoring failure to get hierarchy for remote element in process 1995 (Error getting main window kAXErrorServerNotFound)
    t =    41.69s Ignoring failure to get hierarchy for remote element in process 1995 (Error getting main window kAXErrorServerNotFound)
    t =    41.69s     Synthesize event
    t =    41.99s     Wait for com.bicterm.app to idle
    t =    41.99s Waiting 2.0s for "Done" Button to exist
    t =    43.02s     Checking `Expect predicate `existsNoRetry == 1` for object "Done" Button`
    t =    43.02s         Checking existence of `"Done" Button`
    t =    43.09s         Capturing element debug description
    t =    44.00s     Checking `Expect predicate `existsNoRetry == 1` for object "Done" Button`
    t =    44.00s         Checking existence of `"Done" Button`
    t =    44.07s         Capturing element debug description
    t =    44.07s     Checking existence of `"Done" Button`
    t =    44.14s Collecting debug information to assist test failure triage
    t =    44.14s     Requesting snapshot of accessibility hierarchy for app with pid 32317
    t =    44.27s Checking existence of `"return" Button`
    t =    44.34s Checking existence of `"done" Button`
    t =    44.40s Checking existence of `Keyboard (First Match)`
    t =    44.54s Swipe down Target Application 'com.bicterm.app'
    t =    44.54s     Wait for com.bicterm.app to idle
    t =    44.54s     Find the Target Application 'com.bicterm.app'
    t =    44.60s     Check for interrupting elements affecting "BicTerm" Application
    t =    44.67s         Wait for com.apple.springboard to idle
    t =    44.69s Ignoring failure to get hierarchy for remote element in process 1995 (Error getting main window kAXErrorServerNotFound)
    t =    44.69s Ignoring failure to get hierarchy for remote element in process 1995 (Error getting main window kAXErrorServerNotFound)
    t =    44.69s     Synthesize event
    t =    45.11s     Wait for com.bicterm.app to idle
    t =    45.49s Checking existence of `"key-selector" Button`
    t =    45.56s Find the "key-selector" Button
    t =    45.65s Tap "key-selector" Button
    t =    45.65s     Wait for com.bicterm.app to idle
    t =    45.65s     Find the "key-selector" Button
    t =    45.73s     Check for interrupting elements affecting "key-selector" Button
    t =    45.80s         Wait for com.apple.springboard to idle
    t =    45.82s Ignoring failure to get hierarchy for remote element in process 1995 (Error getting main window kAXErrorServerNotFound)
    t =    45.82s Ignoring failure to get hierarchy for remote element in process 1995 (Error getting main window kAXErrorServerNotFound)
    t =    45.82s     Synthesize event
    t =    46.12s     Wait for com.bicterm.app to idle
    t =    46.86s Waiting 5.0s for "key-Fixture-Ed25519" Button to exist
    t =    47.90s     Checking `Expect predicate `existsNoRetry == 1` for object "key-Fixture-Ed25519" Button`
    t =    47.90s         Checking existence of `"key-Fixture-Ed25519" Button`
    t =    47.96s Tap "key-Fixture-Ed25519" Button
    t =    47.96s     Wait for com.bicterm.app to idle
    t =    47.96s     Find the "key-Fixture-Ed25519" Button
    t =    48.00s     Check for interrupting elements affecting "key-Fixture-Ed25519" Button
    t =    48.05s         Wait for com.apple.springboard to idle
    t =    48.07s Ignoring failure to get hierarchy for remote element in process 1995 (Error getting main window kAXErrorServerNotFound)
    t =    48.07s Ignoring failure to get hierarchy for remote element in process 1995 (Error getting main window kAXErrorServerNotFound)
    t =    48.07s     Synthesize event
    t =    48.37s     Wait for com.bicterm.app to idle
    t =    49.19s Checking existence of `"save-editor" Button`
    t =    49.27s Find the "save-editor" Button
    t =    49.38s Find the "save-editor" Button
    t =    49.46s Tap "save-editor" Button
    t =    49.46s     Wait for com.bicterm.app to idle
    t =    49.46s     Find the "save-editor" Button
    t =    49.54s     Check for interrupting elements affecting "save-editor" Button
    t =    49.61s         Wait for com.apple.springboard to idle
    t =    49.63s Ignoring failure to get hierarchy for remote element in process 1995 (Error getting main window kAXErrorServerNotFound)
    t =    49.64s Ignoring failure to get hierarchy for remote element in process 1995 (Error getting main window kAXErrorServerNotFound)
    t =    49.64s     Synthesize event
    t =    49.94s     Wait for com.bicterm.app to idle
    t =    50.73s Checking existence of `"connection-Policy-Off" Button`
    t =    50.77s Checking existence of `"connection-Policy-Off" Button`
    t =    50.81s Terminate com.bicterm.app:32317
    t =    51.87s Open com.bicterm.app
    t =    51.87s     Launch com.bicterm.app
2026-09-08 22:47:00.990 xcodebuild[31656:29943544] [MT] IDELaunchParametersSnapshot: The operation couldn’t be completed. (DebuggerLLDB.DebuggerVersionStore.StoreError error 0.)
2026-09-08 22:47:00.990 xcodebuild[31656:29943544] [MT] IDELaunchParametersSnapshot: no debugger version
    t =    52.28s         Setting up automation session
    t =    53.05s         Wait for com.bicterm.app to idle
    t =    54.51s Checking existence of `"connection-Policy-Off" Button`
    t =    54.57s Waiting 10.0s for "connection-Policy-Off" Button to exist
    t =    55.60s     Checking `Expect predicate `existsNoRetry == 1` for object "connection-Policy-Off" Button`
    t =    55.61s         Checking existence of `"connection-Policy-Off" Button`
    t =    55.65s Checking existence of `"connection-Policy-Off" Button`
    t =    55.69s Find the "connection-Policy-Off" Button
    t =    55.74s Swipe left "connection-Policy-Off" Button
    t =    55.74s     Wait for com.bicterm.app to idle
    t =    55.74s     Find the "connection-Policy-Off" Button
    t =    55.78s     Check for interrupting elements affecting "connection-Policy-Off" Button
    t =    55.81s         Wait for com.apple.springboard to idle
    t =    55.84s Ignoring failure to get hierarchy for remote element in process 1995 (Error getting main window kAXErrorServerNotFound)
    t =    55.84s Ignoring failure to get hierarchy for remote element in process 1995 (Error getting main window kAXErrorServerNotFound)
    t =    55.84s     Synthesize event
    t =    56.31s     Wait for com.bicterm.app to idle
    t =    56.98s Waiting 5.0s for "connect-Policy-Off" Button to exist
    t =    58.02s     Checking `Expect predicate `existsNoRetry == 1` for object "connect-Policy-Off" Button`
    t =    58.02s         Checking existence of `"connect-Policy-Off" Button`
    t =    58.07s Find the "connect-Policy-Off" Button
    t =    58.12s Tap "connect-Policy-Off" Button
    t =    58.12s     Wait for com.bicterm.app to idle
    t =    58.13s     Find the "connect-Policy-Off" Button
    t =    58.18s     Check for interrupting elements affecting "connect-Policy-Off" Button
    t =    58.21s         Wait for com.apple.springboard to idle
    t =    58.23s Ignoring failure to get hierarchy for remote element in process 1995 (Error getting main window kAXErrorServerNotFound)
    t =    58.23s Ignoring failure to get hierarchy for remote element in process 1995 (Error getting main window kAXErrorServerNotFound)
    t =    58.24s     Synthesize event
    t =    58.53s     Wait for com.bicterm.app to idle
    t =    59.54s Waiting 10.0s for "coder-not-connectable-message" StaticText to exist
    t =    60.60s     Checking `Expect predicate `existsNoRetry == 1` for object "coder-not-connectable-message" StaticText`
    t =    60.60s         Checking existence of `"coder-not-connectable-message" StaticText`
    t =    60.65s Find the "coder-not-connectable-message" StaticText
    t =    60.69s Waiting 5.0s for "coder-start-post-count" StaticText to exist
    t =    61.71s     Checking `Expect predicate `existsNoRetry == 1` for object "coder-start-post-count" StaticText`
    t =    61.71s         Checking existence of `"coder-start-post-count" StaticText`
    t =    61.75s Find the "coder-start-post-count" StaticText
    t =    61.79s Checking existence of `Window (First Match)`
    t =    61.79s Find the Window (First Match)
    t =    61.96s Added attachment named 'policy-off-not-connectable'
    t =    61.97s Find the "coder-not-connectable-close" Button
    t =    62.01s Tap "coder-not-connectable-close" Button
    t =    62.01s     Wait for com.bicterm.app to idle
    t =    62.02s     Find the "coder-not-connectable-close" Button
    t =    62.05s     Check for interrupting elements affecting "coder-not-connectable-close" Button
    t =    62.09s         Wait for com.apple.springboard to idle
    t =    62.11s Ignoring failure to get hierarchy for remote element in process 1995 (Error getting main window kAXErrorServerNotFound)
    t =    62.11s Ignoring failure to get hierarchy for remote element in process 1995 (Error getting main window kAXErrorServerNotFound)
    t =    62.12s     Synthesize event
    t =    62.41s     Wait for com.bicterm.app to idle
    t =    62.80s Tear Down
Test Case '-[BicTermUITests.CoderAgentPickerUITests testStoppedWorkspacePolicyOffShowsNotConnectableAndSendsNoStart]' passed (63.413 seconds).
Test Case '-[BicTermUITests.CoderAgentPickerUITests testTwoAgentWorkspaceShowsPickerAndPersistsChoice]' started.
    t =     0.00s Start Test at 2026-09-08 22:47:12.535
    t =     0.02s Set Up
    t =     0.02s Open com.bicterm.app
    t =     0.02s     Launch com.bicterm.app
    t =     0.02s         Terminate com.bicterm.app:32409
2026-09-08 22:47:13.633 xcodebuild[31656:29943544] [MT] IDELaunchParametersSnapshot: The operation couldn’t be completed. (DebuggerLLDB.DebuggerVersionStore.StoreError error 0.)
2026-09-08 22:47:13.633 xcodebuild[31656:29943544] [MT] IDELaunchParametersSnapshot: no debugger version
    t =     1.30s         Setting up automation session
    t =     2.17s         Wait for com.bicterm.app to idle
    t =     3.69s Tap "open-settings" Button
    t =     3.69s     Wait for com.bicterm.app to idle
    t =     3.69s     Find the "open-settings" Button
    t =     3.75s     Check for interrupting elements affecting "open-settings" Button
    t =     3.78s         Wait for com.apple.springboard to idle
    t =     3.80s Ignoring failure to get hierarchy for remote element in process 1995 (Error getting main window kAXErrorServerNotFound)
    t =     3.80s Ignoring failure to get hierarchy for remote element in process 1995 (Error getting main window kAXErrorServerNotFound)
    t =     3.80s     Synthesize event
    t =     4.11s     Wait for com.bicterm.app to idle
    t =     4.91s Waiting 5.0s for "settings-coder-servers" Button to exist
    t =     5.95s     Checking `Expect predicate `existsNoRetry == 1` for object "settings-coder-servers" Button`
    t =     5.95s         Checking existence of `"settings-coder-servers" Button`
    t =     5.99s Tap "settings-coder-servers" Button
    t =     5.99s     Wait for com.bicterm.app to idle
    t =     5.99s     Find the "settings-coder-servers" Button
    t =     6.02s     Check for interrupting elements affecting "settings-coder-servers" Button
    t =     6.06s         Wait for com.apple.springboard to idle
    t =     6.08s Ignoring failure to get hierarchy for remote element in process 1995 (Error getting main window kAXErrorServerNotFound)
    t =     6.08s Ignoring failure to get hierarchy for remote element in process 1995 (Error getting main window kAXErrorServerNotFound)
    t =     6.08s     Synthesize event
    t =     6.38s     Wait for com.bicterm.app to idle
    t =     7.18s Waiting 5.0s for "Coder Servers" NavigationBar to exist
    t =     8.22s     Checking `Expect predicate `existsNoRetry == 1` for object "Coder Servers" NavigationBar`
    t =     8.22s         Checking existence of `"Coder Servers" NavigationBar`
    t =     8.25s Tap "add-coder-server" Button
    t =     8.25s     Wait for com.bicterm.app to idle
    t =     8.25s     Find the "add-coder-server" Button
    t =     8.27s     Check for interrupting elements affecting "add-coder-server" Button
    t =     8.30s         Wait for com.apple.springboard to idle
    t =     8.32s Ignoring failure to get hierarchy for remote element in process 1995 (Error getting main window kAXErrorServerNotFound)
    t =     8.32s Ignoring failure to get hierarchy for remote element in process 1995 (Error getting main window kAXErrorServerNotFound)
    t =     8.33s     Synthesize event
    t =     8.62s     Wait for com.bicterm.app to idle
    t =     9.41s Waiting 5.0s for "Add Coder Server" NavigationBar to exist
    t =    10.45s     Checking `Expect predicate `existsNoRetry == 1` for object "Add Coder Server" NavigationBar`
    t =    10.45s         Checking existence of `"Add Coder Server" NavigationBar`
    t =    10.50s Find the "coder-server-name" TextField
    t =    10.54s Tap "coder-server-name" TextField
    t =    10.54s     Wait for com.bicterm.app to idle
    t =    10.54s     Find the "coder-server-name" TextField
    t =    10.57s     Check for interrupting elements affecting "coder-server-name" TextField
    t =    10.60s         Wait for com.apple.springboard to idle
    t =    10.62s Ignoring failure to get hierarchy for remote element in process 1995 (Error getting main window kAXErrorServerNotFound)
    t =    10.62s Ignoring failure to get hierarchy for remote element in process 1995 (Error getting main window kAXErrorServerNotFound)
    t =    10.62s     Synthesize event
    t =    10.92s     Wait for com.bicterm.app to idle
    t =    11.02s Find the "coder-server-name" TextField
    t =    11.12s Type 'Fixture Server' into "coder-server-name" TextField
    t =    11.12s     Wait for com.bicterm.app to idle
    t =    11.41s     Find the "coder-server-name" TextField
    t =    11.46s     Check for interrupting elements affecting "coder-server-name" TextField
    t =    11.51s         Wait for com.apple.springboard to idle
    t =    11.54s Ignoring failure to get hierarchy for remote element in process 1995 (Error getting main window kAXErrorServerNotFound)
    t =    11.54s Ignoring failure to get hierarchy for remote element in process 1995 (Error getting main window kAXErrorServerNotFound)
    t =    11.54s     Synthesize event
    t =    11.98s     Wait for com.bicterm.app to idle
    t =    11.98s Find the "coder-server-url" TextField
    t =    12.04s Tap "coder-server-url" TextField
    t =    12.04s     Wait for com.bicterm.app to idle
    t =    12.05s     Find the "coder-server-url" TextField
    t =    12.10s     Check for interrupting elements affecting "coder-server-url" TextField
    t =    12.14s         Wait for com.apple.springboard to idle
    t =    12.17s Ignoring failure to get hierarchy for remote element in process 1995 (Error getting main window kAXErrorServerNotFound)
    t =    12.17s Ignoring failure to get hierarchy for remote element in process 1995 (Error getting main window kAXErrorServerNotFound)
    t =    12.17s     Synthesize event
    t =    12.47s     Wait for com.bicterm.app to idle
    t =    12.47s Find the "coder-server-url" TextField
    t =    12.52s Type 'https://coder.exam...' into "coder-server-url" TextField
    t =    12.52s     Wait for com.bicterm.app to idle
    t =    12.52s     Find the "coder-server-url" TextField
    t =    12.57s     Check for interrupting elements affecting "coder-server-url" TextField
    t =    12.61s         Wait for com.apple.springboard to idle
    t =    12.64s Ignoring failure to get hierarchy for remote element in process 1995 (Error getting main window kAXErrorServerNotFound)
    t =    12.64s Ignoring failure to get hierarchy for remote element in process 1995 (Error getting main window kAXErrorServerNotFound)
    t =    12.64s     Synthesize event
    t =    13.26s     Wait for com.bicterm.app to idle
    t =    13.26s Find the "coder-server-token" SecureTextField
    t =    13.32s Tap "coder-server-token" SecureTextField
    t =    13.32s     Wait for com.bicterm.app to idle
    t =    13.32s     Find the "coder-server-token" SecureTextField
    t =    13.37s     Check for interrupting elements affecting "coder-server-token" SecureTextField
    t =    13.41s         Wait for com.apple.springboard to idle
    t =    13.44s Ignoring failure to get hierarchy for remote element in process 1995 (Error getting main window kAXErrorServerNotFound)
    t =    13.44s Ignoring failure to get hierarchy for remote element in process 1995 (Error getting main window kAXErrorServerNotFound)
    t =    13.44s     Synthesize event
    t =    13.74s     Wait for com.bicterm.app to idle
    t =    13.74s Find the "coder-server-token" SecureTextField
    t =    13.79s Type '...' into "coder-server-token" SecureTextField
    t =    13.79s     Wait for com.bicterm.app to idle
    t =    13.80s     Find the "coder-server-token" SecureTextField
    t =    13.85s     Check for interrupting elements affecting "coder-server-token" SecureTextField
    t =    13.90s         Wait for com.apple.springboard to idle
    t =    13.92s Ignoring failure to get hierarchy for remote element in process 1995 (Error getting main window kAXErrorServerNotFound)
    t =    13.92s Ignoring failure to get hierarchy for remote element in process 1995 (Error getting main window kAXErrorServerNotFound)
    t =    13.93s     Synthesize event
    t =    14.78s     Wait for com.bicterm.app to idle
    t =    14.78s Type '<redacted>' into "coder-server-token" SecureTextField
    t =    14.78s     Wait for com.bicterm.app to idle
    t =    14.79s     Find the "coder-server-token" SecureTextField
    t =    14.83s     Check for interrupting elements affecting "coder-server-token" SecureTextField
    t =    14.88s         Wait for com.apple.springboard to idle
    t =    14.90s Ignoring failure to get hierarchy for remote element in process 1995 (Error getting main window kAXErrorServerNotFound)
    t =    14.90s Ignoring failure to get hierarchy for remote element in process 1995 (Error getting main window kAXErrorServerNotFound)
    t =    14.91s     Synthesize event
    t =    15.26s     Wait for com.bicterm.app to idle
    t =    15.27s Tap "coder-server-validate-save" Button
    t =    15.27s     Wait for com.bicterm.app to idle
    t =    15.27s     Find the "coder-server-validate-save" Button
    t =    15.32s     Check for interrupting elements affecting "coder-server-validate-save" Button
    t =    15.36s         Wait for com.apple.springboard to idle
    t =    15.38s Ignoring failure to get hierarchy for remote element in process 1995 (Error getting main window kAXErrorServerNotFound)
    t =    15.38s Ignoring failure to get hierarchy for remote element in process 1995 (Error getting main window kAXErrorServerNotFound)
    t =    15.39s     Synthesize event
    t =    15.68s     Wait for com.bicterm.app to idle
    t =    16.61s Waiting 10.0s for "coder-server-Fixture-Server" Button to exist
    t =    17.65s     Checking `Expect predicate `existsNoRetry == 1` for object "coder-server-Fixture-Server" Button`
    t =    17.65s         Checking existence of `"coder-server-Fixture-Server" Button`
    t =    17.68s Tap Button (Element at index 0)
    t =    17.68s     Wait for com.bicterm.app to idle
    t =    17.68s     Find the Button (Element at index 0)
    t =    17.71s     Check for interrupting elements affecting "BackButton" Button
    t =    17.74s         Wait for com.apple.springboard to idle
    t =    17.76s Ignoring failure to get hierarchy for remote element in process 1995 (Error getting main window kAXErrorServerNotFound)
    t =    17.76s Ignoring failure to get hierarchy for remote element in process 1995 (Error getting main window kAXErrorServerNotFound)
    t =    17.77s     Synthesize event
    t =    18.07s     Wait for com.bicterm.app to idle
    t =    18.43s Waiting 5.0s for Button (Element at index 0) to exist
    t =    19.49s     Checking `Expect predicate `existsNoRetry == 1` for object Button (Element at index 0)`
    t =    19.49s         Checking existence of `Button (Element at index 0)`
    t =    19.52s Tap Button (Element at index 0)
    t =    19.52s     Wait for com.bicterm.app to idle
    t =    19.53s     Find the Button (Element at index 0)
    t =    19.56s     Check for interrupting elements affecting "BackButton" Button
    t =    19.59s         Wait for com.apple.springboard to idle
    t =    19.62s Ignoring failure to get hierarchy for remote element in process 1995 (Error getting main window kAXErrorServerNotFound)
    t =    19.62s Ignoring failure to get hierarchy for remote element in process 1995 (Error getting main window kAXErrorServerNotFound)
    t =    19.62s     Synthesize event
    t =    19.91s     Wait for com.bicterm.app to idle
    t =    20.73s Waiting 15.0s for "add-connection" Button to exist
    t =    21.77s     Checking `Expect predicate `existsNoRetry == 1` for object "add-connection" Button`
    t =    21.77s         Checking existence of `"add-connection" Button`
    t =    21.80s Tap "add-connection" Button
    t =    21.80s     Wait for com.bicterm.app to idle
    t =    21.80s     Find the "add-connection" Button
    t =    21.83s     Check for interrupting elements affecting "add-connection" Button
    t =    21.85s         Wait for com.apple.springboard to idle
    t =    21.88s Ignoring failure to get hierarchy for remote element in process 1995 (Error getting main window kAXErrorServerNotFound)
    t =    21.88s Ignoring failure to get hierarchy for remote element in process 1995 (Error getting main window kAXErrorServerNotFound)
    t =    21.88s     Synthesize event
    t =    22.18s     Wait for com.bicterm.app to idle
    t =    23.06s Waiting 10.0s for "field-name" TextField to exist
    t =    24.10s     Checking `Expect predicate `existsNoRetry == 1` for object "field-name" TextField`
    t =    24.10s         Checking existence of `"field-name" TextField`
    t =    24.21s Find the "field-name" TextField
    t =    24.29s Tap "field-name" TextField
    t =    24.29s     Wait for com.bicterm.app to idle
    t =    24.29s     Find the "field-name" TextField
    t =    24.35s     Check for interrupting elements affecting "field-name" TextField
    t =    24.42s         Wait for com.apple.springboard to idle
    t =    24.44s Ignoring failure to get hierarchy for remote element in process 1995 (Error getting main window kAXErrorServerNotFound)
    t =    24.44s Ignoring failure to get hierarchy for remote element in process 1995 (Error getting main window kAXErrorServerNotFound)
    t =    24.45s     Synthesize event
    t =    24.74s     Wait for com.bicterm.app to idle
    t =    25.08s Find the "field-name" TextField
    t =    25.17s Type 'Multi Agent' into "field-name" TextField
    t =    25.17s     Wait for com.bicterm.app to idle
    t =    25.18s     Find the "field-name" TextField
    t =    25.27s     Check for interrupting elements affecting "field-name" TextField
    t =    25.35s         Wait for com.apple.springboard to idle
    t =    25.38s Ignoring failure to get hierarchy for remote element in process 1995 (Error getting main window kAXErrorServerNotFound)
    t =    25.38s Ignoring failure to get hierarchy for remote element in process 1995 (Error getting main window kAXErrorServerNotFound)
    t =    25.38s     Synthesize event
    t =    25.77s     Wait for com.bicterm.app to idle
    t =    25.77s Tap "protocol-picker" Button
    t =    25.77s     Wait for com.bicterm.app to idle
    t =    25.78s     Find the "protocol-picker" Button
    t =    25.86s     Check for interrupting elements affecting "protocol-picker" Button
    t =    25.95s         Wait for com.apple.springboard to idle
    t =    25.97s Ignoring failure to get hierarchy for remote element in process 1995 (Error getting main window kAXErrorServerNotFound)
    t =    25.97s Ignoring failure to get hierarchy for remote element in process 1995 (Error getting main window kAXErrorServerNotFound)
    t =    25.98s     Synthesize event
    t =    26.27s     Wait for com.bicterm.app to idle
    t =    27.38s Waiting 5.0s for "Coder" Button to exist
    t =    28.40s     Checking `Expect predicate `existsNoRetry == 1` for object "Coder" Button`
    t =    28.40s         Checking existence of `"Coder" Button`
    t =    28.50s Tap "Coder" Button
    t =    28.50s     Wait for com.bicterm.app to idle
    t =    28.51s     Find the "Coder" Button
    t =    28.60s     Check for interrupting elements affecting "Coder" Button
    t =    28.68s         Wait for com.apple.springboard to idle
    t =    28.71s Ignoring failure to get hierarchy for remote element in process 1995 (Error getting main window kAXErrorServerNotFound)
    t =    28.71s Ignoring failure to get hierarchy for remote element in process 1995 (Error getting main window kAXErrorServerNotFound)
    t =    28.71s     Synthesize event
    t =    29.00s     Wait for com.bicterm.app to idle
    t =    30.48s Find the "field-host" TextField
    t =    30.56s Tap "field-host" TextField
    t =    30.56s     Wait for com.bicterm.app to idle
    t =    30.56s     Find the "field-host" TextField
    t =    30.62s     Check for interrupting elements affecting "field-host" TextField
    t =    30.69s         Wait for com.apple.springboard to idle
    t =    30.71s Ignoring failure to get hierarchy for remote element in process 1995 (Error getting main window kAXErrorServerNotFound)
    t =    30.71s Ignoring failure to get hierarchy for remote element in process 1995 (Error getting main window kAXErrorServerNotFound)
    t =    30.72s     Synthesize event
    t =    31.01s     Wait for com.bicterm.app to idle
    t =    31.32s Find the "field-host" TextField
    t =    31.42s Type 'coder.example.com' into "field-host" TextField
    t =    31.42s     Wait for com.bicterm.app to idle
    t =    31.42s     Find the "field-host" TextField
    t =    31.51s     Check for interrupting elements affecting "field-host" TextField
    t =    31.59s         Wait for com.apple.springboard to idle
    t =    31.62s Ignoring failure to get hierarchy for remote element in process 1995 (Error getting main window kAXErrorServerNotFound)
    t =    31.62s Ignoring failure to get hierarchy for remote element in process 1995 (Error getting main window kAXErrorServerNotFound)
    t =    31.62s     Synthesize event
    t =    32.10s     Wait for com.bicterm.app to idle
    t =    32.11s Find the "field-username" TextField
    t =    32.20s Tap "field-username" TextField
    t =    32.20s     Wait for com.bicterm.app to idle
    t =    32.20s     Find the "field-username" TextField
    t =    32.29s     Check for interrupting elements affecting "field-username" TextField
    t =    32.37s         Wait for com.apple.springboard to idle
    t =    32.39s Ignoring failure to get hierarchy for remote element in process 1995 (Error getting main window kAXErrorServerNotFound)
    t =    32.39s Ignoring failure to get hierarchy for remote element in process 1995 (Error getting main window kAXErrorServerNotFound)
    t =    32.40s     Synthesize event
    t =    32.69s     Wait for com.bicterm.app to idle
    t =    32.69s Find the "field-username" TextField
    t =    32.78s Type 'user' into "field-username" TextField
    t =    32.78s     Wait for com.bicterm.app to idle
    t =    32.78s     Find the "field-username" TextField
    t =    32.87s     Check for interrupting elements affecting "field-username" TextField
    t =    32.95s         Wait for com.apple.springboard to idle
    t =    32.98s Ignoring failure to get hierarchy for remote element in process 1995 (Error getting main window kAXErrorServerNotFound)
    t =    32.98s Ignoring failure to get hierarchy for remote element in process 1995 (Error getting main window kAXErrorServerNotFound)
    t =    32.98s     Synthesize event
    t =    33.25s     Wait for com.bicterm.app to idle
    t =    33.25s Waiting 2.0s for "Done" Button to exist
    t =    34.28s     Checking `Expect predicate `existsNoRetry == 1` for object "Done" Button`
    t =    34.28s         Checking existence of `"Done" Button`
    t =    34.37s Tap "Done" Button
    t =    34.37s     Wait for com.bicterm.app to idle
    t =    34.37s     Find the "Done" Button
    t =    34.46s     Check for interrupting elements affecting "Done" Button
    t =    34.53s         Wait for com.apple.springboard to idle
    t =    34.56s Ignoring failure to get hierarchy for remote element in process 1995 (Error getting main window kAXErrorServerNotFound)
    t =    34.56s Ignoring failure to get hierarchy for remote element in process 1995 (Error getting main window kAXErrorServerNotFound)
    t =    34.56s     Synthesize event
    t =    34.85s     Wait for com.bicterm.app to idle
    t =    35.66s Checking existence of `"coder-server-picker" Button`
    t =    35.73s Find the "coder-server-picker" Button
    t =    35.81s Tap "coder-server-picker" Button
    t =    35.81s     Wait for com.bicterm.app to idle
    t =    35.81s     Find the "coder-server-picker" Button
    t =    35.88s     Check for interrupting elements affecting "coder-server-picker" Button
    t =    35.94s         Wait for com.apple.springboard to idle
    t =    35.97s Ignoring failure to get hierarchy for remote element in process 1995 (Error getting main window kAXErrorServerNotFound)
    t =    35.97s Ignoring failure to get hierarchy for remote element in process 1995 (Error getting main window kAXErrorServerNotFound)
    t =    35.98s     Synthesize event
    t =    36.27s     Wait for com.bicterm.app to idle
    t =    37.69s Waiting 5.0s for "Fixture Server" Button to exist
    t =    38.72s     Checking `Expect predicate `existsNoRetry == 1` for object "Fixture Server" Button`
    t =    38.72s         Checking existence of `"Fixture Server" Button`
    t =    38.79s Tap "Fixture Server" Button
    t =    38.79s     Wait for com.bicterm.app to idle
    t =    38.79s     Find the "Fixture Server" Button
    t =    38.86s     Check for interrupting elements affecting "Fixture Server" Button
    t =    38.93s         Wait for com.apple.springboard to idle
    t =    38.95s Ignoring failure to get hierarchy for remote element in process 1995 (Error getting main window kAXErrorServerNotFound)
    t =    38.95s Ignoring failure to get hierarchy for remote element in process 1995 (Error getting main window kAXErrorServerNotFound)
    t =    38.96s     Synthesize event
    t =    39.25s     Wait for com.bicterm.app to idle
    t =    40.34s Waiting 10.0s for "coder-workspace-Running-Dev" Button to exist
    t =    41.38s     Checking `Expect predicate `existsNoRetry == 1` for object "coder-workspace-Running-Dev" Button`
    t =    41.38s         Checking existence of `"coder-workspace-Running-Dev" Button`
    t =    41.46s Tap "coder-workspace-Running-Dev" Button
    t =    41.46s     Wait for com.bicterm.app to idle
    t =    41.46s     Find the "coder-workspace-Running-Dev" Button
    t =    41.54s     Check for interrupting elements affecting "coder-workspace-Running-Dev" Button
    t =    41.61s         Wait for com.apple.springboard to idle
    t =    41.63s Ignoring failure to get hierarchy for remote element in process 1995 (Error getting main window kAXErrorServerNotFound)
    t =    41.63s Ignoring failure to get hierarchy for remote element in process 1995 (Error getting main window kAXErrorServerNotFound)
    t =    41.64s     Synthesize event
    t =    41.93s     Wait for com.bicterm.app to idle
    t =    41.93s Checking existence of `"coder-agent-row" Button`
    t =    42.01s Find the "coder-agent-row" Button
    t =    42.09s Waiting 5.0s for "coder-agent-row" Button to exist
    t =    43.10s     Checking `Expect predicate `existsNoRetry == 1` for object "coder-agent-row" Button`
    t =    43.10s         Checking existence of `"coder-agent-row" Button`
    t =    43.18s Checking existence of `"connect-button" Button`
    t =    43.25s Find the "connect-button" Button
    t =    43.34s Find the "connect-button" Button
    t =    43.41s Checking existence of `StaticText (First Match)`
    t =    43.55s Tap StaticText (First Match)
    t =    43.55s     Wait for com.bicterm.app to idle
    t =    43.56s     Find the StaticText (First Match)
    t =    43.70s     Check for interrupting elements affecting "Agent" StaticText
    t =    43.77s         Wait for com.apple.springboard to idle
    t =    43.80s Ignoring failure to get hierarchy for remote element in process 1995 (Error getting main window kAXErrorServerNotFound)
    t =    43.80s Ignoring failure to get hierarchy for remote element in process 1995 (Error getting main window kAXErrorServerNotFound)
    t =    43.80s     Synthesize event
    t =    44.10s     Wait for com.bicterm.app to idle
    t =    44.88s Waiting 5.0s for "coder-agent-main" Button to exist
    t =    45.91s     Checking `Expect predicate `existsNoRetry == 1` for object "coder-agent-main" Button`
    t =    45.91s         Checking existence of `"coder-agent-main" Button`
    t =    45.96s Checking existence of `Window (First Match)`
    t =    45.97s Find the Window (First Match)
    t =    46.15s Added attachment named 'multi-agent-picker'
    t =    46.15s Tap "coder-agent-main" Button
    t =    46.15s     Wait for com.bicterm.app to idle
    t =    46.16s     Find the "coder-agent-main" Button
    t =    46.21s     Check for interrupting elements affecting "coder-agent-main" Button
    t =    46.25s         Wait for com.apple.springboard to idle
    t =    46.28s Ignoring failure to get hierarchy for remote element in process 1995 (Error getting main window kAXErrorServerNotFound)
    t =    46.28s Ignoring failure to get hierarchy for remote element in process 1995 (Error getting main window kAXErrorServerNotFound)
    t =    46.28s     Synthesize event
    t =    46.57s     Wait for com.bicterm.app to idle
    t =    47.39s Checking existence of `"coder-agent-row" Button`
    t =    47.47s Find the "coder-agent-row" Button
    t =    47.57s Waiting 5.0s for "coder-agent-row" Button to exist
    t =    48.60s     Checking `Expect predicate `existsNoRetry == 1` for object "coder-agent-row" Button`
    t =    48.60s         Checking existence of `"coder-agent-row" Button`
    t =    48.68s Find the "coder-agent-row" Button
    t =    48.76s Checking existence of `Window (First Match)`
    t =    48.76s Find the Window (First Match)
    t =    48.95s Added attachment named 'selected-agent-in-editor'
    t =    48.95s Waiting 2.0s for "Done" Button to exist
    t =    49.99s     Checking `Expect predicate `existsNoRetry == 1` for object "Done" Button`
    t =    49.99s         Checking existence of `"Done" Button`
    t =    50.07s         Capturing element debug description
    t =    50.95s     Checking `Expect predicate `existsNoRetry == 1` for object "Done" Button`
    t =    50.95s         Checking existence of `"Done" Button`
    t =    51.03s         Capturing element debug description
    t =    51.03s     Checking existence of `"Done" Button`
    t =    51.11s Collecting debug information to assist test failure triage
    t =    51.11s     Requesting snapshot of accessibility hierarchy for app with pid 32432
    t =    51.24s Checking existence of `"return" Button`
    t =    51.31s Checking existence of `"done" Button`
    t =    51.38s Checking existence of `Keyboard (First Match)`
    t =    51.52s Swipe down Target Application 'com.bicterm.app'
    t =    51.52s     Wait for com.bicterm.app to idle
    t =    51.52s     Find the Target Application 'com.bicterm.app'
    t =    51.58s     Check for interrupting elements affecting "BicTerm" Application
    t =    51.65s         Wait for com.apple.springboard to idle
    t =    51.68s Ignoring failure to get hierarchy for remote element in process 1995 (Error getting main window kAXErrorServerNotFound)
    t =    51.68s Ignoring failure to get hierarchy for remote element in process 1995 (Error getting main window kAXErrorServerNotFound)
    t =    51.68s     Synthesize event
    t =    52.09s     Wait for com.bicterm.app to idle
    t =    52.47s Checking existence of `"key-selector" Button`
    t =    52.55s Find the "key-selector" Button
    t =    52.64s Tap "key-selector" Button
    t =    52.64s     Wait for com.bicterm.app to idle
    t =    52.64s     Find the "key-selector" Button
    t =    52.72s     Check for interrupting elements affecting "key-selector" Button
    t =    52.79s         Wait for com.apple.springboard to idle
    t =    52.81s Ignoring failure to get hierarchy for remote element in process 1995 (Error getting main window kAXErrorServerNotFound)
    t =    52.81s Ignoring failure to get hierarchy for remote element in process 1995 (Error getting main window kAXErrorServerNotFound)
    t =    52.82s     Synthesize event
    t =    53.11s     Wait for com.bicterm.app to idle
    t =    53.85s Waiting 5.0s for "key-Fixture-Ed25519" Button to exist
    t =    54.87s     Checking `Expect predicate `existsNoRetry == 1` for object "key-Fixture-Ed25519" Button`
    t =    54.87s         Checking existence of `"key-Fixture-Ed25519" Button`
    t =    54.92s Tap "key-Fixture-Ed25519" Button
    t =    54.92s     Wait for com.bicterm.app to idle
    t =    54.93s     Find the "key-Fixture-Ed25519" Button
    t =    54.97s     Check for interrupting elements affecting "key-Fixture-Ed25519" Button
    t =    55.01s         Wait for com.apple.springboard to idle
    t =    55.03s Ignoring failure to get hierarchy for remote element in process 1995 (Error getting main window kAXErrorServerNotFound)
    t =    55.04s Ignoring failure to get hierarchy for remote element in process 1995 (Error getting main window kAXErrorServerNotFound)
    t =    55.04s     Synthesize event
    t =    55.34s     Wait for com.bicterm.app to idle
    t =    56.15s Checking existence of `"connect-button" Button`
    t =    56.22s Find the "connect-button" Button
    t =    56.32s Find the "connect-button" Button
    t =    56.40s Tap "connect-button" Button
    t =    56.40s     Wait for com.bicterm.app to idle
    t =    56.40s     Find the "connect-button" Button
    t =    56.48s     Check for interrupting elements affecting "connect-button" Button
    t =    56.56s         Wait for com.apple.springboard to idle
    t =    56.58s Ignoring failure to get hierarchy for remote element in process 1995 (Error getting main window kAXErrorServerNotFound)
    t =    56.59s Ignoring failure to get hierarchy for remote element in process 1995 (Error getting main window kAXErrorServerNotFound)
    t =    56.59s     Synthesize event
    t =    56.89s     Wait for com.bicterm.app to idle
    t =    57.38s Waiting 20.0s for "terminalView" Any to exist
    t =    58.42s     Checking `Expect predicate `existsNoRetry == 1` for object "terminalView" Any`
    t =    58.42s         Checking existence of `"terminalView" Any`
    t =    58.55s Terminate com.bicterm.app:32432
    t =    59.60s Open com.bicterm.app
    t =    59.61s     Launch com.bicterm.app
2026-09-08 22:48:12.141 xcodebuild[31656:29943544] [MT] IDELaunchParametersSnapshot: The operation couldn’t be completed. (DebuggerLLDB.DebuggerVersionStore.StoreError error 0.)
2026-09-08 22:48:12.141 xcodebuild[31656:29943544] [MT] IDELaunchParametersSnapshot: no debugger version
    t =    59.82s         Setting up automation session
    t =    60.67s         Wait for com.bicterm.app to idle
    t =    62.18s Checking existence of `"connection-Multi-Agent" Button`
    t =    62.25s Checking existence of `"connection-Multi-Agent" Button`
    t =    62.29s Find the "connection-Multi-Agent" Button
    t =    62.34s Swipe left "connection-Multi-Agent" Button
    t =    62.34s     Wait for com.bicterm.app to idle
    t =    62.35s     Find the "connection-Multi-Agent" Button
    t =    62.38s     Check for interrupting elements affecting "connection-Multi-Agent" Button
    t =    62.42s         Wait for com.apple.springboard to idle
    t =    62.44s Ignoring failure to get hierarchy for remote element in process 1995 (Error getting main window kAXErrorServerNotFound)
    t =    62.44s Ignoring failure to get hierarchy for remote element in process 1995 (Error getting main window kAXErrorServerNotFound)
    t =    62.45s     Synthesize event
    t =    62.91s     Wait for com.bicterm.app to idle
    t =    63.58s Waiting 5.0s for "edit-Multi-Agent" Button to exist
    t =    64.60s     Checking `Expect predicate `existsNoRetry == 1` for object "edit-Multi-Agent" Button`
    t =    64.60s         Checking existence of `"edit-Multi-Agent" Button`
    t =    64.66s Find the "edit-Multi-Agent" Button
    t =    64.71s Tap "edit-Multi-Agent" Button
    t =    64.71s     Wait for com.bicterm.app to idle
    t =    64.71s     Find the "edit-Multi-Agent" Button
    t =    64.76s     Check for interrupting elements affecting "edit-Multi-Agent" Button
    t =    64.79s         Wait for com.apple.springboard to idle
    t =    64.81s Ignoring failure to get hierarchy for remote element in process 1995 (Error getting main window kAXErrorServerNotFound)
    t =    64.81s Ignoring failure to get hierarchy for remote element in process 1995 (Error getting main window kAXErrorServerNotFound)
    t =    64.82s     Synthesize event
    t =    65.11s     Wait for com.bicterm.app to idle
    t =    66.14s Checking existence of `"coder-agent-row" Button`
    t =    66.26s Find the "coder-agent-row" Button
    t =    66.35s Waiting 5.0s for "coder-agent-row" Button to exist
    t =    67.41s     Checking `Expect predicate `existsNoRetry == 1` for object "coder-agent-row" Button`
    t =    67.41s         Checking existence of `"coder-agent-row" Button`
    t =    67.49s Find the "coder-agent-row" Button
    t =    67.56s Checking existence of `StaticText (First Match)`
    t =    67.70s Tap StaticText (First Match)
    t =    67.70s     Wait for com.bicterm.app to idle
    t =    67.71s     Find the StaticText (First Match)
    t =    67.85s     Check for interrupting elements affecting "Agent" StaticText
    t =    67.92s         Wait for com.apple.springboard to idle
    t =    67.94s Ignoring failure to get hierarchy for remote element in process 1995 (Error getting main window kAXErrorServerNotFound)
    t =    67.95s Ignoring failure to get hierarchy for remote element in process 1995 (Error getting main window kAXErrorServerNotFound)
    t =    67.95s     Synthesize event
    t =    68.24s     Wait for com.bicterm.app to idle
    t =    69.03s Waiting 5.0s for "coder-agent-main" Button to exist
    t =    70.08s     Checking `Expect predicate `existsNoRetry == 1` for object "coder-agent-main" Button`
    t =    70.08s         Checking existence of `"coder-agent-main" Button`
    t =    70.14s Find the "coder-agent-main" Button
    t =    70.19s Tap "coder-agent-picker-cancel" Button
    t =    70.19s     Wait for com.bicterm.app to idle
    t =    70.19s     Find the "coder-agent-picker-cancel" Button
    t =    70.24s     Check for interrupting elements affecting "coder-agent-picker-cancel" Button
    t =    70.29s         Wait for com.apple.springboard to idle
    t =    70.31s Ignoring failure to get hierarchy for remote element in process 1995 (Error getting main window kAXErrorServerNotFound)
    t =    70.31s Ignoring failure to get hierarchy for remote element in process 1995 (Error getting main window kAXErrorServerNotFound)
    t =    70.32s     Synthesize event
    t =    70.62s     Wait for com.bicterm.app to idle
    t =    71.42s Tear Down
Test Case '-[BicTermUITests.CoderAgentPickerUITests testTwoAgentWorkspaceShowsPickerAndPersistsChoice]' passed (71.995 seconds).
Test Suite 'CoderAgentPickerUITests' passed at 2026-09-08 22:48:24.530.
	 Executed 6 tests, with 0 failures (0 unexpected) in 431.528 (431.533) seconds
Test Suite 'CoderEditorFocusUITests' started at 2026-09-08 22:48:24.531.
Test Case '-[BicTermUITests.CoderEditorFocusUITests testServerRowCenterOpensSavedServerForEditing]' started.
    t =     0.00s Start Test at 2026-09-08 22:48:24.532
    t =     0.02s Set Up
    t =     0.02s Open com.bicterm.app
    t =     0.02s     Launch com.bicterm.app
    t =     0.02s         Terminate com.bicterm.app:32546
2026-09-08 22:48:25.589 xcodebuild[31656:29943544] [MT] IDELaunchParametersSnapshot: The operation couldn’t be completed. (DebuggerLLDB.DebuggerVersionStore.StoreError error 0.)
2026-09-08 22:48:25.589 xcodebuild[31656:29943544] [MT] IDELaunchParametersSnapshot: no debugger version
    t =     1.27s         Setting up automation session
    t =     2.14s         Wait for com.bicterm.app to idle
    t =     3.63s Tap "open-settings" Button
    t =     3.63s     Wait for com.bicterm.app to idle
    t =     3.63s     Find the "open-settings" Button
    t =     3.69s     Check for interrupting elements affecting "open-settings" Button
    t =     3.72s         Wait for com.apple.springboard to idle
    t =     3.74s Ignoring failure to get hierarchy for remote element in process 1995 (Error getting main window kAXErrorServerNotFound)
    t =     3.74s Ignoring failure to get hierarchy for remote element in process 1995 (Error getting main window kAXErrorServerNotFound)
    t =     3.75s     Synthesize event
    t =     4.05s     Wait for com.bicterm.app to idle
    t =     4.90s Tap "settings-coder-servers" Button
    t =     4.90s     Wait for com.bicterm.app to idle
    t =     4.90s     Find the "settings-coder-servers" Button
    t =     4.94s     Check for interrupting elements affecting "settings-coder-servers" Button
    t =     4.97s         Wait for com.apple.springboard to idle
    t =     5.00s Ignoring failure to get hierarchy for remote element in process 1995 (Error getting main window kAXErrorServerNotFound)
    t =     5.00s Ignoring failure to get hierarchy for remote element in process 1995 (Error getting main window kAXErrorServerNotFound)
    t =     5.00s     Synthesize event
    t =     5.30s     Wait for com.bicterm.app to idle
    t =     6.10s Tap "add-coder-server" Button
    t =     6.10s     Wait for com.bicterm.app to idle
    t =     6.10s     Find the "add-coder-server" Button
    t =     6.13s     Check for interrupting elements affecting "add-coder-server" Button
    t =     6.15s         Wait for com.apple.springboard to idle
    t =     6.18s Ignoring failure to get hierarchy for remote element in process 1995 (Error getting main window kAXErrorServerNotFound)
    t =     6.18s Ignoring failure to get hierarchy for remote element in process 1995 (Error getting main window kAXErrorServerNotFound)
    t =     6.18s     Synthesize event
    t =     6.48s     Wait for com.bicterm.app to idle
    t =     7.26s Waiting 5.0s for "coder-server-name" TextField to exist
    t =     8.30s     Checking `Expect predicate `existsNoRetry == 1` for object "coder-server-name" TextField`
    t =     8.31s         Checking existence of `"coder-server-name" TextField`
    t =     8.35s Tap "coder-server-name" TextField
    t =     8.35s     Wait for com.bicterm.app to idle
    t =     8.36s     Find the "coder-server-name" TextField
    t =     8.39s     Check for interrupting elements affecting "coder-server-name" TextField
    t =     8.42s         Wait for com.apple.springboard to idle
    t =     8.44s Ignoring failure to get hierarchy for remote element in process 1995 (Error getting main window kAXErrorServerNotFound)
    t =     8.44s Ignoring failure to get hierarchy for remote element in process 1995 (Error getting main window kAXErrorServerNotFound)
    t =     8.45s     Synthesize event
    t =     8.74s     Wait for com.bicterm.app to idle
    t =     8.85s Type 'Focus Server' into "coder-server-name" TextField
    t =     8.85s     Wait for com.bicterm.app to idle
    t =     9.22s     Find the "coder-server-name" TextField
    t =     9.30s     Check for interrupting elements affecting "coder-server-name" TextField
    t =     9.35s         Wait for com.apple.springboard to idle
    t =     9.38s Ignoring failure to get hierarchy for remote element in process 1995 (Error getting main window kAXErrorServerNotFound)
    t =     9.38s Ignoring failure to get hierarchy for remote element in process 1995 (Error getting main window kAXErrorServerNotFound)
    t =     9.38s     Synthesize event
    t =     9.78s     Wait for com.bicterm.app to idle
    t =     9.78s Tap "coder-server-url" TextField
    t =     9.78s     Wait for com.bicterm.app to idle
    t =     9.79s     Find the "coder-server-url" TextField
    t =     9.83s     Check for interrupting elements affecting "coder-server-url" TextField
    t =     9.88s         Wait for com.apple.springboard to idle
    t =     9.90s Ignoring failure to get hierarchy for remote element in process 1995 (Error getting main window kAXErrorServerNotFound)
    t =     9.90s Ignoring failure to get hierarchy for remote element in process 1995 (Error getting main window kAXErrorServerNotFound)
    t =     9.91s     Synthesize event
    t =    10.20s     Wait for com.bicterm.app to idle
    t =    10.21s Type 'https://coder.exam...' into "coder-server-url" TextField
    t =    10.21s     Wait for com.bicterm.app to idle
    t =    10.21s     Find the "coder-server-url" TextField
    t =    10.26s     Check for interrupting elements affecting "coder-server-url" TextField
    t =    10.31s         Wait for com.apple.springboard to idle
    t =    10.33s Ignoring failure to get hierarchy for remote element in process 1995 (Error getting main window kAXErrorServerNotFound)
    t =    10.33s Ignoring failure to get hierarchy for remote element in process 1995 (Error getting main window kAXErrorServerNotFound)
    t =    10.34s     Synthesize event
    t =    10.96s     Wait for com.bicterm.app to idle
    t =    10.96s Tap "coder-server-token" SecureTextField
    t =    10.96s     Wait for com.bicterm.app to idle
    t =    10.96s     Find the "coder-server-token" SecureTextField
    t =    11.02s     Check for interrupting elements affecting "coder-server-token" SecureTextField
    t =    11.06s         Wait for com.apple.springboard to idle
    t =    11.09s Ignoring failure to get hierarchy for remote element in process 1995 (Error getting main window kAXErrorServerNotFound)
    t =    11.09s Ignoring failure to get hierarchy for remote element in process 1995 (Error getting main window kAXErrorServerNotFound)
    t =    11.09s     Synthesize event
    t =    11.39s     Wait for com.bicterm.app to idle
    t =    11.39s Type '<redacted>' into "coder-server-token" SecureTextField
    t =    11.39s     Wait for com.bicterm.app to idle
    t =    11.40s     Find the "coder-server-token" SecureTextField
    t =    11.45s     Check for interrupting elements affecting "coder-server-token" SecureTextField
    t =    11.50s         Wait for com.apple.springboard to idle
    t =    11.52s Ignoring failure to get hierarchy for remote element in process 1995 (Error getting main window kAXErrorServerNotFound)
    t =    11.52s Ignoring failure to get hierarchy for remote element in process 1995 (Error getting main window kAXErrorServerNotFound)
    t =    11.53s     Synthesize event
    t =    11.95s     Wait for com.bicterm.app to idle
    t =    11.95s Tap "coder-server-validate-save" Button
    t =    11.95s     Wait for com.bicterm.app to idle
    t =    11.95s     Find the "coder-server-validate-save" Button
    t =    12.00s     Check for interrupting elements affecting "coder-server-validate-save" Button
    t =    12.05s         Wait for com.apple.springboard to idle
    t =    12.07s Ignoring failure to get hierarchy for remote element in process 1995 (Error getting main window kAXErrorServerNotFound)
    t =    12.07s Ignoring failure to get hierarchy for remote element in process 1995 (Error getting main window kAXErrorServerNotFound)
    t =    12.08s     Synthesize event
    t =    12.37s     Wait for com.bicterm.app to idle
    t =    13.30s Waiting 10.0s for "coder-server-Focus-Server" Button to exist
    t =    14.33s     Checking `Expect predicate `existsNoRetry == 1` for object "coder-server-Focus-Server" Button`
    t =    14.33s         Checking existence of `"coder-server-Focus-Server" Button`
    t =    14.36s Tap "coder-server-Focus-Server" Button[0.50, 0.50]
    t =    14.36s     Wait for com.bicterm.app to idle
    t =    14.36s     Find the "coder-server-Focus-Server" Button
    t =    14.39s     Check for interrupting elements affecting "coder-server-Focus-Server" Button
    t =    14.41s         Wait for com.apple.springboard to idle
    t =    14.44s Ignoring failure to get hierarchy for remote element in process 1995 (Error getting main window kAXErrorServerNotFound)
    t =    14.44s Ignoring failure to get hierarchy for remote element in process 1995 (Error getting main window kAXErrorServerNotFound)
    t =    14.44s     Synthesize event
    t =    14.44s         Find the "coder-server-Focus-Server" Button
    t =    14.47s         Find the "coder-server-Focus-Server" Button
    t =    14.50s         Find the "coder-server-Focus-Server" Button
    t =    14.81s     Wait for com.bicterm.app to idle
    t =    15.57s Waiting 5.0s for "Edit Coder Server" NavigationBar to exist
    t =    16.62s     Checking `Expect predicate `existsNoRetry == 1` for object "Edit Coder Server" NavigationBar`
    t =    16.62s         Checking existence of `"Edit Coder Server" NavigationBar`
    t =    16.67s Find the "coder-server-name" TextField
    t =    16.70s Tear Down
Test Case '-[BicTermUITests.CoderEditorFocusUITests testServerRowCenterOpensSavedServerForEditing]' passed (16.945 seconds).
Test Case '-[BicTermUITests.CoderEditorFocusUITests testServerSelectionRemainsReachableAfterTypingNameAndChangingProtocol]' started.
    t =     0.00s Start Test at 2026-09-08 22:48:41.478
    t =     0.02s Set Up
    t =     0.02s Open com.bicterm.app
    t =     0.02s     Launch com.bicterm.app
    t =     0.02s         Terminate com.bicterm.app:32579
2026-09-08 22:48:42.554 xcodebuild[31656:29943544] [MT] IDELaunchParametersSnapshot: The operation couldn’t be completed. (DebuggerLLDB.DebuggerVersionStore.StoreError error 0.)
2026-09-08 22:48:42.554 xcodebuild[31656:29943544] [MT] IDELaunchParametersSnapshot: no debugger version
    t =     1.29s         Setting up automation session
    t =     2.16s         Wait for com.bicterm.app to idle
    t =     3.64s Tap "open-settings" Button
    t =     3.64s     Wait for com.bicterm.app to idle
    t =     3.64s     Find the "open-settings" Button
    t =     3.69s     Check for interrupting elements affecting "open-settings" Button
    t =     3.72s         Wait for com.apple.springboard to idle
    t =     3.75s Ignoring failure to get hierarchy for remote element in process 1995 (Error getting main window kAXErrorServerNotFound)
    t =     3.75s Ignoring failure to get hierarchy for remote element in process 1995 (Error getting main window kAXErrorServerNotFound)
    t =     3.75s     Synthesize event
    t =     4.05s     Wait for com.bicterm.app to idle
    t =     4.90s Tap "settings-coder-servers" Button
    t =     4.90s     Wait for com.bicterm.app to idle
    t =     4.91s     Find the "settings-coder-servers" Button
    t =     4.95s     Check for interrupting elements affecting "settings-coder-servers" Button
    t =     4.98s         Wait for com.apple.springboard to idle
    t =     5.00s Ignoring failure to get hierarchy for remote element in process 1995 (Error getting main window kAXErrorServerNotFound)
    t =     5.01s Ignoring failure to get hierarchy for remote element in process 1995 (Error getting main window kAXErrorServerNotFound)
    t =     5.01s     Synthesize event
    t =     5.30s     Wait for com.bicterm.app to idle
    t =     6.10s Tap "add-coder-server" Button
    t =     6.10s     Wait for com.bicterm.app to idle
    t =     6.11s     Find the "add-coder-server" Button
    t =     6.13s     Check for interrupting elements affecting "add-coder-server" Button
    t =     6.16s         Wait for com.apple.springboard to idle
    t =     6.19s Ignoring failure to get hierarchy for remote element in process 1995 (Error getting main window kAXErrorServerNotFound)
    t =     6.19s Ignoring failure to get hierarchy for remote element in process 1995 (Error getting main window kAXErrorServerNotFound)
    t =     6.19s     Synthesize event
    t =     6.49s     Wait for com.bicterm.app to idle
    t =     7.27s Waiting 5.0s for "coder-server-name" TextField to exist
    t =     8.30s     Checking `Expect predicate `existsNoRetry == 1` for object "coder-server-name" TextField`
    t =     8.30s         Checking existence of `"coder-server-name" TextField`
    t =     8.35s Tap "coder-server-name" TextField
    t =     8.35s     Wait for com.bicterm.app to idle
    t =     8.36s     Find the "coder-server-name" TextField
    t =     8.39s     Check for interrupting elements affecting "coder-server-name" TextField
    t =     8.42s         Wait for com.apple.springboard to idle
    t =     8.44s Ignoring failure to get hierarchy for remote element in process 1995 (Error getting main window kAXErrorServerNotFound)
    t =     8.44s Ignoring failure to get hierarchy for remote element in process 1995 (Error getting main window kAXErrorServerNotFound)
    t =     8.45s     Synthesize event
    t =     8.74s     Wait for com.bicterm.app to idle
    t =     8.84s Type 'Focus Server' into "coder-server-name" TextField
    t =     8.84s     Wait for com.bicterm.app to idle
    t =     9.23s     Find the "coder-server-name" TextField
    t =     9.32s     Check for interrupting elements affecting "coder-server-name" TextField
    t =     9.37s         Wait for com.apple.springboard to idle
    t =     9.39s Ignoring failure to get hierarchy for remote element in process 1995 (Error getting main window kAXErrorServerNotFound)
    t =     9.39s Ignoring failure to get hierarchy for remote element in process 1995 (Error getting main window kAXErrorServerNotFound)
    t =     9.40s     Synthesize event
    t =     9.80s     Wait for com.bicterm.app to idle
    t =     9.80s Tap "coder-server-url" TextField
    t =     9.80s     Wait for com.bicterm.app to idle
    t =     9.80s     Find the "coder-server-url" TextField
    t =     9.85s     Check for interrupting elements affecting "coder-server-url" TextField
    t =     9.90s         Wait for com.apple.springboard to idle
    t =     9.92s Ignoring failure to get hierarchy for remote element in process 1995 (Error getting main window kAXErrorServerNotFound)
    t =     9.92s Ignoring failure to get hierarchy for remote element in process 1995 (Error getting main window kAXErrorServerNotFound)
    t =     9.92s     Synthesize event
    t =    10.21s     Wait for com.bicterm.app to idle
    t =    10.21s Type 'https://coder.exam...' into "coder-server-url" TextField
    t =    10.21s     Wait for com.bicterm.app to idle
    t =    10.22s     Find the "coder-server-url" TextField
    t =    10.27s     Check for interrupting elements affecting "coder-server-url" TextField
    t =    10.31s         Wait for com.apple.springboard to idle
    t =    10.34s Ignoring failure to get hierarchy for remote element in process 1995 (Error getting main window kAXErrorServerNotFound)
    t =    10.34s Ignoring failure to get hierarchy for remote element in process 1995 (Error getting main window kAXErrorServerNotFound)
    t =    10.35s     Synthesize event
    t =    10.96s     Wait for com.bicterm.app to idle
    t =    10.96s Tap "coder-server-token" SecureTextField
    t =    10.96s     Wait for com.bicterm.app to idle
    t =    10.97s     Find the "coder-server-token" SecureTextField
    t =    11.02s     Check for interrupting elements affecting "coder-server-token" SecureTextField
    t =    11.06s         Wait for com.apple.springboard to idle
    t =    11.09s Ignoring failure to get hierarchy for remote element in process 1995 (Error getting main window kAXErrorServerNotFound)
    t =    11.09s Ignoring failure to get hierarchy for remote element in process 1995 (Error getting main window kAXErrorServerNotFound)
    t =    11.09s     Synthesize event
    t =    11.39s     Wait for com.bicterm.app to idle
    t =    11.39s Type '<redacted>' into "coder-server-token" SecureTextField
    t =    11.39s     Wait for com.bicterm.app to idle
    t =    11.39s     Find the "coder-server-token" SecureTextField
    t =    11.44s     Check for interrupting elements affecting "coder-server-token" SecureTextField
    t =    11.49s         Wait for com.apple.springboard to idle
    t =    11.52s Ignoring failure to get hierarchy for remote element in process 1995 (Error getting main window kAXErrorServerNotFound)
    t =    11.52s Ignoring failure to get hierarchy for remote element in process 1995 (Error getting main window kAXErrorServerNotFound)
    t =    11.52s     Synthesize event
    t =    11.94s     Wait for com.bicterm.app to idle
    t =    11.95s Tap "coder-server-validate-save" Button
    t =    11.95s     Wait for com.bicterm.app to idle
    t =    11.95s     Find the "coder-server-validate-save" Button
    t =    12.00s     Check for interrupting elements affecting "coder-server-validate-save" Button
    t =    12.05s         Wait for com.apple.springboard to idle
    t =    12.07s Ignoring failure to get hierarchy for remote element in process 1995 (Error getting main window kAXErrorServerNotFound)
    t =    12.08s Ignoring failure to get hierarchy for remote element in process 1995 (Error getting main window kAXErrorServerNotFound)
    t =    12.08s     Synthesize event
    t =    12.38s     Wait for com.bicterm.app to idle
    t =    13.32s Waiting 10.0s for "coder-server-Focus-Server" Button to exist
    t =    14.36s     Checking `Expect predicate `existsNoRetry == 1` for object "coder-server-Focus-Server" Button`
    t =    14.36s         Checking existence of `"coder-server-Focus-Server" Button`
    t =    14.39s Tap Button (Element at index 0)
    t =    14.39s     Wait for com.bicterm.app to idle
    t =    14.39s     Find the Button (Element at index 0)
    t =    14.42s     Check for interrupting elements affecting "BackButton" Button
    t =    14.44s         Wait for com.apple.springboard to idle
    t =    14.47s Ignoring failure to get hierarchy for remote element in process 1995 (Error getting main window kAXErrorServerNotFound)
    t =    14.47s Ignoring failure to get hierarchy for remote element in process 1995 (Error getting main window kAXErrorServerNotFound)
    t =    14.48s     Synthesize event
    t =    14.78s     Wait for com.bicterm.app to idle
    t =    15.14s Tap Button (Element at index 0)
    t =    15.14s     Wait for com.bicterm.app to idle
    t =    15.15s     Find the Button (Element at index 0)
    t =    15.18s     Check for interrupting elements affecting "BackButton" Button
    t =    15.21s         Wait for com.apple.springboard to idle
    t =    15.24s Ignoring failure to get hierarchy for remote element in process 1995 (Error getting main window kAXErrorServerNotFound)
    t =    15.24s Ignoring failure to get hierarchy for remote element in process 1995 (Error getting main window kAXErrorServerNotFound)
    t =    15.25s     Synthesize event
    t =    15.54s     Wait for com.bicterm.app to idle
    t =    16.34s Tap "add-connection" Button
    t =    16.34s     Wait for com.bicterm.app to idle
    t =    16.34s     Find the "add-connection" Button
    t =    16.37s     Check for interrupting elements affecting "add-connection" Button
    t =    16.40s         Wait for com.apple.springboard to idle
    t =    16.43s Ignoring failure to get hierarchy for remote element in process 1995 (Error getting main window kAXErrorServerNotFound)
    t =    16.43s Ignoring failure to get hierarchy for remote element in process 1995 (Error getting main window kAXErrorServerNotFound)
    t =    16.43s     Synthesize event
    t =    16.74s     Wait for com.bicterm.app to idle
    t =    17.45s Waiting 5.0s for "field-name" TextField to exist
    t =    18.48s     Checking `Expect predicate `existsNoRetry == 1` for object "field-name" TextField`
    t =    18.48s         Checking existence of `"field-name" TextField`
    t =    18.59s Tap "field-name" TextField
    t =    18.59s     Wait for com.bicterm.app to idle
    t =    18.60s     Find the "field-name" TextField
    t =    18.67s     Check for interrupting elements affecting "field-name" TextField
    t =    18.74s         Wait for com.apple.springboard to idle
    t =    18.76s Ignoring failure to get hierarchy for remote element in process 1995 (Error getting main window kAXErrorServerNotFound)
    t =    18.76s Ignoring failure to get hierarchy for remote element in process 1995 (Error getting main window kAXErrorServerNotFound)
    t =    18.76s     Synthesize event
    t =    19.06s     Wait for com.bicterm.app to idle
    t =    19.40s Type 'Focus Connection' into "field-name" TextField
    t =    19.40s     Wait for com.bicterm.app to idle
    t =    19.40s     Find the "field-name" TextField
    t =    19.50s     Check for interrupting elements affecting "field-name" TextField
    t =    19.59s         Wait for com.apple.springboard to idle
    t =    19.62s Ignoring failure to get hierarchy for remote element in process 1995 (Error getting main window kAXErrorServerNotFound)
    t =    19.62s Ignoring failure to get hierarchy for remote element in process 1995 (Error getting main window kAXErrorServerNotFound)
    t =    19.63s     Synthesize event
    t =    20.09s     Wait for com.bicterm.app to idle
    t =    20.10s Tap "protocol-picker" Button
    t =    20.10s     Wait for com.bicterm.app to idle
    t =    20.10s     Find the "protocol-picker" Button
    t =    20.19s     Check for interrupting elements affecting "protocol-picker" Button
    t =    20.28s         Wait for com.apple.springboard to idle
    t =    20.31s Ignoring failure to get hierarchy for remote element in process 1995 (Error getting main window kAXErrorServerNotFound)
    t =    20.31s Ignoring failure to get hierarchy for remote element in process 1995 (Error getting main window kAXErrorServerNotFound)
    t =    20.31s     Synthesize event
    t =    20.60s     Wait for com.bicterm.app to idle
    t =    21.72s Tap "Coder" Button
    t =    21.72s     Wait for com.bicterm.app to idle
    t =    21.72s     Find the "Coder" Button
    t =    21.82s     Check for interrupting elements affecting "Coder" Button
    t =    21.91s         Wait for com.apple.springboard to idle
    t =    21.93s Ignoring failure to get hierarchy for remote element in process 1995 (Error getting main window kAXErrorServerNotFound)
    t =    21.94s Ignoring failure to get hierarchy for remote element in process 1995 (Error getting main window kAXErrorServerNotFound)
    t =    21.94s     Synthesize event
    t =    22.24s     Wait for com.bicterm.app to idle
    t =    23.72s Waiting 5.0s for "coder-server-picker" Button to exist
    t =    24.75s     Checking `Expect predicate `existsNoRetry == 1` for object "coder-server-picker" Button`
    t =    24.75s         Checking existence of `"coder-server-picker" Button`
    t =    24.82s Tap "coder-server-picker" Button
    t =    24.82s     Wait for com.bicterm.app to idle
    t =    24.82s     Find the "coder-server-picker" Button
    t =    24.89s     Check for interrupting elements affecting "coder-server-picker" Button
    t =    24.96s         Wait for com.apple.springboard to idle
    t =    24.98s Ignoring failure to get hierarchy for remote element in process 1995 (Error getting main window kAXErrorServerNotFound)
    t =    24.99s Ignoring failure to get hierarchy for remote element in process 1995 (Error getting main window kAXErrorServerNotFound)
    t =    24.99s     Synthesize event
    t =    25.29s     Wait for com.bicterm.app to idle
    t =    26.72s Waiting 5.0s for "Focus Server" Button to exist
    t =    27.76s     Checking `Expect predicate `existsNoRetry == 1` for object "Focus Server" Button`
    t =    27.77s         Checking existence of `"Focus Server" Button`
    t =    27.84s Tap "Focus Server" Button
    t =    27.84s     Wait for com.bicterm.app to idle
    t =    27.84s     Find the "Focus Server" Button
    t =    27.91s     Check for interrupting elements affecting "Focus Server" Button
    t =    27.98s         Wait for com.apple.springboard to idle
    t =    28.00s Ignoring failure to get hierarchy for remote element in process 1995 (Error getting main window kAXErrorServerNotFound)
    t =    28.00s Ignoring failure to get hierarchy for remote element in process 1995 (Error getting main window kAXErrorServerNotFound)
    t =    28.01s     Synthesize event
    t =    28.30s     Wait for com.bicterm.app to idle
    t =    29.40s Waiting 10.0s for "coder-workspace-Running-Dev" Button to exist
    t =    30.44s     Checking `Expect predicate `existsNoRetry == 1` for object "coder-workspace-Running-Dev" Button`
    t =    30.45s         Checking existence of `"coder-workspace-Running-Dev" Button`
    t =    30.53s Tear Down
Test Case '-[BicTermUITests.CoderEditorFocusUITests testServerSelectionRemainsReachableAfterTypingNameAndChangingProtocol]' passed (30.843 seconds).
Test Suite 'CoderEditorFocusUITests' passed at 2026-09-08 22:49:12.321.
	 Executed 2 tests, with 0 failures (0 unexpected) in 47.788 (47.790) seconds
Test Suite 'CoderServersUITests' started at 2026-09-08 22:49:12.323.
Test Case '-[BicTermUITests.CoderServersUITests testAddCoderServerRejectsHTTPAndRequiresHTTPS]' started.
    t =     0.00s Start Test at 2026-09-08 22:49:12.324
    t =     0.02s Set Up
    t =     0.02s Open com.bicterm.app
    t =     0.02s     Launch com.bicterm.app
    t =     0.03s         Terminate com.bicterm.app:32617
2026-09-08 22:49:13.400 xcodebuild[31656:29943544] [MT] IDELaunchParametersSnapshot: The operation couldn’t be completed. (DebuggerLLDB.DebuggerVersionStore.StoreError error 0.)
2026-09-08 22:49:13.400 xcodebuild[31656:29943544] [MT] IDELaunchParametersSnapshot: no debugger version
    t =     1.50s         Setting up automation session
    t =     2.25s         Wait for com.bicterm.app to idle
    t =     3.78s Tap "open-settings" Button
    t =     3.78s     Wait for com.bicterm.app to idle
    t =     3.78s     Find the "open-settings" Button
    t =     3.84s     Check for interrupting elements affecting "open-settings" Button
    t =     3.87s         Wait for com.apple.springboard to idle
    t =     3.90s Ignoring failure to get hierarchy for remote element in process 1995 (Error getting main window kAXErrorServerNotFound)
    t =     3.90s Ignoring failure to get hierarchy for remote element in process 1995 (Error getting main window kAXErrorServerNotFound)
    t =     3.90s     Synthesize event
    t =     4.20s     Wait for com.bicterm.app to idle
    t =     5.05s Waiting 5.0s for "settings-coder-servers" Button to exist
    t =     6.09s     Checking `Expect predicate `existsNoRetry == 1` for object "settings-coder-servers" Button`
    t =     6.10s         Checking existence of `"settings-coder-servers" Button`
    t =     6.13s Tap "settings-coder-servers" Button
    t =     6.13s     Wait for com.bicterm.app to idle
    t =     6.14s     Find the "settings-coder-servers" Button
    t =     6.16s     Check for interrupting elements affecting "settings-coder-servers" Button
    t =     6.19s         Wait for com.apple.springboard to idle
    t =     6.21s Ignoring failure to get hierarchy for remote element in process 1995 (Error getting main window kAXErrorServerNotFound)
    t =     6.21s Ignoring failure to get hierarchy for remote element in process 1995 (Error getting main window kAXErrorServerNotFound)
    t =     6.22s     Synthesize event
    t =     6.51s     Wait for com.bicterm.app to idle
    t =     7.31s Waiting 5.0s for "Coder Servers" NavigationBar to exist
    t =     8.33s     Checking `Expect predicate `existsNoRetry == 1` for object "Coder Servers" NavigationBar`
    t =     8.34s         Checking existence of `"Coder Servers" NavigationBar`
    t =     8.36s Tap "add-coder-server" Button
    t =     8.36s     Wait for com.bicterm.app to idle
    t =     8.36s     Find the "add-coder-server" Button
    t =     8.39s     Check for interrupting elements affecting "add-coder-server" Button
    t =     8.41s         Wait for com.apple.springboard to idle
    t =     8.43s Ignoring failure to get hierarchy for remote element in process 1995 (Error getting main window kAXErrorServerNotFound)
    t =     8.43s Ignoring failure to get hierarchy for remote element in process 1995 (Error getting main window kAXErrorServerNotFound)
    t =     8.44s     Synthesize event
    t =     8.74s     Wait for com.bicterm.app to idle
    t =     9.56s Waiting 5.0s for "Add Coder Server" NavigationBar to exist
    t =    10.59s     Checking `Expect predicate `existsNoRetry == 1` for object "Add Coder Server" NavigationBar`
    t =    10.59s         Checking existence of `"Add Coder Server" NavigationBar`
    t =    10.64s Find the "coder-server-name" TextField
    t =    10.68s Tap "coder-server-name" TextField
    t =    10.68s     Wait for com.bicterm.app to idle
    t =    10.68s     Find the "coder-server-name" TextField
    t =    10.71s     Check for interrupting elements affecting "coder-server-name" TextField
    t =    10.74s         Wait for com.apple.springboard to idle
    t =    10.76s Ignoring failure to get hierarchy for remote element in process 1995 (Error getting main window kAXErrorServerNotFound)
    t =    10.76s Ignoring failure to get hierarchy for remote element in process 1995 (Error getting main window kAXErrorServerNotFound)
    t =    10.77s     Synthesize event
    t =    11.06s     Wait for com.bicterm.app to idle
    t =    11.16s Find the "coder-server-name" TextField
    t =    11.26s Type 'Local HTTP' into "coder-server-name" TextField
    t =    11.26s     Wait for com.bicterm.app to idle
    t =    11.55s     Find the "coder-server-name" TextField
    t =    11.61s     Check for interrupting elements affecting "coder-server-name" TextField
    t =    11.66s         Wait for com.apple.springboard to idle
    t =    11.68s Ignoring failure to get hierarchy for remote element in process 1995 (Error getting main window kAXErrorServerNotFound)
    t =    11.68s Ignoring failure to get hierarchy for remote element in process 1995 (Error getting main window kAXErrorServerNotFound)
    t =    11.69s     Synthesize event
    t =    12.05s     Wait for com.bicterm.app to idle
    t =    12.05s Find the "coder-server-url" TextField
    t =    12.11s Tap "coder-server-url" TextField
    t =    12.11s     Wait for com.bicterm.app to idle
    t =    12.11s     Find the "coder-server-url" TextField
    t =    12.16s     Check for interrupting elements affecting "coder-server-url" TextField
    t =    12.20s         Wait for com.apple.springboard to idle
    t =    12.22s Ignoring failure to get hierarchy for remote element in process 1995 (Error getting main window kAXErrorServerNotFound)
    t =    12.22s Ignoring failure to get hierarchy for remote element in process 1995 (Error getting main window kAXErrorServerNotFound)
    t =    12.23s     Synthesize event
    t =    12.52s     Wait for com.bicterm.app to idle
    t =    12.52s Find the "coder-server-url" TextField
    t =    12.58s Type 'http://127.0.0.1:3...' into "coder-server-url" TextField
    t =    12.58s     Wait for com.bicterm.app to idle
    t =    12.58s     Find the "coder-server-url" TextField
    t =    12.63s     Check for interrupting elements affecting "coder-server-url" TextField
    t =    12.68s         Wait for com.apple.springboard to idle
    t =    12.70s Ignoring failure to get hierarchy for remote element in process 1995 (Error getting main window kAXErrorServerNotFound)
    t =    12.70s Ignoring failure to get hierarchy for remote element in process 1995 (Error getting main window kAXErrorServerNotFound)
    t =    12.71s     Synthesize event
    t =    13.26s     Wait for com.bicterm.app to idle
    t =    13.27s Waiting 5.0s for "coder-server-url-error" StaticText to exist
    t =    14.29s     Checking `Expect predicate `existsNoRetry == 1` for object "coder-server-url-error" StaticText`
    t =    14.30s         Checking existence of `"coder-server-url-error" StaticText`
    t =    14.35s Find the "coder-server-url-error" StaticText
    t =    14.39s Find the "coder-server-validate-save" Button
    t =    14.44s Tap "coder-server-cancel" Button
    t =    14.44s     Wait for com.bicterm.app to idle
    t =    14.44s     Find the "coder-server-cancel" Button
    t =    14.49s     Check for interrupting elements affecting "coder-server-cancel" Button
    t =    14.53s         Wait for com.apple.springboard to idle
    t =    14.56s Ignoring failure to get hierarchy for remote element in process 1995 (Error getting main window kAXErrorServerNotFound)
    t =    14.56s Ignoring failure to get hierarchy for remote element in process 1995 (Error getting main window kAXErrorServerNotFound)
    t =    14.56s     Synthesize event
    t =    14.86s     Wait for com.bicterm.app to idle
    t =    15.67s Tap "add-coder-server" Button
    t =    15.67s     Wait for com.bicterm.app to idle
    t =    15.68s     Find the "add-coder-server" Button
    t =    15.71s     Check for interrupting elements affecting "add-coder-server" Button
    t =    15.73s         Wait for com.apple.springboard to idle
    t =    15.76s Ignoring failure to get hierarchy for remote element in process 1995 (Error getting main window kAXErrorServerNotFound)
    t =    15.76s Ignoring failure to get hierarchy for remote element in process 1995 (Error getting main window kAXErrorServerNotFound)
    t =    15.77s     Synthesize event
    t =    16.06s     Wait for com.bicterm.app to idle
    t =    16.81s Waiting 5.0s for "Add Coder Server" NavigationBar to exist
    t =    17.86s     Checking `Expect predicate `existsNoRetry == 1` for object "Add Coder Server" NavigationBar`
    t =    17.86s         Checking existence of `"Add Coder Server" NavigationBar`
    t =    17.91s Find the "coder-server-name" TextField
    t =    17.95s Tap "coder-server-name" TextField
    t =    17.95s     Wait for com.bicterm.app to idle
    t =    17.95s     Find the "coder-server-name" TextField
    t =    17.98s     Check for interrupting elements affecting "coder-server-name" TextField
    t =    18.01s         Wait for com.apple.springboard to idle
    t =    18.03s Ignoring failure to get hierarchy for remote element in process 1995 (Error getting main window kAXErrorServerNotFound)
    t =    18.03s Ignoring failure to get hierarchy for remote element in process 1995 (Error getting main window kAXErrorServerNotFound)
    t =    18.04s     Synthesize event
    t =    18.33s     Wait for com.bicterm.app to idle
    t =    18.66s Find the "coder-server-name" TextField
    t =    18.72s Type 'HTTPS Only' into "coder-server-name" TextField
    t =    18.72s     Wait for com.bicterm.app to idle
    t =    18.72s     Find the "coder-server-name" TextField
    t =    18.77s     Check for interrupting elements affecting "coder-server-name" TextField
    t =    18.82s         Wait for com.apple.springboard to idle
    t =    18.85s Ignoring failure to get hierarchy for remote element in process 1995 (Error getting main window kAXErrorServerNotFound)
    t =    18.85s Ignoring failure to get hierarchy for remote element in process 1995 (Error getting main window kAXErrorServerNotFound)
    t =    18.85s     Synthesize event
    t =    19.22s     Wait for com.bicterm.app to idle
    t =    19.22s Find the "coder-server-url" TextField
    t =    19.29s Tap "coder-server-url" TextField
    t =    19.29s     Wait for com.bicterm.app to idle
    t =    19.29s     Find the "coder-server-url" TextField
    t =    19.34s     Check for interrupting elements affecting "coder-server-url" TextField
    t =    19.39s         Wait for com.apple.springboard to idle
    t =    19.42s Ignoring failure to get hierarchy for remote element in process 1995 (Error getting main window kAXErrorServerNotFound)
    t =    19.42s Ignoring failure to get hierarchy for remote element in process 1995 (Error getting main window kAXErrorServerNotFound)
    t =    19.42s     Synthesize event
    t =    19.71s     Wait for com.bicterm.app to idle
    t =    19.72s Find the "coder-server-url" TextField
    t =    19.77s Type 'coder.example.com' into "coder-server-url" TextField
    t =    19.77s     Wait for com.bicterm.app to idle
    t =    19.77s     Find the "coder-server-url" TextField
    t =    19.82s     Check for interrupting elements affecting "coder-server-url" TextField
    t =    19.87s         Wait for com.apple.springboard to idle
    t =    19.90s Ignoring failure to get hierarchy for remote element in process 1995 (Error getting main window kAXErrorServerNotFound)
    t =    19.90s Ignoring failure to get hierarchy for remote element in process 1995 (Error getting main window kAXErrorServerNotFound)
    t =    19.90s     Synthesize event
    t =    20.38s     Wait for com.bicterm.app to idle
    t =    20.39s Checking existence of `"coder-server-url-error" StaticText`
    t =    20.43s Find the "coder-server-token" SecureTextField
    t =    20.49s Tap "coder-server-token" SecureTextField
    t =    20.49s     Wait for com.bicterm.app to idle
    t =    20.49s     Find the "coder-server-token" SecureTextField
    t =    20.54s     Check for interrupting elements affecting "coder-server-token" SecureTextField
    t =    20.59s         Wait for com.apple.springboard to idle
    t =    20.61s Ignoring failure to get hierarchy for remote element in process 1995 (Error getting main window kAXErrorServerNotFound)
    t =    20.61s Ignoring failure to get hierarchy for remote element in process 1995 (Error getting main window kAXErrorServerNotFound)
    t =    20.62s     Synthesize event
    t =    20.91s     Wait for com.bicterm.app to idle
    t =    20.91s Find the "coder-server-token" SecureTextField
    t =    20.97s Type '...' into "coder-server-token" SecureTextField
    t =    20.97s     Wait for com.bicterm.app to idle
    t =    20.97s     Find the "coder-server-token" SecureTextField
    t =    21.02s     Check for interrupting elements affecting "coder-server-token" SecureTextField
    t =    21.06s         Wait for com.apple.springboard to idle
    t =    21.09s Ignoring failure to get hierarchy for remote element in process 1995 (Error getting main window kAXErrorServerNotFound)
    t =    21.09s Ignoring failure to get hierarchy for remote element in process 1995 (Error getting main window kAXErrorServerNotFound)
    t =    21.09s     Synthesize event
    t =    21.94s     Wait for com.bicterm.app to idle
    t =    21.94s Type '<redacted>' into "coder-server-token" SecureTextField
    t =    21.94s     Wait for com.bicterm.app to idle
    t =    21.95s     Find the "coder-server-token" SecureTextField
    t =    22.00s     Check for interrupting elements affecting "coder-server-token" SecureTextField
    t =    22.04s         Wait for com.apple.springboard to idle
    t =    22.07s Ignoring failure to get hierarchy for remote element in process 1995 (Error getting main window kAXErrorServerNotFound)
    t =    22.07s Ignoring failure to get hierarchy for remote element in process 1995 (Error getting main window kAXErrorServerNotFound)
    t =    22.07s     Synthesize event
    t =    22.39s     Wait for com.bicterm.app to idle
    t =    22.39s Find the "coder-server-validate-save" Button
    t =    22.44s Tap "coder-server-cancel" Button
    t =    22.44s     Wait for com.bicterm.app to idle
    t =    22.44s     Find the "coder-server-cancel" Button
    t =    22.49s     Check for interrupting elements affecting "coder-server-cancel" Button
    t =    22.54s         Wait for com.apple.springboard to idle
    t =    22.57s Ignoring failure to get hierarchy for remote element in process 1995 (Error getting main window kAXErrorServerNotFound)
    t =    22.57s Ignoring failure to get hierarchy for remote element in process 1995 (Error getting main window kAXErrorServerNotFound)
    t =    22.57s     Synthesize event
    t =    22.87s     Wait for com.bicterm.app to idle
    t =    23.71s Tear Down
Test Case '-[BicTermUITests.CoderServersUITests testAddCoderServerRejectsHTTPAndRequiresHTTPS]' passed (24.224 seconds).
Test Case '-[BicTermUITests.CoderServersUITests testCancelLeavesListEmpty]' started.
    t =     0.00s Start Test at 2026-09-08 22:49:36.550
    t =     0.02s Set Up
    t =     0.02s Open com.bicterm.app
    t =     0.02s     Launch com.bicterm.app
    t =     0.02s         Terminate com.bicterm.app:32707
2026-09-08 22:49:37.639 xcodebuild[31656:29943544] [MT] IDELaunchParametersSnapshot: The operation couldn’t be completed. (DebuggerLLDB.DebuggerVersionStore.StoreError error 0.)
2026-09-08 22:49:37.639 xcodebuild[31656:29943544] [MT] IDELaunchParametersSnapshot: no debugger version
    t =     1.51s         Setting up automation session
    t =     2.26s         Wait for com.bicterm.app to idle
    t =     3.73s Tap "open-settings" Button
    t =     3.73s     Wait for com.bicterm.app to idle
    t =     3.73s     Find the "open-settings" Button
    t =     3.79s     Check for interrupting elements affecting "open-settings" Button
    t =     3.82s         Wait for com.apple.springboard to idle
    t =     3.84s Ignoring failure to get hierarchy for remote element in process 1995 (Error getting main window kAXErrorServerNotFound)
    t =     3.85s Ignoring failure to get hierarchy for remote element in process 1995 (Error getting main window kAXErrorServerNotFound)
    t =     3.85s     Synthesize event
    t =     4.15s     Wait for com.bicterm.app to idle
    t =     4.94s Waiting 5.0s for "settings-coder-servers" Button to exist
    t =     5.99s     Checking `Expect predicate `existsNoRetry == 1` for object "settings-coder-servers" Button`
    t =     5.99s         Checking existence of `"settings-coder-servers" Button`
    t =     6.03s Tap "settings-coder-servers" Button
    t =     6.03s     Wait for com.bicterm.app to idle
    t =     6.03s     Find the "settings-coder-servers" Button
    t =     6.06s     Check for interrupting elements affecting "settings-coder-servers" Button
    t =     6.09s         Wait for com.apple.springboard to idle
    t =     6.11s Ignoring failure to get hierarchy for remote element in process 1995 (Error getting main window kAXErrorServerNotFound)
    t =     6.11s Ignoring failure to get hierarchy for remote element in process 1995 (Error getting main window kAXErrorServerNotFound)
    t =     6.12s     Synthesize event
    t =     6.41s     Wait for com.bicterm.app to idle
    t =     7.23s Waiting 5.0s for "Coder Servers" NavigationBar to exist
    t =     8.28s     Checking `Expect predicate `existsNoRetry == 1` for object "Coder Servers" NavigationBar`
    t =     8.28s         Checking existence of `"Coder Servers" NavigationBar`
    t =     8.30s Tap "add-coder-server" Button
    t =     8.30s     Wait for com.bicterm.app to idle
    t =     8.31s     Find the "add-coder-server" Button
    t =     8.33s     Check for interrupting elements affecting "add-coder-server" Button
    t =     8.35s         Wait for com.apple.springboard to idle
    t =     8.37s Ignoring failure to get hierarchy for remote element in process 1995 (Error getting main window kAXErrorServerNotFound)
    t =     8.37s Ignoring failure to get hierarchy for remote element in process 1995 (Error getting main window kAXErrorServerNotFound)
    t =     8.38s     Synthesize event
    t =     8.68s     Wait for com.bicterm.app to idle
    t =     9.51s Waiting 5.0s for "Add Coder Server" NavigationBar to exist
    t =    10.54s     Checking `Expect predicate `existsNoRetry == 1` for object "Add Coder Server" NavigationBar`
    t =    10.54s         Checking existence of `"Add Coder Server" NavigationBar`
    t =    10.60s Find the "coder-server-name" TextField
    t =    10.64s Tap "coder-server-name" TextField
    t =    10.64s     Wait for com.bicterm.app to idle
    t =    10.64s     Find the "coder-server-name" TextField
    t =    10.67s     Check for interrupting elements affecting "coder-server-name" TextField
    t =    10.70s         Wait for com.apple.springboard to idle
    t =    10.72s Ignoring failure to get hierarchy for remote element in process 1995 (Error getting main window kAXErrorServerNotFound)
    t =    10.72s Ignoring failure to get hierarchy for remote element in process 1995 (Error getting main window kAXErrorServerNotFound)
    t =    10.73s     Synthesize event
    t =    11.02s     Wait for com.bicterm.app to idle
    t =    11.11s Find the "coder-server-name" TextField
    t =    11.21s Type 'Abandoned' into "coder-server-name" TextField
    t =    11.21s     Wait for com.bicterm.app to idle
    t =    11.50s     Find the "coder-server-name" TextField
    t =    11.56s     Check for interrupting elements affecting "coder-server-name" TextField
    t =    11.61s         Wait for com.apple.springboard to idle
    t =    11.63s Ignoring failure to get hierarchy for remote element in process 1995 (Error getting main window kAXErrorServerNotFound)
    t =    11.63s Ignoring failure to get hierarchy for remote element in process 1995 (Error getting main window kAXErrorServerNotFound)
    t =    11.64s     Synthesize event
    t =    11.99s     Wait for com.bicterm.app to idle
    t =    11.99s Find the "coder-server-url" TextField
    t =    12.05s Tap "coder-server-url" TextField
    t =    12.05s     Wait for com.bicterm.app to idle
    t =    12.06s     Find the "coder-server-url" TextField
    t =    12.10s     Check for interrupting elements affecting "coder-server-url" TextField
    t =    12.15s         Wait for com.apple.springboard to idle
    t =    12.18s Ignoring failure to get hierarchy for remote element in process 1995 (Error getting main window kAXErrorServerNotFound)
    t =    12.18s Ignoring failure to get hierarchy for remote element in process 1995 (Error getting main window kAXErrorServerNotFound)
    t =    12.18s     Synthesize event
    t =    12.48s     Wait for com.bicterm.app to idle
    t =    12.48s Find the "coder-server-url" TextField
    t =    12.53s Type 'abandoned.example....' into "coder-server-url" TextField
    t =    12.53s     Wait for com.bicterm.app to idle
    t =    12.53s     Find the "coder-server-url" TextField
    t =    12.58s     Check for interrupting elements affecting "coder-server-url" TextField
    t =    12.63s         Wait for com.apple.springboard to idle
    t =    12.65s Ignoring failure to get hierarchy for remote element in process 1995 (Error getting main window kAXErrorServerNotFound)
    t =    12.65s Ignoring failure to get hierarchy for remote element in process 1995 (Error getting main window kAXErrorServerNotFound)
    t =    12.66s     Synthesize event
    t =    13.20s     Wait for com.bicterm.app to idle
    t =    13.21s Find the "coder-server-token" SecureTextField
    t =    13.27s Tap "coder-server-token" SecureTextField
    t =    13.27s     Wait for com.bicterm.app to idle
    t =    13.27s     Find the "coder-server-token" SecureTextField
    t =    13.32s     Check for interrupting elements affecting "coder-server-token" SecureTextField
    t =    13.36s         Wait for com.apple.springboard to idle
    t =    13.39s Ignoring failure to get hierarchy for remote element in process 1995 (Error getting main window kAXErrorServerNotFound)
    t =    13.39s Ignoring failure to get hierarchy for remote element in process 1995 (Error getting main window kAXErrorServerNotFound)
    t =    13.40s     Synthesize event
    t =    13.69s     Wait for com.bicterm.app to idle
    t =    13.69s Find the "coder-server-token" SecureTextField
    t =    13.75s Type '...' into "coder-server-token" SecureTextField
    t =    13.75s     Wait for com.bicterm.app to idle
    t =    13.75s     Find the "coder-server-token" SecureTextField
    t =    13.80s     Check for interrupting elements affecting "coder-server-token" SecureTextField
    t =    13.84s         Wait for com.apple.springboard to idle
    t =    13.86s Ignoring failure to get hierarchy for remote element in process 1995 (Error getting main window kAXErrorServerNotFound)
    t =    13.86s Ignoring failure to get hierarchy for remote element in process 1995 (Error getting main window kAXErrorServerNotFound)
    t =    13.87s     Synthesize event
    t =    14.71s     Wait for com.bicterm.app to idle
    t =    14.72s Type '<redacted>' into "coder-server-token" SecureTextField
    t =    14.72s     Wait for com.bicterm.app to idle
    t =    14.72s     Find the "coder-server-token" SecureTextField
    t =    14.77s     Check for interrupting elements affecting "coder-server-token" SecureTextField
    t =    14.81s         Wait for com.apple.springboard to idle
    t =    14.83s Ignoring failure to get hierarchy for remote element in process 1995 (Error getting main window kAXErrorServerNotFound)
    t =    14.83s Ignoring failure to get hierarchy for remote element in process 1995 (Error getting main window kAXErrorServerNotFound)
    t =    14.84s     Synthesize event
    t =    15.29s     Wait for com.bicterm.app to idle
    t =    15.30s Tap "coder-server-cancel" Button
    t =    15.30s     Wait for com.bicterm.app to idle
    t =    15.30s     Find the "coder-server-cancel" Button
    t =    15.35s     Check for interrupting elements affecting "coder-server-cancel" Button
    t =    15.40s         Wait for com.apple.springboard to idle
    t =    15.42s Ignoring failure to get hierarchy for remote element in process 1995 (Error getting main window kAXErrorServerNotFound)
    t =    15.42s Ignoring failure to get hierarchy for remote element in process 1995 (Error getting main window kAXErrorServerNotFound)
    t =    15.43s     Synthesize event
    t =    15.72s     Wait for com.bicterm.app to idle
    t =    16.56s Checking existence of `"coder-server-Abandoned" Button`
    t =    16.59s Tear Down
Test Case '-[BicTermUITests.CoderServersUITests testCancelLeavesListEmpty]' passed (17.096 seconds).
Test Case '-[BicTermUITests.CoderServersUITests testCoderConnectionEditorListsServersAndWorkspaces]' started.
    t =     0.00s Start Test at 2026-09-08 22:49:53.646
    t =     0.02s Set Up
    t =     0.02s Open com.bicterm.app
    t =     0.02s     Launch com.bicterm.app
    t =     0.02s         Terminate com.bicterm.app:32747
2026-09-08 22:49:54.728 xcodebuild[31656:29943544] [MT] IDELaunchParametersSnapshot: The operation couldn’t be completed. (DebuggerLLDB.DebuggerVersionStore.StoreError error 0.)
2026-09-08 22:49:54.728 xcodebuild[31656:29943544] [MT] IDELaunchParametersSnapshot: no debugger version
    t =     1.29s         Setting up automation session
    t =     2.17s         Wait for com.bicterm.app to idle
    t =     3.63s Tap "open-settings" Button
    t =     3.63s     Wait for com.bicterm.app to idle
    t =     3.64s     Find the "open-settings" Button
    t =     3.70s     Check for interrupting elements affecting "open-settings" Button
    t =     3.73s         Wait for com.apple.springboard to idle
    t =     3.76s Ignoring failure to get hierarchy for remote element in process 1995 (Error getting main window kAXErrorServerNotFound)
    t =     3.76s Ignoring failure to get hierarchy for remote element in process 1995 (Error getting main window kAXErrorServerNotFound)
    t =     3.76s     Synthesize event
    t =     4.06s     Wait for com.bicterm.app to idle
    t =     4.91s Waiting 5.0s for "settings-coder-servers" Button to exist
    t =     5.96s     Checking `Expect predicate `existsNoRetry == 1` for object "settings-coder-servers" Button`
    t =     5.96s         Checking existence of `"settings-coder-servers" Button`
    t =     6.00s Tap "settings-coder-servers" Button
    t =     6.00s     Wait for com.bicterm.app to idle
    t =     6.00s     Find the "settings-coder-servers" Button
    t =     6.03s     Check for interrupting elements affecting "settings-coder-servers" Button
    t =     6.06s         Wait for com.apple.springboard to idle
    t =     6.09s Ignoring failure to get hierarchy for remote element in process 1995 (Error getting main window kAXErrorServerNotFound)
    t =     6.09s Ignoring failure to get hierarchy for remote element in process 1995 (Error getting main window kAXErrorServerNotFound)
    t =     6.09s     Synthesize event
    t =     6.38s     Wait for com.bicterm.app to idle
    t =     7.18s Waiting 5.0s for "Coder Servers" NavigationBar to exist
    t =     8.21s     Checking `Expect predicate `existsNoRetry == 1` for object "Coder Servers" NavigationBar`
    t =     8.21s         Checking existence of `"Coder Servers" NavigationBar`
    t =     8.24s Tap "add-coder-server" Button
    t =     8.24s     Wait for com.bicterm.app to idle
    t =     8.24s     Find the "add-coder-server" Button
    t =     8.27s     Check for interrupting elements affecting "add-coder-server" Button
    t =     8.29s         Wait for com.apple.springboard to idle
    t =     8.32s Ignoring failure to get hierarchy for remote element in process 1995 (Error getting main window kAXErrorServerNotFound)
    t =     8.32s Ignoring failure to get hierarchy for remote element in process 1995 (Error getting main window kAXErrorServerNotFound)
    t =     8.32s     Synthesize event
    t =     8.63s     Wait for com.bicterm.app to idle
    t =     9.43s Waiting 5.0s for "Add Coder Server" NavigationBar to exist
    t =    10.45s     Checking `Expect predicate `existsNoRetry == 1` for object "Add Coder Server" NavigationBar`
    t =    10.45s         Checking existence of `"Add Coder Server" NavigationBar`
    t =    10.50s Find the "coder-server-name" TextField
    t =    10.54s Tap "coder-server-name" TextField
    t =    10.54s     Wait for com.bicterm.app to idle
    t =    10.54s     Find the "coder-server-name" TextField
    t =    10.57s     Check for interrupting elements affecting "coder-server-name" TextField
    t =    10.61s         Wait for com.apple.springboard to idle
    t =    10.63s Ignoring failure to get hierarchy for remote element in process 1995 (Error getting main window kAXErrorServerNotFound)
    t =    10.63s Ignoring failure to get hierarchy for remote element in process 1995 (Error getting main window kAXErrorServerNotFound)
    t =    10.63s     Synthesize event
    t =    10.92s     Wait for com.bicterm.app to idle
    t =    11.05s Find the "coder-server-name" TextField
    t =    11.14s Type 'Fixture Server' into "coder-server-name" TextField
    t =    11.14s     Wait for com.bicterm.app to idle
    t =    11.43s     Find the "coder-server-name" TextField
    t =    11.49s     Check for interrupting elements affecting "coder-server-name" TextField
    t =    11.54s         Wait for com.apple.springboard to idle
    t =    11.56s Ignoring failure to get hierarchy for remote element in process 1995 (Error getting main window kAXErrorServerNotFound)
    t =    11.56s Ignoring failure to get hierarchy for remote element in process 1995 (Error getting main window kAXErrorServerNotFound)
    t =    11.57s     Synthesize event
    t =    12.00s     Wait for com.bicterm.app to idle
    t =    12.00s Find the "coder-server-url" TextField
    t =    12.06s Tap "coder-server-url" TextField
    t =    12.06s     Wait for com.bicterm.app to idle
    t =    12.06s     Find the "coder-server-url" TextField
    t =    12.11s     Check for interrupting elements affecting "coder-server-url" TextField
    t =    12.16s         Wait for com.apple.springboard to idle
    t =    12.18s Ignoring failure to get hierarchy for remote element in process 1995 (Error getting main window kAXErrorServerNotFound)
    t =    12.18s Ignoring failure to get hierarchy for remote element in process 1995 (Error getting main window kAXErrorServerNotFound)
    t =    12.18s     Synthesize event
    t =    12.48s     Wait for com.bicterm.app to idle
    t =    12.48s Find the "coder-server-url" TextField
    t =    12.53s Type 'https://coder.exam...' into "coder-server-url" TextField
    t =    12.53s     Wait for com.bicterm.app to idle
    t =    12.54s     Find the "coder-server-url" TextField
    t =    12.58s     Check for interrupting elements affecting "coder-server-url" TextField
    t =    12.63s         Wait for com.apple.springboard to idle
    t =    12.66s Ignoring failure to get hierarchy for remote element in process 1995 (Error getting main window kAXErrorServerNotFound)
    t =    12.66s Ignoring failure to get hierarchy for remote element in process 1995 (Error getting main window kAXErrorServerNotFound)
    t =    12.66s     Synthesize event
    t =    13.28s     Wait for com.bicterm.app to idle
    t =    13.28s Find the "coder-server-token" SecureTextField
    t =    13.34s Tap "coder-server-token" SecureTextField
    t =    13.34s     Wait for com.bicterm.app to idle
    t =    13.34s     Find the "coder-server-token" SecureTextField
    t =    13.39s     Check for interrupting elements affecting "coder-server-token" SecureTextField
    t =    13.44s         Wait for com.apple.springboard to idle
    t =    13.46s Ignoring failure to get hierarchy for remote element in process 1995 (Error getting main window kAXErrorServerNotFound)
    t =    13.47s Ignoring failure to get hierarchy for remote element in process 1995 (Error getting main window kAXErrorServerNotFound)
    t =    13.47s     Synthesize event
    t =    13.77s     Wait for com.bicterm.app to idle
    t =    13.77s Find the "coder-server-token" SecureTextField
    t =    13.83s Type '...' into "coder-server-token" SecureTextField
    t =    13.83s     Wait for com.bicterm.app to idle
    t =    13.83s     Find the "coder-server-token" SecureTextField
    t =    13.88s     Check for interrupting elements affecting "coder-server-token" SecureTextField
    t =    13.93s         Wait for com.apple.springboard to idle
    t =    13.95s Ignoring failure to get hierarchy for remote element in process 1995 (Error getting main window kAXErrorServerNotFound)
    t =    13.95s Ignoring failure to get hierarchy for remote element in process 1995 (Error getting main window kAXErrorServerNotFound)
    t =    13.96s     Synthesize event
    t =    14.81s     Wait for com.bicterm.app to idle
    t =    14.81s Type '<redacted>' into "coder-server-token" SecureTextField
    t =    14.81s     Wait for com.bicterm.app to idle
    t =    14.82s     Find the "coder-server-token" SecureTextField
    t =    14.86s     Check for interrupting elements affecting "coder-server-token" SecureTextField
    t =    14.91s         Wait for com.apple.springboard to idle
    t =    14.93s Ignoring failure to get hierarchy for remote element in process 1995 (Error getting main window kAXErrorServerNotFound)
    t =    14.94s Ignoring failure to get hierarchy for remote element in process 1995 (Error getting main window kAXErrorServerNotFound)
    t =    14.94s     Synthesize event
    t =    15.29s     Wait for com.bicterm.app to idle
    t =    15.29s Tap "coder-server-validate-save" Button
    t =    15.29s     Wait for com.bicterm.app to idle
    t =    15.30s     Find the "coder-server-validate-save" Button
    t =    15.34s     Check for interrupting elements affecting "coder-server-validate-save" Button
    t =    15.39s         Wait for com.apple.springboard to idle
    t =    15.41s Ignoring failure to get hierarchy for remote element in process 1995 (Error getting main window kAXErrorServerNotFound)
    t =    15.42s Ignoring failure to get hierarchy for remote element in process 1995 (Error getting main window kAXErrorServerNotFound)
    t =    15.42s     Synthesize event
    t =    15.71s     Wait for com.bicterm.app to idle
    t =    16.67s Waiting 10.0s for "coder-server-Fixture-Server" Button to exist
    t =    17.70s     Checking `Expect predicate `existsNoRetry == 1` for object "coder-server-Fixture-Server" Button`
    t =    17.71s         Checking existence of `"coder-server-Fixture-Server" Button`
    t =    17.74s Waiting 5.0s for Button (Element at index 0) to exist
    t =    18.77s     Checking `Expect predicate `existsNoRetry == 1` for object Button (Element at index 0)`
    t =    18.77s         Checking existence of `Button (Element at index 0)`
    t =    18.80s Tap Button (Element at index 0)
    t =    18.80s     Wait for com.bicterm.app to idle
    t =    18.80s     Find the Button (Element at index 0)
    t =    18.82s     Check for interrupting elements affecting "BackButton" Button
    t =    18.85s         Wait for com.apple.springboard to idle
    t =    18.88s Ignoring failure to get hierarchy for remote element in process 1995 (Error getting main window kAXErrorServerNotFound)
    t =    18.88s Ignoring failure to get hierarchy for remote element in process 1995 (Error getting main window kAXErrorServerNotFound)
    t =    18.88s     Synthesize event
    t =    19.18s     Wait for com.bicterm.app to idle
    t =    19.56s Waiting 5.0s for Button (Element at index 0) to exist
    t =    20.59s     Checking `Expect predicate `existsNoRetry == 1` for object Button (Element at index 0)`
    t =    20.59s         Checking existence of `Button (Element at index 0)`
    t =    20.63s Tap Button (Element at index 0)
    t =    20.63s     Wait for com.bicterm.app to idle
    t =    20.63s     Find the Button (Element at index 0)
    t =    20.66s     Check for interrupting elements affecting "BackButton" Button
    t =    20.69s         Wait for com.apple.springboard to idle
    t =    20.71s Ignoring failure to get hierarchy for remote element in process 1995 (Error getting main window kAXErrorServerNotFound)
    t =    20.71s Ignoring failure to get hierarchy for remote element in process 1995 (Error getting main window kAXErrorServerNotFound)
    t =    20.72s     Synthesize event
    t =    21.01s     Wait for com.bicterm.app to idle
    t =    21.82s Waiting 15.0s for "add-connection" Button to exist
    t =    22.88s     Checking `Expect predicate `existsNoRetry == 1` for object "add-connection" Button`
    t =    22.88s         Checking existence of `"add-connection" Button`
    t =    22.91s Tap "add-connection" Button
    t =    22.91s     Wait for com.bicterm.app to idle
    t =    22.91s     Find the "add-connection" Button
    t =    22.94s     Check for interrupting elements affecting "add-connection" Button
    t =    22.97s         Wait for com.apple.springboard to idle
    t =    22.99s Ignoring failure to get hierarchy for remote element in process 1995 (Error getting main window kAXErrorServerNotFound)
    t =    22.99s Ignoring failure to get hierarchy for remote element in process 1995 (Error getting main window kAXErrorServerNotFound)
    t =    23.00s     Synthesize event
    t =    23.29s     Wait for com.bicterm.app to idle
    t =    24.11s Waiting 10.0s for "field-name" TextField to exist
    t =    25.14s     Checking `Expect predicate `existsNoRetry == 1` for object "field-name" TextField`
    t =    25.14s         Checking existence of `"field-name" TextField`
    t =    25.25s Find the "field-name" TextField
    t =    25.34s Tap "field-name" TextField
    t =    25.34s     Wait for com.bicterm.app to idle
    t =    25.34s     Find the "field-name" TextField
    t =    25.41s     Check for interrupting elements affecting "field-name" TextField
    t =    25.48s         Wait for com.apple.springboard to idle
    t =    25.50s Ignoring failure to get hierarchy for remote element in process 1995 (Error getting main window kAXErrorServerNotFound)
    t =    25.50s Ignoring failure to get hierarchy for remote element in process 1995 (Error getting main window kAXErrorServerNotFound)
    t =    25.51s     Synthesize event
    t =    25.80s     Wait for com.bicterm.app to idle
    t =    26.14s Find the "field-name" TextField
    t =    26.25s Type 'Coder Connection' into "field-name" TextField
    t =    26.25s     Wait for com.bicterm.app to idle
    t =    26.25s     Find the "field-name" TextField
    t =    26.34s     Check for interrupting elements affecting "field-name" TextField
    t =    26.43s         Wait for com.apple.springboard to idle
    t =    26.45s Ignoring failure to get hierarchy for remote element in process 1995 (Error getting main window kAXErrorServerNotFound)
    t =    26.45s Ignoring failure to get hierarchy for remote element in process 1995 (Error getting main window kAXErrorServerNotFound)
    t =    26.46s     Synthesize event
    t =    26.92s     Wait for com.bicterm.app to idle
    t =    26.93s Tap "protocol-picker" Button
    t =    26.93s     Wait for com.bicterm.app to idle
    t =    26.93s     Find the "protocol-picker" Button
    t =    27.02s     Check for interrupting elements affecting "protocol-picker" Button
    t =    27.10s         Wait for com.apple.springboard to idle
    t =    27.13s Ignoring failure to get hierarchy for remote element in process 1995 (Error getting main window kAXErrorServerNotFound)
    t =    27.13s Ignoring failure to get hierarchy for remote element in process 1995 (Error getting main window kAXErrorServerNotFound)
    t =    27.13s     Synthesize event
    t =    27.43s     Wait for com.bicterm.app to idle
    t =    28.53s Waiting 5.0s for "Coder" Button to exist
    t =    29.58s     Checking `Expect predicate `existsNoRetry == 1` for object "Coder" Button`
    t =    29.58s         Checking existence of `"Coder" Button`
    t =    29.68s Tap "Coder" Button
    t =    29.68s     Wait for com.bicterm.app to idle
    t =    29.68s     Find the "Coder" Button
    t =    29.78s     Check for interrupting elements affecting "Coder" Button
    t =    29.86s         Wait for com.apple.springboard to idle
    t =    29.88s Ignoring failure to get hierarchy for remote element in process 1995 (Error getting main window kAXErrorServerNotFound)
    t =    29.88s Ignoring failure to get hierarchy for remote element in process 1995 (Error getting main window kAXErrorServerNotFound)
    t =    29.89s     Synthesize event
    t =    30.18s     Wait for com.bicterm.app to idle
    t =    31.66s Find the "field-host" TextField
    t =    31.75s Tap "field-host" TextField
    t =    31.75s     Wait for com.bicterm.app to idle
    t =    31.76s     Find the "field-host" TextField
    t =    31.83s     Check for interrupting elements affecting "field-host" TextField
    t =    31.89s         Wait for com.apple.springboard to idle
    t =    31.92s Ignoring failure to get hierarchy for remote element in process 1995 (Error getting main window kAXErrorServerNotFound)
    t =    31.92s Ignoring failure to get hierarchy for remote element in process 1995 (Error getting main window kAXErrorServerNotFound)
    t =    31.92s     Synthesize event
    t =    32.22s     Wait for com.bicterm.app to idle
    t =    32.53s Find the "field-host" TextField
    t =    32.63s Type 'coder.example.com' into "field-host" TextField
    t =    32.63s     Wait for com.bicterm.app to idle
    t =    32.63s     Find the "field-host" TextField
    t =    32.72s     Check for interrupting elements affecting "field-host" TextField
    t =    32.80s         Wait for com.apple.springboard to idle
    t =    32.82s Ignoring failure to get hierarchy for remote element in process 1995 (Error getting main window kAXErrorServerNotFound)
    t =    32.82s Ignoring failure to get hierarchy for remote element in process 1995 (Error getting main window kAXErrorServerNotFound)
    t =    32.83s     Synthesize event
    t =    33.31s     Wait for com.bicterm.app to idle
    t =    33.31s Find the "field-username" TextField
    t =    33.41s Tap "field-username" TextField
    t =    33.41s     Wait for com.bicterm.app to idle
    t =    33.41s     Find the "field-username" TextField
    t =    33.49s     Check for interrupting elements affecting "field-username" TextField
    t =    33.57s         Wait for com.apple.springboard to idle
    t =    33.59s Ignoring failure to get hierarchy for remote element in process 1995 (Error getting main window kAXErrorServerNotFound)
    t =    33.60s Ignoring failure to get hierarchy for remote element in process 1995 (Error getting main window kAXErrorServerNotFound)
    t =    33.60s     Synthesize event
    t =    33.89s     Wait for com.bicterm.app to idle
    t =    33.89s Find the "field-username" TextField
    t =    33.98s Type 'user' into "field-username" TextField
    t =    33.98s     Wait for com.bicterm.app to idle
    t =    33.98s     Find the "field-username" TextField
    t =    34.07s     Check for interrupting elements affecting "field-username" TextField
    t =    34.15s         Wait for com.apple.springboard to idle
    t =    34.18s Ignoring failure to get hierarchy for remote element in process 1995 (Error getting main window kAXErrorServerNotFound)
    t =    34.18s Ignoring failure to get hierarchy for remote element in process 1995 (Error getting main window kAXErrorServerNotFound)
    t =    34.18s     Synthesize event
    t =    34.45s     Wait for com.bicterm.app to idle
    t =    34.45s Checking existence of `"coder-server-picker" Button`
    t =    34.54s Find the "coder-server-picker" Button
    t =    34.64s Tap "coder-server-picker" Button
    t =    34.64s     Wait for com.bicterm.app to idle
    t =    34.64s     Find the "coder-server-picker" Button
    t =    34.74s     Check for interrupting elements affecting "coder-server-picker" Button
    t =    34.82s         Wait for com.apple.springboard to idle
    t =    34.84s Ignoring failure to get hierarchy for remote element in process 1995 (Error getting main window kAXErrorServerNotFound)
    t =    34.84s Ignoring failure to get hierarchy for remote element in process 1995 (Error getting main window kAXErrorServerNotFound)
    t =    34.85s     Synthesize event
    t =    35.14s     Wait for com.bicterm.app to idle
    t =    36.56s Waiting 5.0s for "Fixture Server" Button to exist
    t =    37.60s     Checking `Expect predicate `existsNoRetry == 1` for object "Fixture Server" Button`
    t =    37.60s         Checking existence of `"Fixture Server" Button`
    t =    37.70s Tap "Fixture Server" Button
    t =    37.70s     Wait for com.bicterm.app to idle
    t =    37.70s     Find the "Fixture Server" Button
    t =    37.79s     Check for interrupting elements affecting "Fixture Server" Button
    t =    37.87s         Wait for com.apple.springboard to idle
    t =    37.89s Ignoring failure to get hierarchy for remote element in process 1995 (Error getting main window kAXErrorServerNotFound)
    t =    37.89s Ignoring failure to get hierarchy for remote element in process 1995 (Error getting main window kAXErrorServerNotFound)
    t =    37.90s     Synthesize event
    t =    38.19s     Wait for com.bicterm.app to idle
    t =    39.28s Waiting 10.0s for "coder-workspace-Running-Dev" Button to exist
    t =    40.29s     Checking `Expect predicate `existsNoRetry == 1` for object "coder-workspace-Running-Dev" Button`
    t =    40.30s         Checking existence of `"coder-workspace-Running-Dev" Button`
    t =    40.40s Find the "coder-workspace-Running-Dev" Button
    t =    40.49s Checking existence of `"Running" StaticText`
    t =    40.59s Checking existence of `"coder-workspace-Stopped-Old" Button`
    t =    40.67s Find the "coder-workspace-Stopped-Old" Button
    t =    40.76s Checking existence of `"Stopped" StaticText`
    t =    40.85s Tap "coder-workspace-Running-Dev" Button
    t =    40.85s     Wait for com.bicterm.app to idle
    t =    40.86s     Find the "coder-workspace-Running-Dev" Button
    t =    40.95s     Check for interrupting elements affecting "coder-workspace-Running-Dev" Button
    t =    41.03s         Wait for com.apple.springboard to idle
    t =    41.05s Ignoring failure to get hierarchy for remote element in process 1995 (Error getting main window kAXErrorServerNotFound)
    t =    41.05s Ignoring failure to get hierarchy for remote element in process 1995 (Error getting main window kAXErrorServerNotFound)
    t =    41.06s     Synthesize event
    t =    41.36s     Wait for com.bicterm.app to idle
    t =    41.36s Waiting 2.0s for "Done" Button to exist
    t =    42.39s     Checking `Expect predicate `existsNoRetry == 1` for object "Done" Button`
    t =    42.39s         Checking existence of `"Done" Button`
    t =    42.49s Tap "Done" Button
    t =    42.49s     Wait for com.bicterm.app to idle
    t =    42.49s     Find the "Done" Button
    t =    42.58s     Check for interrupting elements affecting "Done" Button
    t =    42.67s         Wait for com.apple.springboard to idle
    t =    42.69s Ignoring failure to get hierarchy for remote element in process 1995 (Error getting main window kAXErrorServerNotFound)
    t =    42.69s Ignoring failure to get hierarchy for remote element in process 1995 (Error getting main window kAXErrorServerNotFound)
    t =    42.70s     Synthesize event
    t =    42.99s     Wait for com.bicterm.app to idle
    t =    43.78s Tap "key-selector" Button
    t =    43.78s     Wait for com.bicterm.app to idle
    t =    43.79s     Find the "key-selector" Button
    t =    43.86s     Check for interrupting elements affecting "key-selector" Button
    t =    43.93s         Wait for com.apple.springboard to idle
    t =    43.95s Ignoring failure to get hierarchy for remote element in process 1995 (Error getting main window kAXErrorServerNotFound)
    t =    43.95s Ignoring failure to get hierarchy for remote element in process 1995 (Error getting main window kAXErrorServerNotFound)
    t =    43.96s     Synthesize event
    t =    44.26s     Wait for com.bicterm.app to idle
    t =    44.98s Waiting 5.0s for "key-Fixture-Ed25519" Button to exist
    t =    46.01s     Checking `Expect predicate `existsNoRetry == 1` for object "key-Fixture-Ed25519" Button`
    t =    46.01s         Checking existence of `"key-Fixture-Ed25519" Button`
    t =    46.06s Tap "key-Fixture-Ed25519" Button
    t =    46.07s     Wait for com.bicterm.app to idle
    t =    46.07s     Find the "key-Fixture-Ed25519" Button
    t =    46.11s     Check for interrupting elements affecting "key-Fixture-Ed25519" Button
    t =    46.16s         Wait for com.apple.springboard to idle
    t =    46.18s Ignoring failure to get hierarchy for remote element in process 1995 (Error getting main window kAXErrorServerNotFound)
    t =    46.19s Ignoring failure to get hierarchy for remote element in process 1995 (Error getting main window kAXErrorServerNotFound)
    t =    46.19s     Synthesize event
    t =    46.48s     Wait for com.bicterm.app to idle
    t =    47.30s Checking existence of `"connect-button" Button`
    t =    47.38s Find the "connect-button" Button
    t =    47.47s Find the "connect-button" Button
    t =    47.55s Tap "connect-button" Button
    t =    47.55s     Wait for com.bicterm.app to idle
    t =    47.55s     Find the "connect-button" Button
    t =    47.64s     Check for interrupting elements affecting "connect-button" Button
    t =    47.71s         Wait for com.apple.springboard to idle
    t =    47.74s Ignoring failure to get hierarchy for remote element in process 1995 (Error getting main window kAXErrorServerNotFound)
    t =    47.74s Ignoring failure to get hierarchy for remote element in process 1995 (Error getting main window kAXErrorServerNotFound)
    t =    47.74s     Synthesize event
    t =    48.04s     Wait for com.bicterm.app to idle
    t =    48.52s Waiting 20.0s for "terminalView" Any to exist
    t =    49.56s     Checking `Expect predicate `existsNoRetry == 1` for object "terminalView" Any`
    t =    49.56s         Checking existence of `"terminalView" Any`
    t =    49.69s Tear Down
Test Case '-[BicTermUITests.CoderServersUITests testCoderConnectionEditorListsServersAndWorkspaces]' passed (50.256 seconds).
Test Case '-[BicTermUITests.CoderServersUITests testCoderReauthenticateNavigatesToServerEditor]' started.
    t =     0.00s Start Test at 2026-09-08 22:50:43.902
    t =     0.02s Set Up
    t =     0.02s Open com.bicterm.app
    t =     0.02s     Launch com.bicterm.app
    t =     0.02s         Terminate com.bicterm.app:32775
2026-09-08 22:50:44.977 xcodebuild[31656:29943544] [MT] IDELaunchParametersSnapshot: The operation couldn’t be completed. (DebuggerLLDB.DebuggerVersionStore.StoreError error 0.)
2026-09-08 22:50:44.977 xcodebuild[31656:29943544] [MT] IDELaunchParametersSnapshot: no debugger version
    t =     1.49s         Setting up automation session
    t =     2.24s         Wait for com.bicterm.app to idle
    t =     3.82s Tap "open-settings" Button
    t =     3.82s     Wait for com.bicterm.app to idle
    t =     3.83s     Find the "open-settings" Button
    t =     3.89s     Check for interrupting elements affecting "open-settings" Button
    t =     3.92s         Wait for com.apple.springboard to idle
    t =     3.95s Ignoring failure to get hierarchy for remote element in process 1995 (Error getting main window kAXErrorServerNotFound)
    t =     3.95s Ignoring failure to get hierarchy for remote element in process 1995 (Error getting main window kAXErrorServerNotFound)
    t =     3.96s     Synthesize event
    t =     4.25s     Wait for com.bicterm.app to idle
    t =     5.04s Waiting 5.0s for "settings-coder-servers" Button to exist
    t =     6.08s     Checking `Expect predicate `existsNoRetry == 1` for object "settings-coder-servers" Button`
    t =     6.08s         Checking existence of `"settings-coder-servers" Button`
    t =     6.12s Tap "settings-coder-servers" Button
    t =     6.12s     Wait for com.bicterm.app to idle
    t =     6.12s     Find the "settings-coder-servers" Button
    t =     6.15s     Check for interrupting elements affecting "settings-coder-servers" Button
    t =     6.18s         Wait for com.apple.springboard to idle
    t =     6.20s Ignoring failure to get hierarchy for remote element in process 1995 (Error getting main window kAXErrorServerNotFound)
    t =     6.20s Ignoring failure to get hierarchy for remote element in process 1995 (Error getting main window kAXErrorServerNotFound)
    t =     6.21s     Synthesize event
    t =     6.50s     Wait for com.bicterm.app to idle
    t =     7.29s Waiting 5.0s for "Coder Servers" NavigationBar to exist
    t =     8.35s     Checking `Expect predicate `existsNoRetry == 1` for object "Coder Servers" NavigationBar`
    t =     8.35s         Checking existence of `"Coder Servers" NavigationBar`
    t =     8.37s Tap "add-coder-server" Button
    t =     8.37s     Wait for com.bicterm.app to idle
    t =     8.38s     Find the "add-coder-server" Button
    t =     8.40s     Check for interrupting elements affecting "add-coder-server" Button
    t =     8.42s         Wait for com.apple.springboard to idle
    t =     8.44s Ignoring failure to get hierarchy for remote element in process 1995 (Error getting main window kAXErrorServerNotFound)
    t =     8.45s Ignoring failure to get hierarchy for remote element in process 1995 (Error getting main window kAXErrorServerNotFound)
    t =     8.45s     Synthesize event
    t =     8.75s     Wait for com.bicterm.app to idle
    t =     9.52s Waiting 5.0s for "Add Coder Server" NavigationBar to exist
    t =    10.54s     Checking `Expect predicate `existsNoRetry == 1` for object "Add Coder Server" NavigationBar`
    t =    10.54s         Checking existence of `"Add Coder Server" NavigationBar`
    t =    10.59s Find the "coder-server-name" TextField
    t =    10.63s Tap "coder-server-name" TextField
    t =    10.63s     Wait for com.bicterm.app to idle
    t =    10.63s     Find the "coder-server-name" TextField
    t =    10.66s     Check for interrupting elements affecting "coder-server-name" TextField
    t =    10.69s         Wait for com.apple.springboard to idle
    t =    10.71s Ignoring failure to get hierarchy for remote element in process 1995 (Error getting main window kAXErrorServerNotFound)
    t =    10.71s Ignoring failure to get hierarchy for remote element in process 1995 (Error getting main window kAXErrorServerNotFound)
    t =    10.72s     Synthesize event
    t =    11.01s     Wait for com.bicterm.app to idle
    t =    11.09s Find the "coder-server-name" TextField
    t =    11.20s Type 'Expired Server' into "coder-server-name" TextField
    t =    11.20s     Wait for com.bicterm.app to idle
    t =    11.51s     Find the "coder-server-name" TextField
    t =    11.56s     Check for interrupting elements affecting "coder-server-name" TextField
    t =    11.61s         Wait for com.apple.springboard to idle
    t =    11.64s Ignoring failure to get hierarchy for remote element in process 1995 (Error getting main window kAXErrorServerNotFound)
    t =    11.64s Ignoring failure to get hierarchy for remote element in process 1995 (Error getting main window kAXErrorServerNotFound)
    t =    11.64s     Synthesize event
    t =    12.08s     Wait for com.bicterm.app to idle
    t =    12.08s Find the "coder-server-url" TextField
    t =    12.14s Tap "coder-server-url" TextField
    t =    12.14s     Wait for com.bicterm.app to idle
    t =    12.14s     Find the "coder-server-url" TextField
    t =    12.20s     Check for interrupting elements affecting "coder-server-url" TextField
    t =    12.24s         Wait for com.apple.springboard to idle
    t =    12.26s Ignoring failure to get hierarchy for remote element in process 1995 (Error getting main window kAXErrorServerNotFound)
    t =    12.27s Ignoring failure to get hierarchy for remote element in process 1995 (Error getting main window kAXErrorServerNotFound)
    t =    12.27s     Synthesize event
    t =    12.57s     Wait for com.bicterm.app to idle
    t =    12.57s Find the "coder-server-url" TextField
    t =    12.62s Type 'https://coder.exam...' into "coder-server-url" TextField
    t =    12.62s     Wait for com.bicterm.app to idle
    t =    12.62s     Find the "coder-server-url" TextField
    t =    12.67s     Check for interrupting elements affecting "coder-server-url" TextField
    t =    12.72s         Wait for com.apple.springboard to idle
    t =    12.74s Ignoring failure to get hierarchy for remote element in process 1995 (Error getting main window kAXErrorServerNotFound)
    t =    12.75s Ignoring failure to get hierarchy for remote element in process 1995 (Error getting main window kAXErrorServerNotFound)
    t =    12.75s     Synthesize event
    t =    13.37s     Wait for com.bicterm.app to idle
    t =    13.37s Find the "coder-server-token" SecureTextField
    t =    13.43s Tap "coder-server-token" SecureTextField
    t =    13.43s     Wait for com.bicterm.app to idle
    t =    13.43s     Find the "coder-server-token" SecureTextField
    t =    13.48s     Check for interrupting elements affecting "coder-server-token" SecureTextField
    t =    13.53s         Wait for com.apple.springboard to idle
    t =    13.55s Ignoring failure to get hierarchy for remote element in process 1995 (Error getting main window kAXErrorServerNotFound)
    t =    13.56s Ignoring failure to get hierarchy for remote element in process 1995 (Error getting main window kAXErrorServerNotFound)
    t =    13.56s     Synthesize event
    t =    13.85s     Wait for com.bicterm.app to idle
    t =    13.85s Find the "coder-server-token" SecureTextField
    t =    13.90s Type '...' into "coder-server-token" SecureTextField
    t =    13.90s     Wait for com.bicterm.app to idle
    t =    13.91s     Find the "coder-server-token" SecureTextField
    t =    13.95s     Check for interrupting elements affecting "coder-server-token" SecureTextField
    t =    14.00s         Wait for com.apple.springboard to idle
    t =    14.02s Ignoring failure to get hierarchy for remote element in process 1995 (Error getting main window kAXErrorServerNotFound)
    t =    14.02s Ignoring failure to get hierarchy for remote element in process 1995 (Error getting main window kAXErrorServerNotFound)
    t =    14.03s     Synthesize event
    t =    14.88s     Wait for com.bicterm.app to idle
    t =    14.88s Type '<redacted>' into "coder-server-token" SecureTextField
    t =    14.88s     Wait for com.bicterm.app to idle
    t =    14.88s     Find the "coder-server-token" SecureTextField
    t =    14.93s     Check for interrupting elements affecting "coder-server-token" SecureTextField
    t =    14.97s         Wait for com.apple.springboard to idle
    t =    15.00s Ignoring failure to get hierarchy for remote element in process 1995 (Error getting main window kAXErrorServerNotFound)
    t =    15.00s Ignoring failure to get hierarchy for remote element in process 1995 (Error getting main window kAXErrorServerNotFound)
    t =    15.00s     Synthesize event
    t =    15.42s     Wait for com.bicterm.app to idle
    t =    15.43s Tap "coder-server-validate-save" Button
    t =    15.43s     Wait for com.bicterm.app to idle
    t =    15.43s     Find the "coder-server-validate-save" Button
    t =    15.48s     Check for interrupting elements affecting "coder-server-validate-save" Button
    t =    15.53s         Wait for com.apple.springboard to idle
    t =    15.56s Ignoring failure to get hierarchy for remote element in process 1995 (Error getting main window kAXErrorServerNotFound)
    t =    15.56s Ignoring failure to get hierarchy for remote element in process 1995 (Error getting main window kAXErrorServerNotFound)
    t =    15.56s     Synthesize event
    t =    15.85s     Wait for com.bicterm.app to idle
    t =    16.78s Waiting 10.0s for "coder-server-Expired-Server" Button to exist
    t =    17.82s     Checking `Expect predicate `existsNoRetry == 1` for object "coder-server-Expired-Server" Button`
    t =    17.82s         Checking existence of `"coder-server-Expired-Server" Button`
    t =    17.85s Waiting 5.0s for Button (Element at index 0) to exist
    t =    18.87s     Checking `Expect predicate `existsNoRetry == 1` for object Button (Element at index 0)`
    t =    18.87s         Checking existence of `Button (Element at index 0)`
    t =    18.89s Tap Button (Element at index 0)
    t =    18.89s     Wait for com.bicterm.app to idle
    t =    18.90s     Find the Button (Element at index 0)
    t =    18.92s     Check for interrupting elements affecting "BackButton" Button
    t =    18.95s         Wait for com.apple.springboard to idle
    t =    18.98s Ignoring failure to get hierarchy for remote element in process 1995 (Error getting main window kAXErrorServerNotFound)
    t =    18.98s Ignoring failure to get hierarchy for remote element in process 1995 (Error getting main window kAXErrorServerNotFound)
    t =    18.98s     Synthesize event
    t =    19.28s     Wait for com.bicterm.app to idle
    t =    19.64s Waiting 5.0s for Button (Element at index 0) to exist
    t =    20.69s     Checking `Expect predicate `existsNoRetry == 1` for object Button (Element at index 0)`
    t =    20.69s         Checking existence of `Button (Element at index 0)`
    t =    20.72s Tap Button (Element at index 0)
    t =    20.72s     Wait for com.bicterm.app to idle
    t =    20.72s     Find the Button (Element at index 0)
    t =    20.75s     Check for interrupting elements affecting "BackButton" Button
    t =    20.78s         Wait for com.apple.springboard to idle
    t =    20.81s Ignoring failure to get hierarchy for remote element in process 1995 (Error getting main window kAXErrorServerNotFound)
    t =    20.81s Ignoring failure to get hierarchy for remote element in process 1995 (Error getting main window kAXErrorServerNotFound)
    t =    20.81s     Synthesize event
    t =    21.11s     Wait for com.bicterm.app to idle
    t =    21.94s Terminate com.bicterm.app:32867
    t =    22.99s Open com.bicterm.app
    t =    23.00s     Launch com.bicterm.app
2026-09-08 22:51:06.898 xcodebuild[31656:29943544] [MT] IDELaunchParametersSnapshot: The operation couldn’t be completed. (DebuggerLLDB.DebuggerVersionStore.StoreError error 0.)
2026-09-08 22:51:06.898 xcodebuild[31656:29943544] [MT] IDELaunchParametersSnapshot: no debugger version
    t =    23.40s         Setting up automation session
    t =    24.16s         Wait for com.bicterm.app to idle
    t =    25.73s Waiting 15.0s for "add-connection" Button to exist
    t =    26.75s     Checking `Expect predicate `existsNoRetry == 1` for object "add-connection" Button`
    t =    26.76s         Checking existence of `"add-connection" Button`
    t =    26.82s Tap "add-connection" Button
    t =    26.82s     Wait for com.bicterm.app to idle
    t =    26.82s     Find the "add-connection" Button
    t =    26.85s     Check for interrupting elements affecting "add-connection" Button
    t =    26.89s         Wait for com.apple.springboard to idle
    t =    26.91s Ignoring failure to get hierarchy for remote element in process 1995 (Error getting main window kAXErrorServerNotFound)
    t =    26.91s Ignoring failure to get hierarchy for remote element in process 1995 (Error getting main window kAXErrorServerNotFound)
    t =    26.92s     Synthesize event
    t =    27.21s     Wait for com.bicterm.app to idle
    t =    28.21s Waiting 10.0s for "field-name" TextField to exist
    t =    29.24s     Checking `Expect predicate `existsNoRetry == 1` for object "field-name" TextField`
    t =    29.24s         Checking existence of `"field-name" TextField`
    t =    29.35s Find the "field-name" TextField
    t =    29.43s Tap "field-name" TextField
    t =    29.43s     Wait for com.bicterm.app to idle
    t =    29.43s     Find the "field-name" TextField
    t =    29.50s     Check for interrupting elements affecting "field-name" TextField
    t =    29.57s         Wait for com.apple.springboard to idle
    t =    29.59s Ignoring failure to get hierarchy for remote element in process 1995 (Error getting main window kAXErrorServerNotFound)
    t =    29.59s Ignoring failure to get hierarchy for remote element in process 1995 (Error getting main window kAXErrorServerNotFound)
    t =    29.60s     Synthesize event
    t =    29.89s     Wait for com.bicterm.app to idle
    t =    30.02s Find the "field-name" TextField
    t =    30.17s Type 'Expired Connection' into "field-name" TextField
    t =    30.17s     Wait for com.bicterm.app to idle
    t =    30.41s     Find the "field-name" TextField
    t =    30.50s     Check for interrupting elements affecting "field-name" TextField
    t =    30.59s         Wait for com.apple.springboard to idle
    t =    30.62s Ignoring failure to get hierarchy for remote element in process 1995 (Error getting main window kAXErrorServerNotFound)
    t =    30.62s Ignoring failure to get hierarchy for remote element in process 1995 (Error getting main window kAXErrorServerNotFound)
    t =    30.62s     Synthesize event
    t =    31.12s     Wait for com.bicterm.app to idle
    t =    31.12s Tap "protocol-picker" Button
    t =    31.12s     Wait for com.bicterm.app to idle
    t =    31.13s     Find the "protocol-picker" Button
    t =    31.22s     Check for interrupting elements affecting "protocol-picker" Button
    t =    31.31s         Wait for com.apple.springboard to idle
    t =    31.33s Ignoring failure to get hierarchy for remote element in process 1995 (Error getting main window kAXErrorServerNotFound)
    t =    31.33s Ignoring failure to get hierarchy for remote element in process 1995 (Error getting main window kAXErrorServerNotFound)
    t =    31.34s     Synthesize event
    t =    31.62s     Wait for com.bicterm.app to idle
    t =    32.74s Waiting 5.0s for "Coder" Button to exist
    t =    33.77s     Checking `Expect predicate `existsNoRetry == 1` for object "Coder" Button`
    t =    33.77s         Checking existence of `"Coder" Button`
    t =    33.87s Tap "Coder" Button
    t =    33.87s     Wait for com.bicterm.app to idle
    t =    33.88s     Find the "Coder" Button
    t =    33.98s     Check for interrupting elements affecting "Coder" Button
    t =    34.06s         Wait for com.apple.springboard to idle
    t =    34.08s Ignoring failure to get hierarchy for remote element in process 1995 (Error getting main window kAXErrorServerNotFound)
    t =    34.09s Ignoring failure to get hierarchy for remote element in process 1995 (Error getting main window kAXErrorServerNotFound)
    t =    34.09s     Synthesize event
    t =    34.39s     Wait for com.bicterm.app to idle
    t =    35.88s Checking existence of `"coder-server-picker" Button`
    t =    35.95s Find the "coder-server-picker" Button
    t =    36.04s Tap "coder-server-picker" Button
    t =    36.04s     Wait for com.bicterm.app to idle
    t =    36.04s     Find the "coder-server-picker" Button
    t =    36.11s     Check for interrupting elements affecting "coder-server-picker" Button
    t =    36.18s         Wait for com.apple.springboard to idle
    t =    36.21s Ignoring failure to get hierarchy for remote element in process 1995 (Error getting main window kAXErrorServerNotFound)
    t =    36.21s Ignoring failure to get hierarchy for remote element in process 1995 (Error getting main window kAXErrorServerNotFound)
    t =    36.21s     Synthesize event
    t =    36.50s     Wait for com.bicterm.app to idle
    t =    37.94s Waiting 5.0s for "Expired Server" Button to exist
    t =    38.99s     Checking `Expect predicate `existsNoRetry == 1` for object "Expired Server" Button`
    t =    38.99s         Checking existence of `"Expired Server" Button`
    t =    39.07s Tap "Expired Server" Button
    t =    39.07s     Wait for com.bicterm.app to idle
    t =    39.07s     Find the "Expired Server" Button
    t =    39.14s     Check for interrupting elements affecting "Expired Server" Button
    t =    39.21s         Wait for com.apple.springboard to idle
    t =    39.24s Ignoring failure to get hierarchy for remote element in process 1995 (Error getting main window kAXErrorServerNotFound)
    t =    39.24s Ignoring failure to get hierarchy for remote element in process 1995 (Error getting main window kAXErrorServerNotFound)
    t =    39.24s     Synthesize event
    t =    39.53s     Wait for com.bicterm.app to idle
    t =    40.63s Checking existence of `"coder-reauthenticate" Button`
    t =    40.71s Find the "coder-reauthenticate" Button
    t =    40.80s Waiting 10.0s for "coder-reauthenticate" Button to exist
    t =    41.82s     Checking `Expect predicate `existsNoRetry == 1` for object "coder-reauthenticate" Button`
    t =    41.82s         Checking existence of `"coder-reauthenticate" Button`
    t =    41.90s Tap "coder-reauthenticate" Button
    t =    41.90s     Wait for com.bicterm.app to idle
    t =    41.90s     Find the "coder-reauthenticate" Button
    t =    41.98s     Check for interrupting elements affecting "coder-reauthenticate" Button
    t =    42.06s         Wait for com.apple.springboard to idle
    t =    42.08s Ignoring failure to get hierarchy for remote element in process 1995 (Error getting main window kAXErrorServerNotFound)
    t =    42.08s Ignoring failure to get hierarchy for remote element in process 1995 (Error getting main window kAXErrorServerNotFound)
    t =    42.08s     Synthesize event
    t =    42.39s     Wait for com.bicterm.app to idle
    t =    43.11s Waiting 10.0s for "coder-server-name" TextField to exist
    t =    44.12s     Checking `Expect predicate `existsNoRetry == 1` for object "coder-server-name" TextField`
    t =    44.12s         Checking existence of `"coder-server-name" TextField`
    t =    44.23s Find the "coder-server-name" TextField
    t =    44.33s Tear Down
Test Case '-[BicTermUITests.CoderServersUITests testCoderReauthenticateNavigatesToServerEditor]' passed (44.569 seconds).
Test Case '-[BicTermUITests.CoderServersUITests testEmptyStateAndAddServerFlow]' started.
    t =     0.00s Start Test at 2026-09-08 22:51:28.473
    t =     0.02s Set Up
    t =     0.02s Open com.bicterm.app
    t =     0.02s     Launch com.bicterm.app
    t =     0.02s         Terminate com.bicterm.app:32901
2026-09-08 22:51:29.542 xcodebuild[31656:29943544] [MT] IDELaunchParametersSnapshot: The operation couldn’t be completed. (DebuggerLLDB.DebuggerVersionStore.StoreError error 0.)
2026-09-08 22:51:29.542 xcodebuild[31656:29943544] [MT] IDELaunchParametersSnapshot: no debugger version
    t =     1.49s         Setting up automation session
    t =     2.23s         Wait for com.bicterm.app to idle
    t =     3.78s Tap "open-settings" Button
    t =     3.78s     Wait for com.bicterm.app to idle
    t =     3.79s     Find the "open-settings" Button
    t =     3.86s     Check for interrupting elements affecting "open-settings" Button
    t =     3.89s         Wait for com.apple.springboard to idle
    t =     3.91s Ignoring failure to get hierarchy for remote element in process 1995 (Error getting main window kAXErrorServerNotFound)
    t =     3.91s Ignoring failure to get hierarchy for remote element in process 1995 (Error getting main window kAXErrorServerNotFound)
    t =     3.92s     Synthesize event
    t =     4.22s     Wait for com.bicterm.app to idle
    t =     4.99s Waiting 5.0s for "settings-coder-servers" Button to exist
    t =     6.03s     Checking `Expect predicate `existsNoRetry == 1` for object "settings-coder-servers" Button`
    t =     6.03s         Checking existence of `"settings-coder-servers" Button`
    t =     6.07s Tap "settings-coder-servers" Button
    t =     6.07s     Wait for com.bicterm.app to idle
    t =     6.07s     Find the "settings-coder-servers" Button
    t =     6.10s     Check for interrupting elements affecting "settings-coder-servers" Button
    t =     6.13s         Wait for com.apple.springboard to idle
    t =     6.15s Ignoring failure to get hierarchy for remote element in process 1995 (Error getting main window kAXErrorServerNotFound)
    t =     6.15s Ignoring failure to get hierarchy for remote element in process 1995 (Error getting main window kAXErrorServerNotFound)
    t =     6.15s     Synthesize event
    t =     6.45s     Wait for com.bicterm.app to idle
    t =     7.24s Waiting 5.0s for "Coder Servers" NavigationBar to exist
    t =     8.28s     Checking `Expect predicate `existsNoRetry == 1` for object "Coder Servers" NavigationBar`
    t =     8.28s         Checking existence of `"Coder Servers" NavigationBar`
    t =     8.31s Waiting 5.0s for "coder-servers-empty" StaticText to exist
    t =     9.35s     Checking `Expect predicate `existsNoRetry == 1` for object "coder-servers-empty" StaticText`
    t =     9.35s         Checking existence of `"coder-servers-empty" StaticText`
    t =     9.37s Tap "add-coder-server" Button
    t =     9.37s     Wait for com.bicterm.app to idle
    t =     9.37s     Find the "add-coder-server" Button
    t =     9.40s     Check for interrupting elements affecting "add-coder-server" Button
    t =     9.42s         Wait for com.apple.springboard to idle
    t =     9.44s Ignoring failure to get hierarchy for remote element in process 1995 (Error getting main window kAXErrorServerNotFound)
    t =     9.44s Ignoring failure to get hierarchy for remote element in process 1995 (Error getting main window kAXErrorServerNotFound)
    t =     9.45s     Synthesize event
    t =     9.75s     Wait for com.bicterm.app to idle
    t =    10.59s Waiting 5.0s for "Add Coder Server" NavigationBar to exist
    t =    11.65s     Checking `Expect predicate `existsNoRetry == 1` for object "Add Coder Server" NavigationBar`
    t =    11.65s         Checking existence of `"Add Coder Server" NavigationBar`
    t =    11.70s Find the "coder-server-name" TextField
    t =    11.74s Tap "coder-server-name" TextField
    t =    11.74s     Wait for com.bicterm.app to idle
    t =    11.74s     Find the "coder-server-name" TextField
    t =    11.77s     Check for interrupting elements affecting "coder-server-name" TextField
    t =    11.80s         Wait for com.apple.springboard to idle
    t =    11.82s Ignoring failure to get hierarchy for remote element in process 1995 (Error getting main window kAXErrorServerNotFound)
    t =    11.82s Ignoring failure to get hierarchy for remote element in process 1995 (Error getting main window kAXErrorServerNotFound)
    t =    11.83s     Synthesize event
    t =    12.12s     Wait for com.bicterm.app to idle
    t =    12.23s Find the "coder-server-name" TextField
    t =    12.33s Type 'Preview Server' into "coder-server-name" TextField
    t =    12.33s     Wait for com.bicterm.app to idle
    t =    12.61s     Find the "coder-server-name" TextField
    t =    12.67s     Check for interrupting elements affecting "coder-server-name" TextField
    t =    12.72s         Wait for com.apple.springboard to idle
    t =    12.75s Ignoring failure to get hierarchy for remote element in process 1995 (Error getting main window kAXErrorServerNotFound)
    t =    12.75s Ignoring failure to get hierarchy for remote element in process 1995 (Error getting main window kAXErrorServerNotFound)
    t =    12.75s     Synthesize event
    t =    13.19s     Wait for com.bicterm.app to idle
    t =    13.19s Find the "coder-server-url" TextField
    t =    13.25s Tap "coder-server-url" TextField
    t =    13.25s     Wait for com.bicterm.app to idle
    t =    13.25s     Find the "coder-server-url" TextField
    t =    13.30s     Check for interrupting elements affecting "coder-server-url" TextField
    t =    13.35s         Wait for com.apple.springboard to idle
    t =    13.37s Ignoring failure to get hierarchy for remote element in process 1995 (Error getting main window kAXErrorServerNotFound)
    t =    13.37s Ignoring failure to get hierarchy for remote element in process 1995 (Error getting main window kAXErrorServerNotFound)
    t =    13.38s     Synthesize event
    t =    13.67s     Wait for com.bicterm.app to idle
    t =    13.68s Find the "coder-server-url" TextField
    t =    13.72s Type 'preview.example.com' into "coder-server-url" TextField
    t =    13.73s     Wait for com.bicterm.app to idle
    t =    13.73s     Find the "coder-server-url" TextField
    t =    13.77s     Check for interrupting elements affecting "coder-server-url" TextField
    t =    13.82s         Wait for com.apple.springboard to idle
    t =    13.84s Ignoring failure to get hierarchy for remote element in process 1995 (Error getting main window kAXErrorServerNotFound)
    t =    13.85s Ignoring failure to get hierarchy for remote element in process 1995 (Error getting main window kAXErrorServerNotFound)
    t =    13.85s     Synthesize event
    t =    14.37s     Wait for com.bicterm.app to idle
    t =    14.37s Find the "coder-server-token" SecureTextField
    t =    14.43s Tap "coder-server-token" SecureTextField
    t =    14.43s     Wait for com.bicterm.app to idle
    t =    14.43s     Find the "coder-server-token" SecureTextField
    t =    14.48s     Check for interrupting elements affecting "coder-server-token" SecureTextField
    t =    14.52s         Wait for com.apple.springboard to idle
    t =    14.55s Ignoring failure to get hierarchy for remote element in process 1995 (Error getting main window kAXErrorServerNotFound)
    t =    14.55s Ignoring failure to get hierarchy for remote element in process 1995 (Error getting main window kAXErrorServerNotFound)
    t =    14.55s     Synthesize event
    t =    14.85s     Wait for com.bicterm.app to idle
    t =    14.85s Find the "coder-server-token" SecureTextField
    t =    14.90s Type '...' into "coder-server-token" SecureTextField
    t =    14.90s     Wait for com.bicterm.app to idle
    t =    14.90s     Find the "coder-server-token" SecureTextField
    t =    14.95s     Check for interrupting elements affecting "coder-server-token" SecureTextField
    t =    15.00s         Wait for com.apple.springboard to idle
    t =    15.02s Ignoring failure to get hierarchy for remote element in process 1995 (Error getting main window kAXErrorServerNotFound)
    t =    15.02s Ignoring failure to get hierarchy for remote element in process 1995 (Error getting main window kAXErrorServerNotFound)
    t =    15.03s     Synthesize event
    t =    15.88s     Wait for com.bicterm.app to idle
    t =    15.88s Type '<redacted>' into "coder-server-token" SecureTextField
    t =    15.88s     Wait for com.bicterm.app to idle
    t =    15.89s     Find the "coder-server-token" SecureTextField
    t =    15.93s     Check for interrupting elements affecting "coder-server-token" SecureTextField
    t =    15.98s         Wait for com.apple.springboard to idle
    t =    16.00s Ignoring failure to get hierarchy for remote element in process 1995 (Error getting main window kAXErrorServerNotFound)
    t =    16.00s Ignoring failure to get hierarchy for remote element in process 1995 (Error getting main window kAXErrorServerNotFound)
    t =    16.01s     Synthesize event
    t =    16.43s     Wait for com.bicterm.app to idle
    t =    16.44s Tap "coder-server-validate-save" Button
    t =    16.44s     Wait for com.bicterm.app to idle
    t =    16.44s     Find the "coder-server-validate-save" Button
    t =    16.49s     Check for interrupting elements affecting "coder-server-validate-save" Button
    t =    16.53s         Wait for com.apple.springboard to idle
    t =    16.55s Ignoring failure to get hierarchy for remote element in process 1995 (Error getting main window kAXErrorServerNotFound)
    t =    16.55s Ignoring failure to get hierarchy for remote element in process 1995 (Error getting main window kAXErrorServerNotFound)
    t =    16.56s     Synthesize event
    t =    16.85s     Wait for com.bicterm.app to idle
    t =    17.11s Waiting 10.0s for "coder-server-validation-error" StaticText to exist
    t =    18.16s     Checking `Expect predicate `existsNoRetry == 1` for object "coder-server-validation-error" StaticText`
    t =    18.16s         Checking existence of `"coder-server-validation-error" StaticText`
    t =    18.20s Tap "coder-server-cancel" Button
    t =    18.20s     Wait for com.bicterm.app to idle
    t =    18.20s     Find the "coder-server-cancel" Button
    t =    18.23s     Check for interrupting elements affecting "coder-server-cancel" Button
    t =    18.27s         Wait for com.apple.springboard to idle
    t =    18.29s Ignoring failure to get hierarchy for remote element in process 1995 (Error getting main window kAXErrorServerNotFound)
    t =    18.29s Ignoring failure to get hierarchy for remote element in process 1995 (Error getting main window kAXErrorServerNotFound)
    t =    18.30s     Synthesize event
    t =    18.60s     Wait for com.bicterm.app to idle
    t =    19.39s Checking existence of `"coder-server-Preview-Server" Button`
    t =    19.41s Tear Down
Test Case '-[BicTermUITests.CoderServersUITests testEmptyStateAndAddServerFlow]' passed (19.932 seconds).
Test Case '-[BicTermUITests.CoderServersUITests testSuccessfulSaveAndMaskingOnEdit]' started.
    t =     0.00s Start Test at 2026-09-08 22:51:48.406
    t =     0.02s Set Up
    t =     0.02s Open com.bicterm.app
    t =     0.02s     Launch com.bicterm.app
    t =     0.02s         Terminate com.bicterm.app:32938
2026-09-08 22:51:49.508 xcodebuild[31656:29943544] [MT] IDELaunchParametersSnapshot: The operation couldn’t be completed. (DebuggerLLDB.DebuggerVersionStore.StoreError error 0.)
2026-09-08 22:51:49.508 xcodebuild[31656:29943544] [MT] IDELaunchParametersSnapshot: no debugger version
    t =     1.32s         Setting up automation session
    t =     2.19s         Wait for com.bicterm.app to idle
    t =     3.69s Tap "open-settings" Button
    t =     3.69s     Wait for com.bicterm.app to idle
    t =     3.70s     Find the "open-settings" Button
    t =     3.77s     Check for interrupting elements affecting "open-settings" Button
    t =     3.80s         Wait for com.apple.springboard to idle
    t =     3.82s Ignoring failure to get hierarchy for remote element in process 1995 (Error getting main window kAXErrorServerNotFound)
    t =     3.82s Ignoring failure to get hierarchy for remote element in process 1995 (Error getting main window kAXErrorServerNotFound)
    t =     3.83s     Synthesize event
    t =     4.13s     Wait for com.bicterm.app to idle
    t =     4.99s Waiting 5.0s for "settings-coder-servers" Button to exist
    t =     6.03s     Checking `Expect predicate `existsNoRetry == 1` for object "settings-coder-servers" Button`
    t =     6.03s         Checking existence of `"settings-coder-servers" Button`
    t =     6.07s Tap "settings-coder-servers" Button
    t =     6.07s     Wait for com.bicterm.app to idle
    t =     6.07s     Find the "settings-coder-servers" Button
    t =     6.10s     Check for interrupting elements affecting "settings-coder-servers" Button
    t =     6.13s         Wait for com.apple.springboard to idle
    t =     6.15s Ignoring failure to get hierarchy for remote element in process 1995 (Error getting main window kAXErrorServerNotFound)
    t =     6.16s Ignoring failure to get hierarchy for remote element in process 1995 (Error getting main window kAXErrorServerNotFound)
    t =     6.16s     Synthesize event
    t =     6.45s     Wait for com.bicterm.app to idle
    t =     7.26s Waiting 5.0s for "Coder Servers" NavigationBar to exist
    t =     8.27s     Checking `Expect predicate `existsNoRetry == 1` for object "Coder Servers" NavigationBar`
    t =     8.27s         Checking existence of `"Coder Servers" NavigationBar`
    t =     8.30s Waiting 5.0s for "coder-servers-empty" StaticText to exist
    t =     9.33s     Checking `Expect predicate `existsNoRetry == 1` for object "coder-servers-empty" StaticText`
    t =     9.34s         Checking existence of `"coder-servers-empty" StaticText`
    t =     9.36s Tap "add-coder-server" Button
    t =     9.36s     Wait for com.bicterm.app to idle
    t =     9.36s     Find the "add-coder-server" Button
    t =     9.39s     Check for interrupting elements affecting "add-coder-server" Button
    t =     9.41s         Wait for com.apple.springboard to idle
    t =     9.43s Ignoring failure to get hierarchy for remote element in process 1995 (Error getting main window kAXErrorServerNotFound)
    t =     9.43s Ignoring failure to get hierarchy for remote element in process 1995 (Error getting main window kAXErrorServerNotFound)
    t =     9.44s     Synthesize event
    t =     9.74s     Wait for com.bicterm.app to idle
    t =    10.52s Waiting 5.0s for "Add Coder Server" NavigationBar to exist
    t =    11.56s     Checking `Expect predicate `existsNoRetry == 1` for object "Add Coder Server" NavigationBar`
    t =    11.56s         Checking existence of `"Add Coder Server" NavigationBar`
    t =    11.61s Find the "coder-server-name" TextField
    t =    11.65s Tap "coder-server-name" TextField
    t =    11.65s     Wait for com.bicterm.app to idle
    t =    11.65s     Find the "coder-server-name" TextField
    t =    11.68s     Check for interrupting elements affecting "coder-server-name" TextField
    t =    11.71s         Wait for com.apple.springboard to idle
    t =    11.73s Ignoring failure to get hierarchy for remote element in process 1995 (Error getting main window kAXErrorServerNotFound)
    t =    11.74s Ignoring failure to get hierarchy for remote element in process 1995 (Error getting main window kAXErrorServerNotFound)
    t =    11.74s     Synthesize event
    t =    12.03s     Wait for com.bicterm.app to idle
    t =    12.10s Find the "coder-server-name" TextField
    t =    12.22s Type 'Preview Server' into "coder-server-name" TextField
    t =    12.22s     Wait for com.bicterm.app to idle
    t =    12.51s     Find the "coder-server-name" TextField
    t =    12.57s     Check for interrupting elements affecting "coder-server-name" TextField
    t =    12.62s         Wait for com.apple.springboard to idle
    t =    12.64s Ignoring failure to get hierarchy for remote element in process 1995 (Error getting main window kAXErrorServerNotFound)
    t =    12.65s Ignoring failure to get hierarchy for remote element in process 1995 (Error getting main window kAXErrorServerNotFound)
    t =    12.65s     Synthesize event
    t =    13.08s     Wait for com.bicterm.app to idle
    t =    13.08s Find the "coder-server-url" TextField
    t =    13.14s Tap "coder-server-url" TextField
    t =    13.14s     Wait for com.bicterm.app to idle
    t =    13.15s     Find the "coder-server-url" TextField
    t =    13.20s     Check for interrupting elements affecting "coder-server-url" TextField
    t =    13.24s         Wait for com.apple.springboard to idle
    t =    13.27s Ignoring failure to get hierarchy for remote element in process 1995 (Error getting main window kAXErrorServerNotFound)
    t =    13.27s Ignoring failure to get hierarchy for remote element in process 1995 (Error getting main window kAXErrorServerNotFound)
    t =    13.27s     Synthesize event
    t =    13.56s     Wait for com.bicterm.app to idle
    t =    13.57s Find the "coder-server-url" TextField
    t =    13.62s Type 'preview.example.com' into "coder-server-url" TextField
    t =    13.62s     Wait for com.bicterm.app to idle
    t =    13.62s     Find the "coder-server-url" TextField
    t =    13.67s     Check for interrupting elements affecting "coder-server-url" TextField
    t =    13.72s         Wait for com.apple.springboard to idle
    t =    13.75s Ignoring failure to get hierarchy for remote element in process 1995 (Error getting main window kAXErrorServerNotFound)
    t =    13.75s Ignoring failure to get hierarchy for remote element in process 1995 (Error getting main window kAXErrorServerNotFound)
    t =    13.75s     Synthesize event
    t =    14.27s     Wait for com.bicterm.app to idle
    t =    14.28s Find the "coder-server-token" SecureTextField
    t =    14.33s Tap "coder-server-token" SecureTextField
    t =    14.33s     Wait for com.bicterm.app to idle
    t =    14.34s     Find the "coder-server-token" SecureTextField
    t =    14.38s     Check for interrupting elements affecting "coder-server-token" SecureTextField
    t =    14.43s         Wait for com.apple.springboard to idle
    t =    14.46s Ignoring failure to get hierarchy for remote element in process 1995 (Error getting main window kAXErrorServerNotFound)
    t =    14.46s Ignoring failure to get hierarchy for remote element in process 1995 (Error getting main window kAXErrorServerNotFound)
    t =    14.46s     Synthesize event
    t =    14.75s     Wait for com.bicterm.app to idle
    t =    14.75s Find the "coder-server-token" SecureTextField
    t =    14.81s Type '...' into "coder-server-token" SecureTextField
    t =    14.81s     Wait for com.bicterm.app to idle
    t =    14.81s     Find the "coder-server-token" SecureTextField
    t =    14.86s     Check for interrupting elements affecting "coder-server-token" SecureTextField
    t =    14.91s         Wait for com.apple.springboard to idle
    t =    14.93s Ignoring failure to get hierarchy for remote element in process 1995 (Error getting main window kAXErrorServerNotFound)
    t =    14.93s Ignoring failure to get hierarchy for remote element in process 1995 (Error getting main window kAXErrorServerNotFound)
    t =    14.94s     Synthesize event
    t =    15.79s     Wait for com.bicterm.app to idle
    t =    15.79s Type '<redacted>' into "coder-server-token" SecureTextField
    t =    15.79s     Wait for com.bicterm.app to idle
    t =    15.79s     Find the "coder-server-token" SecureTextField
    t =    15.84s     Check for interrupting elements affecting "coder-server-token" SecureTextField
    t =    15.89s         Wait for com.apple.springboard to idle
    t =    15.91s Ignoring failure to get hierarchy for remote element in process 1995 (Error getting main window kAXErrorServerNotFound)
    t =    15.91s Ignoring failure to get hierarchy for remote element in process 1995 (Error getting main window kAXErrorServerNotFound)
    t =    15.92s     Synthesize event
    t =    16.34s     Wait for com.bicterm.app to idle
    t =    16.34s Tap "coder-server-validate-save" Button
    t =    16.34s     Wait for com.bicterm.app to idle
    t =    16.34s     Find the "coder-server-validate-save" Button
    t =    16.39s     Check for interrupting elements affecting "coder-server-validate-save" Button
    t =    16.44s         Wait for com.apple.springboard to idle
    t =    16.47s Ignoring failure to get hierarchy for remote element in process 1995 (Error getting main window kAXErrorServerNotFound)
    t =    16.47s Ignoring failure to get hierarchy for remote element in process 1995 (Error getting main window kAXErrorServerNotFound)
    t =    16.47s     Synthesize event
    t =    16.76s     Wait for com.bicterm.app to idle
    t =    17.69s Waiting 10.0s for "coder-server-Preview-Server" Button to exist
    t =    18.73s     Checking `Expect predicate `existsNoRetry == 1` for object "coder-server-Preview-Server" Button`
    t =    18.73s         Checking existence of `"coder-server-Preview-Server" Button`
    t =    18.76s Find the "coder-server-Preview-Server" Button
    t =    18.78s Checking existence of `"Coder Servers" NavigationBar`
    t =    18.81s Checking existence of `"Add Coder Server" NavigationBar`
    t =    18.84s Find the "coder-server-Preview-Server" Button
    t =    18.88s Tap "coder-server-Preview-Server" Button
    t =    18.88s     Wait for com.bicterm.app to idle
    t =    18.88s     Find the "coder-server-Preview-Server" Button
    t =    18.91s     Check for interrupting elements affecting "coder-server-Preview-Server" Button
    t =    18.93s         Wait for com.apple.springboard to idle
    t =    18.96s Ignoring failure to get hierarchy for remote element in process 1995 (Error getting main window kAXErrorServerNotFound)
    t =    18.96s Ignoring failure to get hierarchy for remote element in process 1995 (Error getting main window kAXErrorServerNotFound)
    t =    18.96s     Synthesize event
    t =    19.26s     Wait for com.bicterm.app to idle
    t =    20.01s Waiting 5.0s for "Edit Coder Server" NavigationBar to exist
    t =    21.06s     Checking `Expect predicate `existsNoRetry == 1` for object "Edit Coder Server" NavigationBar`
    t =    21.06s         Checking existence of `"Edit Coder Server" NavigationBar`
    t =    21.12s Requesting snapshot of accessibility hierarchy for app with pid 32970
    t =    21.30s Requesting snapshot of accessibility hierarchy for app with pid 32970
    t =    21.34s Checking existence of `"coder-token-hint" StaticText`
    t =    21.37s Tap "coder-server-cancel" Button
    t =    21.37s     Wait for com.bicterm.app to idle
    t =    21.38s     Find the "coder-server-cancel" Button
    t =    21.41s     Check for interrupting elements affecting "coder-server-cancel" Button
    t =    21.44s         Wait for com.apple.springboard to idle
    t =    21.47s Ignoring failure to get hierarchy for remote element in process 1995 (Error getting main window kAXErrorServerNotFound)
    t =    21.47s Ignoring failure to get hierarchy for remote element in process 1995 (Error getting main window kAXErrorServerNotFound)
    t =    21.47s     Synthesize event
    t =    21.78s     Wait for com.bicterm.app to idle
    t =    22.55s Tear Down
Test Case '-[BicTermUITests.CoderServersUITests testSuccessfulSaveAndMaskingOnEdit]' passed (23.187 seconds).
Test Case '-[BicTermUITests.CoderServersUITests testTokenIsMaskedAndNotInAccessibilityTree]' started.
    t =     0.00s Start Test at 2026-09-08 22:52:11.593
    t =     0.02s Set Up
    t =     0.02s Open com.bicterm.app
    t =     0.02s     Launch com.bicterm.app
    t =     0.02s         Terminate com.bicterm.app:32970
2026-09-08 22:52:12.664 xcodebuild[31656:29943544] [MT] IDELaunchParametersSnapshot: The operation couldn’t be completed. (DebuggerLLDB.DebuggerVersionStore.StoreError error 0.)
2026-09-08 22:52:12.664 xcodebuild[31656:29943544] [MT] IDELaunchParametersSnapshot: no debugger version
    t =     1.48s         Setting up automation session
    t =     2.25s         Wait for com.bicterm.app to idle
    t =     3.77s Tap "open-settings" Button
    t =     3.77s     Wait for com.bicterm.app to idle
    t =     3.77s     Find the "open-settings" Button
    t =     3.84s     Check for interrupting elements affecting "open-settings" Button
    t =     3.87s         Wait for com.apple.springboard to idle
    t =     3.89s Ignoring failure to get hierarchy for remote element in process 1995 (Error getting main window kAXErrorServerNotFound)
    t =     3.89s Ignoring failure to get hierarchy for remote element in process 1995 (Error getting main window kAXErrorServerNotFound)
    t =     3.90s     Synthesize event
    t =     4.19s     Wait for com.bicterm.app to idle
    t =     5.16s Waiting 5.0s for "settings-coder-servers" Button to exist
    t =     6.19s     Checking `Expect predicate `existsNoRetry == 1` for object "settings-coder-servers" Button`
    t =     6.19s         Checking existence of `"settings-coder-servers" Button`
    t =     6.23s Tap "settings-coder-servers" Button
    t =     6.23s     Wait for com.bicterm.app to idle
    t =     6.23s     Find the "settings-coder-servers" Button
    t =     6.26s     Check for interrupting elements affecting "settings-coder-servers" Button
    t =     6.29s         Wait for com.apple.springboard to idle
    t =     6.31s Ignoring failure to get hierarchy for remote element in process 1995 (Error getting main window kAXErrorServerNotFound)
    t =     6.31s Ignoring failure to get hierarchy for remote element in process 1995 (Error getting main window kAXErrorServerNotFound)
    t =     6.32s     Synthesize event
    t =     6.61s     Wait for com.bicterm.app to idle
    t =     7.40s Waiting 5.0s for "Coder Servers" NavigationBar to exist
    t =     8.46s     Checking `Expect predicate `existsNoRetry == 1` for object "Coder Servers" NavigationBar`
    t =     8.46s         Checking existence of `"Coder Servers" NavigationBar`
    t =     8.49s Tap "add-coder-server" Button
    t =     8.49s     Wait for com.bicterm.app to idle
    t =     8.49s     Find the "add-coder-server" Button
    t =     8.51s     Check for interrupting elements affecting "add-coder-server" Button
    t =     8.54s         Wait for com.apple.springboard to idle
    t =     8.56s Ignoring failure to get hierarchy for remote element in process 1995 (Error getting main window kAXErrorServerNotFound)
    t =     8.56s Ignoring failure to get hierarchy for remote element in process 1995 (Error getting main window kAXErrorServerNotFound)
    t =     8.57s     Synthesize event
    t =     8.87s     Wait for com.bicterm.app to idle
    t =     9.67s Waiting 5.0s for "Add Coder Server" NavigationBar to exist
    t =    10.72s     Checking `Expect predicate `existsNoRetry == 1` for object "Add Coder Server" NavigationBar`
    t =    10.73s         Checking existence of `"Add Coder Server" NavigationBar`
    t =    10.77s Find the "coder-server-token" SecureTextField
    t =    10.82s Tap "coder-server-token" SecureTextField
    t =    10.82s     Wait for com.bicterm.app to idle
    t =    10.82s     Find the "coder-server-token" SecureTextField
    t =    10.85s     Check for interrupting elements affecting "coder-server-token" SecureTextField
    t =    10.89s         Wait for com.apple.springboard to idle
    t =    10.91s Ignoring failure to get hierarchy for remote element in process 1995 (Error getting main window kAXErrorServerNotFound)
    t =    10.91s Ignoring failure to get hierarchy for remote element in process 1995 (Error getting main window kAXErrorServerNotFound)
    t =    10.91s     Synthesize event
    t =    11.20s     Wait for com.bicterm.app to idle
    t =    11.28s Find the "coder-server-token" SecureTextField
    t =    11.36s Type '...' into "coder-server-token" SecureTextField
    t =    11.36s     Wait for com.bicterm.app to idle
    t =    11.66s     Find the "coder-server-token" SecureTextField
    t =    11.72s     Check for interrupting elements affecting "coder-server-token" SecureTextField
    t =    11.77s         Wait for com.apple.springboard to idle
    t =    11.79s Ignoring failure to get hierarchy for remote element in process 1995 (Error getting main window kAXErrorServerNotFound)
    t =    11.80s Ignoring failure to get hierarchy for remote element in process 1995 (Error getting main window kAXErrorServerNotFound)
    t =    11.80s     Synthesize event
    t =    12.65s     Wait for com.bicterm.app to idle
    t =    12.65s Type '<redacted>' into "coder-server-token" SecureTextField
    t =    12.65s     Wait for com.bicterm.app to idle
    t =    12.65s     Find the "coder-server-token" SecureTextField
    t =    12.70s     Check for interrupting elements affecting "coder-server-token" SecureTextField
    t =    12.75s         Wait for com.apple.springboard to idle
    t =    12.77s Ignoring failure to get hierarchy for remote element in process 1995 (Error getting main window kAXErrorServerNotFound)
    t =    12.77s Ignoring failure to get hierarchy for remote element in process 1995 (Error getting main window kAXErrorServerNotFound)
    t =    12.77s     Synthesize event
    t =    13.26s     Wait for com.bicterm.app to idle
    t =    13.26s Requesting snapshot of accessibility hierarchy for app with pid 33012
    t =    13.61s Requesting snapshot of accessibility hierarchy for app with pid 33012
    t =    13.68s Tap "coder-server-cancel" Button
    t =    13.68s     Wait for com.bicterm.app to idle
    t =    13.68s     Find the "coder-server-cancel" Button
    t =    13.73s     Check for interrupting elements affecting "coder-server-cancel" Button
    t =    13.78s         Wait for com.apple.springboard to idle
    t =    13.80s Ignoring failure to get hierarchy for remote element in process 1995 (Error getting main window kAXErrorServerNotFound)
    t =    13.80s Ignoring failure to get hierarchy for remote element in process 1995 (Error getting main window kAXErrorServerNotFound)
    t =    13.81s     Synthesize event
    t =    14.12s     Wait for com.bicterm.app to idle
    t =    14.97s Tear Down
Test Case '-[BicTermUITests.CoderServersUITests testTokenIsMaskedAndNotInAccessibilityTree]' passed (15.470 seconds).
Test Suite 'CoderServersUITests' passed at 2026-09-08 22:52:27.064.
	 Executed 7 tests, with 0 failures (0 unexpected) in 194.734 (194.741) seconds
Test Suite 'ConnectionEditorUITests' started at 2026-09-08 22:52:27.065.
Test Case '-[BicTermUITests.ConnectionEditorUITests testChainValidationBlocksSixthHopAndCycle]' started.
    t =     0.00s Start Test at 2026-09-08 22:52:27.066
    t =     0.02s Set Up
    t =     0.02s Open com.bicterm.app
    t =     0.02s     Launch com.bicterm.app
    t =     0.02s         Terminate com.bicterm.app:33012
2026-09-08 22:52:28.157 xcodebuild[31656:29943544] [MT] IDELaunchParametersSnapshot: The operation couldn’t be completed. (DebuggerLLDB.DebuggerVersionStore.StoreError error 0.)
2026-09-08 22:52:28.157 xcodebuild[31656:29943544] [MT] IDELaunchParametersSnapshot: no debugger version
    t =     1.30s         Setting up automation session
    t =     2.19s         Wait for com.bicterm.app to idle
    t =     3.68s Waiting 15.0s for "add-connection" Button to exist
    t =     4.70s     Checking `Expect predicate `existsNoRetry == 1` for object "add-connection" Button`
    t =     4.70s         Checking existence of `"add-connection" Button`
    t =     4.76s Tap "add-connection" Button
    t =     4.76s     Wait for com.bicterm.app to idle
    t =     4.77s     Find the "add-connection" Button
    t =     4.79s     Check for interrupting elements affecting "add-connection" Button
    t =     4.82s         Wait for com.apple.springboard to idle
    t =     4.84s Ignoring failure to get hierarchy for remote element in process 1995 (Error getting main window kAXErrorServerNotFound)
    t =     4.85s Ignoring failure to get hierarchy for remote element in process 1995 (Error getting main window kAXErrorServerNotFound)
    t =     4.85s     Synthesize event
    t =     5.16s     Wait for com.bicterm.app to idle
    t =     6.14s Waiting 10.0s for "field-name" TextField to exist
    t =     7.18s     Checking `Expect predicate `existsNoRetry == 1` for object "field-name" TextField`
    t =     7.19s         Checking existence of `"field-name" TextField`
    t =     7.30s Tap "field-name" TextField
    t =     7.30s     Wait for com.bicterm.app to idle
    t =     7.31s     Find the "field-name" TextField
    t =     7.37s     Check for interrupting elements affecting "field-name" TextField
    t =     7.44s         Wait for com.apple.springboard to idle
    t =     7.46s Ignoring failure to get hierarchy for remote element in process 1995 (Error getting main window kAXErrorServerNotFound)
    t =     7.46s Ignoring failure to get hierarchy for remote element in process 1995 (Error getting main window kAXErrorServerNotFound)
    t =     7.47s     Synthesize event
    t =     7.76s     Wait for com.bicterm.app to idle
    t =     8.92s Checking `Expect predicate `hasKeyboardFocus == 1` for object "field-name" TextField`
    t =     8.92s     Find the "field-name" TextField
    t =     9.04s Type 'Hops Galore' into Target Application 'com.bicterm.app'
    t =     9.04s     Wait for com.bicterm.app to idle
    t =     9.04s     Find the Target Application 'com.bicterm.app'
    t =     9.11s     Check for interrupting elements affecting "BicTerm" Application
    t =     9.19s         Wait for com.apple.springboard to idle
    t =     9.21s Ignoring failure to get hierarchy for remote element in process 1995 (Error getting main window kAXErrorServerNotFound)
    t =     9.21s Ignoring failure to get hierarchy for remote element in process 1995 (Error getting main window kAXErrorServerNotFound)
    t =     9.21s     Synthesize event
    t =     9.22s         Get number of matches for: Elements containing elements matching predicate 'hasKeyboardFocus == 1'
    t =     9.68s     Wait for com.bicterm.app to idle
    t =     9.68s Get number of matches for: Descendants matching type Keyboard
    t =     9.75s Waiting 2.0s for "Done" Button to exist
    t =    10.79s     Checking `Expect predicate `existsNoRetry == 1` for object "Done" Button`
    t =    10.79s         Checking existence of `"Done" Button`
    t =    10.89s Tap "Done" Button
    t =    10.89s     Wait for com.bicterm.app to idle
    t =    10.89s     Find the "Done" Button
    t =    10.98s     Check for interrupting elements affecting "Done" Button
    t =    11.06s         Wait for com.apple.springboard to idle
    t =    11.08s Ignoring failure to get hierarchy for remote element in process 1995 (Error getting main window kAXErrorServerNotFound)
    t =    11.08s Ignoring failure to get hierarchy for remote element in process 1995 (Error getting main window kAXErrorServerNotFound)
    t =    11.09s     Synthesize event
    t =    11.38s     Wait for com.bicterm.app to idle
    t =    12.18s Tap "field-host" TextField
    t =    12.18s     Wait for com.bicterm.app to idle
    t =    12.18s     Find the "field-host" TextField
    t =    12.25s     Check for interrupting elements affecting "field-host" TextField
    t =    12.32s         Wait for com.apple.springboard to idle
    t =    12.35s Ignoring failure to get hierarchy for remote element in process 1995 (Error getting main window kAXErrorServerNotFound)
    t =    12.35s Ignoring failure to get hierarchy for remote element in process 1995 (Error getting main window kAXErrorServerNotFound)
    t =    12.35s     Synthesize event
    t =    12.65s     Wait for com.bicterm.app to idle
    t =    14.02s Checking `Expect predicate `hasKeyboardFocus == 1` for object "field-host" TextField`
    t =    14.02s     Find the "field-host" TextField
    t =    14.11s Type '10.1.2.3' into Target Application 'com.bicterm.app'
    t =    14.11s     Wait for com.bicterm.app to idle
    t =    14.11s     Find the Target Application 'com.bicterm.app'
    t =    14.18s     Check for interrupting elements affecting "BicTerm" Application
    t =    14.25s         Wait for com.apple.springboard to idle
    t =    14.28s Ignoring failure to get hierarchy for remote element in process 1995 (Error getting main window kAXErrorServerNotFound)
    t =    14.28s Ignoring failure to get hierarchy for remote element in process 1995 (Error getting main window kAXErrorServerNotFound)
    t =    14.28s     Synthesize event
    t =    14.29s         Get number of matches for: Elements containing elements matching predicate 'hasKeyboardFocus == 1'
    t =    14.69s     Wait for com.bicterm.app to idle
    t =    14.69s Get number of matches for: Descendants matching type Keyboard
    t =    14.76s Waiting 2.0s for "Done" Button to exist
    t =    15.79s     Checking `Expect predicate `existsNoRetry == 1` for object "Done" Button`
    t =    15.79s         Checking existence of `"Done" Button`
    t =    15.88s Tap "Done" Button
    t =    15.88s     Wait for com.bicterm.app to idle
    t =    15.88s     Find the "Done" Button
    t =    15.97s     Check for interrupting elements affecting "Done" Button
    t =    16.05s         Wait for com.apple.springboard to idle
    t =    16.08s Ignoring failure to get hierarchy for remote element in process 1995 (Error getting main window kAXErrorServerNotFound)
    t =    16.08s Ignoring failure to get hierarchy for remote element in process 1995 (Error getting main window kAXErrorServerNotFound)
    t =    16.08s     Synthesize event
    t =    16.38s     Wait for com.bicterm.app to idle
    t =    17.18s Tap "field-username" TextField
    t =    17.18s     Wait for com.bicterm.app to idle
    t =    17.18s     Find the "field-username" TextField
    t =    17.25s     Check for interrupting elements affecting "field-username" TextField
    t =    17.32s         Wait for com.apple.springboard to idle
    t =    17.34s Ignoring failure to get hierarchy for remote element in process 1995 (Error getting main window kAXErrorServerNotFound)
    t =    17.34s Ignoring failure to get hierarchy for remote element in process 1995 (Error getting main window kAXErrorServerNotFound)
    t =    17.35s     Synthesize event
    t =    17.65s     Wait for com.bicterm.app to idle
    t =    18.99s Checking `Expect predicate `hasKeyboardFocus == 1` for object "field-username" TextField`
    t =    18.99s     Find the "field-username" TextField
    t =    19.08s Type 'bob' into Target Application 'com.bicterm.app'
    t =    19.08s     Wait for com.bicterm.app to idle
    t =    19.08s     Find the Target Application 'com.bicterm.app'
    t =    19.15s     Check for interrupting elements affecting "BicTerm" Application
    t =    19.23s         Wait for com.apple.springboard to idle
    t =    19.26s Ignoring failure to get hierarchy for remote element in process 1995 (Error getting main window kAXErrorServerNotFound)
    t =    19.26s Ignoring failure to get hierarchy for remote element in process 1995 (Error getting main window kAXErrorServerNotFound)
    t =    19.26s     Synthesize event
    t =    19.26s         Get number of matches for: Elements containing elements matching predicate 'hasKeyboardFocus == 1'
    t =    19.58s     Wait for com.bicterm.app to idle
    t =    19.59s Get number of matches for: Descendants matching type Keyboard
    t =    19.66s Waiting 2.0s for "Done" Button to exist
    t =    20.68s     Checking `Expect predicate `existsNoRetry == 1` for object "Done" Button`
    t =    20.68s         Checking existence of `"Done" Button`
    t =    20.77s Tap "Done" Button
    t =    20.77s     Wait for com.bicterm.app to idle
    t =    20.77s     Find the "Done" Button
    t =    20.85s     Check for interrupting elements affecting "Done" Button
    t =    20.93s         Wait for com.apple.springboard to idle
    t =    20.96s Ignoring failure to get hierarchy for remote element in process 1995 (Error getting main window kAXErrorServerNotFound)
    t =    20.96s Ignoring failure to get hierarchy for remote element in process 1995 (Error getting main window kAXErrorServerNotFound)
    t =    20.96s     Synthesize event
    t =    21.25s     Wait for com.bicterm.app to idle
    t =    22.05s Get number of matches for: Descendants matching type Keyboard
    t =    22.11s Tap "key-selector" Button
    t =    22.11s     Wait for com.bicterm.app to idle
    t =    22.11s     Find the "key-selector" Button
    t =    22.18s     Check for interrupting elements affecting "key-selector" Button
    t =    22.24s         Wait for com.apple.springboard to idle
    t =    22.27s Ignoring failure to get hierarchy for remote element in process 1995 (Error getting main window kAXErrorServerNotFound)
    t =    22.27s Ignoring failure to get hierarchy for remote element in process 1995 (Error getting main window kAXErrorServerNotFound)
    t =    22.27s     Synthesize event
    t =    22.57s     Wait for com.bicterm.app to idle
    t =    23.33s Waiting 5.0s for "key-Fixture-Ed25519" Button to exist
    t =    24.37s     Checking `Expect predicate `existsNoRetry == 1` for object "key-Fixture-Ed25519" Button`
    t =    24.37s         Checking existence of `"key-Fixture-Ed25519" Button`
    t =    24.42s Tap "key-Fixture-Ed25519" Button
    t =    24.42s     Wait for com.bicterm.app to idle
    t =    24.43s     Find the "key-Fixture-Ed25519" Button
    t =    24.47s     Check for interrupting elements affecting "key-Fixture-Ed25519" Button
    t =    24.51s         Wait for com.apple.springboard to idle
    t =    24.54s Ignoring failure to get hierarchy for remote element in process 1995 (Error getting main window kAXErrorServerNotFound)
    t =    24.54s Ignoring failure to get hierarchy for remote element in process 1995 (Error getting main window kAXErrorServerNotFound)
    t =    24.54s     Synthesize event
    t =    24.84s     Wait for com.bicterm.app to idle
    t =    25.66s Checking existence of `"add-hop" Button`
    t =    25.74s Find the "add-hop" Button
    t =    25.82s Find the Window (First Match)
    t =    25.83s Find the "add-hop" Button
    t =    25.90s Get number of matches for: Descendants matching type NavigationBar
    t =    25.96s Find the NavigationBar (Element at index 0)
    t =    26.02s Find the NavigationBar (Element at index 1)
    t =    26.09s Tap "add-hop" Button
    t =    26.09s     Wait for com.bicterm.app to idle
    t =    26.09s     Find the "add-hop" Button
    t =    26.16s     Check for interrupting elements affecting "add-hop" Button
    t =    26.23s         Wait for com.apple.springboard to idle
    t =    26.25s Ignoring failure to get hierarchy for remote element in process 1995 (Error getting main window kAXErrorServerNotFound)
    t =    26.25s Ignoring failure to get hierarchy for remote element in process 1995 (Error getting main window kAXErrorServerNotFound)
    t =    26.25s     Synthesize event
    t =    26.55s     Wait for com.bicterm.app to idle
    t =    26.56s Waiting 10.0s for "hop-field-host" TextField to exist
    t =    27.62s     Checking `Expect predicate `existsNoRetry == 1` for object "hop-field-host" TextField`
    t =    27.62s         Checking existence of `"hop-field-host" TextField`
    t =    27.74s Tap "hop-field-host" TextField
    t =    27.74s     Wait for com.bicterm.app to idle
    t =    27.74s     Find the "hop-field-host" TextField
    t =    27.83s     Check for interrupting elements affecting "hop-field-host" TextField
    t =    27.92s         Wait for com.apple.springboard to idle
    t =    27.94s Ignoring failure to get hierarchy for remote element in process 1995 (Error getting main window kAXErrorServerNotFound)
    t =    27.95s Ignoring failure to get hierarchy for remote element in process 1995 (Error getting main window kAXErrorServerNotFound)
    t =    27.95s     Synthesize event
    t =    28.25s     Wait for com.bicterm.app to idle
    t =    29.64s Checking `Expect predicate `hasKeyboardFocus == 1` for object "hop-field-host" TextField`
    t =    29.64s     Find the "hop-field-host" TextField
    t =    29.76s Type 'hop1.example.com' into Target Application 'com.bicterm.app'
    t =    29.76s     Wait for com.bicterm.app to idle
    t =    29.76s     Find the Target Application 'com.bicterm.app'
    t =    29.85s     Check for interrupting elements affecting "BicTerm" Application
    t =    29.95s         Wait for com.apple.springboard to idle
    t =    29.97s Ignoring failure to get hierarchy for remote element in process 1995 (Error getting main window kAXErrorServerNotFound)
    t =    29.98s Ignoring failure to get hierarchy for remote element in process 1995 (Error getting main window kAXErrorServerNotFound)
    t =    29.98s     Synthesize event
    t =    29.98s         Get number of matches for: Elements containing elements matching predicate 'hasKeyboardFocus == 1'
    t =    30.54s     Wait for com.bicterm.app to idle
    t =    30.54s Get number of matches for: Descendants matching type Keyboard
    t =    30.64s Waiting 2.0s for "Done" Button to exist
    t =    31.69s     Checking `Expect predicate `existsNoRetry == 1` for object "Done" Button`
    t =    31.69s         Checking existence of `"Done" Button`
    t =    31.80s Tap "Done" Button
    t =    31.80s     Wait for com.bicterm.app to idle
    t =    31.80s     Find the "Done" Button
    t =    31.91s     Check for interrupting elements affecting "Done" Button
    t =    32.01s         Wait for com.apple.springboard to idle
    t =    32.04s Ignoring failure to get hierarchy for remote element in process 1995 (Error getting main window kAXErrorServerNotFound)
    t =    32.04s Ignoring failure to get hierarchy for remote element in process 1995 (Error getting main window kAXErrorServerNotFound)
    t =    32.04s     Synthesize event
    t =    32.34s     Wait for com.bicterm.app to idle
    t =    33.13s Tap "hop-field-username" TextField
    t =    33.13s     Wait for com.bicterm.app to idle
    t =    33.13s     Find the "hop-field-username" TextField
    t =    33.23s     Check for interrupting elements affecting "hop-field-username" TextField
    t =    33.32s         Wait for com.apple.springboard to idle
    t =    33.34s Ignoring failure to get hierarchy for remote element in process 1995 (Error getting main window kAXErrorServerNotFound)
    t =    33.34s Ignoring failure to get hierarchy for remote element in process 1995 (Error getting main window kAXErrorServerNotFound)
    t =    33.35s     Synthesize event
    t =    33.65s     Wait for com.bicterm.app to idle
    t =    35.00s Checking `Expect predicate `hasKeyboardFocus == 1` for object "hop-field-username" TextField`
    t =    35.00s     Find the "hop-field-username" TextField
    t =    35.12s Type 'u1' into Target Application 'com.bicterm.app'
    t =    35.12s     Wait for com.bicterm.app to idle
    t =    35.12s     Find the Target Application 'com.bicterm.app'
    t =    35.21s     Check for interrupting elements affecting "BicTerm" Application
    t =    35.31s         Wait for com.apple.springboard to idle
    t =    35.33s Ignoring failure to get hierarchy for remote element in process 1995 (Error getting main window kAXErrorServerNotFound)
    t =    35.34s Ignoring failure to get hierarchy for remote element in process 1995 (Error getting main window kAXErrorServerNotFound)
    t =    35.34s     Synthesize event
    t =    35.34s         Get number of matches for: Elements containing elements matching predicate 'hasKeyboardFocus == 1'
    t =    35.67s     Wait for com.bicterm.app to idle
    t =    35.67s Get number of matches for: Descendants matching type Keyboard
    t =    35.77s Waiting 2.0s for "Done" Button to exist
    t =    36.79s     Checking `Expect predicate `existsNoRetry == 1` for object "Done" Button`
    t =    36.79s         Checking existence of `"Done" Button`
    t =    36.90s Tap "Done" Button
    t =    36.90s     Wait for com.bicterm.app to idle
    t =    36.90s     Find the "Done" Button
    t =    37.02s     Check for interrupting elements affecting "Done" Button
    t =    37.12s         Wait for com.apple.springboard to idle
    t =    37.14s Ignoring failure to get hierarchy for remote element in process 1995 (Error getting main window kAXErrorServerNotFound)
    t =    37.15s Ignoring failure to get hierarchy for remote element in process 1995 (Error getting main window kAXErrorServerNotFound)
    t =    37.15s     Synthesize event
    t =    37.45s     Wait for com.bicterm.app to idle
    t =    38.25s Tap "hop-key-selector" Button
    t =    38.25s     Wait for com.bicterm.app to idle
    t =    38.25s     Find the "hop-key-selector" Button
    t =    38.35s     Check for interrupting elements affecting "hop-key-selector" Button
    t =    38.44s         Wait for com.apple.springboard to idle
    t =    38.47s Ignoring failure to get hierarchy for remote element in process 1995 (Error getting main window kAXErrorServerNotFound)
    t =    38.47s Ignoring failure to get hierarchy for remote element in process 1995 (Error getting main window kAXErrorServerNotFound)
    t =    38.47s     Synthesize event
    t =    38.77s     Wait for com.bicterm.app to idle
    t =    39.48s Waiting 5.0s for "key-Fixture-Ed25519" Button to exist
    t =    40.50s     Checking `Expect predicate `existsNoRetry == 1` for object "key-Fixture-Ed25519" Button`
    t =    40.50s         Checking existence of `"key-Fixture-Ed25519" Button`
    t =    40.60s Tap "key-Fixture-Ed25519" Button
    t =    40.60s     Wait for com.bicterm.app to idle
    t =    40.60s     Find the "key-Fixture-Ed25519" Button
    t =    40.68s     Check for interrupting elements affecting "key-Fixture-Ed25519" Button
    t =    40.76s         Wait for com.apple.springboard to idle
    t =    40.79s Ignoring failure to get hierarchy for remote element in process 1995 (Error getting main window kAXErrorServerNotFound)
    t =    40.79s Ignoring failure to get hierarchy for remote element in process 1995 (Error getting main window kAXErrorServerNotFound)
    t =    40.79s     Synthesize event
    t =    41.09s     Wait for com.bicterm.app to idle
    t =    41.88s Waiting 5.0s for "save-hop" Button to exist
    t =    42.91s     Checking `Expect predicate `existsNoRetry == 1` for object "save-hop" Button`
    t =    42.91s         Checking existence of `"save-hop" Button`
    t =    43.01s Tap "save-hop" Button
    t =    43.01s     Wait for com.bicterm.app to idle
    t =    43.01s     Find the "save-hop" Button
    t =    43.10s     Check for interrupting elements affecting "save-hop" Button
    t =    43.19s         Wait for com.apple.springboard to idle
    t =    43.21s Ignoring failure to get hierarchy for remote element in process 1995 (Error getting main window kAXErrorServerNotFound)
    t =    43.21s Ignoring failure to get hierarchy for remote element in process 1995 (Error getting main window kAXErrorServerNotFound)
    t =    43.22s     Synthesize event
    t =    43.51s     Wait for com.bicterm.app to idle
    t =    45.35s Checking `Expect predicate `exists == 0` for object "hop-field-host" TextField`
    t =    45.35s     Checking existence of `"hop-field-host" TextField`
    t =    46.45s Get number of matches for: Descendants matching type Sheet
    t =    46.92s Checking existence of `"add-hop" Button`
    t =    47.00s Find the "add-hop" Button
    t =    47.08s Find the Window (First Match)
    t =    47.09s Find the "add-hop" Button
    t =    47.17s Get number of matches for: Descendants matching type NavigationBar
    t =    47.23s Find the NavigationBar (Element at index 0)
    t =    47.29s Find the NavigationBar (Element at index 1)
    t =    47.36s Tap "add-hop" Button
    t =    47.36s     Wait for com.bicterm.app to idle
    t =    47.37s     Find the "add-hop" Button
    t =    47.44s     Check for interrupting elements affecting "add-hop" Button
    t =    47.51s         Wait for com.apple.springboard to idle
    t =    47.53s Ignoring failure to get hierarchy for remote element in process 1995 (Error getting main window kAXErrorServerNotFound)
    t =    47.53s Ignoring failure to get hierarchy for remote element in process 1995 (Error getting main window kAXErrorServerNotFound)
    t =    47.53s     Synthesize event
    t =    47.83s     Wait for com.bicterm.app to idle
    t =    48.51s Waiting 10.0s for "hop-field-host" TextField to exist
    t =    49.54s     Checking `Expect predicate `existsNoRetry == 1` for object "hop-field-host" TextField`
    t =    49.54s         Checking existence of `"hop-field-host" TextField`
    t =    49.66s Tap "hop-field-host" TextField
    t =    49.66s     Wait for com.bicterm.app to idle
    t =    49.66s     Find the "hop-field-host" TextField
    t =    49.76s     Check for interrupting elements affecting "hop-field-host" TextField
    t =    49.85s         Wait for com.apple.springboard to idle
    t =    49.87s Ignoring failure to get hierarchy for remote element in process 1995 (Error getting main window kAXErrorServerNotFound)
    t =    49.87s Ignoring failure to get hierarchy for remote element in process 1995 (Error getting main window kAXErrorServerNotFound)
    t =    49.87s     Synthesize event
    t =    50.17s     Wait for com.bicterm.app to idle
    t =    51.54s Checking `Expect predicate `hasKeyboardFocus == 1` for object "hop-field-host" TextField`
    t =    51.54s     Find the "hop-field-host" TextField
    t =    51.66s Type 'hop2.example.com' into Target Application 'com.bicterm.app'
    t =    51.66s     Wait for com.bicterm.app to idle
    t =    51.66s     Find the Target Application 'com.bicterm.app'
    t =    51.75s     Check for interrupting elements affecting "BicTerm" Application
    t =    51.85s         Wait for com.apple.springboard to idle
    t =    51.88s Ignoring failure to get hierarchy for remote element in process 1995 (Error getting main window kAXErrorServerNotFound)
    t =    51.88s Ignoring failure to get hierarchy for remote element in process 1995 (Error getting main window kAXErrorServerNotFound)
    t =    51.88s     Synthesize event
    t =    51.89s         Get number of matches for: Elements containing elements matching predicate 'hasKeyboardFocus == 1'
    t =    52.45s     Wait for com.bicterm.app to idle
    t =    52.45s Get number of matches for: Descendants matching type Keyboard
    t =    52.54s Waiting 2.0s for "Done" Button to exist
    t =    53.59s     Checking `Expect predicate `existsNoRetry == 1` for object "Done" Button`
    t =    53.59s         Checking existence of `"Done" Button`
    t =    53.71s Tap "Done" Button
    t =    53.71s     Wait for com.bicterm.app to idle
    t =    53.71s     Find the "Done" Button
    t =    53.83s     Check for interrupting elements affecting "Done" Button
    t =    53.93s         Wait for com.apple.springboard to idle
    t =    53.96s Ignoring failure to get hierarchy for remote element in process 1995 (Error getting main window kAXErrorServerNotFound)
    t =    53.96s Ignoring failure to get hierarchy for remote element in process 1995 (Error getting main window kAXErrorServerNotFound)
    t =    53.97s     Synthesize event
    t =    54.26s     Wait for com.bicterm.app to idle
    t =    55.07s Tap "hop-field-username" TextField
    t =    55.07s     Wait for com.bicterm.app to idle
    t =    55.07s     Find the "hop-field-username" TextField
    t =    55.17s     Check for interrupting elements affecting "hop-field-username" TextField
    t =    55.26s         Wait for com.apple.springboard to idle
    t =    55.28s Ignoring failure to get hierarchy for remote element in process 1995 (Error getting main window kAXErrorServerNotFound)
    t =    55.28s Ignoring failure to get hierarchy for remote element in process 1995 (Error getting main window kAXErrorServerNotFound)
    t =    55.29s     Synthesize event
    t =    55.58s     Wait for com.bicterm.app to idle
    t =    56.91s Checking `Expect predicate `hasKeyboardFocus == 1` for object "hop-field-username" TextField`
    t =    56.91s     Find the "hop-field-username" TextField
    t =    57.03s Type 'u2' into Target Application 'com.bicterm.app'
    t =    57.03s     Wait for com.bicterm.app to idle
    t =    57.03s     Find the Target Application 'com.bicterm.app'
    t =    57.13s     Check for interrupting elements affecting "BicTerm" Application
    t =    57.24s         Wait for com.apple.springboard to idle
    t =    57.26s Ignoring failure to get hierarchy for remote element in process 1995 (Error getting main window kAXErrorServerNotFound)
    t =    57.26s Ignoring failure to get hierarchy for remote element in process 1995 (Error getting main window kAXErrorServerNotFound)
    t =    57.27s     Synthesize event
    t =    57.27s         Get number of matches for: Elements containing elements matching predicate 'hasKeyboardFocus == 1'
    t =    57.59s     Wait for com.bicterm.app to idle
    t =    57.60s Get number of matches for: Descendants matching type Keyboard
    t =    57.69s Waiting 2.0s for "Done" Button to exist
    t =    58.71s     Checking `Expect predicate `existsNoRetry == 1` for object "Done" Button`
    t =    58.71s         Checking existence of `"Done" Button`
    t =    58.83s Tap "Done" Button
    t =    58.83s     Wait for com.bicterm.app to idle
    t =    58.83s     Find the "Done" Button
    t =    58.95s     Check for interrupting elements affecting "Done" Button
    t =    59.06s         Wait for com.apple.springboard to idle
    t =    59.08s Ignoring failure to get hierarchy for remote element in process 1995 (Error getting main window kAXErrorServerNotFound)
    t =    59.09s Ignoring failure to get hierarchy for remote element in process 1995 (Error getting main window kAXErrorServerNotFound)
    t =    59.09s     Synthesize event
    t =    59.39s     Wait for com.bicterm.app to idle
    t =    60.18s Tap "hop-key-selector" Button
    t =    60.18s     Wait for com.bicterm.app to idle
    t =    60.18s     Find the "hop-key-selector" Button
    t =    60.28s     Check for interrupting elements affecting "hop-key-selector" Button
    t =    60.38s         Wait for com.apple.springboard to idle
    t =    60.40s Ignoring failure to get hierarchy for remote element in process 1995 (Error getting main window kAXErrorServerNotFound)
    t =    60.40s Ignoring failure to get hierarchy for remote element in process 1995 (Error getting main window kAXErrorServerNotFound)
    t =    60.41s     Synthesize event
    t =    60.70s     Wait for com.bicterm.app to idle
    t =    61.41s Waiting 5.0s for "key-Fixture-Ed25519" Button to exist
    t =    62.44s     Checking `Expect predicate `existsNoRetry == 1` for object "key-Fixture-Ed25519" Button`
    t =    62.44s         Checking existence of `"key-Fixture-Ed25519" Button`
    t =    62.54s Tap "key-Fixture-Ed25519" Button
    t =    62.54s     Wait for com.bicterm.app to idle
    t =    62.54s     Find the "key-Fixture-Ed25519" Button
    t =    62.63s     Check for interrupting elements affecting "key-Fixture-Ed25519" Button
    t =    62.72s         Wait for com.apple.springboard to idle
    t =    62.74s Ignoring failure to get hierarchy for remote element in process 1995 (Error getting main window kAXErrorServerNotFound)
    t =    62.75s Ignoring failure to get hierarchy for remote element in process 1995 (Error getting main window kAXErrorServerNotFound)
    t =    62.75s     Synthesize event
    t =    63.04s     Wait for com.bicterm.app to idle
    t =    63.86s Waiting 5.0s for "save-hop" Button to exist
    t =    64.90s     Checking `Expect predicate `existsNoRetry == 1` for object "save-hop" Button`
    t =    64.90s         Checking existence of `"save-hop" Button`
    t =    65.00s Tap "save-hop" Button
    t =    65.00s     Wait for com.bicterm.app to idle
    t =    65.01s     Find the "save-hop" Button
    t =    65.11s     Check for interrupting elements affecting "save-hop" Button
    t =    65.20s         Wait for com.apple.springboard to idle
    t =    65.22s Ignoring failure to get hierarchy for remote element in process 1995 (Error getting main window kAXErrorServerNotFound)
    t =    65.23s Ignoring failure to get hierarchy for remote element in process 1995 (Error getting main window kAXErrorServerNotFound)
    t =    65.23s     Synthesize event
    t =    65.54s     Wait for com.bicterm.app to idle
    t =    67.37s Checking `Expect predicate `exists == 0` for object "hop-field-host" TextField`
    t =    67.37s     Checking existence of `"hop-field-host" TextField`
    t =    68.49s Get number of matches for: Descendants matching type Sheet
    t =    68.97s Checking existence of `"add-hop" Button`
    t =    69.04s Find the "add-hop" Button
    t =    69.13s Find the Window (First Match)
    t =    69.14s Find the "add-hop" Button
    t =    69.22s Get number of matches for: Descendants matching type NavigationBar
    t =    69.29s Find the NavigationBar (Element at index 0)
    t =    69.35s Find the NavigationBar (Element at index 1)
    t =    69.42s Tap "add-hop" Button
    t =    69.42s     Wait for com.bicterm.app to idle
    t =    69.42s     Find the "add-hop" Button
    t =    69.50s     Check for interrupting elements affecting "add-hop" Button
    t =    69.57s         Wait for com.apple.springboard to idle
    t =    69.59s Ignoring failure to get hierarchy for remote element in process 1995 (Error getting main window kAXErrorServerNotFound)
    t =    69.59s Ignoring failure to get hierarchy for remote element in process 1995 (Error getting main window kAXErrorServerNotFound)
    t =    69.60s     Synthesize event
    t =    69.89s     Wait for com.bicterm.app to idle
    t =    70.66s Waiting 10.0s for "hop-field-host" TextField to exist
    t =    71.68s     Checking `Expect predicate `existsNoRetry == 1` for object "hop-field-host" TextField`
    t =    71.69s         Checking existence of `"hop-field-host" TextField`
    t =    71.81s Tap "hop-field-host" TextField
    t =    71.81s     Wait for com.bicterm.app to idle
    t =    71.81s     Find the "hop-field-host" TextField
    t =    71.91s     Check for interrupting elements affecting "hop-field-host" TextField
    t =    72.01s         Wait for com.apple.springboard to idle
    t =    72.03s Ignoring failure to get hierarchy for remote element in process 1995 (Error getting main window kAXErrorServerNotFound)
    t =    72.03s Ignoring failure to get hierarchy for remote element in process 1995 (Error getting main window kAXErrorServerNotFound)
    t =    72.04s     Synthesize event
    t =    72.34s     Wait for com.bicterm.app to idle
    t =    73.67s Checking `Expect predicate `hasKeyboardFocus == 1` for object "hop-field-host" TextField`
    t =    73.67s     Find the "hop-field-host" TextField
    t =    73.80s Type 'hop3.example.com' into Target Application 'com.bicterm.app'
    t =    73.80s     Wait for com.bicterm.app to idle
    t =    73.80s     Find the Target Application 'com.bicterm.app'
    t =    73.90s     Check for interrupting elements affecting "BicTerm" Application
    t =    74.00s         Wait for com.apple.springboard to idle
    t =    74.03s Ignoring failure to get hierarchy for remote element in process 1995 (Error getting main window kAXErrorServerNotFound)
    t =    74.03s Ignoring failure to get hierarchy for remote element in process 1995 (Error getting main window kAXErrorServerNotFound)
    t =    74.03s     Synthesize event
    t =    74.04s         Get number of matches for: Elements containing elements matching predicate 'hasKeyboardFocus == 1'
    t =    74.60s     Wait for com.bicterm.app to idle
    t =    74.61s Get number of matches for: Descendants matching type Keyboard
    t =    74.71s Waiting 2.0s for "Done" Button to exist
    t =    75.75s     Checking `Expect predicate `existsNoRetry == 1` for object "Done" Button`
    t =    75.75s         Checking existence of `"Done" Button`
    t =    75.87s Tap "Done" Button
    t =    75.87s     Wait for com.bicterm.app to idle
    t =    75.87s     Find the "Done" Button
    t =    75.99s     Check for interrupting elements affecting "Done" Button
    t =    76.10s         Wait for com.apple.springboard to idle
    t =    76.12s Ignoring failure to get hierarchy for remote element in process 1995 (Error getting main window kAXErrorServerNotFound)
    t =    76.13s Ignoring failure to get hierarchy for remote element in process 1995 (Error getting main window kAXErrorServerNotFound)
    t =    76.13s     Synthesize event
    t =    76.43s     Wait for com.bicterm.app to idle
    t =    77.21s Tap "hop-field-username" TextField
    t =    77.21s     Wait for com.bicterm.app to idle
    t =    77.22s     Find the "hop-field-username" TextField
    t =    77.32s     Check for interrupting elements affecting "hop-field-username" TextField
    t =    77.41s         Wait for com.apple.springboard to idle
    t =    77.44s Ignoring failure to get hierarchy for remote element in process 1995 (Error getting main window kAXErrorServerNotFound)
    t =    77.44s Ignoring failure to get hierarchy for remote element in process 1995 (Error getting main window kAXErrorServerNotFound)
    t =    77.45s     Synthesize event
    t =    77.74s     Wait for com.bicterm.app to idle
    t =    79.10s Checking `Expect predicate `hasKeyboardFocus == 1` for object "hop-field-username" TextField`
    t =    79.10s     Find the "hop-field-username" TextField
    t =    79.23s Type 'u3' into Target Application 'com.bicterm.app'
    t =    79.23s     Wait for com.bicterm.app to idle
    t =    79.23s     Find the Target Application 'com.bicterm.app'
    t =    79.33s     Check for interrupting elements affecting "BicTerm" Application
    t =    79.44s         Wait for com.apple.springboard to idle
    t =    79.46s Ignoring failure to get hierarchy for remote element in process 1995 (Error getting main window kAXErrorServerNotFound)
    t =    79.46s Ignoring failure to get hierarchy for remote element in process 1995 (Error getting main window kAXErrorServerNotFound)
    t =    79.47s     Synthesize event
    t =    79.47s         Get number of matches for: Elements containing elements matching predicate 'hasKeyboardFocus == 1'
    t =    79.80s     Wait for com.bicterm.app to idle
    t =    79.81s Get number of matches for: Descendants matching type Keyboard
    t =    79.91s Waiting 2.0s for "Done" Button to exist
    t =    80.96s     Checking `Expect predicate `existsNoRetry == 1` for object "Done" Button`
    t =    80.96s         Checking existence of `"Done" Button`
    t =    81.08s Tap "Done" Button
    t =    81.08s     Wait for com.bicterm.app to idle
    t =    81.08s     Find the "Done" Button
    t =    81.20s     Check for interrupting elements affecting "Done" Button
    t =    81.31s         Wait for com.apple.springboard to idle
    t =    81.33s Ignoring failure to get hierarchy for remote element in process 1995 (Error getting main window kAXErrorServerNotFound)
    t =    81.33s Ignoring failure to get hierarchy for remote element in process 1995 (Error getting main window kAXErrorServerNotFound)
    t =    81.34s     Synthesize event
    t =    81.62s     Wait for com.bicterm.app to idle
    t =    82.43s Tap "hop-key-selector" Button
    t =    82.43s     Wait for com.bicterm.app to idle
    t =    82.43s     Find the "hop-key-selector" Button
    t =    82.53s     Check for interrupting elements affecting "hop-key-selector" Button
    t =    82.63s         Wait for com.apple.springboard to idle
    t =    82.65s Ignoring failure to get hierarchy for remote element in process 1995 (Error getting main window kAXErrorServerNotFound)
    t =    82.65s Ignoring failure to get hierarchy for remote element in process 1995 (Error getting main window kAXErrorServerNotFound)
    t =    82.65s     Synthesize event
    t =    82.95s     Wait for com.bicterm.app to idle
    t =    83.66s Waiting 5.0s for "key-Fixture-Ed25519" Button to exist
    t =    84.69s     Checking `Expect predicate `existsNoRetry == 1` for object "key-Fixture-Ed25519" Button`
    t =    84.69s         Checking existence of `"key-Fixture-Ed25519" Button`
    t =    84.79s Tap "key-Fixture-Ed25519" Button
    t =    84.79s     Wait for com.bicterm.app to idle
    t =    84.79s     Find the "key-Fixture-Ed25519" Button
    t =    84.88s     Check for interrupting elements affecting "key-Fixture-Ed25519" Button
    t =    84.96s         Wait for com.apple.springboard to idle
    t =    84.99s Ignoring failure to get hierarchy for remote element in process 1995 (Error getting main window kAXErrorServerNotFound)
    t =    84.99s Ignoring failure to get hierarchy for remote element in process 1995 (Error getting main window kAXErrorServerNotFound)
    t =    84.99s     Synthesize event
    t =    85.29s     Wait for com.bicterm.app to idle
    t =    86.09s Waiting 5.0s for "save-hop" Button to exist
    t =    87.13s     Checking `Expect predicate `existsNoRetry == 1` for object "save-hop" Button`
    t =    87.13s         Checking existence of `"save-hop" Button`
    t =    87.23s Tap "save-hop" Button
    t =    87.23s     Wait for com.bicterm.app to idle
    t =    87.23s     Find the "save-hop" Button
    t =    87.33s     Check for interrupting elements affecting "save-hop" Button
    t =    87.42s         Wait for com.apple.springboard to idle
    t =    87.44s Ignoring failure to get hierarchy for remote element in process 1995 (Error getting main window kAXErrorServerNotFound)
    t =    87.44s Ignoring failure to get hierarchy for remote element in process 1995 (Error getting main window kAXErrorServerNotFound)
    t =    87.45s     Synthesize event
    t =    87.75s     Wait for com.bicterm.app to idle
    t =    89.57s Checking `Expect predicate `exists == 0` for object "hop-field-host" TextField`
    t =    89.57s     Checking existence of `"hop-field-host" TextField`
    t =    90.67s Get number of matches for: Descendants matching type Sheet
    t =    91.15s Checking existence of `"add-hop" Button`
    t =    91.23s Find the "add-hop" Button
    t =    91.31s Find the Window (First Match)
    t =    91.32s Find the "add-hop" Button
    t =    91.40s Get number of matches for: Descendants matching type NavigationBar
    t =    91.47s Find the NavigationBar (Element at index 0)
    t =    91.54s Find the NavigationBar (Element at index 1)
    t =    91.61s Tap "add-hop" Button
    t =    91.61s     Wait for com.bicterm.app to idle
    t =    91.61s     Find the "add-hop" Button
    t =    91.69s     Check for interrupting elements affecting "add-hop" Button
    t =    91.77s         Wait for com.apple.springboard to idle
    t =    91.79s Ignoring failure to get hierarchy for remote element in process 1995 (Error getting main window kAXErrorServerNotFound)
    t =    91.79s Ignoring failure to get hierarchy for remote element in process 1995 (Error getting main window kAXErrorServerNotFound)
    t =    91.80s     Synthesize event
    t =    92.09s     Wait for com.bicterm.app to idle
    t =    92.80s Waiting 10.0s for "hop-field-host" TextField to exist
    t =    93.80s     Checking `Expect predicate `existsNoRetry == 1` for object "hop-field-host" TextField`
    t =    93.80s         Checking existence of `"hop-field-host" TextField`
    t =    93.93s Tap "hop-field-host" TextField
    t =    93.93s     Wait for com.bicterm.app to idle
    t =    93.93s     Find the "hop-field-host" TextField
    t =    94.03s     Check for interrupting elements affecting "hop-field-host" TextField
    t =    94.13s         Wait for com.apple.springboard to idle
    t =    94.15s Ignoring failure to get hierarchy for remote element in process 1995 (Error getting main window kAXErrorServerNotFound)
    t =    94.15s Ignoring failure to get hierarchy for remote element in process 1995 (Error getting main window kAXErrorServerNotFound)
    t =    94.16s     Synthesize event
    t =    94.45s     Wait for com.bicterm.app to idle
    t =    95.80s Checking `Expect predicate `hasKeyboardFocus == 1` for object "hop-field-host" TextField`
    t =    95.81s     Find the "hop-field-host" TextField
    t =    95.93s Type 'hop4.example.com' into Target Application 'com.bicterm.app'
    t =    95.93s     Wait for com.bicterm.app to idle
    t =    95.93s     Find the Target Application 'com.bicterm.app'
    t =    96.03s     Check for interrupting elements affecting "BicTerm" Application
    t =    96.13s         Wait for com.apple.springboard to idle
    t =    96.16s Ignoring failure to get hierarchy for remote element in process 1995 (Error getting main window kAXErrorServerNotFound)
    t =    96.16s Ignoring failure to get hierarchy for remote element in process 1995 (Error getting main window kAXErrorServerNotFound)
    t =    96.16s     Synthesize event
    t =    96.16s         Get number of matches for: Elements containing elements matching predicate 'hasKeyboardFocus == 1'
    t =    96.73s     Wait for com.bicterm.app to idle
    t =    96.73s Get number of matches for: Descendants matching type Keyboard
    t =    96.83s Waiting 2.0s for "Done" Button to exist
    t =    97.86s     Checking `Expect predicate `existsNoRetry == 1` for object "Done" Button`
    t =    97.86s         Checking existence of `"Done" Button`
    t =    97.98s Tap "Done" Button
    t =    97.98s     Wait for com.bicterm.app to idle
    t =    97.99s     Find the "Done" Button
    t =    98.11s     Check for interrupting elements affecting "Done" Button
    t =    98.22s         Wait for com.apple.springboard to idle
    t =    98.25s Ignoring failure to get hierarchy for remote element in process 1995 (Error getting main window kAXErrorServerNotFound)
    t =    98.25s Ignoring failure to get hierarchy for remote element in process 1995 (Error getting main window kAXErrorServerNotFound)
    t =    98.25s     Synthesize event
    t =    98.55s     Wait for com.bicterm.app to idle
    t =    99.35s Tap "hop-field-username" TextField
    t =    99.35s     Wait for com.bicterm.app to idle
    t =    99.35s     Find the "hop-field-username" TextField
    t =    99.45s     Check for interrupting elements affecting "hop-field-username" TextField
    t =    99.54s         Wait for com.apple.springboard to idle
    t =    99.57s Ignoring failure to get hierarchy for remote element in process 1995 (Error getting main window kAXErrorServerNotFound)
    t =    99.57s Ignoring failure to get hierarchy for remote element in process 1995 (Error getting main window kAXErrorServerNotFound)
    t =    99.58s     Synthesize event
    t =    99.87s     Wait for com.bicterm.app to idle
    t =   101.25s Checking `Expect predicate `hasKeyboardFocus == 1` for object "hop-field-username" TextField`
    t =   101.25s     Find the "hop-field-username" TextField
    t =   101.37s Type 'u4' into Target Application 'com.bicterm.app'
    t =   101.37s     Wait for com.bicterm.app to idle
    t =   101.37s     Find the Target Application 'com.bicterm.app'
    t =   101.47s     Check for interrupting elements affecting "BicTerm" Application
    t =   101.58s         Wait for com.apple.springboard to idle
    t =   101.60s Ignoring failure to get hierarchy for remote element in process 1995 (Error getting main window kAXErrorServerNotFound)
    t =   101.60s Ignoring failure to get hierarchy for remote element in process 1995 (Error getting main window kAXErrorServerNotFound)
    t =   101.60s     Synthesize event
    t =   101.61s         Get number of matches for: Elements containing elements matching predicate 'hasKeyboardFocus == 1'
    t =   101.94s     Wait for com.bicterm.app to idle
    t =   101.94s Get number of matches for: Descendants matching type Keyboard
    t =   102.04s Waiting 2.0s for "Done" Button to exist
    t =   103.07s     Checking `Expect predicate `existsNoRetry == 1` for object "Done" Button`
    t =   103.07s         Checking existence of `"Done" Button`
    t =   103.20s Tap "Done" Button
    t =   103.20s     Wait for com.bicterm.app to idle
    t =   103.20s     Find the "Done" Button
    t =   103.32s     Check for interrupting elements affecting "Done" Button
    t =   103.44s         Wait for com.apple.springboard to idle
    t =   103.46s Ignoring failure to get hierarchy for remote element in process 1995 (Error getting main window kAXErrorServerNotFound)
    t =   103.46s Ignoring failure to get hierarchy for remote element in process 1995 (Error getting main window kAXErrorServerNotFound)
    t =   103.47s     Synthesize event
    t =   103.76s     Wait for com.bicterm.app to idle
    t =   104.56s Tap "hop-key-selector" Button
    t =   104.56s     Wait for com.bicterm.app to idle
    t =   104.56s     Find the "hop-key-selector" Button
    t =   104.67s     Check for interrupting elements affecting "hop-key-selector" Button
    t =   104.76s         Wait for com.apple.springboard to idle
    t =   104.78s Ignoring failure to get hierarchy for remote element in process 1995 (Error getting main window kAXErrorServerNotFound)
    t =   104.79s Ignoring failure to get hierarchy for remote element in process 1995 (Error getting main window kAXErrorServerNotFound)
    t =   104.79s     Synthesize event
    t =   105.09s     Wait for com.bicterm.app to idle
    t =   105.79s Waiting 5.0s for "key-Fixture-Ed25519" Button to exist
    t =   106.81s     Checking `Expect predicate `existsNoRetry == 1` for object "key-Fixture-Ed25519" Button`
    t =   106.81s         Checking existence of `"key-Fixture-Ed25519" Button`
    t =   106.91s Tap "key-Fixture-Ed25519" Button
    t =   106.91s     Wait for com.bicterm.app to idle
    t =   106.92s     Find the "key-Fixture-Ed25519" Button
    t =   107.02s     Check for interrupting elements affecting "key-Fixture-Ed25519" Button
    t =   107.11s         Wait for com.apple.springboard to idle
    t =   107.13s Ignoring failure to get hierarchy for remote element in process 1995 (Error getting main window kAXErrorServerNotFound)
    t =   107.13s Ignoring failure to get hierarchy for remote element in process 1995 (Error getting main window kAXErrorServerNotFound)
    t =   107.14s     Synthesize event
    t =   107.43s     Wait for com.bicterm.app to idle
    t =   108.23s Waiting 5.0s for "save-hop" Button to exist
    t =   109.27s     Checking `Expect predicate `existsNoRetry == 1` for object "save-hop" Button`
    t =   109.27s         Checking existence of `"save-hop" Button`
    t =   109.38s Tap "save-hop" Button
    t =   109.38s     Wait for com.bicterm.app to idle
    t =   109.38s     Find the "save-hop" Button
    t =   109.48s     Check for interrupting elements affecting "save-hop" Button
    t =   109.58s         Wait for com.apple.springboard to idle
    t =   109.60s Ignoring failure to get hierarchy for remote element in process 1995 (Error getting main window kAXErrorServerNotFound)
    t =   109.61s Ignoring failure to get hierarchy for remote element in process 1995 (Error getting main window kAXErrorServerNotFound)
    t =   109.61s     Synthesize event
    t =   109.92s     Wait for com.bicterm.app to idle
    t =   111.75s Checking `Expect predicate `exists == 0` for object "hop-field-host" TextField`
    t =   111.75s     Checking existence of `"hop-field-host" TextField`
    t =   112.85s Get number of matches for: Descendants matching type Sheet
    t =   113.33s Checking existence of `"add-hop" Button`
    t =   113.42s Find the "add-hop" Button
    t =   113.51s Find the Window (First Match)
    t =   113.51s Find the "add-hop" Button
    t =   113.59s Get number of matches for: Descendants matching type NavigationBar
    t =   113.66s Find the NavigationBar (Element at index 0)
    t =   113.73s Find the NavigationBar (Element at index 1)
    t =   113.81s Tap "add-hop" Button
    t =   113.81s     Wait for com.bicterm.app to idle
    t =   113.81s     Find the "add-hop" Button
    t =   113.89s     Check for interrupting elements affecting "add-hop" Button
    t =   113.96s         Wait for com.apple.springboard to idle
    t =   113.98s Ignoring failure to get hierarchy for remote element in process 1995 (Error getting main window kAXErrorServerNotFound)
    t =   113.99s Ignoring failure to get hierarchy for remote element in process 1995 (Error getting main window kAXErrorServerNotFound)
    t =   113.99s     Synthesize event
    t =   114.29s     Wait for com.bicterm.app to idle
    t =   114.89s Waiting 10.0s for "hop-field-host" TextField to exist
    t =   115.92s     Checking `Expect predicate `existsNoRetry == 1` for object "hop-field-host" TextField`
    t =   115.92s         Checking existence of `"hop-field-host" TextField`
    t =   116.04s Tap "hop-field-host" TextField
    t =   116.04s     Wait for com.bicterm.app to idle
    t =   116.05s     Find the "hop-field-host" TextField
    t =   116.15s     Check for interrupting elements affecting "hop-field-host" TextField
    t =   116.25s         Wait for com.apple.springboard to idle
    t =   116.27s Ignoring failure to get hierarchy for remote element in process 1995 (Error getting main window kAXErrorServerNotFound)
    t =   116.27s Ignoring failure to get hierarchy for remote element in process 1995 (Error getting main window kAXErrorServerNotFound)
    t =   116.27s     Synthesize event
    t =   116.57s     Wait for com.bicterm.app to idle
    t =   117.90s Checking `Expect predicate `hasKeyboardFocus == 1` for object "hop-field-host" TextField`
    t =   117.90s     Find the "hop-field-host" TextField
    t =   118.04s Type 'hop5.example.com' into Target Application 'com.bicterm.app'
    t =   118.04s     Wait for com.bicterm.app to idle
    t =   118.04s     Find the Target Application 'com.bicterm.app'
    t =   118.14s     Check for interrupting elements affecting "BicTerm" Application
    t =   118.25s         Wait for com.apple.springboard to idle
    t =   118.28s Ignoring failure to get hierarchy for remote element in process 1995 (Error getting main window kAXErrorServerNotFound)
    t =   118.28s Ignoring failure to get hierarchy for remote element in process 1995 (Error getting main window kAXErrorServerNotFound)
    t =   118.28s     Synthesize event
    t =   118.29s         Get number of matches for: Elements containing elements matching predicate 'hasKeyboardFocus == 1'
    t =   118.86s     Wait for com.bicterm.app to idle
    t =   118.86s Get number of matches for: Descendants matching type Keyboard
    t =   118.96s Waiting 2.0s for "Done" Button to exist
    t =   119.99s     Checking `Expect predicate `existsNoRetry == 1` for object "Done" Button`
    t =   119.99s         Checking existence of `"Done" Button`
    t =   120.12s Tap "Done" Button
    t =   120.12s     Wait for com.bicterm.app to idle
    t =   120.12s     Find the "Done" Button
    t =   120.24s     Check for interrupting elements affecting "Done" Button
    t =   120.36s         Wait for com.apple.springboard to idle
    t =   120.38s Ignoring failure to get hierarchy for remote element in process 1995 (Error getting main window kAXErrorServerNotFound)
    t =   120.38s Ignoring failure to get hierarchy for remote element in process 1995 (Error getting main window kAXErrorServerNotFound)
    t =   120.39s     Synthesize event
    t =   120.69s     Wait for com.bicterm.app to idle
    t =   121.48s Tap "hop-field-username" TextField
    t =   121.48s     Wait for com.bicterm.app to idle
    t =   121.48s     Find the "hop-field-username" TextField
    t =   121.58s     Check for interrupting elements affecting "hop-field-username" TextField
    t =   121.68s         Wait for com.apple.springboard to idle
    t =   121.71s Ignoring failure to get hierarchy for remote element in process 1995 (Error getting main window kAXErrorServerNotFound)
    t =   121.71s Ignoring failure to get hierarchy for remote element in process 1995 (Error getting main window kAXErrorServerNotFound)
    t =   121.71s     Synthesize event
    t =   122.01s     Wait for com.bicterm.app to idle
    t =   123.36s Checking `Expect predicate `hasKeyboardFocus == 1` for object "hop-field-username" TextField`
    t =   123.36s     Find the "hop-field-username" TextField
    t =   123.49s Type 'u5' into Target Application 'com.bicterm.app'
    t =   123.49s     Wait for com.bicterm.app to idle
    t =   123.49s     Find the Target Application 'com.bicterm.app'
    t =   123.59s     Check for interrupting elements affecting "BicTerm" Application
    t =   123.71s         Wait for com.apple.springboard to idle
    t =   123.73s Ignoring failure to get hierarchy for remote element in process 1995 (Error getting main window kAXErrorServerNotFound)
    t =   123.73s Ignoring failure to get hierarchy for remote element in process 1995 (Error getting main window kAXErrorServerNotFound)
    t =   123.74s     Synthesize event
    t =   123.74s         Get number of matches for: Elements containing elements matching predicate 'hasKeyboardFocus == 1'
    t =   124.07s     Wait for com.bicterm.app to idle
    t =   124.07s Get number of matches for: Descendants matching type Keyboard
    t =   124.18s Waiting 2.0s for "Done" Button to exist
    t =   125.21s     Checking `Expect predicate `existsNoRetry == 1` for object "Done" Button`
    t =   125.22s         Checking existence of `"Done" Button`
    t =   125.34s Tap "Done" Button
    t =   125.34s     Wait for com.bicterm.app to idle
    t =   125.34s     Find the "Done" Button
    t =   125.46s     Check for interrupting elements affecting "Done" Button
    t =   125.58s         Wait for com.apple.springboard to idle
    t =   125.60s Ignoring failure to get hierarchy for remote element in process 1995 (Error getting main window kAXErrorServerNotFound)
    t =   125.60s Ignoring failure to get hierarchy for remote element in process 1995 (Error getting main window kAXErrorServerNotFound)
    t =   125.61s     Synthesize event
    t =   125.90s     Wait for com.bicterm.app to idle
    t =   126.69s Tap "hop-key-selector" Button
    t =   126.69s     Wait for com.bicterm.app to idle
    t =   126.70s     Find the "hop-key-selector" Button
    t =   126.81s     Check for interrupting elements affecting "hop-key-selector" Button
    t =   126.91s         Wait for com.apple.springboard to idle
    t =   126.93s Ignoring failure to get hierarchy for remote element in process 1995 (Error getting main window kAXErrorServerNotFound)
    t =   126.93s Ignoring failure to get hierarchy for remote element in process 1995 (Error getting main window kAXErrorServerNotFound)
    t =   126.94s     Synthesize event
    t =   127.24s     Wait for com.bicterm.app to idle
    t =   127.95s Waiting 5.0s for "key-Fixture-Ed25519" Button to exist
    t =   128.97s     Checking `Expect predicate `existsNoRetry == 1` for object "key-Fixture-Ed25519" Button`
    t =   128.97s         Checking existence of `"key-Fixture-Ed25519" Button`
    t =   129.08s Tap "key-Fixture-Ed25519" Button
    t =   129.08s     Wait for com.bicterm.app to idle
    t =   129.08s     Find the "key-Fixture-Ed25519" Button
    t =   129.18s     Check for interrupting elements affecting "key-Fixture-Ed25519" Button
    t =   129.27s         Wait for com.apple.springboard to idle
    t =   129.30s Ignoring failure to get hierarchy for remote element in process 1995 (Error getting main window kAXErrorServerNotFound)
    t =   129.30s Ignoring failure to get hierarchy for remote element in process 1995 (Error getting main window kAXErrorServerNotFound)
    t =   129.30s     Synthesize event
    t =   129.59s     Wait for com.bicterm.app to idle
    t =   130.41s Waiting 5.0s for "save-hop" Button to exist
    t =   131.46s     Checking `Expect predicate `existsNoRetry == 1` for object "save-hop" Button`
    t =   131.46s         Checking existence of `"save-hop" Button`
    t =   131.57s Tap "save-hop" Button
    t =   131.57s     Wait for com.bicterm.app to idle
    t =   131.57s     Find the "save-hop" Button
    t =   131.68s     Check for interrupting elements affecting "save-hop" Button
    t =   131.78s         Wait for com.apple.springboard to idle
    t =   131.81s Ignoring failure to get hierarchy for remote element in process 1995 (Error getting main window kAXErrorServerNotFound)
    t =   131.81s Ignoring failure to get hierarchy for remote element in process 1995 (Error getting main window kAXErrorServerNotFound)
    t =   131.81s     Synthesize event
    t =   132.11s     Wait for com.bicterm.app to idle
    t =   133.94s Checking `Expect predicate `exists == 0` for object "hop-field-host" TextField`
    t =   133.94s     Checking existence of `"hop-field-host" TextField`
    t =   135.04s Get number of matches for: Descendants matching type Sheet
    t =   135.53s Checking existence of `"add-hop" Button`
    t =   135.61s Find the "add-hop" Button
    t =   135.71s Find the Window (First Match)
    t =   135.72s Find the "add-hop" Button
    t =   135.81s Get number of matches for: Descendants matching type NavigationBar
    t =   135.89s Find the NavigationBar (Element at index 0)
    t =   135.96s Find the NavigationBar (Element at index 1)
    t =   136.04s Find the "add-hop" Button
    t =   136.15s Tap "add-hop" Button
    t =   136.15s     Wait for com.bicterm.app to idle
    t =   136.15s     Find the "add-hop" Button
    t =   136.24s     Check for interrupting elements affecting "add-hop" Button
    t =   136.32s         Wait for com.apple.springboard to idle
    t =   136.34s Ignoring failure to get hierarchy for remote element in process 1995 (Error getting main window kAXErrorServerNotFound)
    t =   136.34s Ignoring failure to get hierarchy for remote element in process 1995 (Error getting main window kAXErrorServerNotFound)
    t =   136.34s     Synthesize event
    t =   136.64s     Wait for com.bicterm.app to idle
    t =   136.90s Waiting 5.0s for "hop-limit-message" StaticText to exist
    t =   137.92s     Checking `Expect predicate `existsNoRetry == 1` for object "hop-limit-message" StaticText`
    t =   137.92s         Checking existence of `"hop-limit-message" StaticText`
    t =   138.01s Find the "hop-limit-message" StaticText
    t =   138.09s Checking existence of `"hop-field-host" TextField`
    t =   138.18s Checking existence of `"field-host" TextField`
    t =   138.26s Find the "field-host" TextField
    t =   138.36s Find the Window (First Match)
    t =   138.36s Find the "field-host" TextField
    t =   138.45s Get number of matches for: Descendants matching type NavigationBar
    t =   138.52s Find the NavigationBar (Element at index 0)
    t =   138.60s Find the NavigationBar (Element at index 1)
    t =   138.68s Tap "field-host" TextField
    t =   138.68s     Wait for com.bicterm.app to idle
    t =   138.68s     Find the "field-host" TextField
    t =   138.77s     Check for interrupting elements affecting "field-host" TextField
    t =   138.85s         Wait for com.apple.springboard to idle
    t =   138.87s Ignoring failure to get hierarchy for remote element in process 1995 (Error getting main window kAXErrorServerNotFound)
    t =   138.87s Ignoring failure to get hierarchy for remote element in process 1995 (Error getting main window kAXErrorServerNotFound)
    t =   138.87s     Synthesize event
    t =   139.17s     Wait for com.bicterm.app to idle
    t =   140.51s Checking `Expect predicate `hasKeyboardFocus == 1` for object "field-host" TextField`
    t =   140.51s     Find the "field-host" TextField
    t =   140.62s Press "field-host" TextField for 1.1 seconds
    t =   140.62s     Wait for com.bicterm.app to idle
    t =   140.62s     Find the "field-host" TextField
    t =   140.72s     Check for interrupting elements affecting "field-host" TextField
    t =   140.82s         Wait for com.apple.springboard to idle
    t =   140.84s Ignoring failure to get hierarchy for remote element in process 1995 (Error getting main window kAXErrorServerNotFound)
    t =   140.84s Ignoring failure to get hierarchy for remote element in process 1995 (Error getting main window kAXErrorServerNotFound)
    t =   140.85s     Synthesize event
    t =   142.20s     Wait for com.bicterm.app to idle
    t =   142.95s Waiting 2.0s for "Select All" MenuItem to exist
    t =   143.97s     Checking `Expect predicate `existsNoRetry == 1` for object "Select All" MenuItem`
    t =   143.97s         Checking existence of `"Select All" MenuItem`
    t =   144.08s Tap "Select All" MenuItem
    t =   144.09s     Wait for com.bicterm.app to idle
    t =   144.09s     Find the "Select All" MenuItem
    t =   144.20s     Check for interrupting elements affecting "Select All" MenuItem
    t =   144.30s         Wait for com.apple.springboard to idle
    t =   144.32s Ignoring failure to get hierarchy for remote element in process 1995 (Error getting main window kAXErrorServerNotFound)
    t =   144.32s Ignoring failure to get hierarchy for remote element in process 1995 (Error getting main window kAXErrorServerNotFound)
    t =   144.33s     Synthesize event
    t =   144.62s     Wait for com.bicterm.app to idle
    t =   145.04s Type 'hop1.example.com' into Target Application 'com.bicterm.app'
    t =   145.04s     Wait for com.bicterm.app to idle
    t =   145.05s     Find the Target Application 'com.bicterm.app'
    t =   145.13s     Check for interrupting elements affecting "BicTerm" Application
    t =   145.23s         Wait for com.apple.springboard to idle
    t =   145.25s Ignoring failure to get hierarchy for remote element in process 1995 (Error getting main window kAXErrorServerNotFound)
    t =   145.25s Ignoring failure to get hierarchy for remote element in process 1995 (Error getting main window kAXErrorServerNotFound)
    t =   145.26s     Synthesize event
    t =   145.26s         Get number of matches for: Elements containing elements matching predicate 'hasKeyboardFocus == 1'
    t =   145.81s     Wait for com.bicterm.app to idle
    t =   145.83s Get number of matches for: Descendants matching type Keyboard
    t =   145.92s Waiting 2.0s for "Done" Button to exist
    t =   146.94s     Checking `Expect predicate `existsNoRetry == 1` for object "Done" Button`
    t =   146.95s         Checking existence of `"Done" Button`
    t =   147.05s Tap "Done" Button
    t =   147.05s     Wait for com.bicterm.app to idle
    t =   147.05s     Find the "Done" Button
    t =   147.16s     Check for interrupting elements affecting "Done" Button
    t =   147.25s         Wait for com.apple.springboard to idle
    t =   147.27s Ignoring failure to get hierarchy for remote element in process 1995 (Error getting main window kAXErrorServerNotFound)
    t =   147.28s Ignoring failure to get hierarchy for remote element in process 1995 (Error getting main window kAXErrorServerNotFound)
    t =   147.28s     Synthesize event
    t =   147.57s     Wait for com.bicterm.app to idle
    t =   148.36s Checking existence of `"cycle-warning" StaticText`
    t =   148.44s Find the "cycle-warning" StaticText
    t =   148.54s Find the Window (First Match)
    t =   148.54s Find the "cycle-warning" StaticText
    t =   148.63s Get number of matches for: Descendants matching type NavigationBar
    t =   148.70s Find the NavigationBar (Element at index 0)
    t =   148.77s Find the NavigationBar (Element at index 1)
    t =   148.85s Find the "cycle-warning" StaticText
    t =   148.94s Find the "save-editor" Button
    t =   149.02s Checking existence of `"field-host" TextField`
    t =   149.10s Find the "field-host" TextField
    t =   149.20s Find the Window (First Match)
    t =   149.21s Find the "field-host" TextField
    t =   149.29s Get number of matches for: Descendants matching type NavigationBar
    t =   149.36s Find the NavigationBar (Element at index 0)
    t =   149.44s Find the NavigationBar (Element at index 1)
    t =   149.51s Tap "field-host" TextField
    t =   149.51s     Wait for com.bicterm.app to idle
    t =   149.52s     Find the "field-host" TextField
    t =   149.60s     Check for interrupting elements affecting "field-host" TextField
    t =   149.68s         Wait for com.apple.springboard to idle
    t =   149.70s Ignoring failure to get hierarchy for remote element in process 1995 (Error getting main window kAXErrorServerNotFound)
    t =   149.70s Ignoring failure to get hierarchy for remote element in process 1995 (Error getting main window kAXErrorServerNotFound)
    t =   149.71s     Synthesize event
    t =   150.00s     Wait for com.bicterm.app to idle
    t =   151.31s Checking `Expect predicate `hasKeyboardFocus == 1` for object "field-host" TextField`
    t =   151.31s     Find the "field-host" TextField
    t =   151.41s Press "field-host" TextField for 1.1 seconds
    t =   151.41s     Wait for com.bicterm.app to idle
    t =   151.41s     Find the "field-host" TextField
    t =   151.51s     Check for interrupting elements affecting "field-host" TextField
    t =   151.60s         Wait for com.apple.springboard to idle
    t =   151.62s Ignoring failure to get hierarchy for remote element in process 1995 (Error getting main window kAXErrorServerNotFound)
    t =   151.62s Ignoring failure to get hierarchy for remote element in process 1995 (Error getting main window kAXErrorServerNotFound)
    t =   151.63s     Synthesize event
    t =   152.97s     Wait for com.bicterm.app to idle
    t =   153.73s Waiting 2.0s for "Select All" MenuItem to exist
    t =   154.75s     Checking `Expect predicate `existsNoRetry == 1` for object "Select All" MenuItem`
    t =   154.75s         Checking existence of `"Select All" MenuItem`
    t =   154.86s Tap "Select All" MenuItem
    t =   154.86s     Wait for com.bicterm.app to idle
    t =   154.86s     Find the "Select All" MenuItem
    t =   154.97s     Check for interrupting elements affecting "Select All" MenuItem
    t =   155.07s         Wait for com.apple.springboard to idle
    t =   155.10s Ignoring failure to get hierarchy for remote element in process 1995 (Error getting main window kAXErrorServerNotFound)
    t =   155.10s Ignoring failure to get hierarchy for remote element in process 1995 (Error getting main window kAXErrorServerNotFound)
    t =   155.11s     Synthesize event
    t =   155.40s     Wait for com.bicterm.app to idle
    t =   155.85s Type '10.1.2.3' into Target Application 'com.bicterm.app'
    t =   155.85s     Wait for com.bicterm.app to idle
    t =   155.85s     Find the Target Application 'com.bicterm.app'
    t =   155.94s     Check for interrupting elements affecting "BicTerm" Application
    t =   156.04s         Wait for com.apple.springboard to idle
    t =   156.06s Ignoring failure to get hierarchy for remote element in process 1995 (Error getting main window kAXErrorServerNotFound)
    t =   156.06s Ignoring failure to get hierarchy for remote element in process 1995 (Error getting main window kAXErrorServerNotFound)
    t =   156.07s     Synthesize event
    t =   156.07s         Get number of matches for: Elements containing elements matching predicate 'hasKeyboardFocus == 1'
    t =   156.49s     Wait for com.bicterm.app to idle
    t =   156.70s Get number of matches for: Descendants matching type Keyboard
    t =   156.78s Waiting 2.0s for "Done" Button to exist
    t =   157.81s     Checking `Expect predicate `existsNoRetry == 1` for object "Done" Button`
    t =   157.81s         Checking existence of `"Done" Button`
    t =   157.92s Tap "Done" Button
    t =   157.92s     Wait for com.bicterm.app to idle
    t =   157.92s     Find the "Done" Button
    t =   158.02s     Check for interrupting elements affecting "Done" Button
    t =   158.11s         Wait for com.apple.springboard to idle
    t =   158.14s Ignoring failure to get hierarchy for remote element in process 1995 (Error getting main window kAXErrorServerNotFound)
    t =   158.14s Ignoring failure to get hierarchy for remote element in process 1995 (Error getting main window kAXErrorServerNotFound)
    t =   158.14s     Synthesize event
    t =   158.44s     Wait for com.bicterm.app to idle
    t =   159.23s Checking existence of `"add-hop" Button`
    t =   159.31s Find the "add-hop" Button
    t =   159.40s Find the Window (First Match)
    t =   159.42s Find the "add-hop" Button
    t =   159.50s Get number of matches for: Descendants matching type NavigationBar
    t =   159.57s Find the NavigationBar (Element at index 0)
    t =   159.64s Find the NavigationBar (Element at index 1)
    t =   159.72s Checking existence of `"cycle-warning" StaticText`
    t =   159.80s Find the "save-editor" Button
    t =   159.88s Tap "cancel-editor" Button
    t =   159.88s     Wait for com.bicterm.app to idle
    t =   159.88s     Find the "cancel-editor" Button
    t =   159.96s     Check for interrupting elements affecting "cancel-editor" Button
    t =   160.04s         Wait for com.apple.springboard to idle
    t =   160.06s Ignoring failure to get hierarchy for remote element in process 1995 (Error getting main window kAXErrorServerNotFound)
    t =   160.07s Ignoring failure to get hierarchy for remote element in process 1995 (Error getting main window kAXErrorServerNotFound)
    t =   160.07s     Synthesize event
    t =   160.37s     Wait for com.bicterm.app to idle
    t =   161.04s Tear Down
Test Case '-[BicTermUITests.ConnectionEditorUITests testChainValidationBlocksSixthHopAndCycle]' passed (161.648 seconds).
Test Case '-[BicTermUITests.ConnectionEditorUITests testCreateAndPersistTwoHopChainConnection]' started.
    t =     0.00s Start Test at 2026-09-08 22:55:08.714
    t =     0.01s Set Up
    t =     0.02s Open com.bicterm.app
    t =     0.02s     Launch com.bicterm.app
    t =     0.02s         Terminate com.bicterm.app:33040
2026-09-08 22:55:09.787 xcodebuild[31656:29943544] [MT] IDELaunchParametersSnapshot: The operation couldn’t be completed. (DebuggerLLDB.DebuggerVersionStore.StoreError error 0.)
2026-09-08 22:55:09.787 xcodebuild[31656:29943544] [MT] IDELaunchParametersSnapshot: no debugger version
    t =     1.49s         Setting up automation session
    t =     2.23s         Wait for com.bicterm.app to idle
    t =     3.70s Waiting 15.0s for "add-connection" Button to exist
    t =     4.72s     Checking `Expect predicate `existsNoRetry == 1` for object "add-connection" Button`
    t =     4.72s         Checking existence of `"add-connection" Button`
    t =     4.78s Tap "add-connection" Button
    t =     4.78s     Wait for com.bicterm.app to idle
    t =     4.78s     Find the "add-connection" Button
    t =     4.80s     Check for interrupting elements affecting "add-connection" Button
    t =     4.83s         Wait for com.apple.springboard to idle
    t =     4.85s Ignoring failure to get hierarchy for remote element in process 1995 (Error getting main window kAXErrorServerNotFound)
    t =     4.85s Ignoring failure to get hierarchy for remote element in process 1995 (Error getting main window kAXErrorServerNotFound)
    t =     4.86s     Synthesize event
    t =     5.16s     Wait for com.bicterm.app to idle
    t =     6.06s Waiting 10.0s for "field-name" TextField to exist
    t =     7.08s     Checking `Expect predicate `existsNoRetry == 1` for object "field-name" TextField`
    t =     7.08s         Checking existence of `"field-name" TextField`
    t =     7.19s Tap "field-name" TextField
    t =     7.19s     Wait for com.bicterm.app to idle
    t =     7.19s     Find the "field-name" TextField
    t =     7.25s     Check for interrupting elements affecting "field-name" TextField
    t =     7.32s         Wait for com.apple.springboard to idle
    t =     7.34s Ignoring failure to get hierarchy for remote element in process 1995 (Error getting main window kAXErrorServerNotFound)
    t =     7.34s Ignoring failure to get hierarchy for remote element in process 1995 (Error getting main window kAXErrorServerNotFound)
    t =     7.34s     Synthesize event
    t =     7.64s     Wait for com.bicterm.app to idle
    t =     8.77s Checking `Expect predicate `hasKeyboardFocus == 1` for object "field-name" TextField`
    t =     8.77s     Find the "field-name" TextField
    t =     8.90s Type 'Chain Two Hop' into Target Application 'com.bicterm.app'
    t =     8.90s     Wait for com.bicterm.app to idle
    t =     8.90s     Find the Target Application 'com.bicterm.app'
    t =     8.97s     Check for interrupting elements affecting "BicTerm" Application
    t =     9.05s         Wait for com.apple.springboard to idle
    t =     9.07s Ignoring failure to get hierarchy for remote element in process 1995 (Error getting main window kAXErrorServerNotFound)
    t =     9.07s Ignoring failure to get hierarchy for remote element in process 1995 (Error getting main window kAXErrorServerNotFound)
    t =     9.07s     Synthesize event
    t =     9.08s         Get number of matches for: Elements containing elements matching predicate 'hasKeyboardFocus == 1'
    t =     9.57s     Wait for com.bicterm.app to idle
    t =     9.57s Get number of matches for: Descendants matching type Keyboard
    t =     9.64s Waiting 2.0s for "Done" Button to exist
    t =    10.70s     Checking `Expect predicate `existsNoRetry == 1` for object "Done" Button`
    t =    10.70s         Checking existence of `"Done" Button`
    t =    10.79s Tap "Done" Button
    t =    10.79s     Wait for com.bicterm.app to idle
    t =    10.79s     Find the "Done" Button
    t =    10.89s     Check for interrupting elements affecting "Done" Button
    t =    10.97s         Wait for com.apple.springboard to idle
    t =    10.99s Ignoring failure to get hierarchy for remote element in process 1995 (Error getting main window kAXErrorServerNotFound)
    t =    10.99s Ignoring failure to get hierarchy for remote element in process 1995 (Error getting main window kAXErrorServerNotFound)
    t =    11.00s     Synthesize event
    t =    11.29s     Wait for com.bicterm.app to idle
    t =    12.10s Tap "field-host" TextField
    t =    12.10s     Wait for com.bicterm.app to idle
    t =    12.10s     Find the "field-host" TextField
    t =    12.17s     Check for interrupting elements affecting "field-host" TextField
    t =    12.23s         Wait for com.apple.springboard to idle
    t =    12.26s Ignoring failure to get hierarchy for remote element in process 1995 (Error getting main window kAXErrorServerNotFound)
    t =    12.26s Ignoring failure to get hierarchy for remote element in process 1995 (Error getting main window kAXErrorServerNotFound)
    t =    12.27s     Synthesize event
    t =    12.55s     Wait for com.bicterm.app to idle
    t =    13.90s Checking `Expect predicate `hasKeyboardFocus == 1` for object "field-host" TextField`
    t =    13.90s     Find the "field-host" TextField
    t =    13.99s Type '10.0.0.9' into Target Application 'com.bicterm.app'
    t =    13.99s     Wait for com.bicterm.app to idle
    t =    13.99s     Find the Target Application 'com.bicterm.app'
    t =    14.06s     Check for interrupting elements affecting "BicTerm" Application
    t =    14.14s         Wait for com.apple.springboard to idle
    t =    14.16s Ignoring failure to get hierarchy for remote element in process 1995 (Error getting main window kAXErrorServerNotFound)
    t =    14.16s Ignoring failure to get hierarchy for remote element in process 1995 (Error getting main window kAXErrorServerNotFound)
    t =    14.17s     Synthesize event
    t =    14.17s         Get number of matches for: Elements containing elements matching predicate 'hasKeyboardFocus == 1'
    t =    14.57s     Wait for com.bicterm.app to idle
    t =    14.58s Get number of matches for: Descendants matching type Keyboard
    t =    14.65s Waiting 2.0s for "Done" Button to exist
    t =    15.70s     Checking `Expect predicate `existsNoRetry == 1` for object "Done" Button`
    t =    15.70s         Checking existence of `"Done" Button`
    t =    15.79s Tap "Done" Button
    t =    15.79s     Wait for com.bicterm.app to idle
    t =    15.79s     Find the "Done" Button
    t =    15.88s     Check for interrupting elements affecting "Done" Button
    t =    15.96s         Wait for com.apple.springboard to idle
    t =    15.98s Ignoring failure to get hierarchy for remote element in process 1995 (Error getting main window kAXErrorServerNotFound)
    t =    15.98s Ignoring failure to get hierarchy for remote element in process 1995 (Error getting main window kAXErrorServerNotFound)
    t =    15.99s     Synthesize event
    t =    16.28s     Wait for com.bicterm.app to idle
    t =    17.08s Tap "field-username" TextField
    t =    17.08s     Wait for com.bicterm.app to idle
    t =    17.08s     Find the "field-username" TextField
    t =    17.15s     Check for interrupting elements affecting "field-username" TextField
    t =    17.22s         Wait for com.apple.springboard to idle
    t =    17.24s Ignoring failure to get hierarchy for remote element in process 1995 (Error getting main window kAXErrorServerNotFound)
    t =    17.24s Ignoring failure to get hierarchy for remote element in process 1995 (Error getting main window kAXErrorServerNotFound)
    t =    17.25s     Synthesize event
    t =    17.54s     Wait for com.bicterm.app to idle
    t =    18.88s Checking `Expect predicate `hasKeyboardFocus == 1` for object "field-username" TextField`
    t =    18.88s     Find the "field-username" TextField
    t =    18.97s Type 'alice' into Target Application 'com.bicterm.app'
    t =    18.97s     Wait for com.bicterm.app to idle
    t =    18.97s     Find the Target Application 'com.bicterm.app'
    t =    19.04s     Check for interrupting elements affecting "BicTerm" Application
    t =    19.12s         Wait for com.apple.springboard to idle
    t =    19.14s Ignoring failure to get hierarchy for remote element in process 1995 (Error getting main window kAXErrorServerNotFound)
    t =    19.14s Ignoring failure to get hierarchy for remote element in process 1995 (Error getting main window kAXErrorServerNotFound)
    t =    19.15s     Synthesize event
    t =    19.15s         Get number of matches for: Elements containing elements matching predicate 'hasKeyboardFocus == 1'
    t =    19.50s     Wait for com.bicterm.app to idle
    t =    19.50s Get number of matches for: Descendants matching type Keyboard
    t =    19.58s Waiting 2.0s for "Done" Button to exist
    t =    20.60s     Checking `Expect predicate `existsNoRetry == 1` for object "Done" Button`
    t =    20.60s         Checking existence of `"Done" Button`
    t =    20.69s Tap "Done" Button
    t =    20.69s     Wait for com.bicterm.app to idle
    t =    20.70s     Find the "Done" Button
    t =    20.79s     Check for interrupting elements affecting "Done" Button
    t =    20.87s         Wait for com.apple.springboard to idle
    t =    20.89s Ignoring failure to get hierarchy for remote element in process 1995 (Error getting main window kAXErrorServerNotFound)
    t =    20.89s Ignoring failure to get hierarchy for remote element in process 1995 (Error getting main window kAXErrorServerNotFound)
    t =    20.90s     Synthesize event
    t =    21.20s     Wait for com.bicterm.app to idle
    t =    22.00s Get number of matches for: Descendants matching type Keyboard
    t =    22.06s Tap "key-selector" Button
    t =    22.06s     Wait for com.bicterm.app to idle
    t =    22.06s     Find the "key-selector" Button
    t =    22.13s     Check for interrupting elements affecting "key-selector" Button
    t =    22.19s         Wait for com.apple.springboard to idle
    t =    22.21s Ignoring failure to get hierarchy for remote element in process 1995 (Error getting main window kAXErrorServerNotFound)
    t =    22.21s Ignoring failure to get hierarchy for remote element in process 1995 (Error getting main window kAXErrorServerNotFound)
    t =    22.22s     Synthesize event
    t =    22.52s     Wait for com.bicterm.app to idle
    t =    23.28s Waiting 5.0s for "key-Fixture-Ed25519" Button to exist
    t =    24.29s     Checking `Expect predicate `existsNoRetry == 1` for object "key-Fixture-Ed25519" Button`
    t =    24.29s         Checking existence of `"key-Fixture-Ed25519" Button`
    t =    24.34s Tap "key-Fixture-Ed25519" Button
    t =    24.34s     Wait for com.bicterm.app to idle
    t =    24.35s     Find the "key-Fixture-Ed25519" Button
    t =    24.39s     Check for interrupting elements affecting "key-Fixture-Ed25519" Button
    t =    24.43s         Wait for com.apple.springboard to idle
    t =    24.46s Ignoring failure to get hierarchy for remote element in process 1995 (Error getting main window kAXErrorServerNotFound)
    t =    24.46s Ignoring failure to get hierarchy for remote element in process 1995 (Error getting main window kAXErrorServerNotFound)
    t =    24.46s     Synthesize event
    t =    24.76s     Wait for com.bicterm.app to idle
    t =    25.60s Checking existence of `"add-hop" Button`
    t =    25.67s Find the "add-hop" Button
    t =    25.76s Find the Window (First Match)
    t =    25.77s Find the "add-hop" Button
    t =    25.84s Get number of matches for: Descendants matching type NavigationBar
    t =    25.90s Find the NavigationBar (Element at index 0)
    t =    25.97s Find the NavigationBar (Element at index 1)
    t =    26.04s Tap "add-hop" Button
    t =    26.04s     Wait for com.bicterm.app to idle
    t =    26.04s     Find the "add-hop" Button
    t =    26.12s     Check for interrupting elements affecting "add-hop" Button
    t =    26.18s         Wait for com.apple.springboard to idle
    t =    26.20s Ignoring failure to get hierarchy for remote element in process 1995 (Error getting main window kAXErrorServerNotFound)
    t =    26.20s Ignoring failure to get hierarchy for remote element in process 1995 (Error getting main window kAXErrorServerNotFound)
    t =    26.21s     Synthesize event
    t =    26.50s     Wait for com.bicterm.app to idle
    t =    26.53s Waiting 10.0s for "hop-field-host" TextField to exist
    t =    27.55s     Checking `Expect predicate `existsNoRetry == 1` for object "hop-field-host" TextField`
    t =    27.55s         Checking existence of `"hop-field-host" TextField`
    t =    27.67s Tap "hop-field-host" TextField
    t =    27.67s     Wait for com.bicterm.app to idle
    t =    27.67s     Find the "hop-field-host" TextField
    t =    27.76s     Check for interrupting elements affecting "hop-field-host" TextField
    t =    27.85s         Wait for com.apple.springboard to idle
    t =    27.87s Ignoring failure to get hierarchy for remote element in process 1995 (Error getting main window kAXErrorServerNotFound)
    t =    27.87s Ignoring failure to get hierarchy for remote element in process 1995 (Error getting main window kAXErrorServerNotFound)
    t =    27.87s     Synthesize event
    t =    28.17s     Wait for com.bicterm.app to idle
    t =    29.52s Checking `Expect predicate `hasKeyboardFocus == 1` for object "hop-field-host" TextField`
    t =    29.52s     Find the "hop-field-host" TextField
    t =    29.64s Type '127.0.0.1' into Target Application 'com.bicterm.app'
    t =    29.64s     Wait for com.bicterm.app to idle
    t =    29.64s     Find the Target Application 'com.bicterm.app'
    t =    29.74s     Check for interrupting elements affecting "BicTerm" Application
    t =    29.84s         Wait for com.apple.springboard to idle
    t =    29.86s Ignoring failure to get hierarchy for remote element in process 1995 (Error getting main window kAXErrorServerNotFound)
    t =    29.86s Ignoring failure to get hierarchy for remote element in process 1995 (Error getting main window kAXErrorServerNotFound)
    t =    29.87s     Synthesize event
    t =    29.87s         Get number of matches for: Elements containing elements matching predicate 'hasKeyboardFocus == 1'
    t =    30.31s     Wait for com.bicterm.app to idle
    t =    30.32s Get number of matches for: Descendants matching type Keyboard
    t =    30.41s Waiting 2.0s for "Done" Button to exist
    t =    31.47s     Checking `Expect predicate `existsNoRetry == 1` for object "Done" Button`
    t =    31.47s         Checking existence of `"Done" Button`
    t =    31.58s Tap "Done" Button
    t =    31.58s     Wait for com.bicterm.app to idle
    t =    31.59s     Find the "Done" Button
    t =    31.70s     Check for interrupting elements affecting "Done" Button
    t =    31.80s         Wait for com.apple.springboard to idle
    t =    31.83s Ignoring failure to get hierarchy for remote element in process 1995 (Error getting main window kAXErrorServerNotFound)
    t =    31.83s Ignoring failure to get hierarchy for remote element in process 1995 (Error getting main window kAXErrorServerNotFound)
    t =    31.83s     Synthesize event
    t =    32.13s     Wait for com.bicterm.app to idle
    t =    32.93s Tap "hop-field-port" TextField
    t =    32.93s     Wait for com.bicterm.app to idle
    t =    32.93s     Find the "hop-field-port" TextField
    t =    33.02s     Check for interrupting elements affecting "hop-field-port" TextField
    t =    33.11s         Wait for com.apple.springboard to idle
    t =    33.14s Ignoring failure to get hierarchy for remote element in process 1995 (Error getting main window kAXErrorServerNotFound)
    t =    33.14s Ignoring failure to get hierarchy for remote element in process 1995 (Error getting main window kAXErrorServerNotFound)
    t =    33.14s     Synthesize event
    t =    33.44s     Wait for com.bicterm.app to idle
    t =    34.84s Checking `Expect predicate `hasKeyboardFocus == 1` for object "hop-field-port" TextField`
    t =    34.84s     Find the "hop-field-port" TextField
    t =    34.96s Press "hop-field-port" TextField for 1.1 seconds
    t =    34.96s     Wait for com.bicterm.app to idle
    t =    34.96s     Find the "hop-field-port" TextField
    t =    35.07s     Check for interrupting elements affecting "hop-field-port" TextField
    t =    35.18s         Wait for com.apple.springboard to idle
    t =    35.21s Ignoring failure to get hierarchy for remote element in process 1995 (Error getting main window kAXErrorServerNotFound)
    t =    35.21s Ignoring failure to get hierarchy for remote element in process 1995 (Error getting main window kAXErrorServerNotFound)
    t =    35.21s     Synthesize event
    t =    36.56s     Wait for com.bicterm.app to idle
    t =    37.31s Waiting 2.0s for "Select All" MenuItem to exist
    t =    38.34s     Checking `Expect predicate `existsNoRetry == 1` for object "Select All" MenuItem`
    t =    38.34s         Checking existence of `"Select All" MenuItem`
    t =    38.46s Tap "Select All" MenuItem
    t =    38.46s     Wait for com.bicterm.app to idle
    t =    38.47s     Find the "Select All" MenuItem
    t =    38.59s     Check for interrupting elements affecting "Select All" MenuItem
    t =    38.70s         Wait for com.apple.springboard to idle
    t =    38.73s Ignoring failure to get hierarchy for remote element in process 1995 (Error getting main window kAXErrorServerNotFound)
    t =    38.73s Ignoring failure to get hierarchy for remote element in process 1995 (Error getting main window kAXErrorServerNotFound)
    t =    38.73s     Synthesize event
    t =    39.02s     Wait for com.bicterm.app to idle
    t =    39.46s Type '12222' into Target Application 'com.bicterm.app'
    t =    39.46s     Wait for com.bicterm.app to idle
    t =    39.47s     Find the Target Application 'com.bicterm.app'
    t =    39.56s     Check for interrupting elements affecting "BicTerm" Application
    t =    39.67s         Wait for com.apple.springboard to idle
    t =    39.70s Ignoring failure to get hierarchy for remote element in process 1995 (Error getting main window kAXErrorServerNotFound)
    t =    39.70s Ignoring failure to get hierarchy for remote element in process 1995 (Error getting main window kAXErrorServerNotFound)
    t =    39.70s     Synthesize event
    t =    39.70s         Get number of matches for: Elements containing elements matching predicate 'hasKeyboardFocus == 1'
    t =    40.08s     Wait for com.bicterm.app to idle
    t =    40.29s Get number of matches for: Descendants matching type Keyboard
    t =    40.39s Waiting 2.0s for "Done" Button to exist
    t =    41.42s     Checking `Expect predicate `existsNoRetry == 1` for object "Done" Button`
    t =    41.42s         Checking existence of `"Done" Button`
    t =    41.54s Tap "Done" Button
    t =    41.54s     Wait for com.bicterm.app to idle
    t =    41.54s     Find the "Done" Button
    t =    41.66s     Check for interrupting elements affecting "Done" Button
    t =    41.76s         Wait for com.apple.springboard to idle
    t =    41.79s Ignoring failure to get hierarchy for remote element in process 1995 (Error getting main window kAXErrorServerNotFound)
    t =    41.79s Ignoring failure to get hierarchy for remote element in process 1995 (Error getting main window kAXErrorServerNotFound)
    t =    41.79s     Synthesize event
    t =    42.09s     Wait for com.bicterm.app to idle
    t =    42.90s Tap "hop-field-username" TextField
    t =    42.90s     Wait for com.bicterm.app to idle
    t =    42.90s     Find the "hop-field-username" TextField
    t =    43.00s     Check for interrupting elements affecting "hop-field-username" TextField
    t =    43.09s         Wait for com.apple.springboard to idle
    t =    43.12s Ignoring failure to get hierarchy for remote element in process 1995 (Error getting main window kAXErrorServerNotFound)
    t =    43.12s Ignoring failure to get hierarchy for remote element in process 1995 (Error getting main window kAXErrorServerNotFound)
    t =    43.12s     Synthesize event
    t =    43.41s     Wait for com.bicterm.app to idle
    t =    44.75s Checking `Expect predicate `hasKeyboardFocus == 1` for object "hop-field-username" TextField`
    t =    44.75s     Find the "hop-field-username" TextField
    t =    44.87s Type 'hop1user' into Target Application 'com.bicterm.app'
    t =    44.87s     Wait for com.bicterm.app to idle
    t =    44.87s     Find the Target Application 'com.bicterm.app'
    t =    44.96s     Check for interrupting elements affecting "BicTerm" Application
    t =    45.06s         Wait for com.apple.springboard to idle
    t =    45.09s Ignoring failure to get hierarchy for remote element in process 1995 (Error getting main window kAXErrorServerNotFound)
    t =    45.09s Ignoring failure to get hierarchy for remote element in process 1995 (Error getting main window kAXErrorServerNotFound)
    t =    45.09s     Synthesize event
    t =    45.10s         Get number of matches for: Elements containing elements matching predicate 'hasKeyboardFocus == 1'
    t =    45.51s     Wait for com.bicterm.app to idle
    t =    45.51s Get number of matches for: Descendants matching type Keyboard
    t =    45.60s Waiting 2.0s for "Done" Button to exist
    t =    46.62s     Checking `Expect predicate `existsNoRetry == 1` for object "Done" Button`
    t =    46.62s         Checking existence of `"Done" Button`
    t =    46.73s Tap "Done" Button
    t =    46.74s     Wait for com.bicterm.app to idle
    t =    46.74s     Find the "Done" Button
    t =    46.85s     Check for interrupting elements affecting "Done" Button
    t =    46.96s         Wait for com.apple.springboard to idle
    t =    46.98s Ignoring failure to get hierarchy for remote element in process 1995 (Error getting main window kAXErrorServerNotFound)
    t =    46.98s Ignoring failure to get hierarchy for remote element in process 1995 (Error getting main window kAXErrorServerNotFound)
    t =    46.99s     Synthesize event
    t =    47.28s     Wait for com.bicterm.app to idle
    t =    48.08s Tap "hop-key-selector" Button
    t =    48.08s     Wait for com.bicterm.app to idle
    t =    48.08s     Find the "hop-key-selector" Button
    t =    48.18s     Check for interrupting elements affecting "hop-key-selector" Button
    t =    48.26s         Wait for com.apple.springboard to idle
    t =    48.28s Ignoring failure to get hierarchy for remote element in process 1995 (Error getting main window kAXErrorServerNotFound)
    t =    48.29s Ignoring failure to get hierarchy for remote element in process 1995 (Error getting main window kAXErrorServerNotFound)
    t =    48.29s     Synthesize event
    t =    48.59s     Wait for com.bicterm.app to idle
    t =    49.30s Waiting 5.0s for "key-Fixture-Ed25519" Button to exist
    t =    50.34s     Checking `Expect predicate `existsNoRetry == 1` for object "key-Fixture-Ed25519" Button`
    t =    50.34s         Checking existence of `"key-Fixture-Ed25519" Button`
    t =    50.43s Tap "key-Fixture-Ed25519" Button
    t =    50.43s     Wait for com.bicterm.app to idle
    t =    50.43s     Find the "key-Fixture-Ed25519" Button
    t =    50.52s     Check for interrupting elements affecting "key-Fixture-Ed25519" Button
    t =    50.60s         Wait for com.apple.springboard to idle
    t =    50.62s Ignoring failure to get hierarchy for remote element in process 1995 (Error getting main window kAXErrorServerNotFound)
    t =    50.62s Ignoring failure to get hierarchy for remote element in process 1995 (Error getting main window kAXErrorServerNotFound)
    t =    50.63s     Synthesize event
    t =    50.92s     Wait for com.bicterm.app to idle
    t =    51.71s Waiting 5.0s for "save-hop" Button to exist
    t =    52.75s     Checking `Expect predicate `existsNoRetry == 1` for object "save-hop" Button`
    t =    52.75s         Checking existence of `"save-hop" Button`
    t =    52.85s Tap "save-hop" Button
    t =    52.85s     Wait for com.bicterm.app to idle
    t =    52.85s     Find the "save-hop" Button
    t =    52.95s     Check for interrupting elements affecting "save-hop" Button
    t =    53.04s         Wait for com.apple.springboard to idle
    t =    53.06s Ignoring failure to get hierarchy for remote element in process 1995 (Error getting main window kAXErrorServerNotFound)
    t =    53.06s Ignoring failure to get hierarchy for remote element in process 1995 (Error getting main window kAXErrorServerNotFound)
    t =    53.06s     Synthesize event
    t =    53.37s     Wait for com.bicterm.app to idle
    t =    55.20s Checking `Expect predicate `exists == 0` for object "hop-field-host" TextField`
    t =    55.20s     Checking existence of `"hop-field-host" TextField`
    t =    56.32s Get number of matches for: Descendants matching type Sheet
    t =    56.80s Checking existence of `"add-hop" Button`
    t =    56.87s Find the "add-hop" Button
    t =    56.95s Find the Window (First Match)
    t =    56.95s Find the "add-hop" Button
    t =    57.02s Get number of matches for: Descendants matching type NavigationBar
    t =    57.08s Find the NavigationBar (Element at index 0)
    t =    57.15s Find the NavigationBar (Element at index 1)
    t =    57.21s Tap "add-hop" Button
    t =    57.21s     Wait for com.bicterm.app to idle
    t =    57.22s     Find the "add-hop" Button
    t =    57.29s     Check for interrupting elements affecting "add-hop" Button
    t =    57.36s         Wait for com.apple.springboard to idle
    t =    57.38s Ignoring failure to get hierarchy for remote element in process 1995 (Error getting main window kAXErrorServerNotFound)
    t =    57.38s Ignoring failure to get hierarchy for remote element in process 1995 (Error getting main window kAXErrorServerNotFound)
    t =    57.39s     Synthesize event
    t =    57.69s     Wait for com.bicterm.app to idle
    t =    58.36s Waiting 10.0s for "hop-field-host" TextField to exist
    t =    59.40s     Checking `Expect predicate `existsNoRetry == 1` for object "hop-field-host" TextField`
    t =    59.40s         Checking existence of `"hop-field-host" TextField`
    t =    59.52s Tap "hop-field-host" TextField
    t =    59.52s     Wait for com.bicterm.app to idle
    t =    59.52s     Find the "hop-field-host" TextField
    t =    59.61s     Check for interrupting elements affecting "hop-field-host" TextField
    t =    59.70s         Wait for com.apple.springboard to idle
    t =    59.72s Ignoring failure to get hierarchy for remote element in process 1995 (Error getting main window kAXErrorServerNotFound)
    t =    59.73s Ignoring failure to get hierarchy for remote element in process 1995 (Error getting main window kAXErrorServerNotFound)
    t =    59.73s     Synthesize event
    t =    60.02s     Wait for com.bicterm.app to idle
    t =    61.40s Checking `Expect predicate `hasKeyboardFocus == 1` for object "hop-field-host" TextField`
    t =    61.40s     Find the "hop-field-host" TextField
    t =    61.52s Type '127.0.0.1' into Target Application 'com.bicterm.app'
    t =    61.52s     Wait for com.bicterm.app to idle
    t =    61.53s     Find the Target Application 'com.bicterm.app'
    t =    61.62s     Check for interrupting elements affecting "BicTerm" Application
    t =    61.72s         Wait for com.apple.springboard to idle
    t =    61.75s Ignoring failure to get hierarchy for remote element in process 1995 (Error getting main window kAXErrorServerNotFound)
    t =    61.75s Ignoring failure to get hierarchy for remote element in process 1995 (Error getting main window kAXErrorServerNotFound)
    t =    61.75s     Synthesize event
    t =    61.76s         Get number of matches for: Elements containing elements matching predicate 'hasKeyboardFocus == 1'
    t =    62.21s     Wait for com.bicterm.app to idle
    t =    62.21s Get number of matches for: Descendants matching type Keyboard
    t =    62.31s Waiting 2.0s for "Done" Button to exist
    t =    63.34s     Checking `Expect predicate `existsNoRetry == 1` for object "Done" Button`
    t =    63.34s         Checking existence of `"Done" Button`
    t =    63.46s Tap "Done" Button
    t =    63.46s     Wait for com.bicterm.app to idle
    t =    63.46s     Find the "Done" Button
    t =    63.58s     Check for interrupting elements affecting "Done" Button
    t =    63.69s         Wait for com.apple.springboard to idle
    t =    63.71s Ignoring failure to get hierarchy for remote element in process 1995 (Error getting main window kAXErrorServerNotFound)
    t =    63.71s Ignoring failure to get hierarchy for remote element in process 1995 (Error getting main window kAXErrorServerNotFound)
    t =    63.72s     Synthesize event
    t =    64.01s     Wait for com.bicterm.app to idle
    t =    64.81s Tap "hop-field-port" TextField
    t =    64.81s     Wait for com.bicterm.app to idle
    t =    64.82s     Find the "hop-field-port" TextField
    t =    64.91s     Check for interrupting elements affecting "hop-field-port" TextField
    t =    65.00s         Wait for com.apple.springboard to idle
    t =    65.02s Ignoring failure to get hierarchy for remote element in process 1995 (Error getting main window kAXErrorServerNotFound)
    t =    65.02s Ignoring failure to get hierarchy for remote element in process 1995 (Error getting main window kAXErrorServerNotFound)
    t =    65.03s     Synthesize event
    t =    65.32s     Wait for com.bicterm.app to idle
    t =    66.71s Checking `Expect predicate `hasKeyboardFocus == 1` for object "hop-field-port" TextField`
    t =    66.71s     Find the "hop-field-port" TextField
    t =    66.83s Press "hop-field-port" TextField for 1.1 seconds
    t =    66.83s     Wait for com.bicterm.app to idle
    t =    66.84s     Find the "hop-field-port" TextField
    t =    66.95s     Check for interrupting elements affecting "hop-field-port" TextField
    t =    67.06s         Wait for com.apple.springboard to idle
    t =    67.09s Ignoring failure to get hierarchy for remote element in process 1995 (Error getting main window kAXErrorServerNotFound)
    t =    67.09s Ignoring failure to get hierarchy for remote element in process 1995 (Error getting main window kAXErrorServerNotFound)
    t =    67.09s     Synthesize event
    t =    68.44s     Wait for com.bicterm.app to idle
    t =    69.20s Waiting 2.0s for "Select All" MenuItem to exist
    t =    70.22s     Checking `Expect predicate `existsNoRetry == 1` for object "Select All" MenuItem`
    t =    70.22s         Checking existence of `"Select All" MenuItem`
    t =    70.35s Tap "Select All" MenuItem
    t =    70.35s     Wait for com.bicterm.app to idle
    t =    70.35s     Find the "Select All" MenuItem
    t =    70.48s     Check for interrupting elements affecting "Select All" MenuItem
    t =    70.59s         Wait for com.apple.springboard to idle
    t =    70.61s Ignoring failure to get hierarchy for remote element in process 1995 (Error getting main window kAXErrorServerNotFound)
    t =    70.62s Ignoring failure to get hierarchy for remote element in process 1995 (Error getting main window kAXErrorServerNotFound)
    t =    70.62s     Synthesize event
    t =    70.91s     Wait for com.bicterm.app to idle
    t =    71.36s Type '12223' into Target Application 'com.bicterm.app'
    t =    71.36s     Wait for com.bicterm.app to idle
    t =    71.36s     Find the Target Application 'com.bicterm.app'
    t =    71.46s     Check for interrupting elements affecting "BicTerm" Application
    t =    71.57s         Wait for com.apple.springboard to idle
    t =    71.59s Ignoring failure to get hierarchy for remote element in process 1995 (Error getting main window kAXErrorServerNotFound)
    t =    71.59s Ignoring failure to get hierarchy for remote element in process 1995 (Error getting main window kAXErrorServerNotFound)
    t =    71.60s     Synthesize event
    t =    71.60s         Get number of matches for: Elements containing elements matching predicate 'hasKeyboardFocus == 1'
    t =    71.98s     Wait for com.bicterm.app to idle
    t =    72.18s Get number of matches for: Descendants matching type Keyboard
    t =    72.28s Waiting 2.0s for "Done" Button to exist
    t =    73.31s     Checking `Expect predicate `existsNoRetry == 1` for object "Done" Button`
    t =    73.31s         Checking existence of `"Done" Button`
    t =    73.44s Tap "Done" Button
    t =    73.44s     Wait for com.bicterm.app to idle
    t =    73.44s     Find the "Done" Button
    t =    73.55s     Check for interrupting elements affecting "Done" Button
    t =    73.66s         Wait for com.apple.springboard to idle
    t =    73.68s Ignoring failure to get hierarchy for remote element in process 1995 (Error getting main window kAXErrorServerNotFound)
    t =    73.68s Ignoring failure to get hierarchy for remote element in process 1995 (Error getting main window kAXErrorServerNotFound)
    t =    73.69s     Synthesize event
    t =    73.98s     Wait for com.bicterm.app to idle
    t =    74.80s Tap "hop-field-username" TextField
    t =    74.80s     Wait for com.bicterm.app to idle
    t =    74.80s     Find the "hop-field-username" TextField
    t =    74.90s     Check for interrupting elements affecting "hop-field-username" TextField
    t =    74.99s         Wait for com.apple.springboard to idle
    t =    75.02s Ignoring failure to get hierarchy for remote element in process 1995 (Error getting main window kAXErrorServerNotFound)
    t =    75.02s Ignoring failure to get hierarchy for remote element in process 1995 (Error getting main window kAXErrorServerNotFound)
    t =    75.03s     Synthesize event
    t =    75.32s     Wait for com.bicterm.app to idle
    t =    76.66s Checking `Expect predicate `hasKeyboardFocus == 1` for object "hop-field-username" TextField`
    t =    76.66s     Find the "hop-field-username" TextField
    t =    76.78s Type 'hop2user' into Target Application 'com.bicterm.app'
    t =    76.78s     Wait for com.bicterm.app to idle
    t =    76.79s     Find the Target Application 'com.bicterm.app'
    t =    76.88s     Check for interrupting elements affecting "BicTerm" Application
    t =    76.98s         Wait for com.apple.springboard to idle
    t =    77.00s Ignoring failure to get hierarchy for remote element in process 1995 (Error getting main window kAXErrorServerNotFound)
    t =    77.01s Ignoring failure to get hierarchy for remote element in process 1995 (Error getting main window kAXErrorServerNotFound)
    t =    77.01s     Synthesize event
    t =    77.01s         Get number of matches for: Elements containing elements matching predicate 'hasKeyboardFocus == 1'
    t =    77.44s     Wait for com.bicterm.app to idle
    t =    77.44s Get number of matches for: Descendants matching type Keyboard
    t =    77.54s Waiting 2.0s for "Done" Button to exist
    t =    78.56s     Checking `Expect predicate `existsNoRetry == 1` for object "Done" Button`
    t =    78.57s         Checking existence of `"Done" Button`
    t =    78.69s Tap "Done" Button
    t =    78.69s     Wait for com.bicterm.app to idle
    t =    78.69s     Find the "Done" Button
    t =    78.80s     Check for interrupting elements affecting "Done" Button
    t =    78.91s         Wait for com.apple.springboard to idle
    t =    78.94s Ignoring failure to get hierarchy for remote element in process 1995 (Error getting main window kAXErrorServerNotFound)
    t =    78.94s Ignoring failure to get hierarchy for remote element in process 1995 (Error getting main window kAXErrorServerNotFound)
    t =    78.94s     Synthesize event
    t =    79.24s     Wait for com.bicterm.app to idle
    t =    80.03s Tap "hop-key-selector" Button
    t =    80.04s     Wait for com.bicterm.app to idle
    t =    80.04s     Find the "hop-key-selector" Button
    t =    80.13s     Check for interrupting elements affecting "hop-key-selector" Button
    t =    80.23s         Wait for com.apple.springboard to idle
    t =    80.25s Ignoring failure to get hierarchy for remote element in process 1995 (Error getting main window kAXErrorServerNotFound)
    t =    80.25s Ignoring failure to get hierarchy for remote element in process 1995 (Error getting main window kAXErrorServerNotFound)
    t =    80.26s     Synthesize event
    t =    80.55s     Wait for com.bicterm.app to idle
    t =    81.27s Waiting 5.0s for "key-Fixture-Ed25519-Passphrase" Button to exist
    t =    82.34s     Checking `Expect predicate `existsNoRetry == 1` for object "key-Fixture-Ed25519-Passphrase" Button`
    t =    82.34s         Checking existence of `"key-Fixture-Ed25519-Passphrase" Button`
    t =    82.43s Tap "key-Fixture-Ed25519-Passphrase" Button
    t =    82.43s     Wait for com.bicterm.app to idle
    t =    82.43s     Find the "key-Fixture-Ed25519-Passphrase" Button
    t =    82.52s     Check for interrupting elements affecting "key-Fixture-Ed25519-Passphrase" Button
    t =    82.60s         Wait for com.apple.springboard to idle
    t =    82.62s Ignoring failure to get hierarchy for remote element in process 1995 (Error getting main window kAXErrorServerNotFound)
    t =    82.63s Ignoring failure to get hierarchy for remote element in process 1995 (Error getting main window kAXErrorServerNotFound)
    t =    82.63s     Synthesize event
    t =    82.93s     Wait for com.bicterm.app to idle
    t =    83.72s Waiting 5.0s for "save-hop" Button to exist
    t =    84.78s     Checking `Expect predicate `existsNoRetry == 1` for object "save-hop" Button`
    t =    84.78s         Checking existence of `"save-hop" Button`
    t =    84.88s Tap "save-hop" Button
    t =    84.88s     Wait for com.bicterm.app to idle
    t =    84.88s     Find the "save-hop" Button
    t =    84.98s     Check for interrupting elements affecting "save-hop" Button
    t =    85.07s         Wait for com.apple.springboard to idle
    t =    85.10s Ignoring failure to get hierarchy for remote element in process 1995 (Error getting main window kAXErrorServerNotFound)
    t =    85.10s Ignoring failure to get hierarchy for remote element in process 1995 (Error getting main window kAXErrorServerNotFound)
    t =    85.10s     Synthesize event
    t =    85.40s     Wait for com.bicterm.app to idle
    t =    87.22s Checking `Expect predicate `exists == 0` for object "hop-field-host" TextField`
    t =    87.23s     Checking existence of `"hop-field-host" TextField`
    t =    88.33s Get number of matches for: Descendants matching type Sheet
    t =    88.80s Waiting 5.0s for "hop-0-host" StaticText to exist
    t =    89.84s     Checking `Expect predicate `existsNoRetry == 1` for object "hop-0-host" StaticText`
    t =    89.84s         Checking existence of `"hop-0-host" StaticText`
    t =    89.91s Find the "hop-0-host" StaticText
    t =    89.99s Find the "hop-1-host" StaticText
    t =    90.07s Tap "save-editor" Button
    t =    90.07s     Wait for com.bicterm.app to idle
    t =    90.07s     Find the "save-editor" Button
    t =    90.15s     Check for interrupting elements affecting "save-editor" Button
    t =    90.22s         Wait for com.apple.springboard to idle
    t =    90.24s Ignoring failure to get hierarchy for remote element in process 1995 (Error getting main window kAXErrorServerNotFound)
    t =    90.24s Ignoring failure to get hierarchy for remote element in process 1995 (Error getting main window kAXErrorServerNotFound)
    t =    90.25s     Synthesize event
    t =    90.55s     Wait for com.bicterm.app to idle
    t =    91.34s Waiting 10.0s for "connection-Chain-Two-Hop" Button to exist
    t =    92.36s     Checking `Expect predicate `existsNoRetry == 1` for object "connection-Chain-Two-Hop" Button`
    t =    92.36s         Checking existence of `"connection-Chain-Two-Hop" Button`
    t =    92.39s Checking existence of `"2 hops" StaticText`
    t =    92.41s Checking existence of `"ssh" StaticText`
    t =    92.44s Find the Target Application 'com.bicterm.app'
    t =    92.63s Added attachment named 'connection-list-after-save'
    t =    92.63s Terminate com.bicterm.app:33320
    t =    93.70s Open com.bicterm.app
    t =    93.71s     Launch com.bicterm.app
2026-09-08 22:56:42.422 xcodebuild[31656:29943544] [MT] IDELaunchParametersSnapshot: The operation couldn’t be completed. (DebuggerLLDB.DebuggerVersionStore.StoreError error 0.)
2026-09-08 22:56:42.422 xcodebuild[31656:29943544] [MT] IDELaunchParametersSnapshot: no debugger version
    t =    94.12s         Setting up automation session
    t =    94.86s         Wait for com.bicterm.app to idle
    t =    96.35s Waiting 10.0s for "connection-Chain-Two-Hop" Button to exist
    t =    97.38s     Checking `Expect predicate `existsNoRetry == 1` for object "connection-Chain-Two-Hop" Button`
    t =    97.38s         Checking existence of `"connection-Chain-Two-Hop" Button`
    t =    97.44s Checking existence of `"2 hops" StaticText`
    t =    97.47s Checking existence of `Cell (First Match)`
    t =    97.50s Swipe left Cell (First Match)
    t =    97.50s     Wait for com.bicterm.app to idle
    t =    97.50s     Find the Cell (First Match)
    t =    97.54s     Check for interrupting elements affecting Cell
    t =    97.57s         Wait for com.apple.springboard to idle
    t =    97.59s Ignoring failure to get hierarchy for remote element in process 1995 (Error getting main window kAXErrorServerNotFound)
    t =    97.59s Ignoring failure to get hierarchy for remote element in process 1995 (Error getting main window kAXErrorServerNotFound)
    t =    97.60s     Synthesize event
    t =    98.05s     Wait for com.bicterm.app to idle
    t =    98.70s Waiting 5.0s for "edit-Chain-Two-Hop" Button to exist
    t =    99.74s     Checking `Expect predicate `existsNoRetry == 1` for object "edit-Chain-Two-Hop" Button`
    t =    99.75s         Checking existence of `"edit-Chain-Two-Hop" Button`
    t =    99.78s Tap "edit-Chain-Two-Hop" Button
    t =    99.78s     Wait for com.bicterm.app to idle
    t =    99.78s     Find the "edit-Chain-Two-Hop" Button
    t =    99.81s     Check for interrupting elements affecting "edit-Chain-Two-Hop" Button
    t =    99.84s         Wait for com.apple.springboard to idle
    t =    99.86s Ignoring failure to get hierarchy for remote element in process 1995 (Error getting main window kAXErrorServerNotFound)
    t =    99.87s Ignoring failure to get hierarchy for remote element in process 1995 (Error getting main window kAXErrorServerNotFound)
    t =    99.87s     Synthesize event
    t =   100.17s     Wait for com.bicterm.app to idle
    t =   101.25s Waiting 10.0s for "cancel-editor" Button to exist
    t =   102.29s     Checking `Expect predicate `existsNoRetry == 1` for object "cancel-editor" Button`
    t =   102.29s         Checking existence of `"cancel-editor" Button`
    t =   102.42s Checking existence of `"field-name" TextField`
    t =   102.51s Find the "field-name" TextField
    t =   102.59s Find the Window (First Match)
    t =   102.60s Find the "field-name" TextField
    t =   102.68s Get number of matches for: Descendants matching type NavigationBar
    t =   102.74s Find the NavigationBar (Element at index 0)
    t =   102.81s Find the NavigationBar (Element at index 1)
    t =   102.88s Find the "field-name" TextField
    t =   102.96s Find the "field-name" TextField
    t =   103.03s Find the "field-host" TextField
    t =   103.11s Find the "field-username" TextField
    t =   103.18s Checking existence of `"key-selector" Button`
    t =   103.25s Find the "key-selector" Button
    t =   103.34s Find the Window (First Match)
    t =   103.35s Find the "key-selector" Button
    t =   103.43s Get number of matches for: Descendants matching type NavigationBar
    t =   103.49s Find the NavigationBar (Element at index 0)
    t =   103.56s Find the NavigationBar (Element at index 1)
    t =   103.63s Find the "key-selector" Button
    t =   103.71s Checking existence of `"hop-0-host" StaticText`
    t =   103.78s Find the "hop-0-host" StaticText
    t =   103.87s Find the Window (First Match)
    t =   103.88s Find the "hop-0-host" StaticText
    t =   103.96s Get number of matches for: Descendants matching type NavigationBar
    t =   104.03s Find the NavigationBar (Element at index 0)
    t =   104.10s Find the NavigationBar (Element at index 1)
    t =   104.17s Find the "hop-0-host" StaticText
    t =   104.24s Find the "hop-1-host" StaticText
    t =   104.32s Tap "cancel-editor" Button
    t =   104.32s     Wait for com.bicterm.app to idle
    t =   104.32s     Find the "cancel-editor" Button
    t =   104.40s     Check for interrupting elements affecting "cancel-editor" Button
    t =   104.47s         Wait for com.apple.springboard to idle
    t =   104.50s Ignoring failure to get hierarchy for remote element in process 1995 (Error getting main window kAXErrorServerNotFound)
    t =   104.50s Ignoring failure to get hierarchy for remote element in process 1995 (Error getting main window kAXErrorServerNotFound)
    t =   104.50s     Synthesize event
    t =   104.80s     Wait for com.bicterm.app to idle
    t =   105.47s Tear Down
Test Case '-[BicTermUITests.ConnectionEditorUITests testCreateAndPersistTwoHopChainConnection]' passed (106.061 seconds).
Test Case '-[BicTermUITests.ConnectionEditorUITests testFailedPersistenceKeepsEditorOpenAndClearsErrorAfterEditing]' started.
    t =     0.00s Start Test at 2026-09-08 22:56:54.777
    t =     0.02s Set Up
    t =     0.02s Open com.bicterm.app
    t =     0.02s     Launch com.bicterm.app
    t =     0.02s         Terminate com.bicterm.app:33484
2026-09-08 22:56:55.862 xcodebuild[31656:29943544] [MT] IDELaunchParametersSnapshot: The operation couldn’t be completed. (DebuggerLLDB.DebuggerVersionStore.StoreError error 0.)
2026-09-08 22:56:55.862 xcodebuild[31656:29943544] [MT] IDELaunchParametersSnapshot: no debugger version
    t =     1.30s         Setting up automation session
    t =     2.17s         Wait for com.bicterm.app to idle
    t =     3.63s Waiting 15.0s for "add-connection" Button to exist
    t =     4.66s     Checking `Expect predicate `existsNoRetry == 1` for object "add-connection" Button`
    t =     4.66s         Checking existence of `"add-connection" Button`
    t =     4.73s Tap "add-connection" Button
    t =     4.73s     Wait for com.bicterm.app to idle
    t =     4.74s     Find the "add-connection" Button
    t =     4.76s     Check for interrupting elements affecting "add-connection" Button
    t =     4.79s         Wait for com.apple.springboard to idle
    t =     4.81s Ignoring failure to get hierarchy for remote element in process 1995 (Error getting main window kAXErrorServerNotFound)
    t =     4.82s Ignoring failure to get hierarchy for remote element in process 1995 (Error getting main window kAXErrorServerNotFound)
    t =     4.82s     Synthesize event
    t =     5.12s     Wait for com.bicterm.app to idle
    t =     6.19s Waiting 10.0s for "field-name" TextField to exist
    t =     7.21s     Checking `Expect predicate `existsNoRetry == 1` for object "field-name" TextField`
    t =     7.21s         Checking existence of `"field-name" TextField`
    t =     7.33s Tap "field-name" TextField
    t =     7.33s     Wait for com.bicterm.app to idle
    t =     7.33s     Find the "field-name" TextField
    t =     7.40s     Check for interrupting elements affecting "field-name" TextField
    t =     7.47s         Wait for com.apple.springboard to idle
    t =     7.50s Ignoring failure to get hierarchy for remote element in process 1995 (Error getting main window kAXErrorServerNotFound)
    t =     7.50s Ignoring failure to get hierarchy for remote element in process 1995 (Error getting main window kAXErrorServerNotFound)
    t =     7.50s     Synthesize event
    t =     7.80s     Wait for com.bicterm.app to idle
    t =     8.99s Checking `Expect predicate `hasKeyboardFocus == 1` for object "field-name" TextField`
    t =     8.99s     Find the "field-name" TextField
    t =     9.11s Type 'Cannot Save' into Target Application 'com.bicterm.app'
    t =     9.11s     Wait for com.bicterm.app to idle
    t =     9.11s     Find the Target Application 'com.bicterm.app'
    t =     9.17s     Check for interrupting elements affecting "BicTerm" Application
    t =     9.25s         Wait for com.apple.springboard to idle
    t =     9.27s Ignoring failure to get hierarchy for remote element in process 1995 (Error getting main window kAXErrorServerNotFound)
    t =     9.27s Ignoring failure to get hierarchy for remote element in process 1995 (Error getting main window kAXErrorServerNotFound)
    t =     9.28s     Synthesize event
    t =     9.28s         Get number of matches for: Elements containing elements matching predicate 'hasKeyboardFocus == 1'
    t =     9.72s     Wait for com.bicterm.app to idle
    t =     9.73s Get number of matches for: Descendants matching type Keyboard
    t =     9.80s Waiting 2.0s for "Done" Button to exist
    t =    10.86s     Checking `Expect predicate `existsNoRetry == 1` for object "Done" Button`
    t =    10.86s         Checking existence of `"Done" Button`
    t =    10.95s Tap "Done" Button
    t =    10.95s     Wait for com.bicterm.app to idle
    t =    10.95s     Find the "Done" Button
    t =    11.04s     Check for interrupting elements affecting "Done" Button
    t =    11.12s         Wait for com.apple.springboard to idle
    t =    11.14s Ignoring failure to get hierarchy for remote element in process 1995 (Error getting main window kAXErrorServerNotFound)
    t =    11.14s Ignoring failure to get hierarchy for remote element in process 1995 (Error getting main window kAXErrorServerNotFound)
    t =    11.15s     Synthesize event
    t =    11.44s     Wait for com.bicterm.app to idle
    t =    12.24s Tap "field-host" TextField
    t =    12.24s     Wait for com.bicterm.app to idle
    t =    12.24s     Find the "field-host" TextField
    t =    12.31s     Check for interrupting elements affecting "field-host" TextField
    t =    12.37s         Wait for com.apple.springboard to idle
    t =    12.40s Ignoring failure to get hierarchy for remote element in process 1995 (Error getting main window kAXErrorServerNotFound)
    t =    12.40s Ignoring failure to get hierarchy for remote element in process 1995 (Error getting main window kAXErrorServerNotFound)
    t =    12.40s     Synthesize event
    t =    12.70s     Wait for com.bicterm.app to idle
    t =    14.04s Checking `Expect predicate `hasKeyboardFocus == 1` for object "field-host" TextField`
    t =    14.04s     Find the "field-host" TextField
    t =    14.13s Type 'failure.example.com' into Target Application 'com.bicterm.app'
    t =    14.13s     Wait for com.bicterm.app to idle
    t =    14.13s     Find the Target Application 'com.bicterm.app'
    t =    14.20s     Check for interrupting elements affecting "BicTerm" Application
    t =    14.27s         Wait for com.apple.springboard to idle
    t =    14.30s Ignoring failure to get hierarchy for remote element in process 1995 (Error getting main window kAXErrorServerNotFound)
    t =    14.30s Ignoring failure to get hierarchy for remote element in process 1995 (Error getting main window kAXErrorServerNotFound)
    t =    14.30s     Synthesize event
    t =    14.31s         Get number of matches for: Elements containing elements matching predicate 'hasKeyboardFocus == 1'
    t =    14.89s     Wait for com.bicterm.app to idle
    t =    14.89s Get number of matches for: Descendants matching type Keyboard
    t =    14.97s Waiting 2.0s for "Done" Button to exist
    t =    16.01s     Checking `Expect predicate `existsNoRetry == 1` for object "Done" Button`
    t =    16.01s         Checking existence of `"Done" Button`
    t =    16.10s Tap "Done" Button
    t =    16.10s     Wait for com.bicterm.app to idle
    t =    16.11s     Find the "Done" Button
    t =    16.20s     Check for interrupting elements affecting "Done" Button
    t =    16.28s         Wait for com.apple.springboard to idle
    t =    16.30s Ignoring failure to get hierarchy for remote element in process 1995 (Error getting main window kAXErrorServerNotFound)
    t =    16.30s Ignoring failure to get hierarchy for remote element in process 1995 (Error getting main window kAXErrorServerNotFound)
    t =    16.31s     Synthesize event
    t =    16.60s     Wait for com.bicterm.app to idle
    t =    17.39s Tap "field-username" TextField
    t =    17.39s     Wait for com.bicterm.app to idle
    t =    17.40s     Find the "field-username" TextField
    t =    17.46s     Check for interrupting elements affecting "field-username" TextField
    t =    17.52s         Wait for com.apple.springboard to idle
    t =    17.55s Ignoring failure to get hierarchy for remote element in process 1995 (Error getting main window kAXErrorServerNotFound)
    t =    17.55s Ignoring failure to get hierarchy for remote element in process 1995 (Error getting main window kAXErrorServerNotFound)
    t =    17.55s     Synthesize event
    t =    17.85s     Wait for com.bicterm.app to idle
    t =    19.18s Checking `Expect predicate `hasKeyboardFocus == 1` for object "field-username" TextField`
    t =    19.18s     Find the "field-username" TextField
    t =    19.27s Type 'alice' into Target Application 'com.bicterm.app'
    t =    19.27s     Wait for com.bicterm.app to idle
    t =    19.28s     Find the Target Application 'com.bicterm.app'
    t =    19.34s     Check for interrupting elements affecting "BicTerm" Application
    t =    19.42s         Wait for com.apple.springboard to idle
    t =    19.45s Ignoring failure to get hierarchy for remote element in process 1995 (Error getting main window kAXErrorServerNotFound)
    t =    19.45s Ignoring failure to get hierarchy for remote element in process 1995 (Error getting main window kAXErrorServerNotFound)
    t =    19.45s     Synthesize event
    t =    19.46s         Get number of matches for: Elements containing elements matching predicate 'hasKeyboardFocus == 1'
    t =    19.81s     Wait for com.bicterm.app to idle
    t =    19.82s Get number of matches for: Descendants matching type Keyboard
    t =    19.89s Waiting 2.0s for "Done" Button to exist
    t =    20.95s     Checking `Expect predicate `existsNoRetry == 1` for object "Done" Button`
    t =    20.95s         Checking existence of `"Done" Button`
    t =    21.04s Tap "Done" Button
    t =    21.04s     Wait for com.bicterm.app to idle
    t =    21.04s     Find the "Done" Button
    t =    21.13s     Check for interrupting elements affecting "Done" Button
    t =    21.21s         Wait for com.apple.springboard to idle
    t =    21.23s Ignoring failure to get hierarchy for remote element in process 1995 (Error getting main window kAXErrorServerNotFound)
    t =    21.24s Ignoring failure to get hierarchy for remote element in process 1995 (Error getting main window kAXErrorServerNotFound)
    t =    21.24s     Synthesize event
    t =    21.54s     Wait for com.bicterm.app to idle
    t =    22.34s Get number of matches for: Descendants matching type Keyboard
    t =    22.40s Tap "key-selector" Button
    t =    22.40s     Wait for com.bicterm.app to idle
    t =    22.41s     Find the "key-selector" Button
    t =    22.48s     Check for interrupting elements affecting "key-selector" Button
    t =    22.54s         Wait for com.apple.springboard to idle
    t =    22.57s Ignoring failure to get hierarchy for remote element in process 1995 (Error getting main window kAXErrorServerNotFound)
    t =    22.57s Ignoring failure to get hierarchy for remote element in process 1995 (Error getting main window kAXErrorServerNotFound)
    t =    22.57s     Synthesize event
    t =    22.87s     Wait for com.bicterm.app to idle
    t =    23.62s Waiting 5.0s for "key-Fixture-Ed25519" Button to exist
    t =    24.65s     Checking `Expect predicate `existsNoRetry == 1` for object "key-Fixture-Ed25519" Button`
    t =    24.65s         Checking existence of `"key-Fixture-Ed25519" Button`
    t =    24.71s Tap "key-Fixture-Ed25519" Button
    t =    24.71s     Wait for com.bicterm.app to idle
    t =    24.71s     Find the "key-Fixture-Ed25519" Button
    t =    24.75s     Check for interrupting elements affecting "key-Fixture-Ed25519" Button
    t =    24.80s         Wait for com.apple.springboard to idle
    t =    24.82s Ignoring failure to get hierarchy for remote element in process 1995 (Error getting main window kAXErrorServerNotFound)
    t =    24.82s Ignoring failure to get hierarchy for remote element in process 1995 (Error getting main window kAXErrorServerNotFound)
    t =    24.83s     Synthesize event
    t =    25.12s     Wait for com.bicterm.app to idle
    t =    25.96s Checking existence of `"connect-button" Button`
    t =    26.03s Find the "connect-button" Button
    t =    26.11s Find the Window (First Match)
    t =    26.12s Find the "connect-button" Button
    t =    26.19s Get number of matches for: Descendants matching type NavigationBar
    t =    26.26s Find the NavigationBar (Element at index 0)
    t =    26.32s Find the NavigationBar (Element at index 1)
    t =    26.39s Tap "connect-button" Button
    t =    26.39s     Wait for com.bicterm.app to idle
    t =    26.39s     Find the "connect-button" Button
    t =    26.46s     Check for interrupting elements affecting "connect-button" Button
    t =    26.52s         Wait for com.apple.springboard to idle
    t =    26.55s Ignoring failure to get hierarchy for remote element in process 1995 (Error getting main window kAXErrorServerNotFound)
    t =    26.55s Ignoring failure to get hierarchy for remote element in process 1995 (Error getting main window kAXErrorServerNotFound)
    t =    26.55s     Synthesize event
    t =    26.85s     Wait for com.bicterm.app to idle
    t =    27.11s Waiting 5.0s for "save-error" StaticText to exist
    t =    28.12s     Checking `Expect predicate `existsNoRetry == 1` for object "save-error" StaticText`
    t =    28.12s         Checking existence of `"save-error" StaticText`
    t =    28.19s Find the "save-error" StaticText
    t =    28.26s Checking existence of `"cancel-editor" Button`
    t =    28.33s Checking existence of `"field-name" TextField`
    t =    28.40s Find the "field-name" TextField
    t =    28.48s Find the Window (First Match)
    t =    28.49s Find the "field-name" TextField
    t =    28.57s Get number of matches for: Descendants matching type NavigationBar
    t =    28.63s Find the NavigationBar (Element at index 0)
    t =    28.69s Find the NavigationBar (Element at index 1)
    t =    28.75s Find the "field-name" TextField
    t =    28.83s Tap "field-name" TextField
    t =    28.83s     Wait for com.bicterm.app to idle
    t =    28.83s     Find the "field-name" TextField
    t =    28.89s     Check for interrupting elements affecting "field-name" TextField
    t =    28.96s         Wait for com.apple.springboard to idle
    t =    28.98s Ignoring failure to get hierarchy for remote element in process 1995 (Error getting main window kAXErrorServerNotFound)
    t =    28.98s Ignoring failure to get hierarchy for remote element in process 1995 (Error getting main window kAXErrorServerNotFound)
    t =    28.99s     Synthesize event
    t =    29.28s     Wait for com.bicterm.app to idle
    t =    30.65s Checking `Expect predicate `hasKeyboardFocus == 1` for object "field-name" TextField`
    t =    30.65s     Find the "field-name" TextField
    t =    30.75s Type ' Retry' into Target Application 'com.bicterm.app'
    t =    30.75s     Wait for com.bicterm.app to idle
    t =    30.75s     Find the Target Application 'com.bicterm.app'
    t =    30.82s     Check for interrupting elements affecting "BicTerm" Application
    t =    30.90s         Wait for com.apple.springboard to idle
    t =    30.93s Ignoring failure to get hierarchy for remote element in process 1995 (Error getting main window kAXErrorServerNotFound)
    t =    30.93s Ignoring failure to get hierarchy for remote element in process 1995 (Error getting main window kAXErrorServerNotFound)
    t =    30.93s     Synthesize event
    t =    30.94s         Get number of matches for: Elements containing elements matching predicate 'hasKeyboardFocus == 1'
    t =    31.30s     Wait for com.bicterm.app to idle
    t =    31.31s Get number of matches for: Descendants matching type Keyboard
    t =    31.38s Waiting 2.0s for "Done" Button to exist
    t =    32.45s     Checking `Expect predicate `existsNoRetry == 1` for object "Done" Button`
    t =    32.45s         Checking existence of `"Done" Button`
    t =    32.54s Tap "Done" Button
    t =    32.54s     Wait for com.bicterm.app to idle
    t =    32.54s     Find the "Done" Button
    t =    32.63s     Check for interrupting elements affecting "Done" Button
    t =    32.71s         Wait for com.apple.springboard to idle
    t =    32.73s Ignoring failure to get hierarchy for remote element in process 1995 (Error getting main window kAXErrorServerNotFound)
    t =    32.74s Ignoring failure to get hierarchy for remote element in process 1995 (Error getting main window kAXErrorServerNotFound)
    t =    32.74s     Synthesize event
    t =    33.03s     Wait for com.bicterm.app to idle
    t =    33.84s Checking existence of `"save-error" StaticText`
    t =    33.91s Tear Down
Test Case '-[BicTermUITests.ConnectionEditorUITests testFailedPersistenceKeepsEditorOpenAndClearsErrorAfterEditing]' passed (34.151 seconds).
Test Case '-[BicTermUITests.ConnectionEditorUITests testKeyPickerListsFixtureKeysWithFingerprints]' started.
    t =     0.00s Start Test at 2026-09-08 22:57:28.929
    t =     0.02s Set Up
    t =     0.02s Open com.bicterm.app
    t =     0.02s     Launch com.bicterm.app
    t =     0.02s         Terminate com.bicterm.app:33505
2026-09-08 22:57:29.995 xcodebuild[31656:29943544] [MT] IDELaunchParametersSnapshot: The operation couldn’t be completed. (DebuggerLLDB.DebuggerVersionStore.StoreError error 0.)
2026-09-08 22:57:29.995 xcodebuild[31656:29943544] [MT] IDELaunchParametersSnapshot: no debugger version
    t =     1.48s         Setting up automation session
    t =     2.24s         Wait for com.bicterm.app to idle
    t =     3.75s Waiting 15.0s for "add-connection" Button to exist
    t =     4.79s     Checking `Expect predicate `existsNoRetry == 1` for object "add-connection" Button`
    t =     4.79s         Checking existence of `"add-connection" Button`
    t =     4.85s Tap "add-connection" Button
    t =     4.85s     Wait for com.bicterm.app to idle
    t =     4.85s     Find the "add-connection" Button
    t =     4.88s     Check for interrupting elements affecting "add-connection" Button
    t =     4.91s         Wait for com.apple.springboard to idle
    t =     4.93s Ignoring failure to get hierarchy for remote element in process 1995 (Error getting main window kAXErrorServerNotFound)
    t =     4.93s Ignoring failure to get hierarchy for remote element in process 1995 (Error getting main window kAXErrorServerNotFound)
    t =     4.94s     Synthesize event
    t =     5.23s     Wait for com.bicterm.app to idle
    t =     6.31s Waiting 10.0s for "field-name" TextField to exist
    t =     7.33s     Checking `Expect predicate `existsNoRetry == 1` for object "field-name" TextField`
    t =     7.33s         Checking existence of `"field-name" TextField`
    t =     7.43s Tap "key-selector" Button
    t =     7.43s     Wait for com.bicterm.app to idle
    t =     7.44s     Find the "key-selector" Button
    t =     7.51s     Check for interrupting elements affecting "key-selector" Button
    t =     7.58s         Wait for com.apple.springboard to idle
    t =     7.60s Ignoring failure to get hierarchy for remote element in process 1995 (Error getting main window kAXErrorServerNotFound)
    t =     7.60s Ignoring failure to get hierarchy for remote element in process 1995 (Error getting main window kAXErrorServerNotFound)
    t =     7.61s     Synthesize event
    t =     7.90s     Wait for com.bicterm.app to idle
    t =     8.66s Waiting 5.0s for "key-Fixture-Ed25519" Button to exist
    t =     9.71s     Checking `Expect predicate `existsNoRetry == 1` for object "key-Fixture-Ed25519" Button`
    t =     9.71s         Checking existence of `"key-Fixture-Ed25519" Button`
    t =     9.76s Checking existence of `"key-Fixture-Ed25519-Passphrase" Button`
    t =     9.80s Checking existence of `"key-Fixture-Hop2-Unauthorized" Button`
    t =     9.84s Get number of matches for: Elements matching predicate 'label CONTAINS "SHA256:"'
    t =     9.88s Checking existence of `"SHA256:+r0XE2pE/ZCcOeGWrisHbWLLrEFKapNtuqH9LUZ7QqU" StaticText`
    t =     9.92s Tap "key-Fixture-Ed25519" Button
    t =     9.92s     Wait for com.bicterm.app to idle
    t =     9.92s     Find the "key-Fixture-Ed25519" Button
    t =     9.97s     Check for interrupting elements affecting "key-Fixture-Ed25519" Button
    t =    10.01s         Wait for com.apple.springboard to idle
    t =    10.03s Ignoring failure to get hierarchy for remote element in process 1995 (Error getting main window kAXErrorServerNotFound)
    t =    10.03s Ignoring failure to get hierarchy for remote element in process 1995 (Error getting main window kAXErrorServerNotFound)
    t =    10.03s     Synthesize event
    t =    10.32s     Wait for com.bicterm.app to idle
    t =    11.14s Waiting 5.0s for "Fixture Ed25519" StaticText to exist
    t =    12.19s     Checking `Expect predicate `existsNoRetry == 1` for object "Fixture Ed25519" StaticText`
    t =    12.19s         Checking existence of `"Fixture Ed25519" StaticText`
    t =    12.26s Tear Down
Test Case '-[BicTermUITests.ConnectionEditorUITests testKeyPickerListsFixtureKeysWithFingerprints]' passed (12.479 seconds).
Test Case '-[BicTermUITests.ConnectionEditorUITests testReplacingDefaultPortDoesNotAppendToExistingDigits]' started.
    t =     0.00s Start Test at 2026-09-08 22:57:41.410
    t =     0.02s Set Up
    t =     0.02s Open com.bicterm.app
    t =     0.02s     Launch com.bicterm.app
    t =     0.03s         Terminate com.bicterm.app:33600
2026-09-08 22:57:42.523 xcodebuild[31656:29943544] [MT] IDELaunchParametersSnapshot: The operation couldn’t be completed. (DebuggerLLDB.DebuggerVersionStore.StoreError error 0.)
2026-09-08 22:57:42.523 xcodebuild[31656:29943544] [MT] IDELaunchParametersSnapshot: no debugger version
    t =     1.32s         Setting up automation session
    t =     2.20s         Wait for com.bicterm.app to idle
    t =     3.68s Waiting 15.0s for "add-connection" Button to exist
    t =     4.72s     Checking `Expect predicate `existsNoRetry == 1` for object "add-connection" Button`
    t =     4.72s         Checking existence of `"add-connection" Button`
    t =     4.78s Tap "add-connection" Button
    t =     4.78s     Wait for com.bicterm.app to idle
    t =     4.78s     Find the "add-connection" Button
    t =     4.81s     Check for interrupting elements affecting "add-connection" Button
    t =     4.84s         Wait for com.apple.springboard to idle
    t =     4.86s Ignoring failure to get hierarchy for remote element in process 1995 (Error getting main window kAXErrorServerNotFound)
    t =     4.86s Ignoring failure to get hierarchy for remote element in process 1995 (Error getting main window kAXErrorServerNotFound)
    t =     4.87s     Synthesize event
    t =     5.17s     Wait for com.bicterm.app to idle
    t =     6.07s Waiting 10.0s for "field-name" TextField to exist
    t =     7.12s     Checking `Expect predicate `existsNoRetry == 1` for object "field-name" TextField`
    t =     7.12s         Checking existence of `"field-name" TextField`
    t =     7.23s Tap "field-port" TextField
    t =     7.23s     Wait for com.bicterm.app to idle
    t =     7.23s     Find the "field-port" TextField
    t =     7.30s     Check for interrupting elements affecting "field-port" TextField
    t =     7.37s         Wait for com.apple.springboard to idle
    t =     7.39s Ignoring failure to get hierarchy for remote element in process 1995 (Error getting main window kAXErrorServerNotFound)
    t =     7.39s Ignoring failure to get hierarchy for remote element in process 1995 (Error getting main window kAXErrorServerNotFound)
    t =     7.40s     Synthesize event
    t =     7.69s     Wait for com.bicterm.app to idle
    t =     8.84s Checking `Expect predicate `hasKeyboardFocus == 1` for object "field-port" TextField`
    t =     8.84s     Find the "field-port" TextField
    t =     8.95s Press "field-port" TextField for 1.1 seconds
    t =     8.95s     Wait for com.bicterm.app to idle
    t =     8.95s     Find the "field-port" TextField
    t =     9.03s     Check for interrupting elements affecting "field-port" TextField
    t =     9.11s         Wait for com.apple.springboard to idle
    t =     9.13s Ignoring failure to get hierarchy for remote element in process 1995 (Error getting main window kAXErrorServerNotFound)
    t =     9.14s Ignoring failure to get hierarchy for remote element in process 1995 (Error getting main window kAXErrorServerNotFound)
    t =     9.14s     Synthesize event
    t =    10.49s     Wait for com.bicterm.app to idle
    t =    11.24s Waiting 2.0s for "Select All" MenuItem to exist
    t =    12.26s     Checking `Expect predicate `existsNoRetry == 1` for object "Select All" MenuItem`
    t =    12.27s         Checking existence of `"Select All" MenuItem`
    t =    12.36s Tap "Select All" MenuItem
    t =    12.36s     Wait for com.bicterm.app to idle
    t =    12.37s     Find the "Select All" MenuItem
    t =    12.46s     Check for interrupting elements affecting "Select All" MenuItem
    t =    12.54s         Wait for com.apple.springboard to idle
    t =    12.57s Ignoring failure to get hierarchy for remote element in process 1995 (Error getting main window kAXErrorServerNotFound)
    t =    12.57s Ignoring failure to get hierarchy for remote element in process 1995 (Error getting main window kAXErrorServerNotFound)
    t =    12.57s     Synthesize event
    t =    12.87s     Wait for com.bicterm.app to idle
    t =    13.32s Type '12222' into Target Application 'com.bicterm.app'
    t =    13.32s     Wait for com.bicterm.app to idle
    t =    13.32s     Find the Target Application 'com.bicterm.app'
    t =    13.40s     Check for interrupting elements affecting "BicTerm" Application
    t =    13.48s         Wait for com.apple.springboard to idle
    t =    13.51s Ignoring failure to get hierarchy for remote element in process 1995 (Error getting main window kAXErrorServerNotFound)
    t =    13.51s Ignoring failure to get hierarchy for remote element in process 1995 (Error getting main window kAXErrorServerNotFound)
    t =    13.51s     Synthesize event
    t =    13.51s         Get number of matches for: Elements containing elements matching predicate 'hasKeyboardFocus == 1'
    t =    13.88s     Wait for com.bicterm.app to idle
    t =    14.08s Get number of matches for: Descendants matching type Keyboard
    t =    14.16s Waiting 2.0s for "Done" Button to exist
    t =    15.18s     Checking `Expect predicate `existsNoRetry == 1` for object "Done" Button`
    t =    15.18s         Checking existence of `"Done" Button`
    t =    15.28s Tap "Done" Button
    t =    15.28s     Wait for com.bicterm.app to idle
    t =    15.28s     Find the "Done" Button
    t =    15.37s     Check for interrupting elements affecting "Done" Button
    t =    15.44s         Wait for com.apple.springboard to idle
    t =    15.47s Ignoring failure to get hierarchy for remote element in process 1995 (Error getting main window kAXErrorServerNotFound)
    t =    15.47s Ignoring failure to get hierarchy for remote element in process 1995 (Error getting main window kAXErrorServerNotFound)
    t =    15.47s     Synthesize event
    t =    15.77s     Wait for com.bicterm.app to idle
    t =    16.58s Find the "field-port" TextField
    t =    16.64s Tear Down
Test Case '-[BicTermUITests.ConnectionEditorUITests testReplacingDefaultPortDoesNotAppendToExistingDigits]' passed (16.959 seconds).
Test Case '-[BicTermUITests.ConnectionEditorUITests testSwipeActionsEditDuplicateAndDelete]' started.
    t =     0.00s Start Test at 2026-09-08 22:57:58.368
    t =     0.02s Set Up
    t =     0.02s Open com.bicterm.app
    t =     0.02s     Launch com.bicterm.app
    t =     0.02s         Terminate com.bicterm.app:33624
2026-09-08 22:57:59.445 xcodebuild[31656:29943544] [MT] IDELaunchParametersSnapshot: The operation couldn’t be completed. (DebuggerLLDB.DebuggerVersionStore.StoreError error 0.)
2026-09-08 22:57:59.446 xcodebuild[31656:29943544] [MT] IDELaunchParametersSnapshot: no debugger version
    t =     1.29s         Setting up automation session
    t =     2.17s         Wait for com.bicterm.app to idle
    t =     3.66s Waiting 15.0s for "add-connection" Button to exist
    t =     4.71s     Checking `Expect predicate `existsNoRetry == 1` for object "add-connection" Button`
    t =     4.71s         Checking existence of `"add-connection" Button`
    t =     4.76s Tap "add-connection" Button
    t =     4.76s     Wait for com.bicterm.app to idle
    t =     4.76s     Find the "add-connection" Button
    t =     4.79s     Check for interrupting elements affecting "add-connection" Button
    t =     4.82s         Wait for com.apple.springboard to idle
    t =     4.84s Ignoring failure to get hierarchy for remote element in process 1995 (Error getting main window kAXErrorServerNotFound)
    t =     4.84s Ignoring failure to get hierarchy for remote element in process 1995 (Error getting main window kAXErrorServerNotFound)
    t =     4.85s     Synthesize event
    t =     5.15s     Wait for com.bicterm.app to idle
    t =     6.10s Waiting 10.0s for "field-name" TextField to exist
    t =     7.15s     Checking `Expect predicate `existsNoRetry == 1` for object "field-name" TextField`
    t =     7.16s         Checking existence of `"field-name" TextField`
    t =     7.26s Tap "field-name" TextField
    t =     7.26s     Wait for com.bicterm.app to idle
    t =     7.27s     Find the "field-name" TextField
    t =     7.33s     Check for interrupting elements affecting "field-name" TextField
    t =     7.40s         Wait for com.apple.springboard to idle
    t =     7.42s Ignoring failure to get hierarchy for remote element in process 1995 (Error getting main window kAXErrorServerNotFound)
    t =     7.42s Ignoring failure to get hierarchy for remote element in process 1995 (Error getting main window kAXErrorServerNotFound)
    t =     7.43s     Synthesize event
    t =     7.73s     Wait for com.bicterm.app to idle
    t =     8.86s Checking `Expect predicate `hasKeyboardFocus == 1` for object "field-name" TextField`
    t =     8.87s     Find the "field-name" TextField
    t =     9.00s Type 'Swipe Me' into Target Application 'com.bicterm.app'
    t =     9.00s     Wait for com.bicterm.app to idle
    t =     9.00s     Find the Target Application 'com.bicterm.app'
    t =     9.07s     Check for interrupting elements affecting "BicTerm" Application
    t =     9.15s         Wait for com.apple.springboard to idle
    t =     9.18s Ignoring failure to get hierarchy for remote element in process 1995 (Error getting main window kAXErrorServerNotFound)
    t =     9.18s Ignoring failure to get hierarchy for remote element in process 1995 (Error getting main window kAXErrorServerNotFound)
    t =     9.18s     Synthesize event
    t =     9.18s         Get number of matches for: Elements containing elements matching predicate 'hasKeyboardFocus == 1'
    t =     9.59s     Wait for com.bicterm.app to idle
    t =     9.59s Get number of matches for: Descendants matching type Keyboard
    t =     9.67s Waiting 2.0s for "Done" Button to exist
    t =    10.71s     Checking `Expect predicate `existsNoRetry == 1` for object "Done" Button`
    t =    10.71s         Checking existence of `"Done" Button`
    t =    10.80s Tap "Done" Button
    t =    10.80s     Wait for com.bicterm.app to idle
    t =    10.80s     Find the "Done" Button
    t =    10.89s     Check for interrupting elements affecting "Done" Button
    t =    10.97s         Wait for com.apple.springboard to idle
    t =    10.99s Ignoring failure to get hierarchy for remote element in process 1995 (Error getting main window kAXErrorServerNotFound)
    t =    11.00s Ignoring failure to get hierarchy for remote element in process 1995 (Error getting main window kAXErrorServerNotFound)
    t =    11.00s     Synthesize event
    t =    11.30s     Wait for com.bicterm.app to idle
    t =    12.10s Tap "field-host" TextField
    t =    12.10s     Wait for com.bicterm.app to idle
    t =    12.10s     Find the "field-host" TextField
    t =    12.17s     Check for interrupting elements affecting "field-host" TextField
    t =    12.23s         Wait for com.apple.springboard to idle
    t =    12.26s Ignoring failure to get hierarchy for remote element in process 1995 (Error getting main window kAXErrorServerNotFound)
    t =    12.26s Ignoring failure to get hierarchy for remote element in process 1995 (Error getting main window kAXErrorServerNotFound)
    t =    12.26s     Synthesize event
    t =    12.56s     Wait for com.bicterm.app to idle
    t =    13.91s Checking `Expect predicate `hasKeyboardFocus == 1` for object "field-host" TextField`
    t =    13.91s     Find the "field-host" TextField
    t =    14.00s Type '10.9.9.9' into Target Application 'com.bicterm.app'
    t =    14.00s     Wait for com.bicterm.app to idle
    t =    14.00s     Find the Target Application 'com.bicterm.app'
    t =    14.07s     Check for interrupting elements affecting "BicTerm" Application
    t =    14.15s         Wait for com.apple.springboard to idle
    t =    14.18s Ignoring failure to get hierarchy for remote element in process 1995 (Error getting main window kAXErrorServerNotFound)
    t =    14.18s Ignoring failure to get hierarchy for remote element in process 1995 (Error getting main window kAXErrorServerNotFound)
    t =    14.18s     Synthesize event
    t =    14.19s         Get number of matches for: Elements containing elements matching predicate 'hasKeyboardFocus == 1'
    t =    14.59s     Wait for com.bicterm.app to idle
    t =    14.59s Get number of matches for: Descendants matching type Keyboard
    t =    14.67s Waiting 2.0s for "Done" Button to exist
    t =    15.71s     Checking `Expect predicate `existsNoRetry == 1` for object "Done" Button`
    t =    15.71s         Checking existence of `"Done" Button`
    t =    15.79s Tap "Done" Button
    t =    15.79s     Wait for com.bicterm.app to idle
    t =    15.79s     Find the "Done" Button
    t =    15.88s     Check for interrupting elements affecting "Done" Button
    t =    15.96s         Wait for com.apple.springboard to idle
    t =    15.98s Ignoring failure to get hierarchy for remote element in process 1995 (Error getting main window kAXErrorServerNotFound)
    t =    15.98s Ignoring failure to get hierarchy for remote element in process 1995 (Error getting main window kAXErrorServerNotFound)
    t =    15.98s     Synthesize event
    t =    16.29s     Wait for com.bicterm.app to idle
    t =    17.08s Tap "field-username" TextField
    t =    17.08s     Wait for com.bicterm.app to idle
    t =    17.09s     Find the "field-username" TextField
    t =    17.16s     Check for interrupting elements affecting "field-username" TextField
    t =    17.22s         Wait for com.apple.springboard to idle
    t =    17.25s Ignoring failure to get hierarchy for remote element in process 1995 (Error getting main window kAXErrorServerNotFound)
    t =    17.25s Ignoring failure to get hierarchy for remote element in process 1995 (Error getting main window kAXErrorServerNotFound)
    t =    17.25s     Synthesize event
    t =    17.55s     Wait for com.bicterm.app to idle
    t =    18.88s Checking `Expect predicate `hasKeyboardFocus == 1` for object "field-username" TextField`
    t =    18.88s     Find the "field-username" TextField
    t =    18.97s Type 'u' into Target Application 'com.bicterm.app'
    t =    18.97s     Wait for com.bicterm.app to idle
    t =    18.97s     Find the Target Application 'com.bicterm.app'
    t =    19.04s     Check for interrupting elements affecting "BicTerm" Application
    t =    19.12s         Wait for com.apple.springboard to idle
    t =    19.15s Ignoring failure to get hierarchy for remote element in process 1995 (Error getting main window kAXErrorServerNotFound)
    t =    19.15s Ignoring failure to get hierarchy for remote element in process 1995 (Error getting main window kAXErrorServerNotFound)
    t =    19.15s     Synthesize event
    t =    19.15s         Get number of matches for: Elements containing elements matching predicate 'hasKeyboardFocus == 1'
    t =    19.44s     Wait for com.bicterm.app to idle
    t =    19.44s Get number of matches for: Descendants matching type Keyboard
    t =    19.51s Waiting 2.0s for "Done" Button to exist
    t =    20.56s     Checking `Expect predicate `existsNoRetry == 1` for object "Done" Button`
    t =    20.56s         Checking existence of `"Done" Button`
    t =    20.65s Tap "Done" Button
    t =    20.65s     Wait for com.bicterm.app to idle
    t =    20.65s     Find the "Done" Button
    t =    20.74s     Check for interrupting elements affecting "Done" Button
    t =    20.82s         Wait for com.apple.springboard to idle
    t =    20.84s Ignoring failure to get hierarchy for remote element in process 1995 (Error getting main window kAXErrorServerNotFound)
    t =    20.85s Ignoring failure to get hierarchy for remote element in process 1995 (Error getting main window kAXErrorServerNotFound)
    t =    20.85s     Synthesize event
    t =    21.14s     Wait for com.bicterm.app to idle
    t =    21.95s Get number of matches for: Descendants matching type Keyboard
    t =    22.02s Tap "key-selector" Button
    t =    22.02s     Wait for com.bicterm.app to idle
    t =    22.02s     Find the "key-selector" Button
    t =    22.09s     Check for interrupting elements affecting "key-selector" Button
    t =    22.16s         Wait for com.apple.springboard to idle
    t =    22.19s Ignoring failure to get hierarchy for remote element in process 1995 (Error getting main window kAXErrorServerNotFound)
    t =    22.19s Ignoring failure to get hierarchy for remote element in process 1995 (Error getting main window kAXErrorServerNotFound)
    t =    22.19s     Synthesize event
    t =    22.49s     Wait for com.bicterm.app to idle
    t =    23.25s Waiting 5.0s for "key-Fixture-Ed25519" Button to exist
    t =    24.30s     Checking `Expect predicate `existsNoRetry == 1` for object "key-Fixture-Ed25519" Button`
    t =    24.31s         Checking existence of `"key-Fixture-Ed25519" Button`
    t =    24.35s Tap "key-Fixture-Ed25519" Button
    t =    24.35s     Wait for com.bicterm.app to idle
    t =    24.36s     Find the "key-Fixture-Ed25519" Button
    t =    24.40s     Check for interrupting elements affecting "key-Fixture-Ed25519" Button
    t =    24.45s         Wait for com.apple.springboard to idle
    t =    24.47s Ignoring failure to get hierarchy for remote element in process 1995 (Error getting main window kAXErrorServerNotFound)
    t =    24.47s Ignoring failure to get hierarchy for remote element in process 1995 (Error getting main window kAXErrorServerNotFound)
    t =    24.48s     Synthesize event
    t =    24.77s     Wait for com.bicterm.app to idle
    t =    25.60s Tap "save-editor" Button
    t =    25.60s     Wait for com.bicterm.app to idle
    t =    25.60s     Find the "save-editor" Button
    t =    25.68s     Check for interrupting elements affecting "save-editor" Button
    t =    25.75s         Wait for com.apple.springboard to idle
    t =    25.77s Ignoring failure to get hierarchy for remote element in process 1995 (Error getting main window kAXErrorServerNotFound)
    t =    25.78s Ignoring failure to get hierarchy for remote element in process 1995 (Error getting main window kAXErrorServerNotFound)
    t =    25.78s     Synthesize event
    t =    26.08s     Wait for com.bicterm.app to idle
    t =    26.62s Waiting 10.0s for "connection-Swipe-Me" Button to exist
    t =    27.65s     Checking `Expect predicate `existsNoRetry == 1` for object "connection-Swipe-Me" Button`
    t =    27.66s         Checking existence of `"connection-Swipe-Me" Button`
    t =    27.69s Checking existence of `Cell (First Match)`
    t =    27.72s Swipe left Cell (First Match)
    t =    27.72s     Wait for com.bicterm.app to idle
    t =    27.72s     Find the Cell (First Match)
    t =    27.76s     Check for interrupting elements affecting Cell
    t =    27.79s         Wait for com.apple.springboard to idle
    t =    27.81s Ignoring failure to get hierarchy for remote element in process 1995 (Error getting main window kAXErrorServerNotFound)
    t =    27.81s Ignoring failure to get hierarchy for remote element in process 1995 (Error getting main window kAXErrorServerNotFound)
    t =    27.82s     Synthesize event
    t =    28.28s     Wait for com.bicterm.app to idle
    t =    28.93s Waiting 5.0s for "edit-Swipe-Me" Button to exist
    t =    29.97s     Checking `Expect predicate `existsNoRetry == 1` for object "edit-Swipe-Me" Button`
    t =    29.97s         Checking existence of `"edit-Swipe-Me" Button`
    t =    30.00s Tap "edit-Swipe-Me" Button
    t =    30.00s     Wait for com.bicterm.app to idle
    t =    30.01s     Find the "edit-Swipe-Me" Button
    t =    30.04s     Check for interrupting elements affecting "edit-Swipe-Me" Button
    t =    30.07s         Wait for com.apple.springboard to idle
    t =    30.09s Ignoring failure to get hierarchy for remote element in process 1995 (Error getting main window kAXErrorServerNotFound)
    t =    30.09s Ignoring failure to get hierarchy for remote element in process 1995 (Error getting main window kAXErrorServerNotFound)
    t =    30.09s     Synthesize event
    t =    30.39s     Wait for com.bicterm.app to idle
    t =    31.37s Waiting 5.0s for "field-name" TextField to exist
    t =    32.42s     Checking `Expect predicate `existsNoRetry == 1` for object "field-name" TextField`
    t =    32.42s         Checking existence of `"field-name" TextField`
    t =    32.53s Tap "cancel-editor" Button
    t =    32.53s     Wait for com.bicterm.app to idle
    t =    32.53s     Find the "cancel-editor" Button
    t =    32.60s     Check for interrupting elements affecting "cancel-editor" Button
    t =    32.67s         Wait for com.apple.springboard to idle
    t =    32.69s Ignoring failure to get hierarchy for remote element in process 1995 (Error getting main window kAXErrorServerNotFound)
    t =    32.69s Ignoring failure to get hierarchy for remote element in process 1995 (Error getting main window kAXErrorServerNotFound)
    t =    32.70s     Synthesize event
    t =    32.99s     Wait for com.bicterm.app to idle
    t =    33.75s Checking existence of `Cell (First Match)`
    t =    33.79s Swipe left Cell (First Match)
    t =    33.79s     Wait for com.bicterm.app to idle
    t =    33.79s     Find the Cell (First Match)
    t =    33.83s     Check for interrupting elements affecting Cell
    t =    33.87s         Wait for com.apple.springboard to idle
    t =    33.89s Ignoring failure to get hierarchy for remote element in process 1995 (Error getting main window kAXErrorServerNotFound)
    t =    33.89s Ignoring failure to get hierarchy for remote element in process 1995 (Error getting main window kAXErrorServerNotFound)
    t =    33.89s     Synthesize event
    t =    34.35s     Wait for com.bicterm.app to idle
    t =    35.00s Waiting 5.0s for "duplicate-Swipe-Me" Button to exist
    t =    36.02s     Checking `Expect predicate `existsNoRetry == 1` for object "duplicate-Swipe-Me" Button`
    t =    36.02s         Checking existence of `"duplicate-Swipe-Me" Button`
    t =    36.05s Tap "duplicate-Swipe-Me" Button
    t =    36.05s     Wait for com.bicterm.app to idle
    t =    36.06s     Find the "duplicate-Swipe-Me" Button
    t =    36.09s     Check for interrupting elements affecting "duplicate-Swipe-Me" Button
    t =    36.12s         Wait for com.apple.springboard to idle
    t =    36.14s Ignoring failure to get hierarchy for remote element in process 1995 (Error getting main window kAXErrorServerNotFound)
    t =    36.14s Ignoring failure to get hierarchy for remote element in process 1995 (Error getting main window kAXErrorServerNotFound)
    t =    36.15s     Synthesize event
    t =    36.44s     Wait for com.bicterm.app to idle
    t =    37.42s Waiting 10.0s for "connection-Swipe-Me-(copy)" Button to exist
    t =    38.45s     Checking `Expect predicate `existsNoRetry == 1` for object "connection-Swipe-Me-(copy)" Button`
    t =    38.46s         Checking existence of `"connection-Swipe-Me-(copy)" Button`
    t =    38.49s Checking existence of `Cell (First Match)`
    t =    38.53s Swipe left Cell (First Match)
    t =    38.53s     Wait for com.bicterm.app to idle
    t =    38.53s     Find the Cell (First Match)
    t =    38.58s     Check for interrupting elements affecting Cell
    t =    38.61s         Wait for com.apple.springboard to idle
    t =    38.63s Ignoring failure to get hierarchy for remote element in process 1995 (Error getting main window kAXErrorServerNotFound)
    t =    38.63s Ignoring failure to get hierarchy for remote element in process 1995 (Error getting main window kAXErrorServerNotFound)
    t =    38.64s     Synthesize event
    t =    39.09s     Wait for com.bicterm.app to idle
    t =    39.75s Waiting 5.0s for "delete-Swipe-Me-(copy)" Button to exist
    t =    40.79s     Checking `Expect predicate `existsNoRetry == 1` for object "delete-Swipe-Me-(copy)" Button`
    t =    40.79s         Checking existence of `"delete-Swipe-Me-(copy)" Button`
    t =    40.83s Tap "delete-Swipe-Me-(copy)" Button
    t =    40.83s     Wait for com.bicterm.app to idle
    t =    40.83s     Find the "delete-Swipe-Me-(copy)" Button
    t =    40.87s     Check for interrupting elements affecting "delete-Swipe-Me-(copy)" Button
    t =    40.90s         Wait for com.apple.springboard to idle
    t =    40.93s Ignoring failure to get hierarchy for remote element in process 1995 (Error getting main window kAXErrorServerNotFound)
    t =    40.93s Ignoring failure to get hierarchy for remote element in process 1995 (Error getting main window kAXErrorServerNotFound)
    t =    40.93s     Synthesize event
    t =    41.23s     Wait for com.bicterm.app to idle
    t =    42.51s Checking `Expect predicate `exists == 0` for object "connection-Swipe-Me-(copy)" Button`
    t =    42.51s     Checking existence of `"connection-Swipe-Me-(copy)" Button`
    t =    42.54s Waiting 5.0s for "connection-Swipe-Me" Button to exist
    t =    43.57s     Checking `Expect predicate `existsNoRetry == 1` for object "connection-Swipe-Me" Button`
    t =    43.57s         Checking existence of `"connection-Swipe-Me" Button`
    t =    43.60s Tear Down
Test Case '-[BicTermUITests.ConnectionEditorUITests testSwipeActionsEditDuplicateAndDelete]' passed (43.853 seconds).
Test Case '-[BicTermUITests.ConnectionEditorUITests testUnavailablePersistedProtocolRemainsVisibleAndCannotBeSavedOrConnected]' started.
    t =     0.00s Start Test at 2026-09-08 22:58:42.222
    t =     0.02s Set Up
    t =     0.02s Open com.bicterm.app
    t =     0.03s     Launch com.bicterm.app
    t =     0.03s         Terminate com.bicterm.app:33652
2026-09-08 22:58:43.278 xcodebuild[31656:29943544] [MT] IDELaunchParametersSnapshot: The operation couldn’t be completed. (DebuggerLLDB.DebuggerVersionStore.StoreError error 0.)
2026-09-08 22:58:43.278 xcodebuild[31656:29943544] [MT] IDELaunchParametersSnapshot: no debugger version
    t =     1.48s         Setting up automation session
    t =     2.22s         Wait for com.bicterm.app to idle
    t =     3.73s Waiting 10.0s for "Unavailable" StaticText to exist
    t =     4.75s     Checking `Expect predicate `existsNoRetry == 1` for object "Unavailable" StaticText`
    t =     4.75s         Checking existence of `"Unavailable" StaticText`
    t =     4.82s Checking existence of `"connection-Future-Protocol" Button`
    t =     4.85s Checking existence of `"unavailable-Future-Protocol" StaticText`
    t =     4.87s Checking existence of `Cell (First Match)`
    t =     4.91s Swipe left Cell (First Match)
    t =     4.91s     Wait for com.bicterm.app to idle
    t =     4.91s     Find the Cell (First Match)
    t =     4.95s     Check for interrupting elements affecting Cell
    t =     4.98s         Wait for com.apple.springboard to idle
    t =     5.00s Ignoring failure to get hierarchy for remote element in process 1995 (Error getting main window kAXErrorServerNotFound)
    t =     5.00s Ignoring failure to get hierarchy for remote element in process 1995 (Error getting main window kAXErrorServerNotFound)
    t =     5.01s     Synthesize event
    t =     5.46s     Wait for com.bicterm.app to idle
    t =     6.13s Waiting 5.0s for "edit-Future-Protocol" Button to exist
    t =     7.17s     Checking `Expect predicate `existsNoRetry == 1` for object "edit-Future-Protocol" Button`
    t =     7.17s         Checking existence of `"edit-Future-Protocol" Button`
    t =     7.20s Tap "edit-Future-Protocol" Button
    t =     7.20s     Wait for com.bicterm.app to idle
    t =     7.21s     Find the "edit-Future-Protocol" Button
    t =     7.24s     Check for interrupting elements affecting "edit-Future-Protocol" Button
    t =     7.27s         Wait for com.apple.springboard to idle
    t =     7.29s Ignoring failure to get hierarchy for remote element in process 1995 (Error getting main window kAXErrorServerNotFound)
    t =     7.29s Ignoring failure to get hierarchy for remote element in process 1995 (Error getting main window kAXErrorServerNotFound)
    t =     7.29s     Synthesize event
    t =     7.59s     Wait for com.bicterm.app to idle
    t =     8.61s Waiting 10.0s for "cancel-editor" Button to exist
    t =     9.66s     Checking `Expect predicate `existsNoRetry == 1` for object "cancel-editor" Button`
    t =     9.66s         Checking existence of `"cancel-editor" Button`
    t =     9.76s Waiting 5.0s for Any (First Match) to exist
    t =    10.81s     Checking `Expect predicate `existsNoRetry == 1` for object Any (First Match)`
    t =    10.81s         Checking existence of `Any (First Match)`
    t =    10.93s Find the Any (First Match)
    t =    11.06s Find the "save-editor" Button
    t =    11.12s Tap "protocol-picker" Button
    t =    11.12s     Wait for com.bicterm.app to idle
    t =    11.12s     Find the "protocol-picker" Button
    t =    11.19s     Check for interrupting elements affecting "protocol-picker" Button
    t =    11.26s         Wait for com.apple.springboard to idle
    t =    11.28s Ignoring failure to get hierarchy for remote element in process 1995 (Error getting main window kAXErrorServerNotFound)
    t =    11.28s Ignoring failure to get hierarchy for remote element in process 1995 (Error getting main window kAXErrorServerNotFound)
    t =    11.29s     Synthesize event
    t =    11.58s     Wait for com.bicterm.app to idle
    t =    12.69s Waiting 5.0s for "uppercase-echo (Unavailable)" Button to exist
    t =    13.72s     Checking `Expect predicate `existsNoRetry == 1` for object "uppercase-echo (Unavailable)" Button`
    t =    13.72s         Checking existence of `"uppercase-echo (Unavailable)" Button`
    t =    13.80s Tap "uppercase-echo (Unavailable)" Button
    t =    13.80s     Wait for com.bicterm.app to idle
    t =    13.80s     Find the "uppercase-echo (Unavailable)" Button
    t =    13.87s     Check for interrupting elements affecting "uppercase-echo (Unavailable)" Button
    t =    13.93s         Wait for com.apple.springboard to idle
    t =    13.96s Ignoring failure to get hierarchy for remote element in process 1995 (Error getting main window kAXErrorServerNotFound)
    t =    13.96s Ignoring failure to get hierarchy for remote element in process 1995 (Error getting main window kAXErrorServerNotFound)
    t =    13.96s     Synthesize event
    t =    14.26s     Wait for com.bicterm.app to idle
    t =    15.64s Checking existence of `"connect-button" Button`
    t =    15.71s Find the "connect-button" Button
    t =    15.79s Find the Window (First Match)
    t =    15.79s Find the "connect-button" Button
    t =    15.86s Get number of matches for: Descendants matching type NavigationBar
    t =    15.92s Find the NavigationBar (Element at index 0)
    t =    15.98s Find the NavigationBar (Element at index 1)
    t =    16.04s Find the "connect-button" Button
    t =    16.12s Find the "connect-button" Button
    t =    16.18s Tear Down
Test Case '-[BicTermUITests.ConnectionEditorUITests testUnavailablePersistedProtocolRemainsVisibleAndCannotBeSavedOrConnected]' passed (16.396 seconds).
Test Suite 'ConnectionEditorUITests' passed at 2026-09-08 22:58:58.619.
	 Executed 7 tests, with 0 failures (0 unexpected) in 391.547 (391.554) seconds
Test Suite 'KeyManagementUITests' started at 2026-09-08 22:58:58.620.
Test Case '-[BicTermUITests.KeyManagementUITests testCopyPublicKeyConfirmsStateAndMatchesAuthorizedKeysLine]' started.
    t =     0.00s Start Test at 2026-09-08 22:58:58.621
    t =     0.02s Set Up
    t =     0.02s Open com.bicterm.app
    t =     0.02s     Launch com.bicterm.app
    t =     0.03s         Terminate com.bicterm.app:33752
2026-09-08 22:58:59.693 xcodebuild[31656:29943544] [MT] IDELaunchParametersSnapshot: The operation couldn’t be completed. (DebuggerLLDB.DebuggerVersionStore.StoreError error 0.)
2026-09-08 22:58:59.693 xcodebuild[31656:29943544] [MT] IDELaunchParametersSnapshot: no debugger version
    t =     1.28s         Setting up automation session
    t =     2.15s         Wait for com.bicterm.app to idle
    t =     3.79s Waiting 15.0s for "SSH Keys" NavigationBar to exist
    t =     4.84s     Checking `Expect predicate `existsNoRetry == 1` for object "SSH Keys" NavigationBar`
    t =     4.84s         Checking existence of `"SSH Keys" NavigationBar`
    t =     4.92s Waiting 5.0s for "keys-add-menu" Button to exist
    t =     5.96s     Checking `Expect predicate `existsNoRetry == 1` for object "keys-add-menu" Button`
    t =     5.96s         Checking existence of `"keys-add-menu" Button`
    t =     6.01s Tap "keys-add-menu" Button
    t =     6.01s     Wait for com.bicterm.app to idle
    t =     6.01s     Find the "keys-add-menu" Button
    t =     6.05s     Check for interrupting elements affecting "keys-add-menu" Button
    t =     6.09s         Wait for com.apple.springboard to idle
    t =     6.12s Ignoring failure to get hierarchy for remote element in process 1995 (Error getting main window kAXErrorServerNotFound)
    t =     6.12s Ignoring failure to get hierarchy for remote element in process 1995 (Error getting main window kAXErrorServerNotFound)
    t =     6.12s     Synthesize event
    t =     6.42s     Wait for com.bicterm.app to idle
    t =     7.32s Checking existence of `"menu-import" Button`
    t =     7.37s Waiting 5.0s for "menu-import" Button to exist
    t =     8.42s     Checking `Expect predicate `existsNoRetry == 1` for object "menu-import" Button`
    t =     8.42s         Checking existence of `"menu-import" Button`
    t =     8.47s Tap "menu-import" Button
    t =     8.47s     Wait for com.bicterm.app to idle
    t =     8.47s     Find the "menu-import" Button
    t =     8.51s     Check for interrupting elements affecting "menu-import" Button
    t =     8.56s         Wait for com.apple.springboard to idle
    t =     8.58s Ignoring failure to get hierarchy for remote element in process 1995 (Error getting main window kAXErrorServerNotFound)
    t =     8.58s Ignoring failure to get hierarchy for remote element in process 1995 (Error getting main window kAXErrorServerNotFound)
    t =     8.59s     Synthesize event
    t =     8.88s     Wait for com.bicterm.app to idle
    t =    10.08s Waiting 5.0s for "import-label" TextField to exist
    t =    11.12s     Checking `Expect predicate `existsNoRetry == 1` for object "import-label" TextField`
    t =    11.12s         Checking existence of `"import-label" TextField`
    t =    11.21s Tap "import-label" TextField
    t =    11.21s     Wait for com.bicterm.app to idle
    t =    11.22s     Find the "import-label" TextField
    t =    11.28s     Check for interrupting elements affecting "import-label" TextField
    t =    11.35s         Wait for com.apple.springboard to idle
    t =    11.37s Ignoring failure to get hierarchy for remote element in process 1995 (Error getting main window kAXErrorServerNotFound)
    t =    11.38s Ignoring failure to get hierarchy for remote element in process 1995 (Error getting main window kAXErrorServerNotFound)
    t =    11.38s     Synthesize event
    t =    11.67s     Wait for com.bicterm.app to idle
    t =    11.71s Type 'fixture-key' into "import-label" TextField
    t =    11.71s     Wait for com.bicterm.app to idle
    t =    12.09s     Find the "import-label" TextField
    t =    12.21s     Check for interrupting elements affecting "import-label" TextField
    t =    12.30s         Wait for com.apple.springboard to idle
    t =    12.32s Ignoring failure to get hierarchy for remote element in process 1995 (Error getting main window kAXErrorServerNotFound)
    t =    12.32s Ignoring failure to get hierarchy for remote element in process 1995 (Error getting main window kAXErrorServerNotFound)
    t =    12.33s     Synthesize event
    t =    12.71s     Wait for com.bicterm.app to idle
    t =    12.71s Tap "import-paste" Button
    t =    12.71s     Wait for com.bicterm.app to idle
    t =    12.72s     Find the "import-paste" Button
    t =    12.81s     Check for interrupting elements affecting "import-paste" Button
    t =    12.89s         Wait for com.apple.springboard to idle
    t =    12.91s Ignoring failure to get hierarchy for remote element in process 1995 (Error getting main window kAXErrorServerNotFound)
    t =    12.91s Ignoring failure to get hierarchy for remote element in process 1995 (Error getting main window kAXErrorServerNotFound)
    t =    12.92s     Synthesize event
    t =    13.21s     Wait for com.bicterm.app to idle
    t =    13.48s Waiting 5.0s for "import-status" StaticText to exist
    t =    14.52s     Checking `Expect predicate `existsNoRetry == 1` for object "import-status" StaticText`
    t =    14.52s         Checking existence of `"import-status" StaticText`
    t =    14.62s Find the "import-status" StaticText
    t =    14.71s Waiting 5.0s for "import-passphrase" SecureTextField to exist
    t =    15.77s     Checking `Expect predicate `existsNoRetry == 1` for object "import-passphrase" SecureTextField`
    t =    15.77s         Checking existence of `"import-passphrase" SecureTextField`
    t =    15.87s Tap "import-passphrase" SecureTextField
    t =    15.87s     Wait for com.bicterm.app to idle
    t =    15.87s     Find the "import-passphrase" SecureTextField
    t =    15.97s     Check for interrupting elements affecting "import-passphrase" SecureTextField
    t =    16.05s         Wait for com.apple.springboard to idle
    t =    16.07s Ignoring failure to get hierarchy for remote element in process 1995 (Error getting main window kAXErrorServerNotFound)
    t =    16.08s Ignoring failure to get hierarchy for remote element in process 1995 (Error getting main window kAXErrorServerNotFound)
    t =    16.08s     Synthesize event
    t =    16.38s     Wait for com.bicterm.app to idle
    t =    16.38s Type '<redacted>' into "import-passphrase" SecureTextField
    t =    16.38s     Wait for com.bicterm.app to idle
    t =    16.38s     Find the "import-passphrase" SecureTextField
    t =    16.48s     Check for interrupting elements affecting "import-passphrase" SecureTextField
    t =    16.56s         Wait for com.apple.springboard to idle
    t =    16.58s Ignoring failure to get hierarchy for remote element in process 1995 (Error getting main window kAXErrorServerNotFound)
    t =    16.58s Ignoring failure to get hierarchy for remote element in process 1995 (Error getting main window kAXErrorServerNotFound)
    t =    16.59s     Synthesize event
    t =    16.92s     Wait for com.bicterm.app to idle
    t =    16.93s Tap "import-save" Button
    t =    16.93s     Wait for com.bicterm.app to idle
    t =    16.93s     Find the "import-save" Button
    t =    17.02s     Check for interrupting elements affecting "import-save" Button
    t =    17.10s         Wait for com.apple.springboard to idle
    t =    17.13s Ignoring failure to get hierarchy for remote element in process 1995 (Error getting main window kAXErrorServerNotFound)
    t =    17.13s Ignoring failure to get hierarchy for remote element in process 1995 (Error getting main window kAXErrorServerNotFound)
    t =    17.13s     Synthesize event
    t =    17.42s     Wait for com.bicterm.app to idle
    t =    18.24s Waiting 10.0s for "fixture-key" StaticText to exist
    t =    19.27s     Checking `Expect predicate `existsNoRetry == 1` for object "fixture-key" StaticText`
    t =    19.27s         Checking existence of `"fixture-key" StaticText`
    t =    19.34s Waiting 10.0s for "fixture-key" StaticText to exist
    t =    20.40s     Checking `Expect predicate `existsNoRetry == 1` for object "fixture-key" StaticText`
    t =    20.40s         Checking existence of `"fixture-key" StaticText`
    t =    20.47s Checking existence of `"Key Details" NavigationBar`
    t =    20.52s Find the "fixture-key" StaticText
    t =    20.60s Tap "fixture-key" StaticText[0.50, 0.50]
    t =    20.60s     Wait for com.bicterm.app to idle
    t =    20.60s     Find the "fixture-key" StaticText
    t =    20.66s     Check for interrupting elements affecting "fixture-key" StaticText
    t =    20.72s         Wait for com.apple.springboard to idle
    t =    20.74s Ignoring failure to get hierarchy for remote element in process 1995 (Error getting main window kAXErrorServerNotFound)
    t =    20.75s Ignoring failure to get hierarchy for remote element in process 1995 (Error getting main window kAXErrorServerNotFound)
    t =    20.75s     Found 1 interrupting element:
    t =    20.75s         Find the "Save Password?" Alert
    t =    20.80s "Save Password?" Alert from Target Application 'com.bicterm.app'
    t =    20.80s     Invoking UI interruption monitors for "Save Password?" Alert from Target Application 'com.bicterm.app'
    t =    20.80s         Find the "Save Password?" Alert
    t =    20.85s         Checking existence of `Button (Elements matching predicate 'userTestingAttributes CONTAINS "cancel-button"')`
    t =    20.93s         Checking existence of `Button (Elements matching predicate 'userTestingAttributes CONTAINS "cancel-button"')`
    t =    21.00s Default interruption handler attempting to dismiss alert by tapping Button (Elements matching predicate 'userTestingAttributes CONTAINS "cancel-button"').
    t =    21.00s         Tap Button (Elements matching predicate 'userTestingAttributes CONTAINS "cancel-button"')
    t =    21.00s             Wait for com.bicterm.app to idle
    t =    21.00s             Find the Button (Elements matching predicate 'userTestingAttributes CONTAINS "cancel-button"')
    t =    21.08s             Check for interrupting elements affecting "Not Now" Button
    t =    21.14s                 Wait for com.apple.springboard to idle
    t =    21.16s Ignoring failure to get hierarchy for remote element in process 1995 (Error getting main window kAXErrorServerNotFound)
    t =    21.16s Ignoring failure to get hierarchy for remote element in process 1995 (Error getting main window kAXErrorServerNotFound)
    t =    21.17s             Synthesize event
    t =    21.46s             Wait for com.bicterm.app to idle
    t =    21.47s         Waiting 1.0s for "Save Password?" Alert to not exist
    t =    22.47s             Checking `Expect predicate `existsNoRetry == 0` for object "Save Password?" Alert`
    t =    22.47s                 Checking existence of `"Save Password?" Alert`
    t =    22.51s             Checking existence of `"Save Password?" Alert`
    t =    22.54s         Verifying handling...
    t =    22.58s             Wait for com.apple.springboard to idle
    t =    22.61s Ignoring failure to get hierarchy for remote element in process 1995 (Error getting main window kAXErrorServerNotFound)
    t =    22.61s Ignoring failure to get hierarchy for remote element in process 1995 (Error getting main window kAXErrorServerNotFound)
    t =    22.61s Confirmed successful handling of interrupting element
    t =    22.61s     Synthesize event
    t =    22.61s         Find the "fixture-key" StaticText
    t =    22.66s         Find the "fixture-key" StaticText
    t =    22.71s         Find the "fixture-key" StaticText
    t =    23.03s     Wait for com.bicterm.app to idle
    t =    23.78s Waiting 3.0s for "Key Details" NavigationBar to exist
    t =    24.81s     Checking `Expect predicate `existsNoRetry == 1` for object "Key Details" NavigationBar`
    t =    24.81s         Checking existence of `"Key Details" NavigationBar`
    t =    24.87s Checking existence of `"Key Details" NavigationBar`
    t =    24.92s Waiting 5.0s for "public-key-text" StaticText to exist
    t =    25.94s     Checking `Expect predicate `existsNoRetry == 1` for object "public-key-text" StaticText`
    t =    25.94s         Checking existence of `"public-key-text" StaticText`
    t =    25.98s Find the "public-key-text" StaticText
    t =    26.03s Waiting 5.0s for "copy-public-key" Button to exist
    t =    27.08s     Checking `Expect predicate `existsNoRetry == 1` for object "copy-public-key" Button`
    t =    27.08s         Checking existence of `"copy-public-key" Button`
    t =    27.13s Find the "copy-public-key" Button
    t =    27.19s Tap "copy-public-key" Button
    t =    27.19s     Wait for com.bicterm.app to idle
    t =    27.19s     Find the "copy-public-key" Button
    t =    27.24s     Check for interrupting elements affecting "copy-public-key" Button
    t =    27.28s         Wait for com.apple.springboard to idle
    t =    27.30s Ignoring failure to get hierarchy for remote element in process 1995 (Error getting main window kAXErrorServerNotFound)
    t =    27.30s Ignoring failure to get hierarchy for remote element in process 1995 (Error getting main window kAXErrorServerNotFound)
    t =    27.31s     Synthesize event
    t =    27.60s     Wait for com.bicterm.app to idle
    t =    27.61s Waiting 5.0s for "copy-confirmation" StaticText to exist
    t =    28.62s     Checking `Expect predicate `existsNoRetry == 1` for object "copy-confirmation" StaticText`
    t =    28.63s         Checking existence of `"copy-confirmation" StaticText`
    t =    28.67s Find the "copy-confirmation" StaticText
    t =    28.72s Tear Down
Test Case '-[BicTermUITests.KeyManagementUITests testCopyPublicKeyConfirmsStateAndMatchesAuthorizedKeysLine]' passed (28.940 seconds).
Test Case '-[BicTermUITests.KeyManagementUITests testDeleteKeyWarnsAboutReferencingConnectionsAndConfirms]' started.
    t =     0.00s Start Test at 2026-09-08 22:59:27.562
    t =     0.02s Set Up
    t =     0.02s Open com.bicterm.app
    t =     0.03s     Launch com.bicterm.app
    t =     0.03s         Terminate com.bicterm.app:33780
2026-09-08 22:59:28.636 xcodebuild[31656:29943544] [MT] IDELaunchParametersSnapshot: The operation couldn’t be completed. (DebuggerLLDB.DebuggerVersionStore.StoreError error 0.)
2026-09-08 22:59:28.636 xcodebuild[31656:29943544] [MT] IDELaunchParametersSnapshot: no debugger version
    t =     1.48s         Setting up automation session
    t =     2.23s         Wait for com.bicterm.app to idle
    t =     3.92s Waiting 15.0s for "SSH Keys" NavigationBar to exist
    t =     4.97s     Checking `Expect predicate `existsNoRetry == 1` for object "SSH Keys" NavigationBar`
    t =     4.97s         Checking existence of `"SSH Keys" NavigationBar`
    t =     5.07s Waiting 10.0s for "SE Test Key" StaticText to exist
    t =     6.13s     Checking `Expect predicate `existsNoRetry == 1` for object "SE Test Key" StaticText`
    t =     6.13s         Checking existence of `"SE Test Key" StaticText`
    t =     6.18s Waiting 10.0s for "SE Test Key" StaticText to exist
    t =     7.23s     Checking `Expect predicate `existsNoRetry == 1` for object "SE Test Key" StaticText`
    t =     7.23s         Checking existence of `"SE Test Key" StaticText`
    t =     7.28s Checking existence of `"Key Details" NavigationBar`
    t =     7.32s Find the "SE Test Key" StaticText
    t =     7.39s Tap "SE Test Key" StaticText
    t =     7.39s     Wait for com.bicterm.app to idle
    t =     7.39s     Find the "SE Test Key" StaticText
    t =     7.44s     Check for interrupting elements affecting "SE Test Key" StaticText
    t =     7.49s         Wait for com.apple.springboard to idle
    t =     7.51s Ignoring failure to get hierarchy for remote element in process 1995 (Error getting main window kAXErrorServerNotFound)
    t =     7.51s Ignoring failure to get hierarchy for remote element in process 1995 (Error getting main window kAXErrorServerNotFound)
    t =     7.52s     Synthesize event
    t =     7.81s     Wait for com.bicterm.app to idle
    t =     8.61s Waiting 3.0s for "Key Details" NavigationBar to exist
    t =     9.65s     Checking `Expect predicate `existsNoRetry == 1` for object "Key Details" NavigationBar`
    t =     9.65s         Checking existence of `"Key Details" NavigationBar`
    t =     9.72s Checking existence of `"Key Details" NavigationBar`
    t =     9.77s Waiting 5.0s for "delete-key" Button to exist
    t =    10.80s     Checking `Expect predicate `existsNoRetry == 1` for object "delete-key" Button`
    t =    10.80s         Checking existence of `"delete-key" Button`
    t =    10.85s Find the "delete-key" Button
    t =    10.91s Tap "delete-key" Button
    t =    10.91s     Wait for com.bicterm.app to idle
    t =    10.91s     Find the "delete-key" Button
    t =    10.96s     Check for interrupting elements affecting "delete-key" Button
    t =    11.01s         Wait for com.apple.springboard to idle
    t =    11.03s Ignoring failure to get hierarchy for remote element in process 1995 (Error getting main window kAXErrorServerNotFound)
    t =    11.03s Ignoring failure to get hierarchy for remote element in process 1995 (Error getting main window kAXErrorServerNotFound)
    t =    11.03s     Synthesize event
    t =    11.32s     Wait for com.bicterm.app to idle
    t =    11.79s Waiting 5.0s for Any (First Match) to exist
    t =    12.81s     Checking `Expect predicate `existsNoRetry == 1` for object Any (First Match)`
    t =    12.81s         Checking existence of `Any (First Match)`
    t =    12.88s Find the "confirm-delete-key" Button
    t =    12.96s Tap "confirm-delete-key" Button
    t =    12.96s     Wait for com.bicterm.app to idle
    t =    12.97s     Find the "confirm-delete-key" Button
    t =    13.04s     Check for interrupting elements affecting "confirm-delete-key" Button
    t =    13.10s         Wait for com.apple.springboard to idle
    t =    13.12s Ignoring failure to get hierarchy for remote element in process 1995 (Error getting main window kAXErrorServerNotFound)
    t =    13.12s Ignoring failure to get hierarchy for remote element in process 1995 (Error getting main window kAXErrorServerNotFound)
    t =    13.13s     Synthesize event
    t =    13.42s     Wait for com.bicterm.app to idle
    t =    13.76s Waiting 10.0s for "No Keys Yet" StaticText to exist
    t =    14.78s     Checking `Expect predicate `existsNoRetry == 1` for object "No Keys Yet" StaticText`
    t =    14.79s         Checking existence of `"No Keys Yet" StaticText`
    t =    14.83s Checking existence of `"SE Test Key" StaticText`
    t =    14.88s Tear Down
Test Case '-[BicTermUITests.KeyManagementUITests testDeleteKeyWarnsAboutReferencingConnectionsAndConfirms]' passed (15.480 seconds).
Test Case '-[BicTermUITests.KeyManagementUITests testDSAPasteIsRejectedWithTypedMessageAndListStaysEmpty]' started.
    t =     0.00s Start Test at 2026-09-08 22:59:43.044
    t =     0.02s Set Up
    t =     0.02s Open com.bicterm.app
    t =     0.02s     Launch com.bicterm.app
    t =     0.02s         Terminate com.bicterm.app:33842
2026-09-08 22:59:44.118 xcodebuild[31656:29943544] [MT] IDELaunchParametersSnapshot: The operation couldn’t be completed. (DebuggerLLDB.DebuggerVersionStore.StoreError error 0.)
2026-09-08 22:59:44.118 xcodebuild[31656:29943544] [MT] IDELaunchParametersSnapshot: no debugger version
    t =     1.29s         Setting up automation session
    t =     2.15s         Wait for com.bicterm.app to idle
    t =     3.82s Waiting 15.0s for "SSH Keys" NavigationBar to exist
    t =     4.85s     Checking `Expect predicate `existsNoRetry == 1` for object "SSH Keys" NavigationBar`
    t =     4.85s         Checking existence of `"SSH Keys" NavigationBar`
    t =     4.95s Waiting 5.0s for "keys-add-menu" Button to exist
    t =     6.00s     Checking `Expect predicate `existsNoRetry == 1` for object "keys-add-menu" Button`
    t =     6.00s         Checking existence of `"keys-add-menu" Button`
    t =     6.05s Tap "keys-add-menu" Button
    t =     6.05s     Wait for com.bicterm.app to idle
    t =     6.05s     Find the "keys-add-menu" Button
    t =     6.10s     Check for interrupting elements affecting "keys-add-menu" Button
    t =     6.14s         Wait for com.apple.springboard to idle
    t =     6.16s Ignoring failure to get hierarchy for remote element in process 1995 (Error getting main window kAXErrorServerNotFound)
    t =     6.17s Ignoring failure to get hierarchy for remote element in process 1995 (Error getting main window kAXErrorServerNotFound)
    t =     6.17s     Synthesize event
    t =     6.47s     Wait for com.bicterm.app to idle
    t =     7.40s Checking existence of `"menu-import" Button`
    t =     7.45s Waiting 5.0s for "menu-import" Button to exist
    t =     8.50s     Checking `Expect predicate `existsNoRetry == 1` for object "menu-import" Button`
    t =     8.50s         Checking existence of `"menu-import" Button`
    t =     8.55s Tap "menu-import" Button
    t =     8.55s     Wait for com.bicterm.app to idle
    t =     8.55s     Find the "menu-import" Button
    t =     8.60s     Check for interrupting elements affecting "menu-import" Button
    t =     8.64s         Wait for com.apple.springboard to idle
    t =     8.67s Ignoring failure to get hierarchy for remote element in process 1995 (Error getting main window kAXErrorServerNotFound)
    t =     8.67s Ignoring failure to get hierarchy for remote element in process 1995 (Error getting main window kAXErrorServerNotFound)
    t =     8.67s     Synthesize event
    t =     8.96s     Wait for com.bicterm.app to idle
    t =    10.16s Waiting 5.0s for "import-label" TextField to exist
    t =    11.19s     Checking `Expect predicate `existsNoRetry == 1` for object "import-label" TextField`
    t =    11.19s         Checking existence of `"import-label" TextField`
    t =    11.28s Tap "import-label" TextField
    t =    11.28s     Wait for com.bicterm.app to idle
    t =    11.29s     Find the "import-label" TextField
    t =    11.36s     Check for interrupting elements affecting "import-label" TextField
    t =    11.43s         Wait for com.apple.springboard to idle
    t =    11.46s Ignoring failure to get hierarchy for remote element in process 1995 (Error getting main window kAXErrorServerNotFound)
    t =    11.46s Ignoring failure to get hierarchy for remote element in process 1995 (Error getting main window kAXErrorServerNotFound)
    t =    11.46s     Synthesize event
    t =    11.75s     Wait for com.bicterm.app to idle
    t =    11.81s Type 'bad-dsa' into "import-label" TextField
    t =    11.81s     Wait for com.bicterm.app to idle
    t =    12.19s     Find the "import-label" TextField
    t =    12.32s     Check for interrupting elements affecting "import-label" TextField
    t =    12.40s         Wait for com.apple.springboard to idle
    t =    12.42s Ignoring failure to get hierarchy for remote element in process 1995 (Error getting main window kAXErrorServerNotFound)
    t =    12.42s Ignoring failure to get hierarchy for remote element in process 1995 (Error getting main window kAXErrorServerNotFound)
    t =    12.43s     Synthesize event
    t =    12.75s     Wait for com.bicterm.app to idle
    t =    12.75s Tap "import-paste" Button
    t =    12.75s     Wait for com.bicterm.app to idle
    t =    12.75s     Find the "import-paste" Button
    t =    12.85s     Check for interrupting elements affecting "import-paste" Button
    t =    12.93s         Wait for com.apple.springboard to idle
    t =    12.95s Ignoring failure to get hierarchy for remote element in process 1995 (Error getting main window kAXErrorServerNotFound)
    t =    12.95s Ignoring failure to get hierarchy for remote element in process 1995 (Error getting main window kAXErrorServerNotFound)
    t =    12.95s     Synthesize event
    t =    13.25s     Wait for com.bicterm.app to idle
    t =    13.50s Waiting 5.0s for "import-status" StaticText to exist
    t =    14.55s     Checking `Expect predicate `existsNoRetry == 1` for object "import-status" StaticText`
    t =    14.55s         Checking existence of `"import-status" StaticText`
    t =    14.65s Find the "import-status" StaticText
    t =    14.74s Checking existence of `"import-save" Button`
    t =    14.83s Find the "import-save" Button
    t =    15.12s Tap "import-cancel" Button
    t =    15.12s     Wait for com.bicterm.app to idle
    t =    15.12s     Find the "import-cancel" Button
    t =    15.22s     Check for interrupting elements affecting "import-cancel" Button
    t =    15.30s         Wait for com.apple.springboard to idle
    t =    15.32s Ignoring failure to get hierarchy for remote element in process 1995 (Error getting main window kAXErrorServerNotFound)
    t =    15.32s Ignoring failure to get hierarchy for remote element in process 1995 (Error getting main window kAXErrorServerNotFound)
    t =    15.33s     Synthesize event
    t =    15.63s     Wait for com.bicterm.app to idle
    t =    16.29s Waiting 5.0s for "key-empty-state" Other to exist
    t =    17.33s     Checking `Expect predicate `existsNoRetry == 1` for object "key-empty-state" Other`
    t =    17.33s         Checking existence of `"key-empty-state" Other`
    t =    17.38s         Capturing element debug description
    t =    18.33s     Checking `Expect predicate `existsNoRetry == 1` for object "key-empty-state" Other`
    t =    18.33s         Checking existence of `"key-empty-state" Other`
    t =    18.37s         Capturing element debug description
    t =    19.32s     Checking `Expect predicate `existsNoRetry == 1` for object "key-empty-state" Other`
    t =    19.32s         Checking existence of `"key-empty-state" Other`
    t =    19.36s         Capturing element debug description
    t =    20.30s     Checking `Expect predicate `existsNoRetry == 1` for object "key-empty-state" Other`
    t =    20.30s         Checking existence of `"key-empty-state" Other`
    t =    20.35s         Capturing element debug description
    t =    21.29s     Checking `Expect predicate `existsNoRetry == 1` for object "key-empty-state" Other`
    t =    21.29s         Checking existence of `"key-empty-state" Other`
    t =    21.34s         Capturing element debug description
    t =    21.34s     Checking existence of `"key-empty-state" Other`
    t =    21.38s Collecting debug information to assist test failure triage
    t =    21.38s     Requesting snapshot of accessibility hierarchy for app with pid 33880
    t =    21.46s Waiting 5.0s for "No Keys Yet" StaticText to exist
    t =    22.48s     Checking `Expect predicate `existsNoRetry == 1` for object "No Keys Yet" StaticText`
    t =    22.48s         Checking existence of `"No Keys Yet" StaticText`
    t =    22.53s Checking existence of `"bad-dsa" StaticText`
    t =    22.57s Tear Down
Test Case '-[BicTermUITests.KeyManagementUITests testDSAPasteIsRejectedWithTypedMessageAndListStaysEmpty]' passed (22.921 seconds).
Test Case '-[BicTermUITests.KeyManagementUITests testGenerateEd25519KeyAppearsWithBadgeFingerprintAndCreatedDate]' started.
    t =     0.00s Start Test at 2026-09-08 23:00:05.965
    t =     0.02s Set Up
    t =     0.02s Open com.bicterm.app
    t =     0.02s     Launch com.bicterm.app
    t =     0.02s         Terminate com.bicterm.app:33880
2026-09-08 23:00:07.077 xcodebuild[31656:29943544] [MT] IDELaunchParametersSnapshot: The operation couldn’t be completed. (DebuggerLLDB.DebuggerVersionStore.StoreError error 0.)
2026-09-08 23:00:07.077 xcodebuild[31656:29943544] [MT] IDELaunchParametersSnapshot: no debugger version
    t =     1.53s         Setting up automation session
    t =     2.28s         Wait for com.bicterm.app to idle
    t =     3.94s Waiting 15.0s for "SSH Keys" NavigationBar to exist
    t =     4.96s     Checking `Expect predicate `existsNoRetry == 1` for object "SSH Keys" NavigationBar`
    t =     4.96s         Checking existence of `"SSH Keys" NavigationBar`
    t =     5.05s Waiting 5.0s for "keys-add-menu" Button to exist
    t =     6.07s     Checking `Expect predicate `existsNoRetry == 1` for object "keys-add-menu" Button`
    t =     6.08s         Checking existence of `"keys-add-menu" Button`
    t =     6.12s Tap "keys-add-menu" Button
    t =     6.12s     Wait for com.bicterm.app to idle
    t =     6.13s     Find the "keys-add-menu" Button
    t =     6.17s     Check for interrupting elements affecting "keys-add-menu" Button
    t =     6.22s         Wait for com.apple.springboard to idle
    t =     6.25s Ignoring failure to get hierarchy for remote element in process 1995 (Error getting main window kAXErrorServerNotFound)
    t =     6.25s Ignoring failure to get hierarchy for remote element in process 1995 (Error getting main window kAXErrorServerNotFound)
    t =     6.25s     Synthesize event
    t =     6.55s     Wait for com.bicterm.app to idle
    t =     7.46s Checking existence of `"menu-generate" Button`
    t =     7.51s Waiting 5.0s for "menu-generate" Button to exist
    t =     8.57s     Checking `Expect predicate `existsNoRetry == 1` for object "menu-generate" Button`
    t =     8.57s         Checking existence of `"menu-generate" Button`
    t =     8.62s Tap "menu-generate" Button
    t =     8.62s     Wait for com.bicterm.app to idle
    t =     8.62s     Find the "menu-generate" Button
    t =     8.67s     Check for interrupting elements affecting "menu-generate" Button
    t =     8.71s         Wait for com.apple.springboard to idle
    t =     8.74s Ignoring failure to get hierarchy for remote element in process 1995 (Error getting main window kAXErrorServerNotFound)
    t =     8.74s Ignoring failure to get hierarchy for remote element in process 1995 (Error getting main window kAXErrorServerNotFound)
    t =     8.74s     Synthesize event
    t =     9.03s     Wait for com.bicterm.app to idle
    t =    10.25s Waiting 5.0s for "generate-label" TextField to exist
    t =    11.29s     Checking `Expect predicate `existsNoRetry == 1` for object "generate-label" TextField`
    t =    11.29s         Checking existence of `"generate-label" TextField`
    t =    11.38s Tap "generate-label" TextField
    t =    11.38s     Wait for com.bicterm.app to idle
    t =    11.39s     Find the "generate-label" TextField
    t =    11.46s     Check for interrupting elements affecting "generate-label" TextField
    t =    11.53s         Wait for com.apple.springboard to idle
    t =    11.55s Ignoring failure to get hierarchy for remote element in process 1995 (Error getting main window kAXErrorServerNotFound)
    t =    11.55s Ignoring failure to get hierarchy for remote element in process 1995 (Error getting main window kAXErrorServerNotFound)
    t =    11.55s     Synthesize event
    t =    11.85s     Wait for com.bicterm.app to idle
    t =    12.72s Type 'gen-ed25519' into "generate-label" TextField
    t =    12.72s     Wait for com.bicterm.app to idle
    t =    12.72s     Find the "generate-label" TextField
    t =    12.84s     Check for interrupting elements affecting "generate-label" TextField
    t =    12.92s         Wait for com.apple.springboard to idle
    t =    12.94s Ignoring failure to get hierarchy for remote element in process 1995 (Error getting main window kAXErrorServerNotFound)
    t =    12.94s Ignoring failure to get hierarchy for remote element in process 1995 (Error getting main window kAXErrorServerNotFound)
    t =    12.95s     Synthesize event
    t =    13.33s     Wait for com.bicterm.app to idle
    t =    13.33s Checking existence of `"Return" Button`
    t =    13.41s Tap "Return" Button
    t =    13.41s     Wait for com.bicterm.app to idle
    t =    13.42s     Find the "Return" Button
    t =    13.50s     Check for interrupting elements affecting "Return" Button
    t =    13.58s         Wait for com.apple.springboard to idle
    t =    13.61s Ignoring failure to get hierarchy for remote element in process 1995 (Error getting main window kAXErrorServerNotFound)
    t =    13.61s Ignoring failure to get hierarchy for remote element in process 1995 (Error getting main window kAXErrorServerNotFound)
    t =    13.61s     Synthesize event
    t =    13.90s     Wait for com.bicterm.app to idle
    t =    14.16s Waiting 5.0s for "generate-biometrics" Switch to exist
    t =    15.19s     Checking `Expect predicate `existsNoRetry == 1` for object "generate-biometrics" Switch`
    t =    15.19s         Checking existence of `"generate-biometrics" Switch`
    t =    15.26s Find the "generate-biometrics" Switch
    t =    15.33s Find the "generate-biometrics" Switch
    t =    15.42s Tap "generate-biometrics" Switch[0.93, 0.50]
    t =    15.42s     Wait for com.bicterm.app to idle
    t =    15.42s     Find the "generate-biometrics" Switch
    t =    15.49s     Check for interrupting elements affecting "generate-biometrics" Switch
    t =    15.56s         Wait for com.apple.springboard to idle
    t =    15.58s Ignoring failure to get hierarchy for remote element in process 1995 (Error getting main window kAXErrorServerNotFound)
    t =    15.59s Ignoring failure to get hierarchy for remote element in process 1995 (Error getting main window kAXErrorServerNotFound)
    t =    15.59s     Synthesize event
    t =    15.59s         Find the "generate-biometrics" Switch
    t =    15.67s         Find the "generate-biometrics" Switch
    t =    15.75s         Find the "generate-biometrics" Switch
    t =    16.10s     Wait for com.bicterm.app to idle
    t =    17.40s Find the "generate-biometrics" Switch
    t =    17.48s Tap "generate-save" Button
    t =    17.48s     Wait for com.bicterm.app to idle
    t =    17.48s     Find the "generate-save" Button
    t =    17.55s     Check for interrupting elements affecting "generate-save" Button
    t =    17.62s         Wait for com.apple.springboard to idle
    t =    17.64s Ignoring failure to get hierarchy for remote element in process 1995 (Error getting main window kAXErrorServerNotFound)
    t =    17.65s Ignoring failure to get hierarchy for remote element in process 1995 (Error getting main window kAXErrorServerNotFound)
    t =    17.65s     Synthesize event
    t =    17.95s     Wait for com.bicterm.app to idle
    t =    18.60s Waiting 10.0s for "gen-ed25519" StaticText to exist
    t =    19.62s     Checking `Expect predicate `existsNoRetry == 1` for object "gen-ed25519" StaticText`
    t =    19.62s         Checking existence of `"gen-ed25519" StaticText`
    t =    19.68s Checking existence of `"ed25519" StaticText`
    t =    19.72s Waiting 5.0s for "key-fingerprint" StaticText to exist
    t =    20.74s     Checking `Expect predicate `existsNoRetry == 1` for object "key-fingerprint" StaticText`
    t =    20.74s         Checking existence of `"key-fingerprint" StaticText`
    t =    20.79s Find the "key-fingerprint" StaticText
    t =    20.84s Waiting 5.0s for "key-created" StaticText to exist
    t =    21.89s     Checking `Expect predicate `existsNoRetry == 1` for object "key-created" StaticText`
    t =    21.89s         Checking existence of `"key-created" StaticText`
    t =    21.95s Tear Down
Test Case '-[BicTermUITests.KeyManagementUITests testGenerateEd25519KeyAppearsWithBadgeFingerprintAndCreatedDate]' passed (22.161 seconds).
Test Case '-[BicTermUITests.KeyManagementUITests testGenerateSecureEnclaveKeyOnHardware]' started.
    t =     0.00s Start Test at 2026-09-08 23:00:28.127
    t =     0.02s Set Up
    t =     0.02s Open com.bicterm.app
    t =     0.02s     Launch com.bicterm.app
    t =     0.02s         Terminate com.bicterm.app:33927
2026-09-08 23:00:29.191 xcodebuild[31656:29943544] [MT] IDELaunchParametersSnapshot: The operation couldn’t be completed. (DebuggerLLDB.DebuggerVersionStore.StoreError error 0.)
2026-09-08 23:00:29.191 xcodebuild[31656:29943544] [MT] IDELaunchParametersSnapshot: no debugger version
    t =     1.48s         Setting up automation session
    t =     2.25s         Wait for com.bicterm.app to idle
    t =     3.84s Waiting 15.0s for "SSH Keys" NavigationBar to exist
    t =     4.89s     Checking `Expect predicate `existsNoRetry == 1` for object "SSH Keys" NavigationBar`
    t =     4.89s         Checking existence of `"SSH Keys" NavigationBar`
    t =     4.99s Waiting 5.0s for "keys-add-menu" Button to exist
    t =     6.05s     Checking `Expect predicate `existsNoRetry == 1` for object "keys-add-menu" Button`
    t =     6.05s         Checking existence of `"keys-add-menu" Button`
    t =     6.10s Tap "keys-add-menu" Button
    t =     6.10s     Wait for com.bicterm.app to idle
    t =     6.10s     Find the "keys-add-menu" Button
    t =     6.14s     Check for interrupting elements affecting "keys-add-menu" Button
    t =     6.19s         Wait for com.apple.springboard to idle
    t =     6.21s Ignoring failure to get hierarchy for remote element in process 1995 (Error getting main window kAXErrorServerNotFound)
    t =     6.21s Ignoring failure to get hierarchy for remote element in process 1995 (Error getting main window kAXErrorServerNotFound)
    t =     6.21s     Synthesize event
    t =     6.51s     Wait for com.bicterm.app to idle
    t =     7.41s Checking existence of `"menu-generate" Button`
    t =     7.47s Waiting 5.0s for "menu-generate" Button to exist
    t =     8.51s     Checking `Expect predicate `existsNoRetry == 1` for object "menu-generate" Button`
    t =     8.51s         Checking existence of `"menu-generate" Button`
    t =     8.56s Tap "menu-generate" Button
    t =     8.56s     Wait for com.bicterm.app to idle
    t =     8.56s     Find the "menu-generate" Button
    t =     8.61s     Check for interrupting elements affecting "menu-generate" Button
    t =     8.65s         Wait for com.apple.springboard to idle
    t =     8.67s Ignoring failure to get hierarchy for remote element in process 1995 (Error getting main window kAXErrorServerNotFound)
    t =     8.67s Ignoring failure to get hierarchy for remote element in process 1995 (Error getting main window kAXErrorServerNotFound)
    t =     8.68s     Synthesize event
    t =     8.97s     Wait for com.bicterm.app to idle
    t =    10.17s Waiting 5.0s for "generate-label" TextField to exist
    t =    11.22s     Checking `Expect predicate `existsNoRetry == 1` for object "generate-label" TextField`
    t =    11.22s         Checking existence of `"generate-label" TextField`
    t =    11.31s Tap "generate-label" TextField
    t =    11.31s     Wait for com.bicterm.app to idle
    t =    11.31s     Find the "generate-label" TextField
    t =    11.38s     Check for interrupting elements affecting "generate-label" TextField
    t =    11.44s         Wait for com.apple.springboard to idle
    t =    11.46s Ignoring failure to get hierarchy for remote element in process 1995 (Error getting main window kAXErrorServerNotFound)
    t =    11.46s Ignoring failure to get hierarchy for remote element in process 1995 (Error getting main window kAXErrorServerNotFound)
    t =    11.47s     Synthesize event
    t =    11.76s     Wait for com.bicterm.app to idle
    t =    12.61s Type 'se-hw-key' into "generate-label" TextField
    t =    12.61s     Wait for com.bicterm.app to idle
    t =    12.61s     Find the "generate-label" TextField
    t =    12.73s     Check for interrupting elements affecting "generate-label" TextField
    t =    12.81s         Wait for com.apple.springboard to idle
    t =    12.83s Ignoring failure to get hierarchy for remote element in process 1995 (Error getting main window kAXErrorServerNotFound)
    t =    12.83s Ignoring failure to get hierarchy for remote element in process 1995 (Error getting main window kAXErrorServerNotFound)
    t =    12.84s     Synthesize event
    t =    13.19s     Wait for com.bicterm.app to idle
    t =    13.19s Checking existence of `"Return" Button`
    t =    13.28s Tap "Return" Button
    t =    13.28s     Wait for com.bicterm.app to idle
    t =    13.28s     Find the "Return" Button
    t =    13.37s     Check for interrupting elements affecting "Return" Button
    t =    13.45s         Wait for com.apple.springboard to idle
    t =    13.47s Ignoring failure to get hierarchy for remote element in process 1995 (Error getting main window kAXErrorServerNotFound)
    t =    13.47s Ignoring failure to get hierarchy for remote element in process 1995 (Error getting main window kAXErrorServerNotFound)
    t =    13.48s     Synthesize event
    t =    13.77s     Wait for com.bicterm.app to idle
    t =    14.02s Waiting 5.0s for "generate-biometrics" Switch to exist
    t =    15.05s     Checking `Expect predicate `existsNoRetry == 1` for object "generate-biometrics" Switch`
    t =    15.05s         Checking existence of `"generate-biometrics" Switch`
    t =    15.12s Find the "generate-biometrics" Switch
    t =    15.19s Find the "generate-biometrics" Switch
    t =    15.28s Tap "generate-biometrics" Switch[0.93, 0.50]
    t =    15.28s     Wait for com.bicterm.app to idle
    t =    15.28s     Find the "generate-biometrics" Switch
    t =    15.35s     Check for interrupting elements affecting "generate-biometrics" Switch
    t =    15.41s         Wait for com.apple.springboard to idle
    t =    15.44s Ignoring failure to get hierarchy for remote element in process 1995 (Error getting main window kAXErrorServerNotFound)
    t =    15.44s Ignoring failure to get hierarchy for remote element in process 1995 (Error getting main window kAXErrorServerNotFound)
    t =    15.44s     Synthesize event
    t =    15.44s         Find the "generate-biometrics" Switch
    t =    15.52s         Find the "generate-biometrics" Switch
    t =    15.59s         Find the "generate-biometrics" Switch
    t =    15.95s     Wait for com.bicterm.app to idle
    t =    17.24s Find the "generate-biometrics" Switch
    t =    17.31s Tap "generate-type" Button
    t =    17.31s     Wait for com.bicterm.app to idle
    t =    17.31s     Find the "generate-type" Button
    t =    17.38s     Check for interrupting elements affecting "generate-type" Button
    t =    17.45s         Wait for com.apple.springboard to idle
    t =    17.47s Ignoring failure to get hierarchy for remote element in process 1995 (Error getting main window kAXErrorServerNotFound)
    t =    17.47s Ignoring failure to get hierarchy for remote element in process 1995 (Error getting main window kAXErrorServerNotFound)
    t =    17.48s     Synthesize event
    t =    17.76s     Wait for com.bicterm.app to idle
    t =    18.84s Tap "P-256 Secure Enclave" Button
    t =    18.84s     Wait for com.bicterm.app to idle
    t =    18.84s     Find the "P-256 Secure Enclave" Button
    t =    18.92s     Check for interrupting elements affecting "P-256 Secure Enclave" Button
    t =    18.99s         Wait for com.apple.springboard to idle
    t =    19.01s Ignoring failure to get hierarchy for remote element in process 1995 (Error getting main window kAXErrorServerNotFound)
    t =    19.01s Ignoring failure to get hierarchy for remote element in process 1995 (Error getting main window kAXErrorServerNotFound)
    t =    19.01s     Synthesize event
    t =    19.31s     Wait for com.bicterm.app to idle
    t =    20.72s Tap "generate-save" Button
    t =    20.72s     Wait for com.bicterm.app to idle
    t =    20.73s     Find the "generate-save" Button
    t =    20.80s     Check for interrupting elements affecting "generate-save" Button
    t =    20.86s         Wait for com.apple.springboard to idle
    t =    20.88s Ignoring failure to get hierarchy for remote element in process 1995 (Error getting main window kAXErrorServerNotFound)
    t =    20.89s Ignoring failure to get hierarchy for remote element in process 1995 (Error getting main window kAXErrorServerNotFound)
    t =    20.89s     Synthesize event
    t =    21.18s     Wait for com.bicterm.app to idle
    t =    22.29s Waiting 10.0s for "se-hw-key" StaticText to exist
    t =    23.36s     Checking `Expect predicate `existsNoRetry == 1` for object "se-hw-key" StaticText`
    t =    23.36s         Checking existence of `"se-hw-key" StaticText`
    t =    23.42s Checking existence of `"Secure Enclave" StaticText`
    t =    23.46s Tear Down
Test Case '-[BicTermUITests.KeyManagementUITests testGenerateSecureEnclaveKeyOnHardware]' passed (23.760 seconds).
Test Case '-[BicTermUITests.KeyManagementUITests testGenerateWithBiometricGateDeniedWhenBiometryUnavailable]' started.
    t =     0.00s Start Test at 2026-09-08 23:00:51.889
    t =     0.02s Set Up
    t =     0.03s Open com.bicterm.app
    t =     0.03s     Launch com.bicterm.app
    t =     0.03s         Terminate com.bicterm.app:33966
2026-09-08 23:00:52.975 xcodebuild[31656:29943544] [MT] IDELaunchParametersSnapshot: The operation couldn’t be completed. (DebuggerLLDB.DebuggerVersionStore.StoreError error 0.)
2026-09-08 23:00:52.975 xcodebuild[31656:29943544] [MT] IDELaunchParametersSnapshot: no debugger version
    t =     1.50s         Setting up automation session
    t =     2.26s         Wait for com.bicterm.app to idle
    t =     3.89s Waiting 15.0s for "SSH Keys" NavigationBar to exist
    t =     4.92s     Checking `Expect predicate `existsNoRetry == 1` for object "SSH Keys" NavigationBar`
    t =     4.92s         Checking existence of `"SSH Keys" NavigationBar`
    t =     5.01s Waiting 5.0s for "keys-add-menu" Button to exist
    t =     6.07s     Checking `Expect predicate `existsNoRetry == 1` for object "keys-add-menu" Button`
    t =     6.07s         Checking existence of `"keys-add-menu" Button`
    t =     6.12s Tap "keys-add-menu" Button
    t =     6.12s     Wait for com.bicterm.app to idle
    t =     6.12s     Find the "keys-add-menu" Button
    t =     6.17s     Check for interrupting elements affecting "keys-add-menu" Button
    t =     6.22s         Wait for com.apple.springboard to idle
    t =     6.24s Ignoring failure to get hierarchy for remote element in process 1995 (Error getting main window kAXErrorServerNotFound)
    t =     6.24s Ignoring failure to get hierarchy for remote element in process 1995 (Error getting main window kAXErrorServerNotFound)
    t =     6.24s     Synthesize event
    t =     6.55s     Wait for com.bicterm.app to idle
    t =     7.45s Checking existence of `"menu-generate" Button`
    t =     7.50s Waiting 5.0s for "menu-generate" Button to exist
    t =     8.56s     Checking `Expect predicate `existsNoRetry == 1` for object "menu-generate" Button`
    t =     8.56s         Checking existence of `"menu-generate" Button`
    t =     8.61s Tap "menu-generate" Button
    t =     8.61s     Wait for com.bicterm.app to idle
    t =     8.61s     Find the "menu-generate" Button
    t =     8.65s     Check for interrupting elements affecting "menu-generate" Button
    t =     8.70s         Wait for com.apple.springboard to idle
    t =     8.72s Ignoring failure to get hierarchy for remote element in process 1995 (Error getting main window kAXErrorServerNotFound)
    t =     8.72s Ignoring failure to get hierarchy for remote element in process 1995 (Error getting main window kAXErrorServerNotFound)
    t =     8.73s     Synthesize event
    t =     9.02s     Wait for com.bicterm.app to idle
    t =    10.21s Waiting 5.0s for "generate-label" TextField to exist
    t =    11.27s     Checking `Expect predicate `existsNoRetry == 1` for object "generate-label" TextField`
    t =    11.27s         Checking existence of `"generate-label" TextField`
    t =    11.36s Tap "generate-label" TextField
    t =    11.36s     Wait for com.bicterm.app to idle
    t =    11.37s     Find the "generate-label" TextField
    t =    11.43s     Check for interrupting elements affecting "generate-label" TextField
    t =    11.50s         Wait for com.apple.springboard to idle
    t =    11.52s Ignoring failure to get hierarchy for remote element in process 1995 (Error getting main window kAXErrorServerNotFound)
    t =    11.52s Ignoring failure to get hierarchy for remote element in process 1995 (Error getting main window kAXErrorServerNotFound)
    t =    11.52s     Synthesize event
    t =    11.81s     Wait for com.bicterm.app to idle
    t =    12.66s Type 'gated-key' into "generate-label" TextField
    t =    12.66s     Wait for com.bicterm.app to idle
    t =    12.67s     Find the "generate-label" TextField
    t =    12.79s     Check for interrupting elements affecting "generate-label" TextField
    t =    12.87s         Wait for com.apple.springboard to idle
    t =    12.89s Ignoring failure to get hierarchy for remote element in process 1995 (Error getting main window kAXErrorServerNotFound)
    t =    12.89s Ignoring failure to get hierarchy for remote element in process 1995 (Error getting main window kAXErrorServerNotFound)
    t =    12.90s     Synthesize event
    t =    13.24s     Wait for com.bicterm.app to idle
    t =    13.24s Tap "generate-save" Button
    t =    13.24s     Wait for com.bicterm.app to idle
    t =    13.25s     Find the "generate-save" Button
    t =    13.34s     Check for interrupting elements affecting "generate-save" Button
    t =    13.42s         Wait for com.apple.springboard to idle
    t =    13.44s Ignoring failure to get hierarchy for remote element in process 1995 (Error getting main window kAXErrorServerNotFound)
    t =    13.44s Ignoring failure to get hierarchy for remote element in process 1995 (Error getting main window kAXErrorServerNotFound)
    t =    13.44s     Synthesize event
    t =    13.74s     Wait for com.bicterm.app to idle
    t =    14.46s Waiting 10.0s for "generate-error" StaticText to exist
    t =    15.50s     Checking `Expect predicate `existsNoRetry == 1` for object "generate-error" StaticText`
    t =    15.50s         Checking existence of `"generate-error" StaticText`
    t =    15.60s Find the "generate-error" StaticText
    t =    15.69s Tap "generate-cancel" Button
    t =    15.69s     Wait for com.bicterm.app to idle
    t =    15.69s     Find the "generate-cancel" Button
    t =    15.78s     Check for interrupting elements affecting "generate-cancel" Button
    t =    15.86s         Wait for com.apple.springboard to idle
    t =    15.88s Ignoring failure to get hierarchy for remote element in process 1995 (Error getting main window kAXErrorServerNotFound)
    t =    15.89s Ignoring failure to get hierarchy for remote element in process 1995 (Error getting main window kAXErrorServerNotFound)
    t =    15.89s     Synthesize event
    t =    16.19s     Wait for com.bicterm.app to idle
    t =    16.95s Waiting 5.0s for "No Keys Yet" StaticText to exist
    t =    17.99s     Checking `Expect predicate `existsNoRetry == 1` for object "No Keys Yet" StaticText`
    t =    17.99s         Checking existence of `"No Keys Yet" StaticText`
    t =    18.04s Tear Down
Test Case '-[BicTermUITests.KeyManagementUITests testGenerateWithBiometricGateDeniedWhenBiometryUnavailable]' passed (18.262 seconds).
Test Case '-[BicTermUITests.KeyManagementUITests testImportedKeyAuthenticatesRealSSHSession]' started.
    t =     0.00s Start Test at 2026-09-08 23:01:10.152
    t =     0.02s Set Up
    t =     0.02s Open com.bicterm.app
    t =     0.02s     Launch com.bicterm.app
    t =     0.02s         Terminate com.bicterm.app:34016
2026-09-08 23:01:11.256 xcodebuild[31656:29943544] [MT] IDELaunchParametersSnapshot: The operation couldn’t be completed. (DebuggerLLDB.DebuggerVersionStore.StoreError error 0.)
2026-09-08 23:01:11.256 xcodebuild[31656:29943544] [MT] IDELaunchParametersSnapshot: no debugger version
    t =     1.32s         Setting up automation session
    t =     2.16s         Wait for com.bicterm.app to idle
    t =     3.82s Waiting 15.0s for "SSH Keys" NavigationBar to exist
    t =     4.85s     Checking `Expect predicate `existsNoRetry == 1` for object "SSH Keys" NavigationBar`
    t =     4.86s         Checking existence of `"SSH Keys" NavigationBar`
    t =     4.95s Waiting 5.0s for "keys-add-menu" Button to exist
    t =     5.98s     Checking `Expect predicate `existsNoRetry == 1` for object "keys-add-menu" Button`
    t =     5.98s         Checking existence of `"keys-add-menu" Button`
    t =     6.03s Tap "keys-add-menu" Button
    t =     6.03s     Wait for com.bicterm.app to idle
    t =     6.03s     Find the "keys-add-menu" Button
    t =     6.08s     Check for interrupting elements affecting "keys-add-menu" Button
    t =     6.12s         Wait for com.apple.springboard to idle
    t =     6.15s Ignoring failure to get hierarchy for remote element in process 1995 (Error getting main window kAXErrorServerNotFound)
    t =     6.15s Ignoring failure to get hierarchy for remote element in process 1995 (Error getting main window kAXErrorServerNotFound)
    t =     6.15s     Synthesize event
    t =     6.45s     Wait for com.bicterm.app to idle
    t =     7.36s Checking existence of `"menu-import" Button`
    t =     7.41s Waiting 5.0s for "menu-import" Button to exist
    t =     8.45s     Checking `Expect predicate `existsNoRetry == 1` for object "menu-import" Button`
    t =     8.46s         Checking existence of `"menu-import" Button`
    t =     8.51s Tap "menu-import" Button
    t =     8.51s     Wait for com.bicterm.app to idle
    t =     8.51s     Find the "menu-import" Button
    t =     8.56s     Check for interrupting elements affecting "menu-import" Button
    t =     8.60s         Wait for com.apple.springboard to idle
    t =     8.63s Ignoring failure to get hierarchy for remote element in process 1995 (Error getting main window kAXErrorServerNotFound)
    t =     8.63s Ignoring failure to get hierarchy for remote element in process 1995 (Error getting main window kAXErrorServerNotFound)
    t =     8.63s     Synthesize event
    t =     8.92s     Wait for com.bicterm.app to idle
    t =    10.12s Waiting 5.0s for "import-label" TextField to exist
    t =    11.16s     Checking `Expect predicate `existsNoRetry == 1` for object "import-label" TextField`
    t =    11.16s         Checking existence of `"import-label" TextField`
    t =    11.26s Tap "import-label" TextField
    t =    11.26s     Wait for com.bicterm.app to idle
    t =    11.26s     Find the "import-label" TextField
    t =    11.34s     Check for interrupting elements affecting "import-label" TextField
    t =    11.41s         Wait for com.apple.springboard to idle
    t =    11.43s Ignoring failure to get hierarchy for remote element in process 1995 (Error getting main window kAXErrorServerNotFound)
    t =    11.44s Ignoring failure to get hierarchy for remote element in process 1995 (Error getting main window kAXErrorServerNotFound)
    t =    11.44s     Synthesize event
    t =    11.73s     Wait for com.bicterm.app to idle
    t =    11.78s Type 'fixture-key' into "import-label" TextField
    t =    11.78s     Wait for com.bicterm.app to idle
    t =    12.15s     Find the "import-label" TextField
    t =    12.29s     Check for interrupting elements affecting "import-label" TextField
    t =    12.37s         Wait for com.apple.springboard to idle
    t =    12.39s Ignoring failure to get hierarchy for remote element in process 1995 (Error getting main window kAXErrorServerNotFound)
    t =    12.40s Ignoring failure to get hierarchy for remote element in process 1995 (Error getting main window kAXErrorServerNotFound)
    t =    12.40s     Synthesize event
    t =    12.78s     Wait for com.bicterm.app to idle
    t =    12.78s Tap "import-paste" Button
    t =    12.78s     Wait for com.bicterm.app to idle
    t =    12.79s     Find the "import-paste" Button
    t =    12.88s     Check for interrupting elements affecting "import-paste" Button
    t =    12.96s         Wait for com.apple.springboard to idle
    t =    12.99s Ignoring failure to get hierarchy for remote element in process 1995 (Error getting main window kAXErrorServerNotFound)
    t =    12.99s Ignoring failure to get hierarchy for remote element in process 1995 (Error getting main window kAXErrorServerNotFound)
    t =    12.99s     Synthesize event
    t =    13.29s     Wait for com.bicterm.app to idle
    t =    13.55s Waiting 5.0s for "import-status" StaticText to exist
    t =    14.58s     Checking `Expect predicate `existsNoRetry == 1` for object "import-status" StaticText`
    t =    14.58s         Checking existence of `"import-status" StaticText`
    t =    14.68s Find the "import-status" StaticText
    t =    14.77s Waiting 5.0s for "import-passphrase" SecureTextField to exist
    t =    15.82s     Checking `Expect predicate `existsNoRetry == 1` for object "import-passphrase" SecureTextField`
    t =    15.82s         Checking existence of `"import-passphrase" SecureTextField`
    t =    15.92s Tap "import-passphrase" SecureTextField
    t =    15.92s     Wait for com.bicterm.app to idle
    t =    15.92s     Find the "import-passphrase" SecureTextField
    t =    16.01s     Check for interrupting elements affecting "import-passphrase" SecureTextField
    t =    16.10s         Wait for com.apple.springboard to idle
    t =    16.12s Ignoring failure to get hierarchy for remote element in process 1995 (Error getting main window kAXErrorServerNotFound)
    t =    16.12s Ignoring failure to get hierarchy for remote element in process 1995 (Error getting main window kAXErrorServerNotFound)
    t =    16.13s     Synthesize event
    t =    16.42s     Wait for com.bicterm.app to idle
    t =    16.43s Type '<redacted>' into "import-passphrase" SecureTextField
    t =    16.43s     Wait for com.bicterm.app to idle
    t =    16.43s     Find the "import-passphrase" SecureTextField
    t =    16.53s     Check for interrupting elements affecting "import-passphrase" SecureTextField
    t =    16.61s         Wait for com.apple.springboard to idle
    t =    16.63s Ignoring failure to get hierarchy for remote element in process 1995 (Error getting main window kAXErrorServerNotFound)
    t =    16.64s Ignoring failure to get hierarchy for remote element in process 1995 (Error getting main window kAXErrorServerNotFound)
    t =    16.64s     Synthesize event
    t =    16.97s     Wait for com.bicterm.app to idle
    t =    16.97s Tap "import-save" Button
    t =    16.97s     Wait for com.bicterm.app to idle
    t =    16.98s     Find the "import-save" Button
    t =    17.07s     Check for interrupting elements affecting "import-save" Button
    t =    17.16s         Wait for com.apple.springboard to idle
    t =    17.19s Ignoring failure to get hierarchy for remote element in process 1995 (Error getting main window kAXErrorServerNotFound)
    t =    17.19s Ignoring failure to get hierarchy for remote element in process 1995 (Error getting main window kAXErrorServerNotFound)
    t =    17.19s     Synthesize event
    t =    17.49s     Wait for com.bicterm.app to idle
    t =    18.30s Waiting 10.0s for "fixture-key" StaticText to exist
    t =    19.33s     Checking `Expect predicate `existsNoRetry == 1` for object "fixture-key" StaticText`
    t =    19.33s         Checking existence of `"fixture-key" StaticText`
    t =    19.40s Terminate com.bicterm.app:34045
    t =    20.47s Open com.bicterm.app
    t =    20.48s     Launch com.bicterm.app
2026-09-08 23:01:30.629 xcodebuild[31656:29943544] [MT] IDELaunchParametersSnapshot: The operation couldn’t be completed. (DebuggerLLDB.DebuggerVersionStore.StoreError error 0.)
2026-09-08 23:01:30.629 xcodebuild[31656:29943544] [MT] IDELaunchParametersSnapshot: no debugger version
    t =    20.68s         Setting up automation session
    t =    21.59s         Wait for com.bicterm.app to idle
    t =    23.05s Checking existence of `"previewState" StaticText`
    t =    23.09s Find the "previewState" StaticText
    t =    23.11s Find the "previewState" StaticText
    t =    23.13s Checking existence of `"previewTail" StaticText`
    t =    23.15s Find the "previewTail" StaticText
    t =    23.17s Find the "previewTail" StaticText
    t =    23.19s Tear Down
Test Case '-[BicTermUITests.KeyManagementUITests testImportedKeyAuthenticatesRealSSHSession]' passed (23.422 seconds).
Test Case '-[BicTermUITests.KeyManagementUITests testImportedKeySSHProofFailsWithoutKey]' started.
    t =     0.00s Start Test at 2026-09-08 23:01:33.575
    t =     0.02s Set Up
    t =     0.02s Open com.bicterm.app
    t =     0.02s     Launch com.bicterm.app
    t =     0.02s         Terminate com.bicterm.app:34078
2026-09-08 23:01:34.658 xcodebuild[31656:29943544] [MT] IDELaunchParametersSnapshot: The operation couldn’t be completed. (DebuggerLLDB.DebuggerVersionStore.StoreError error 0.)
2026-09-08 23:01:34.658 xcodebuild[31656:29943544] [MT] IDELaunchParametersSnapshot: no debugger version
    t =     1.29s         Setting up automation session
    t =     2.15s         Wait for com.bicterm.app to idle
    t =     3.80s Waiting 15.0s for "SSH Keys" NavigationBar to exist
    t =     4.81s     Checking `Expect predicate `existsNoRetry == 1` for object "SSH Keys" NavigationBar`
    t =     4.82s         Checking existence of `"SSH Keys" NavigationBar`
    t =     4.91s Waiting 5.0s for "keys-add-menu" Button to exist
    t =     5.97s     Checking `Expect predicate `existsNoRetry == 1` for object "keys-add-menu" Button`
    t =     5.97s         Checking existence of `"keys-add-menu" Button`
    t =     6.02s Tap "keys-add-menu" Button
    t =     6.02s     Wait for com.bicterm.app to idle
    t =     6.02s     Find the "keys-add-menu" Button
    t =     6.07s     Check for interrupting elements affecting "keys-add-menu" Button
    t =     6.12s         Wait for com.apple.springboard to idle
    t =     6.14s Ignoring failure to get hierarchy for remote element in process 1995 (Error getting main window kAXErrorServerNotFound)
    t =     6.14s Ignoring failure to get hierarchy for remote element in process 1995 (Error getting main window kAXErrorServerNotFound)
    t =     6.14s     Synthesize event
    t =     6.44s     Wait for com.bicterm.app to idle
    t =     7.37s Checking existence of `"menu-import" Button`
    t =     7.42s Waiting 5.0s for "menu-import" Button to exist
    t =     8.44s     Checking `Expect predicate `existsNoRetry == 1` for object "menu-import" Button`
    t =     8.44s         Checking existence of `"menu-import" Button`
    t =     8.49s Tap "menu-import" Button
    t =     8.49s     Wait for com.bicterm.app to idle
    t =     8.50s     Find the "menu-import" Button
    t =     8.54s     Check for interrupting elements affecting "menu-import" Button
    t =     8.59s         Wait for com.apple.springboard to idle
    t =     8.61s Ignoring failure to get hierarchy for remote element in process 1995 (Error getting main window kAXErrorServerNotFound)
    t =     8.61s Ignoring failure to get hierarchy for remote element in process 1995 (Error getting main window kAXErrorServerNotFound)
    t =     8.62s     Synthesize event
    t =     8.91s     Wait for com.bicterm.app to idle
    t =    10.11s Waiting 5.0s for "import-label" TextField to exist
    t =    11.15s     Checking `Expect predicate `existsNoRetry == 1` for object "import-label" TextField`
    t =    11.15s         Checking existence of `"import-label" TextField`
    t =    11.24s Tap "import-label" TextField
    t =    11.24s     Wait for com.bicterm.app to idle
    t =    11.25s     Find the "import-label" TextField
    t =    11.32s     Check for interrupting elements affecting "import-label" TextField
    t =    11.39s         Wait for com.apple.springboard to idle
    t =    11.41s Ignoring failure to get hierarchy for remote element in process 1995 (Error getting main window kAXErrorServerNotFound)
    t =    11.41s Ignoring failure to get hierarchy for remote element in process 1995 (Error getting main window kAXErrorServerNotFound)
    t =    11.42s     Synthesize event
    t =    11.71s     Wait for com.bicterm.app to idle
    t =    11.75s Type 'fixture-key' into "import-label" TextField
    t =    11.75s     Wait for com.bicterm.app to idle
    t =    12.13s     Find the "import-label" TextField
    t =    12.26s     Check for interrupting elements affecting "import-label" TextField
    t =    12.35s         Wait for com.apple.springboard to idle
    t =    12.37s Ignoring failure to get hierarchy for remote element in process 1995 (Error getting main window kAXErrorServerNotFound)
    t =    12.37s Ignoring failure to get hierarchy for remote element in process 1995 (Error getting main window kAXErrorServerNotFound)
    t =    12.37s     Synthesize event
    t =    12.75s     Wait for com.bicterm.app to idle
    t =    12.76s Tap "import-paste" Button
    t =    12.76s     Wait for com.bicterm.app to idle
    t =    12.76s     Find the "import-paste" Button
    t =    12.85s     Check for interrupting elements affecting "import-paste" Button
    t =    12.94s         Wait for com.apple.springboard to idle
    t =    12.96s Ignoring failure to get hierarchy for remote element in process 1995 (Error getting main window kAXErrorServerNotFound)
    t =    12.96s Ignoring failure to get hierarchy for remote element in process 1995 (Error getting main window kAXErrorServerNotFound)
    t =    12.97s     Synthesize event
    t =    13.26s     Wait for com.bicterm.app to idle
    t =    13.52s Waiting 5.0s for "import-status" StaticText to exist
    t =    14.56s     Checking `Expect predicate `existsNoRetry == 1` for object "import-status" StaticText`
    t =    14.57s         Checking existence of `"import-status" StaticText`
    t =    14.66s Find the "import-status" StaticText
    t =    14.76s Waiting 5.0s for "import-passphrase" SecureTextField to exist
    t =    15.78s     Checking `Expect predicate `existsNoRetry == 1` for object "import-passphrase" SecureTextField`
    t =    15.78s         Checking existence of `"import-passphrase" SecureTextField`
    t =    15.88s Tap "import-passphrase" SecureTextField
    t =    15.88s     Wait for com.bicterm.app to idle
    t =    15.88s     Find the "import-passphrase" SecureTextField
    t =    15.97s     Check for interrupting elements affecting "import-passphrase" SecureTextField
    t =    16.06s         Wait for com.apple.springboard to idle
    t =    16.08s Ignoring failure to get hierarchy for remote element in process 1995 (Error getting main window kAXErrorServerNotFound)
    t =    16.08s Ignoring failure to get hierarchy for remote element in process 1995 (Error getting main window kAXErrorServerNotFound)
    t =    16.08s     Synthesize event
    t =    16.37s     Wait for com.bicterm.app to idle
    t =    16.38s Type '<redacted>' into "import-passphrase" SecureTextField
    t =    16.38s     Wait for com.bicterm.app to idle
    t =    16.38s     Find the "import-passphrase" SecureTextField
    t =    16.47s     Check for interrupting elements affecting "import-passphrase" SecureTextField
    t =    16.55s         Wait for com.apple.springboard to idle
    t =    16.58s Ignoring failure to get hierarchy for remote element in process 1995 (Error getting main window kAXErrorServerNotFound)
    t =    16.58s Ignoring failure to get hierarchy for remote element in process 1995 (Error getting main window kAXErrorServerNotFound)
    t =    16.58s     Synthesize event
    t =    16.91s     Wait for com.bicterm.app to idle
    t =    16.92s Tap "import-save" Button
    t =    16.92s     Wait for com.bicterm.app to idle
    t =    16.92s     Find the "import-save" Button
    t =    17.01s     Check for interrupting elements affecting "import-save" Button
    t =    17.10s         Wait for com.apple.springboard to idle
    t =    17.13s Ignoring failure to get hierarchy for remote element in process 1995 (Error getting main window kAXErrorServerNotFound)
    t =    17.13s Ignoring failure to get hierarchy for remote element in process 1995 (Error getting main window kAXErrorServerNotFound)
    t =    17.13s     Synthesize event
    t =    17.43s     Wait for com.bicterm.app to idle
    t =    18.17s Waiting 10.0s for "fixture-key" StaticText to exist
    t =    19.26s     Checking `Expect predicate `existsNoRetry == 1` for object "fixture-key" StaticText`
    t =    19.27s         Checking existence of `"fixture-key" StaticText`
    t =    19.34s Terminate com.bicterm.app:34373
    t =    20.40s Open com.bicterm.app
    t =    20.40s     Launch com.bicterm.app
2026-09-08 23:01:53.977 xcodebuild[31656:29943544] [MT] IDELaunchParametersSnapshot: The operation couldn’t be completed. (DebuggerLLDB.DebuggerVersionStore.StoreError error 0.)
2026-09-08 23:01:53.977 xcodebuild[31656:29943544] [MT] IDELaunchParametersSnapshot: no debugger version
    t =    20.62s         Setting up automation session
    t =    21.49s         Wait for com.bicterm.app to idle
    t =    22.96s Checking existence of `"previewState" StaticText`
    t =    23.01s Find the "previewState" StaticText
    t =    23.03s Find the "previewState" StaticText
    t =    23.05s Checking existence of `"previewState" StaticText`
    t =    23.06s Find the "previewState" StaticText
    t =    23.08s Tear Down
Test Case '-[BicTermUITests.KeyManagementUITests testImportedKeySSHProofFailsWithoutKey]' passed (23.310 seconds).
Test Case '-[BicTermUITests.KeyManagementUITests testImportPassphraseProtectedKeyViaPasteMatchesSSHKeygenFingerprint]' started.
    t =     0.00s Start Test at 2026-09-08 23:01:56.885
    t =     0.02s Set Up
    t =     0.02s Open com.bicterm.app
    t =     0.02s     Launch com.bicterm.app
    t =     0.02s         Terminate com.bicterm.app:34403
2026-09-08 23:01:57.945 xcodebuild[31656:29943544] [MT] IDELaunchParametersSnapshot: The operation couldn’t be completed. (DebuggerLLDB.DebuggerVersionStore.StoreError error 0.)
2026-09-08 23:01:57.945 xcodebuild[31656:29943544] [MT] IDELaunchParametersSnapshot: no debugger version
    t =     1.27s         Setting up automation session
    t =     2.13s         Wait for com.bicterm.app to idle
    t =     3.78s Waiting 15.0s for "SSH Keys" NavigationBar to exist
    t =     4.83s     Checking `Expect predicate `existsNoRetry == 1` for object "SSH Keys" NavigationBar`
    t =     4.83s         Checking existence of `"SSH Keys" NavigationBar`
    t =     4.92s Waiting 5.0s for "keys-add-menu" Button to exist
    t =     5.97s     Checking `Expect predicate `existsNoRetry == 1` for object "keys-add-menu" Button`
    t =     5.97s         Checking existence of `"keys-add-menu" Button`
    t =     6.02s Tap "keys-add-menu" Button
    t =     6.02s     Wait for com.bicterm.app to idle
    t =     6.02s     Find the "keys-add-menu" Button
    t =     6.06s     Check for interrupting elements affecting "keys-add-menu" Button
    t =     6.11s         Wait for com.apple.springboard to idle
    t =     6.13s Ignoring failure to get hierarchy for remote element in process 1995 (Error getting main window kAXErrorServerNotFound)
    t =     6.13s Ignoring failure to get hierarchy for remote element in process 1995 (Error getting main window kAXErrorServerNotFound)
    t =     6.14s     Synthesize event
    t =     6.44s     Wait for com.bicterm.app to idle
    t =     7.34s Checking existence of `"menu-import" Button`
    t =     7.39s Waiting 5.0s for "menu-import" Button to exist
    t =     8.41s     Checking `Expect predicate `existsNoRetry == 1` for object "menu-import" Button`
    t =     8.41s         Checking existence of `"menu-import" Button`
    t =     8.46s Tap "menu-import" Button
    t =     8.46s     Wait for com.bicterm.app to idle
    t =     8.46s     Find the "menu-import" Button
    t =     8.51s     Check for interrupting elements affecting "menu-import" Button
    t =     8.55s         Wait for com.apple.springboard to idle
    t =     8.57s Ignoring failure to get hierarchy for remote element in process 1995 (Error getting main window kAXErrorServerNotFound)
    t =     8.57s Ignoring failure to get hierarchy for remote element in process 1995 (Error getting main window kAXErrorServerNotFound)
    t =     8.58s     Synthesize event
    t =     8.87s     Wait for com.bicterm.app to idle
    t =    10.06s Waiting 5.0s for "import-label" TextField to exist
    t =    11.12s     Checking `Expect predicate `existsNoRetry == 1` for object "import-label" TextField`
    t =    11.12s         Checking existence of `"import-label" TextField`
    t =    11.23s Tap "import-label" TextField
    t =    11.23s     Wait for com.bicterm.app to idle
    t =    11.23s     Find the "import-label" TextField
    t =    11.31s     Check for interrupting elements affecting "import-label" TextField
    t =    11.38s         Wait for com.apple.springboard to idle
    t =    11.40s Ignoring failure to get hierarchy for remote element in process 1995 (Error getting main window kAXErrorServerNotFound)
    t =    11.40s Ignoring failure to get hierarchy for remote element in process 1995 (Error getting main window kAXErrorServerNotFound)
    t =    11.40s     Synthesize event
    t =    11.70s     Wait for com.bicterm.app to idle
    t =    11.74s Type 'fixture-key' into "import-label" TextField
    t =    11.74s     Wait for com.bicterm.app to idle
    t =    12.12s     Find the "import-label" TextField
    t =    12.25s     Check for interrupting elements affecting "import-label" TextField
    t =    12.34s         Wait for com.apple.springboard to idle
    t =    12.36s Ignoring failure to get hierarchy for remote element in process 1995 (Error getting main window kAXErrorServerNotFound)
    t =    12.36s Ignoring failure to get hierarchy for remote element in process 1995 (Error getting main window kAXErrorServerNotFound)
    t =    12.36s     Synthesize event
    t =    12.75s     Wait for com.bicterm.app to idle
    t =    12.75s Tap "import-paste" Button
    t =    12.75s     Wait for com.bicterm.app to idle
    t =    12.75s     Find the "import-paste" Button
    t =    12.85s     Check for interrupting elements affecting "import-paste" Button
    t =    12.93s         Wait for com.apple.springboard to idle
    t =    12.95s Ignoring failure to get hierarchy for remote element in process 1995 (Error getting main window kAXErrorServerNotFound)
    t =    12.95s Ignoring failure to get hierarchy for remote element in process 1995 (Error getting main window kAXErrorServerNotFound)
    t =    12.96s     Synthesize event
    t =    13.25s     Wait for com.bicterm.app to idle
    t =    13.51s Waiting 5.0s for "import-status" StaticText to exist
    t =    14.55s     Checking `Expect predicate `existsNoRetry == 1` for object "import-status" StaticText`
    t =    14.56s         Checking existence of `"import-status" StaticText`
    t =    14.66s Find the "import-status" StaticText
    t =    14.76s Waiting 5.0s for "import-passphrase" SecureTextField to exist
    t =    15.78s     Checking `Expect predicate `existsNoRetry == 1` for object "import-passphrase" SecureTextField`
    t =    15.78s         Checking existence of `"import-passphrase" SecureTextField`
    t =    15.87s Tap "import-passphrase" SecureTextField
    t =    15.88s     Wait for com.bicterm.app to idle
    t =    15.88s     Find the "import-passphrase" SecureTextField
    t =    15.97s     Check for interrupting elements affecting "import-passphrase" SecureTextField
    t =    16.05s         Wait for com.apple.springboard to idle
    t =    16.08s Ignoring failure to get hierarchy for remote element in process 1995 (Error getting main window kAXErrorServerNotFound)
    t =    16.08s Ignoring failure to get hierarchy for remote element in process 1995 (Error getting main window kAXErrorServerNotFound)
    t =    16.08s     Synthesize event
    t =    16.37s     Wait for com.bicterm.app to idle
    t =    16.37s Type '<redacted>' into "import-passphrase" SecureTextField
    t =    16.37s     Wait for com.bicterm.app to idle
    t =    16.38s     Find the "import-passphrase" SecureTextField
    t =    16.47s     Check for interrupting elements affecting "import-passphrase" SecureTextField
    t =    16.56s         Wait for com.apple.springboard to idle
    t =    16.58s Ignoring failure to get hierarchy for remote element in process 1995 (Error getting main window kAXErrorServerNotFound)
    t =    16.59s Ignoring failure to get hierarchy for remote element in process 1995 (Error getting main window kAXErrorServerNotFound)
    t =    16.59s     Synthesize event
    t =    16.92s     Wait for com.bicterm.app to idle
    t =    16.93s Tap "import-save" Button
    t =    16.93s     Wait for com.bicterm.app to idle
    t =    16.93s     Find the "import-save" Button
    t =    17.03s     Check for interrupting elements affecting "import-save" Button
    t =    17.11s         Wait for com.apple.springboard to idle
    t =    17.14s Ignoring failure to get hierarchy for remote element in process 1995 (Error getting main window kAXErrorServerNotFound)
    t =    17.14s Ignoring failure to get hierarchy for remote element in process 1995 (Error getting main window kAXErrorServerNotFound)
    t =    17.15s     Synthesize event
    t =    17.44s     Wait for com.bicterm.app to idle
    t =    18.27s Waiting 10.0s for "fixture-key" StaticText to exist
    t =    19.29s     Checking `Expect predicate `existsNoRetry == 1` for object "fixture-key" StaticText`
    t =    19.29s         Checking existence of `"fixture-key" StaticText`
    t =    19.36s Waiting 5.0s for "SHA256:R9XaxtlJKgrJE0AbFdKibF9+X1cPt0yWTzvTWUvh1r4" StaticText to exist
    t =    20.38s     Checking `Expect predicate `existsNoRetry == 1` for object "SHA256:R9XaxtlJKgrJE0AbFdKibF9+X1cPt0yWTzvTWUvh1r4" StaticText`
    t =    20.38s         Checking existence of `"SHA256:R9XaxtlJKgrJE0AbFdKibF9+X1cPt0yWTzvTWUvh1r4" StaticText`
    t =    20.63s Tear Down
Test Case '-[BicTermUITests.KeyManagementUITests testImportPassphraseProtectedKeyViaPasteMatchesSSHKeygenFingerprint]' passed (20.852 seconds).
Test Case '-[BicTermUITests.KeyManagementUITests testImportWithBiometricOptInPersistsProtectedKey]' started.
    t =     0.00s Start Test at 2026-09-08 23:02:17.737
    t =     0.02s Set Up
    t =     0.02s Open com.bicterm.app
    t =     0.02s     Launch com.bicterm.app
    t =     0.02s         Terminate com.bicterm.app:34414
2026-09-08 23:02:18.817 xcodebuild[31656:29943544] [MT] IDELaunchParametersSnapshot: The operation couldn’t be completed. (DebuggerLLDB.DebuggerVersionStore.StoreError error 0.)
2026-09-08 23:02:18.817 xcodebuild[31656:29943544] [MT] IDELaunchParametersSnapshot: no debugger version
    t =     1.49s         Setting up automation session
    t =     2.24s         Wait for com.bicterm.app to idle
    t =     3.92s Waiting 15.0s for "SSH Keys" NavigationBar to exist
    t =     4.95s     Checking `Expect predicate `existsNoRetry == 1` for object "SSH Keys" NavigationBar`
    t =     4.95s         Checking existence of `"SSH Keys" NavigationBar`
    t =     5.06s Waiting 5.0s for "keys-add-menu" Button to exist
    t =     6.09s     Checking `Expect predicate `existsNoRetry == 1` for object "keys-add-menu" Button`
    t =     6.09s         Checking existence of `"keys-add-menu" Button`
    t =     6.13s Tap "keys-add-menu" Button
    t =     6.13s     Wait for com.bicterm.app to idle
    t =     6.14s     Find the "keys-add-menu" Button
    t =     6.18s     Check for interrupting elements affecting "keys-add-menu" Button
    t =     6.23s         Wait for com.apple.springboard to idle
    t =     6.25s Ignoring failure to get hierarchy for remote element in process 1995 (Error getting main window kAXErrorServerNotFound)
    t =     6.25s Ignoring failure to get hierarchy for remote element in process 1995 (Error getting main window kAXErrorServerNotFound)
    t =     6.26s     Synthesize event
    t =     6.56s     Wait for com.bicterm.app to idle
    t =     7.45s Checking existence of `"menu-import" Button`
    t =     7.51s Waiting 5.0s for "menu-import" Button to exist
    t =     8.54s     Checking `Expect predicate `existsNoRetry == 1` for object "menu-import" Button`
    t =     8.54s         Checking existence of `"menu-import" Button`
    t =     8.59s Tap "menu-import" Button
    t =     8.59s     Wait for com.bicterm.app to idle
    t =     8.60s     Find the "menu-import" Button
    t =     8.65s     Check for interrupting elements affecting "menu-import" Button
    t =     8.69s         Wait for com.apple.springboard to idle
    t =     8.72s Ignoring failure to get hierarchy for remote element in process 1995 (Error getting main window kAXErrorServerNotFound)
    t =     8.72s Ignoring failure to get hierarchy for remote element in process 1995 (Error getting main window kAXErrorServerNotFound)
    t =     8.72s     Synthesize event
    t =     9.02s     Wait for com.bicterm.app to idle
    t =    10.21s Waiting 5.0s for "import-label" TextField to exist
    t =    11.25s     Checking `Expect predicate `existsNoRetry == 1` for object "import-label" TextField`
    t =    11.25s         Checking existence of `"import-label" TextField`
    t =    11.35s Tap "import-label" TextField
    t =    11.35s     Wait for com.bicterm.app to idle
    t =    11.35s     Find the "import-label" TextField
    t =    11.42s     Check for interrupting elements affecting "import-label" TextField
    t =    11.49s         Wait for com.apple.springboard to idle
    t =    11.52s Ignoring failure to get hierarchy for remote element in process 1995 (Error getting main window kAXErrorServerNotFound)
    t =    11.52s Ignoring failure to get hierarchy for remote element in process 1995 (Error getting main window kAXErrorServerNotFound)
    t =    11.52s     Synthesize event
    t =    11.82s     Wait for com.bicterm.app to idle
    t =    11.86s Type 'gated-import' into "import-label" TextField
    t =    11.86s     Wait for com.bicterm.app to idle
    t =    12.25s     Find the "import-label" TextField
    t =    12.37s     Check for interrupting elements affecting "import-label" TextField
    t =    12.46s         Wait for com.apple.springboard to idle
    t =    12.48s Ignoring failure to get hierarchy for remote element in process 1995 (Error getting main window kAXErrorServerNotFound)
    t =    12.49s Ignoring failure to get hierarchy for remote element in process 1995 (Error getting main window kAXErrorServerNotFound)
    t =    12.49s     Synthesize event
    t =    12.89s     Wait for com.bicterm.app to idle
    t =    12.90s Tap "import-paste" Button
    t =    12.90s     Wait for com.bicterm.app to idle
    t =    12.90s     Find the "import-paste" Button
    t =    12.99s     Check for interrupting elements affecting "import-paste" Button
    t =    13.08s         Wait for com.apple.springboard to idle
    t =    13.10s Ignoring failure to get hierarchy for remote element in process 1995 (Error getting main window kAXErrorServerNotFound)
    t =    13.10s Ignoring failure to get hierarchy for remote element in process 1995 (Error getting main window kAXErrorServerNotFound)
    t =    13.10s     Synthesize event
    t =    13.40s     Wait for com.bicterm.app to idle
    t =    13.66s Waiting 5.0s for "import-status" StaticText to exist
    t =    14.70s     Checking `Expect predicate `existsNoRetry == 1` for object "import-status" StaticText`
    t =    14.70s         Checking existence of `"import-status" StaticText`
    t =    14.81s Find the "import-status" StaticText
    t =    14.91s Waiting 5.0s for "import-passphrase" SecureTextField to exist
    t =    15.94s     Checking `Expect predicate `existsNoRetry == 1` for object "import-passphrase" SecureTextField`
    t =    15.94s         Checking existence of `"import-passphrase" SecureTextField`
    t =    16.04s Tap "import-passphrase" SecureTextField
    t =    16.04s     Wait for com.bicterm.app to idle
    t =    16.04s     Find the "import-passphrase" SecureTextField
    t =    16.13s     Check for interrupting elements affecting "import-passphrase" SecureTextField
    t =    16.22s         Wait for com.apple.springboard to idle
    t =    16.24s Ignoring failure to get hierarchy for remote element in process 1995 (Error getting main window kAXErrorServerNotFound)
    t =    16.24s Ignoring failure to get hierarchy for remote element in process 1995 (Error getting main window kAXErrorServerNotFound)
    t =    16.25s     Synthesize event
    t =    16.54s     Wait for com.bicterm.app to idle
    t =    16.54s Type '<redacted>' into "import-passphrase" SecureTextField
    t =    16.54s     Wait for com.bicterm.app to idle
    t =    16.55s     Find the "import-passphrase" SecureTextField
    t =    16.65s     Check for interrupting elements affecting "import-passphrase" SecureTextField
    t =    16.73s         Wait for com.apple.springboard to idle
    t =    16.76s Ignoring failure to get hierarchy for remote element in process 1995 (Error getting main window kAXErrorServerNotFound)
    t =    16.76s Ignoring failure to get hierarchy for remote element in process 1995 (Error getting main window kAXErrorServerNotFound)
    t =    16.77s     Synthesize event
    t =    17.10s     Wait for com.bicterm.app to idle
    t =    17.10s Checking existence of `"Return" Button`
    t =    17.20s Tap "Return" Button
    t =    17.20s     Wait for com.bicterm.app to idle
    t =    17.20s     Find the "Return" Button
    t =    17.29s     Check for interrupting elements affecting "Return" Button
    t =    17.38s         Wait for com.apple.springboard to idle
    t =    17.41s Ignoring failure to get hierarchy for remote element in process 1995 (Error getting main window kAXErrorServerNotFound)
    t =    17.41s Ignoring failure to get hierarchy for remote element in process 1995 (Error getting main window kAXErrorServerNotFound)
    t =    17.41s     Synthesize event
    t =    17.71s     Wait for com.bicterm.app to idle
    t =    17.94s Waiting 5.0s for "import-biometrics" Switch to exist
    t =    18.99s     Checking `Expect predicate `existsNoRetry == 1` for object "import-biometrics" Switch`
    t =    18.99s         Checking existence of `"import-biometrics" Switch`
    t =    19.07s Waiting 5.0s for "import-biometrics" Switch to exist
    t =    20.14s     Checking `Expect predicate `existsNoRetry == 1` for object "import-biometrics" Switch`
    t =    20.14s         Checking existence of `"import-biometrics" Switch`
    t =    20.22s Find the "import-biometrics" Switch
    t =    20.30s Find the "import-biometrics" Switch
    t =    20.40s Tap "import-biometrics" Switch[0.93, 0.50]
    t =    20.40s     Wait for com.bicterm.app to idle
    t =    20.40s     Find the "import-biometrics" Switch
    t =    20.48s     Check for interrupting elements affecting "import-biometrics" Switch
    t =    20.56s         Wait for com.apple.springboard to idle
    t =    20.58s Ignoring failure to get hierarchy for remote element in process 1995 (Error getting main window kAXErrorServerNotFound)
    t =    20.58s Ignoring failure to get hierarchy for remote element in process 1995 (Error getting main window kAXErrorServerNotFound)
    t =    20.59s     Synthesize event
    t =    20.59s         Find the "import-biometrics" Switch
    t =    20.67s         Find the "import-biometrics" Switch
    t =    20.75s         Find the "import-biometrics" Switch
    t =    21.12s     Wait for com.bicterm.app to idle
    t =    22.41s Find the "import-biometrics" Switch
    t =    22.50s Tap "import-save" Button
    t =    22.50s     Wait for com.bicterm.app to idle
    t =    22.50s     Find the "import-save" Button
    t =    22.58s     Check for interrupting elements affecting "import-save" Button
    t =    22.66s         Wait for com.apple.springboard to idle
    t =    22.68s Ignoring failure to get hierarchy for remote element in process 1995 (Error getting main window kAXErrorServerNotFound)
    t =    22.68s Ignoring failure to get hierarchy for remote element in process 1995 (Error getting main window kAXErrorServerNotFound)
    t =    22.69s     Synthesize event
    t =    22.99s     Wait for com.bicterm.app to idle
    t =    23.79s Waiting 10.0s for "gated-import" StaticText to exist
    t =    24.79s     Checking `Expect predicate `existsNoRetry == 1` for object "gated-import" StaticText`
    t =    24.79s         Checking existence of `"gated-import" StaticText`
    t =    24.87s Checking existence of `"key-biometric-badge" Any`
    t =    25.02s Tear Down
Test Case '-[BicTermUITests.KeyManagementUITests testImportWithBiometricOptInPersistsProtectedKey]' passed (25.364 seconds).
Test Case '-[BicTermUITests.KeyManagementUITests testPrivateKeyBytesNeverAppearInTheAccessibilityTree]' started.
    t =     0.00s Start Test at 2026-09-08 23:02:43.102
    t =     0.02s Set Up
    t =     0.02s Open com.bicterm.app
    t =     0.02s     Launch com.bicterm.app
    t =     0.02s         Terminate com.bicterm.app:34448
2026-09-08 23:02:44.175 xcodebuild[31656:29943544] [MT] IDELaunchParametersSnapshot: The operation couldn’t be completed. (DebuggerLLDB.DebuggerVersionStore.StoreError error 0.)
2026-09-08 23:02:44.175 xcodebuild[31656:29943544] [MT] IDELaunchParametersSnapshot: no debugger version
    t =     1.48s         Setting up automation session
    t =     2.25s         Wait for com.bicterm.app to idle
    t =     3.87s Waiting 15.0s for "SSH Keys" NavigationBar to exist
    t =     4.89s     Checking `Expect predicate `existsNoRetry == 1` for object "SSH Keys" NavigationBar`
    t =     4.89s         Checking existence of `"SSH Keys" NavigationBar`
    t =     4.98s Waiting 5.0s for "keys-add-menu" Button to exist
    t =     6.04s     Checking `Expect predicate `existsNoRetry == 1` for object "keys-add-menu" Button`
    t =     6.04s         Checking existence of `"keys-add-menu" Button`
    t =     6.08s Tap "keys-add-menu" Button
    t =     6.09s     Wait for com.bicterm.app to idle
    t =     6.09s     Find the "keys-add-menu" Button
    t =     6.13s     Check for interrupting elements affecting "keys-add-menu" Button
    t =     6.18s         Wait for com.apple.springboard to idle
    t =     6.20s Ignoring failure to get hierarchy for remote element in process 1995 (Error getting main window kAXErrorServerNotFound)
    t =     6.20s Ignoring failure to get hierarchy for remote element in process 1995 (Error getting main window kAXErrorServerNotFound)
    t =     6.21s     Synthesize event
    t =     6.51s     Wait for com.bicterm.app to idle
    t =     7.41s Checking existence of `"menu-import" Button`
    t =     7.46s Waiting 5.0s for "menu-import" Button to exist
    t =     8.49s     Checking `Expect predicate `existsNoRetry == 1` for object "menu-import" Button`
    t =     8.49s         Checking existence of `"menu-import" Button`
    t =     8.54s Tap "menu-import" Button
    t =     8.54s     Wait for com.bicterm.app to idle
    t =     8.54s     Find the "menu-import" Button
    t =     8.59s     Check for interrupting elements affecting "menu-import" Button
    t =     8.63s         Wait for com.apple.springboard to idle
    t =     8.65s Ignoring failure to get hierarchy for remote element in process 1995 (Error getting main window kAXErrorServerNotFound)
    t =     8.65s Ignoring failure to get hierarchy for remote element in process 1995 (Error getting main window kAXErrorServerNotFound)
    t =     8.65s     Synthesize event
    t =     8.94s     Wait for com.bicterm.app to idle
    t =    10.15s Waiting 5.0s for "import-label" TextField to exist
    t =    11.19s     Checking `Expect predicate `existsNoRetry == 1` for object "import-label" TextField`
    t =    11.19s         Checking existence of `"import-label" TextField`
    t =    11.28s Tap "import-label" TextField
    t =    11.28s     Wait for com.bicterm.app to idle
    t =    11.28s     Find the "import-label" TextField
    t =    11.35s     Check for interrupting elements affecting "import-label" TextField
    t =    11.42s         Wait for com.apple.springboard to idle
    t =    11.44s Ignoring failure to get hierarchy for remote element in process 1995 (Error getting main window kAXErrorServerNotFound)
    t =    11.44s Ignoring failure to get hierarchy for remote element in process 1995 (Error getting main window kAXErrorServerNotFound)
    t =    11.45s     Synthesize event
    t =    11.74s     Wait for com.bicterm.app to idle
    t =    11.78s Type 'fixture-key' into "import-label" TextField
    t =    11.78s     Wait for com.bicterm.app to idle
    t =    12.17s     Find the "import-label" TextField
    t =    12.29s     Check for interrupting elements affecting "import-label" TextField
    t =    12.37s         Wait for com.apple.springboard to idle
    t =    12.40s Ignoring failure to get hierarchy for remote element in process 1995 (Error getting main window kAXErrorServerNotFound)
    t =    12.40s Ignoring failure to get hierarchy for remote element in process 1995 (Error getting main window kAXErrorServerNotFound)
    t =    12.40s     Synthesize event
    t =    12.79s     Wait for com.bicterm.app to idle
    t =    12.79s Tap "import-paste" Button
    t =    12.79s     Wait for com.bicterm.app to idle
    t =    12.79s     Find the "import-paste" Button
    t =    12.89s     Check for interrupting elements affecting "import-paste" Button
    t =    12.98s         Wait for com.apple.springboard to idle
    t =    13.00s Ignoring failure to get hierarchy for remote element in process 1995 (Error getting main window kAXErrorServerNotFound)
    t =    13.00s Ignoring failure to get hierarchy for remote element in process 1995 (Error getting main window kAXErrorServerNotFound)
    t =    13.00s     Synthesize event
    t =    13.30s     Wait for com.bicterm.app to idle
    t =    13.57s Waiting 5.0s for "import-status" StaticText to exist
    t =    14.61s     Checking `Expect predicate `existsNoRetry == 1` for object "import-status" StaticText`
    t =    14.61s         Checking existence of `"import-status" StaticText`
    t =    14.72s Find the "import-status" StaticText
    t =    14.81s Waiting 5.0s for "import-passphrase" SecureTextField to exist
    t =    15.84s     Checking `Expect predicate `existsNoRetry == 1` for object "import-passphrase" SecureTextField`
    t =    15.85s         Checking existence of `"import-passphrase" SecureTextField`
    t =    15.94s Tap "import-passphrase" SecureTextField
    t =    15.94s     Wait for com.bicterm.app to idle
    t =    15.95s     Find the "import-passphrase" SecureTextField
    t =    16.04s     Check for interrupting elements affecting "import-passphrase" SecureTextField
    t =    16.13s         Wait for com.apple.springboard to idle
    t =    16.15s Ignoring failure to get hierarchy for remote element in process 1995 (Error getting main window kAXErrorServerNotFound)
    t =    16.15s Ignoring failure to get hierarchy for remote element in process 1995 (Error getting main window kAXErrorServerNotFound)
    t =    16.16s     Synthesize event
    t =    16.45s     Wait for com.bicterm.app to idle
    t =    16.46s Type '<redacted>' into "import-passphrase" SecureTextField
    t =    16.46s     Wait for com.bicterm.app to idle
    t =    16.46s     Find the "import-passphrase" SecureTextField
    t =    16.56s     Check for interrupting elements affecting "import-passphrase" SecureTextField
    t =    16.64s         Wait for com.apple.springboard to idle
    t =    16.67s Ignoring failure to get hierarchy for remote element in process 1995 (Error getting main window kAXErrorServerNotFound)
    t =    16.67s Ignoring failure to get hierarchy for remote element in process 1995 (Error getting main window kAXErrorServerNotFound)
    t =    16.67s     Synthesize event
    t =    17.01s     Wait for com.bicterm.app to idle
    t =    17.01s Tap "import-save" Button
    t =    17.01s     Wait for com.bicterm.app to idle
    t =    17.01s     Find the "import-save" Button
    t =    17.10s     Check for interrupting elements affecting "import-save" Button
    t =    17.19s         Wait for com.apple.springboard to idle
    t =    17.21s Ignoring failure to get hierarchy for remote element in process 1995 (Error getting main window kAXErrorServerNotFound)
    t =    17.21s Ignoring failure to get hierarchy for remote element in process 1995 (Error getting main window kAXErrorServerNotFound)
    t =    17.22s     Synthesize event
    t =    17.52s     Wait for com.bicterm.app to idle
    t =    18.33s Waiting 10.0s for "fixture-key" StaticText to exist
    t =    19.38s     Checking `Expect predicate `existsNoRetry == 1` for object "fixture-key" StaticText`
    t =    19.38s         Checking existence of `"fixture-key" StaticText`
    t =    19.45s Waiting 10.0s for "fixture-key" StaticText to exist
    t =    20.49s     Checking `Expect predicate `existsNoRetry == 1` for object "fixture-key" StaticText`
    t =    20.49s         Checking existence of `"fixture-key" StaticText`
    t =    20.55s Checking existence of `"Key Details" NavigationBar`
    t =    20.61s Find the "fixture-key" StaticText
    t =    20.69s Tap "fixture-key" StaticText[0.50, 0.50]
    t =    20.69s     Wait for com.bicterm.app to idle
    t =    20.69s     Find the "fixture-key" StaticText
    t =    20.75s     Check for interrupting elements affecting "fixture-key" StaticText
    t =    20.82s         Wait for com.apple.springboard to idle
    t =    20.84s Ignoring failure to get hierarchy for remote element in process 1995 (Error getting main window kAXErrorServerNotFound)
    t =    20.84s Ignoring failure to get hierarchy for remote element in process 1995 (Error getting main window kAXErrorServerNotFound)
    t =    20.85s     Found 1 interrupting element:
    t =    20.85s         Find the "Save Password?" Alert
    t =    20.90s "Save Password?" Alert from Target Application 'com.bicterm.app'
    t =    20.90s     Invoking UI interruption monitors for "Save Password?" Alert from Target Application 'com.bicterm.app'
    t =    20.90s         Find the "Save Password?" Alert
    t =    20.96s         Checking existence of `Button (Elements matching predicate 'userTestingAttributes CONTAINS "cancel-button"')`
    t =    21.03s         Checking existence of `Button (Elements matching predicate 'userTestingAttributes CONTAINS "cancel-button"')`
    t =    21.10s Default interruption handler attempting to dismiss alert by tapping Button (Elements matching predicate 'userTestingAttributes CONTAINS "cancel-button"').
    t =    21.10s         Tap Button (Elements matching predicate 'userTestingAttributes CONTAINS "cancel-button"')
    t =    21.10s             Wait for com.bicterm.app to idle
    t =    21.11s             Find the Button (Elements matching predicate 'userTestingAttributes CONTAINS "cancel-button"')
    t =    21.18s             Check for interrupting elements affecting "Not Now" Button
    t =    21.25s                 Wait for com.apple.springboard to idle
    t =    21.28s Ignoring failure to get hierarchy for remote element in process 1995 (Error getting main window kAXErrorServerNotFound)
    t =    21.28s Ignoring failure to get hierarchy for remote element in process 1995 (Error getting main window kAXErrorServerNotFound)
    t =    21.28s             Synthesize event
    t =    21.57s             Wait for com.bicterm.app to idle
    t =    21.58s         Waiting 1.0s for "Save Password?" Alert to not exist
    t =    22.58s             Checking `Expect predicate `existsNoRetry == 0` for object "Save Password?" Alert`
    t =    22.58s                 Checking existence of `"Save Password?" Alert`
    t =    22.63s             Checking existence of `"Save Password?" Alert`
    t =    22.67s         Verifying handling...
    t =    22.71s             Wait for com.apple.springboard to idle
    t =    22.73s Ignoring failure to get hierarchy for remote element in process 1995 (Error getting main window kAXErrorServerNotFound)
    t =    22.73s Ignoring failure to get hierarchy for remote element in process 1995 (Error getting main window kAXErrorServerNotFound)
    t =    22.74s Confirmed successful handling of interrupting element
    t =    22.74s     Synthesize event
    t =    22.74s         Find the "fixture-key" StaticText
    t =    22.79s         Find the "fixture-key" StaticText
    t =    22.84s         Find the "fixture-key" StaticText
    t =    23.17s     Wait for com.bicterm.app to idle
    t =    23.92s Waiting 3.0s for "Key Details" NavigationBar to exist
    t =    24.99s     Checking `Expect predicate `existsNoRetry == 1` for object "Key Details" NavigationBar`
    t =    24.99s         Checking existence of `"Key Details" NavigationBar`
    t =    25.05s Checking existence of `"Key Details" NavigationBar`
    t =    25.09s Waiting 5.0s for "public-key-text" StaticText to exist
    t =    26.11s     Checking `Expect predicate `existsNoRetry == 1` for object "public-key-text" StaticText`
    t =    26.12s         Checking existence of `"public-key-text" StaticText`
    t =    26.17s Requesting snapshot of accessibility hierarchy for app with pid 34504
    t =    26.43s Requesting snapshot of accessibility hierarchy for app with pid 34504
    t =    26.51s Find the "public-key-text" StaticText
    t =    26.56s Tear Down
Test Case '-[BicTermUITests.KeyManagementUITests testPrivateKeyBytesNeverAppearInTheAccessibilityTree]' passed (26.789 seconds).
Test Case '-[BicTermUITests.KeyManagementUITests testRSAPasteIsRejectedWithTypedMessageAndListStaysEmpty]' started.
    t =     0.00s Start Test at 2026-09-08 23:03:09.890
    t =     0.02s Set Up
    t =     0.02s Open com.bicterm.app
    t =     0.02s     Launch com.bicterm.app
    t =     0.02s         Terminate com.bicterm.app:34504
2026-09-08 23:03:10.958 xcodebuild[31656:29943544] [MT] IDELaunchParametersSnapshot: The operation couldn’t be completed. (DebuggerLLDB.DebuggerVersionStore.StoreError error 0.)
2026-09-08 23:03:10.958 xcodebuild[31656:29943544] [MT] IDELaunchParametersSnapshot: no debugger version
    t =     1.48s         Setting up automation session
    t =     2.21s         Wait for com.bicterm.app to idle
    t =     3.88s Waiting 15.0s for "SSH Keys" NavigationBar to exist
    t =     4.92s     Checking `Expect predicate `existsNoRetry == 1` for object "SSH Keys" NavigationBar`
    t =     4.92s         Checking existence of `"SSH Keys" NavigationBar`
    t =     5.01s Waiting 5.0s for "keys-add-menu" Button to exist
    t =     6.04s     Checking `Expect predicate `existsNoRetry == 1` for object "keys-add-menu" Button`
    t =     6.04s         Checking existence of `"keys-add-menu" Button`
    t =     6.09s Tap "keys-add-menu" Button
    t =     6.09s     Wait for com.bicterm.app to idle
    t =     6.09s     Find the "keys-add-menu" Button
    t =     6.14s     Check for interrupting elements affecting "keys-add-menu" Button
    t =     6.18s         Wait for com.apple.springboard to idle
    t =     6.21s Ignoring failure to get hierarchy for remote element in process 1995 (Error getting main window kAXErrorServerNotFound)
    t =     6.21s Ignoring failure to get hierarchy for remote element in process 1995 (Error getting main window kAXErrorServerNotFound)
    t =     6.21s     Synthesize event
    t =     6.51s     Wait for com.bicterm.app to idle
    t =     7.42s Checking existence of `"menu-import" Button`
    t =     7.47s Waiting 5.0s for "menu-import" Button to exist
    t =     8.50s     Checking `Expect predicate `existsNoRetry == 1` for object "menu-import" Button`
    t =     8.50s         Checking existence of `"menu-import" Button`
    t =     8.55s Tap "menu-import" Button
    t =     8.55s     Wait for com.bicterm.app to idle
    t =     8.55s     Find the "menu-import" Button
    t =     8.60s     Check for interrupting elements affecting "menu-import" Button
    t =     8.65s         Wait for com.apple.springboard to idle
    t =     8.67s Ignoring failure to get hierarchy for remote element in process 1995 (Error getting main window kAXErrorServerNotFound)
    t =     8.67s Ignoring failure to get hierarchy for remote element in process 1995 (Error getting main window kAXErrorServerNotFound)
    t =     8.68s     Synthesize event
    t =     8.97s     Wait for com.bicterm.app to idle
    t =    10.16s Waiting 5.0s for "import-label" TextField to exist
    t =    11.20s     Checking `Expect predicate `existsNoRetry == 1` for object "import-label" TextField`
    t =    11.20s         Checking existence of `"import-label" TextField`
    t =    11.30s Tap "import-label" TextField
    t =    11.30s     Wait for com.bicterm.app to idle
    t =    11.30s     Find the "import-label" TextField
    t =    11.37s     Check for interrupting elements affecting "import-label" TextField
    t =    11.44s         Wait for com.apple.springboard to idle
    t =    11.47s Ignoring failure to get hierarchy for remote element in process 1995 (Error getting main window kAXErrorServerNotFound)
    t =    11.47s Ignoring failure to get hierarchy for remote element in process 1995 (Error getting main window kAXErrorServerNotFound)
    t =    11.47s     Synthesize event
    t =    11.77s     Wait for com.bicterm.app to idle
    t =    11.81s Type 'bad-rsa' into "import-label" TextField
    t =    11.81s     Wait for com.bicterm.app to idle
    t =    12.19s     Find the "import-label" TextField
    t =    12.32s     Check for interrupting elements affecting "import-label" TextField
    t =    12.40s         Wait for com.apple.springboard to idle
    t =    12.43s Ignoring failure to get hierarchy for remote element in process 1995 (Error getting main window kAXErrorServerNotFound)
    t =    12.43s Ignoring failure to get hierarchy for remote element in process 1995 (Error getting main window kAXErrorServerNotFound)
    t =    12.43s     Synthesize event
    t =    12.75s     Wait for com.bicterm.app to idle
    t =    12.75s Tap "import-paste" Button
    t =    12.75s     Wait for com.bicterm.app to idle
    t =    12.76s     Find the "import-paste" Button
    t =    12.85s     Check for interrupting elements affecting "import-paste" Button
    t =    12.93s         Wait for com.apple.springboard to idle
    t =    12.95s Ignoring failure to get hierarchy for remote element in process 1995 (Error getting main window kAXErrorServerNotFound)
    t =    12.95s Ignoring failure to get hierarchy for remote element in process 1995 (Error getting main window kAXErrorServerNotFound)
    t =    12.96s     Synthesize event
    t =    13.25s     Wait for com.bicterm.app to idle
    t =    13.51s Waiting 5.0s for "import-status" StaticText to exist
    t =    14.55s     Checking `Expect predicate `existsNoRetry == 1` for object "import-status" StaticText`
    t =    14.56s         Checking existence of `"import-status" StaticText`
    t =    14.65s Find the "import-status" StaticText
    t =    14.75s Checking existence of `"import-save" Button`
    t =    14.84s Find the "import-save" Button
    t =    15.12s Tap "import-cancel" Button
    t =    15.12s     Wait for com.bicterm.app to idle
    t =    15.13s     Find the "import-cancel" Button
    t =    15.22s     Check for interrupting elements affecting "import-cancel" Button
    t =    15.31s         Wait for com.apple.springboard to idle
    t =    15.33s Ignoring failure to get hierarchy for remote element in process 1995 (Error getting main window kAXErrorServerNotFound)
    t =    15.33s Ignoring failure to get hierarchy for remote element in process 1995 (Error getting main window kAXErrorServerNotFound)
    t =    15.34s     Synthesize event
    t =    15.64s     Wait for com.bicterm.app to idle
    t =    16.39s Waiting 5.0s for "key-empty-state" Other to exist
    t =    17.43s     Checking `Expect predicate `existsNoRetry == 1` for object "key-empty-state" Other`
    t =    17.43s         Checking existence of `"key-empty-state" Other`
    t =    17.48s         Capturing element debug description
    t =    18.43s     Checking `Expect predicate `existsNoRetry == 1` for object "key-empty-state" Other`
    t =    18.43s         Checking existence of `"key-empty-state" Other`
    t =    18.48s         Capturing element debug description
    t =    19.41s     Checking `Expect predicate `existsNoRetry == 1` for object "key-empty-state" Other`
    t =    19.41s         Checking existence of `"key-empty-state" Other`
    t =    19.45s         Capturing element debug description
    t =    20.48s     Checking `Expect predicate `existsNoRetry == 1` for object "key-empty-state" Other`
    t =    20.48s         Checking existence of `"key-empty-state" Other`
    t =    20.53s         Capturing element debug description
    t =    21.40s     Checking `Expect predicate `existsNoRetry == 1` for object "key-empty-state" Other`
    t =    21.40s         Checking existence of `"key-empty-state" Other`
    t =    21.44s         Capturing element debug description
    t =    21.44s     Checking existence of `"key-empty-state" Other`
    t =    21.49s Collecting debug information to assist test failure triage
    t =    21.49s     Requesting snapshot of accessibility hierarchy for app with pid 34548
    t =    21.56s Waiting 5.0s for "No Keys Yet" StaticText to exist
    t =    22.59s     Checking `Expect predicate `existsNoRetry == 1` for object "No Keys Yet" StaticText`
    t =    22.59s         Checking existence of `"No Keys Yet" StaticText`
    t =    22.64s Checking existence of `"bad-rsa" StaticText`
    t =    22.68s Tear Down
Test Case '-[BicTermUITests.KeyManagementUITests testRSAPasteIsRejectedWithTypedMessageAndListStaysEmpty]' passed (22.907 seconds).
Test Case '-[BicTermUITests.KeyManagementUITests testSecureEnclaveBadgeRendersForP256KeyMetadata]' started.
    t =     0.00s Start Test at 2026-09-08 23:03:32.800
    t =     0.02s Set Up
    t =     0.02s Open com.bicterm.app
    t =     0.03s     Launch com.bicterm.app
    t =     0.03s         Terminate com.bicterm.app:34548
2026-09-08 23:03:33.892 xcodebuild[31656:29943544] [MT] IDELaunchParametersSnapshot: The operation couldn’t be completed. (DebuggerLLDB.DebuggerVersionStore.StoreError error 0.)
2026-09-08 23:03:33.892 xcodebuild[31656:29943544] [MT] IDELaunchParametersSnapshot: no debugger version
    t =     1.50s         Setting up automation session
    t =     2.26s         Wait for com.bicterm.app to idle
    t =     3.98s Waiting 15.0s for "SSH Keys" NavigationBar to exist
    t =     5.04s     Checking `Expect predicate `existsNoRetry == 1` for object "SSH Keys" NavigationBar`
    t =     5.04s         Checking existence of `"SSH Keys" NavigationBar`
    t =     5.15s Waiting 10.0s for "SE Test Key" StaticText to exist
    t =     6.19s     Checking `Expect predicate `existsNoRetry == 1` for object "SE Test Key" StaticText`
    t =     6.20s         Checking existence of `"SE Test Key" StaticText`
    t =     6.25s Checking existence of `"Secure Enclave" StaticText`
    t =     6.29s Checking existence of `"key-biometric-badge" Any`
    t =     6.42s Tear Down
Test Case '-[BicTermUITests.KeyManagementUITests testSecureEnclaveBadgeRendersForP256KeyMetadata]' passed (6.640 seconds).
Test Suite 'KeyManagementUITests' passed at 2026-09-08 23:03:39.439.
	 Executed 13 tests, with 0 failures (0 unexpected) in 280.809 (280.820) seconds
Test Suite 'PasswordAuthUITests' started at 2026-09-08 23:03:39.440.
Test Case '-[BicTermUITests.PasswordAuthUITests testPasswordDestinationPersistsAndNeverPrefills]' started.
    t =     0.00s Start Test at 2026-09-08 23:03:39.440
    t =     0.02s Set Up
    t =     0.02s Open com.bicterm.app
    t =     0.02s     Launch com.bicterm.app
    t =     0.02s         Terminate com.bicterm.app:34595
2026-09-08 23:03:40.500 xcodebuild[31656:29943544] [MT] IDELaunchParametersSnapshot: The operation couldn’t be completed. (DebuggerLLDB.DebuggerVersionStore.StoreError error 0.)
2026-09-08 23:03:40.500 xcodebuild[31656:29943544] [MT] IDELaunchParametersSnapshot: no debugger version
    t =     1.27s         Setting up automation session
    t =     2.14s         Wait for com.bicterm.app to idle
    t =     3.63s Waiting 15.0s for "add-connection" Button to exist
    t =     4.65s     Checking `Expect predicate `existsNoRetry == 1` for object "add-connection" Button`
    t =     4.65s         Checking existence of `"add-connection" Button`
    t =     4.71s Tap "add-connection" Button
    t =     4.71s     Wait for com.bicterm.app to idle
    t =     4.71s     Find the "add-connection" Button
    t =     4.74s     Check for interrupting elements affecting "add-connection" Button
    t =     4.77s         Wait for com.apple.springboard to idle
    t =     4.79s Ignoring failure to get hierarchy for remote element in process 1995 (Error getting main window kAXErrorServerNotFound)
    t =     4.79s Ignoring failure to get hierarchy for remote element in process 1995 (Error getting main window kAXErrorServerNotFound)
    t =     4.79s     Synthesize event
    t =     5.10s     Wait for com.bicterm.app to idle
    t =     6.02s Waiting 10.0s for "field-name" TextField to exist
    t =     7.05s     Checking `Expect predicate `existsNoRetry == 1` for object "field-name" TextField`
    t =     7.05s         Checking existence of `"field-name" TextField`
    t =     7.16s Checking existence of `"field-name" TextField`
    t =     7.23s Find the "field-name" TextField
    t =     7.30s Find the Window (First Match)
    t =     7.30s Find the "field-name" TextField
    t =     7.37s Get number of matches for: Descendants matching type NavigationBar
    t =     7.43s Find the NavigationBar (Element at index 0)
    t =     7.49s Find the NavigationBar (Element at index 1)
    t =     7.55s Tap "field-name" TextField
    t =     7.55s     Wait for com.bicterm.app to idle
    t =     7.55s     Find the "field-name" TextField
    t =     7.62s     Check for interrupting elements affecting "field-name" TextField
    t =     7.68s         Wait for com.apple.springboard to idle
    t =     7.71s Ignoring failure to get hierarchy for remote element in process 1995 (Error getting main window kAXErrorServerNotFound)
    t =     7.71s Ignoring failure to get hierarchy for remote element in process 1995 (Error getting main window kAXErrorServerNotFound)
    t =     7.71s     Synthesize event
    t =     8.01s     Wait for com.bicterm.app to idle
    t =     9.17s Checking `Expect predicate `hasKeyboardFocus == 1` for object "field-name" TextField`
    t =     9.18s     Find the "field-name" TextField
    t =     9.30s Type 'Password Auth' into Target Application 'com.bicterm.app'
    t =     9.30s     Wait for com.bicterm.app to idle
    t =     9.30s     Find the Target Application 'com.bicterm.app'
    t =     9.37s     Check for interrupting elements affecting "BicTerm" Application
    t =     9.45s         Wait for com.apple.springboard to idle
    t =     9.47s Ignoring failure to get hierarchy for remote element in process 1995 (Error getting main window kAXErrorServerNotFound)
    t =     9.47s Ignoring failure to get hierarchy for remote element in process 1995 (Error getting main window kAXErrorServerNotFound)
    t =     9.48s     Synthesize event
    t =     9.48s         Get number of matches for: Elements containing elements matching predicate 'hasKeyboardFocus == 1'
    t =     9.96s     Wait for com.bicterm.app to idle
    t =     9.96s Find the "field-name" TextField
    t =    10.05s Get number of matches for: Descendants matching type Keyboard
    t =    10.12s Waiting 2.0s for "Done" Button to exist
    t =    11.18s     Checking `Expect predicate `existsNoRetry == 1` for object "Done" Button`
    t =    11.18s         Checking existence of `"Done" Button`
    t =    11.27s Tap "Done" Button
    t =    11.27s     Wait for com.bicterm.app to idle
    t =    11.27s     Find the "Done" Button
    t =    11.37s     Check for interrupting elements affecting "Done" Button
    t =    11.45s         Wait for com.apple.springboard to idle
    t =    11.47s Ignoring failure to get hierarchy for remote element in process 1995 (Error getting main window kAXErrorServerNotFound)
    t =    11.47s Ignoring failure to get hierarchy for remote element in process 1995 (Error getting main window kAXErrorServerNotFound)
    t =    11.48s     Synthesize event
    t =    11.77s     Wait for com.bicterm.app to idle
    t =    12.58s Checking existence of `"field-host" TextField`
    t =    12.64s Find the "field-host" TextField
    t =    12.72s Find the Window (First Match)
    t =    12.73s Find the "field-host" TextField
    t =    12.80s Get number of matches for: Descendants matching type NavigationBar
    t =    12.85s Find the NavigationBar (Element at index 0)
    t =    12.91s Find the NavigationBar (Element at index 1)
    t =    12.97s Tap "field-host" TextField
    t =    12.97s     Wait for com.bicterm.app to idle
    t =    12.98s     Find the "field-host" TextField
    t =    13.04s     Check for interrupting elements affecting "field-host" TextField
    t =    13.11s         Wait for com.apple.springboard to idle
    t =    13.13s Ignoring failure to get hierarchy for remote element in process 1995 (Error getting main window kAXErrorServerNotFound)
    t =    13.13s Ignoring failure to get hierarchy for remote element in process 1995 (Error getting main window kAXErrorServerNotFound)
    t =    13.13s     Synthesize event
    t =    13.42s     Wait for com.bicterm.app to idle
    t =    14.78s Checking `Expect predicate `hasKeyboardFocus == 1` for object "field-host" TextField`
    t =    14.78s     Find the "field-host" TextField
    t =    14.88s Type '127.0.0.1' into Target Application 'com.bicterm.app'
    t =    14.88s     Wait for com.bicterm.app to idle
    t =    14.88s     Find the Target Application 'com.bicterm.app'
    t =    14.95s     Check for interrupting elements affecting "BicTerm" Application
    t =    15.03s         Wait for com.apple.springboard to idle
    t =    15.05s Ignoring failure to get hierarchy for remote element in process 1995 (Error getting main window kAXErrorServerNotFound)
    t =    15.05s Ignoring failure to get hierarchy for remote element in process 1995 (Error getting main window kAXErrorServerNotFound)
    t =    15.06s     Synthesize event
    t =    15.06s         Get number of matches for: Elements containing elements matching predicate 'hasKeyboardFocus == 1'
    t =    15.48s     Wait for com.bicterm.app to idle
    t =    15.49s Find the "field-host" TextField
    t =    15.57s Get number of matches for: Descendants matching type Keyboard
    t =    15.64s Waiting 2.0s for "Done" Button to exist
    t =    16.66s     Checking `Expect predicate `existsNoRetry == 1` for object "Done" Button`
    t =    16.66s         Checking existence of `"Done" Button`
    t =    16.74s Tap "Done" Button
    t =    16.74s     Wait for com.bicterm.app to idle
    t =    16.75s     Find the "Done" Button
    t =    16.83s     Check for interrupting elements affecting "Done" Button
    t =    16.91s         Wait for com.apple.springboard to idle
    t =    16.94s Ignoring failure to get hierarchy for remote element in process 1995 (Error getting main window kAXErrorServerNotFound)
    t =    16.94s Ignoring failure to get hierarchy for remote element in process 1995 (Error getting main window kAXErrorServerNotFound)
    t =    16.95s     Synthesize event
    t =    17.24s     Wait for com.bicterm.app to idle
    t =    18.04s Checking existence of `"field-port" TextField`
    t =    18.11s Find the "field-port" TextField
    t =    18.19s Find the Window (First Match)
    t =    18.19s Find the "field-port" TextField
    t =    18.26s Get number of matches for: Descendants matching type NavigationBar
    t =    18.32s Find the NavigationBar (Element at index 0)
    t =    18.38s Find the NavigationBar (Element at index 1)
    t =    18.44s Tap "field-port" TextField
    t =    18.44s     Wait for com.bicterm.app to idle
    t =    18.44s     Find the "field-port" TextField
    t =    18.50s     Check for interrupting elements affecting "field-port" TextField
    t =    18.57s         Wait for com.apple.springboard to idle
    t =    18.59s Ignoring failure to get hierarchy for remote element in process 1995 (Error getting main window kAXErrorServerNotFound)
    t =    18.59s Ignoring failure to get hierarchy for remote element in process 1995 (Error getting main window kAXErrorServerNotFound)
    t =    18.60s     Synthesize event
    t =    18.89s     Wait for com.bicterm.app to idle
    t =    20.25s Checking `Expect predicate `hasKeyboardFocus == 1` for object "field-port" TextField`
    t =    20.25s     Find the "field-port" TextField
    t =    20.34s Double tap "field-port" TextField
    t =    20.34s     Wait for com.bicterm.app to idle
    t =    20.35s     Find the "field-port" TextField
    t =    20.44s     Check for interrupting elements affecting "field-port" TextField
    t =    20.52s         Wait for com.apple.springboard to idle
    t =    20.55s Ignoring failure to get hierarchy for remote element in process 1995 (Error getting main window kAXErrorServerNotFound)
    t =    20.55s Ignoring failure to get hierarchy for remote element in process 1995 (Error getting main window kAXErrorServerNotFound)
    t =    20.55s     Synthesize event
    t =    20.90s     Wait for com.bicterm.app to idle
    t =    21.17s Type '18090' into Target Application 'com.bicterm.app'
    t =    21.17s     Wait for com.bicterm.app to idle
    t =    21.17s     Find the Target Application 'com.bicterm.app'
    t =    21.25s     Check for interrupting elements affecting "BicTerm" Application
    t =    21.33s         Wait for com.apple.springboard to idle
    t =    21.35s Ignoring failure to get hierarchy for remote element in process 1995 (Error getting main window kAXErrorServerNotFound)
    t =    21.35s Ignoring failure to get hierarchy for remote element in process 1995 (Error getting main window kAXErrorServerNotFound)
    t =    21.36s     Synthesize event
    t =    21.36s         Get number of matches for: Elements containing elements matching predicate 'hasKeyboardFocus == 1'
    t =    21.73s     Wait for com.bicterm.app to idle
    t =    21.93s Find the "field-port" TextField
    t =    22.01s Get number of matches for: Descendants matching type Keyboard
    t =    22.09s Waiting 2.0s for "Done" Button to exist
    t =    23.13s     Checking `Expect predicate `existsNoRetry == 1` for object "Done" Button`
    t =    23.13s         Checking existence of `"Done" Button`
    t =    23.22s Tap "Done" Button
    t =    23.22s     Wait for com.bicterm.app to idle
    t =    23.23s     Find the "Done" Button
    t =    23.32s     Check for interrupting elements affecting "Done" Button
    t =    23.40s         Wait for com.apple.springboard to idle
    t =    23.42s Ignoring failure to get hierarchy for remote element in process 1995 (Error getting main window kAXErrorServerNotFound)
    t =    23.42s Ignoring failure to get hierarchy for remote element in process 1995 (Error getting main window kAXErrorServerNotFound)
    t =    23.43s     Synthesize event
    t =    23.72s     Wait for com.bicterm.app to idle
    t =    24.53s Checking existence of `"field-username" TextField`
    t =    24.59s Find the "field-username" TextField
    t =    24.67s Find the Window (First Match)
    t =    24.67s Find the "field-username" TextField
    t =    24.74s Get number of matches for: Descendants matching type NavigationBar
    t =    24.80s Find the NavigationBar (Element at index 0)
    t =    24.86s Find the NavigationBar (Element at index 1)
    t =    24.92s Tap "field-username" TextField
    t =    24.92s     Wait for com.bicterm.app to idle
    t =    24.92s     Find the "field-username" TextField
    t =    24.99s     Check for interrupting elements affecting "field-username" TextField
    t =    25.05s         Wait for com.apple.springboard to idle
    t =    25.08s Ignoring failure to get hierarchy for remote element in process 1995 (Error getting main window kAXErrorServerNotFound)
    t =    25.08s Ignoring failure to get hierarchy for remote element in process 1995 (Error getting main window kAXErrorServerNotFound)
    t =    25.08s     Synthesize event
    t =    25.38s     Wait for com.bicterm.app to idle
    t =    26.74s Checking `Expect predicate `hasKeyboardFocus == 1` for object "field-username" TextField`
    t =    26.74s     Find the "field-username" TextField
    t =    26.83s Type 'uitest' into Target Application 'com.bicterm.app'
    t =    26.84s     Wait for com.bicterm.app to idle
    t =    26.84s     Find the Target Application 'com.bicterm.app'
    t =    26.91s     Check for interrupting elements affecting "BicTerm" Application
    t =    26.99s         Wait for com.apple.springboard to idle
    t =    27.01s Ignoring failure to get hierarchy for remote element in process 1995 (Error getting main window kAXErrorServerNotFound)
    t =    27.01s Ignoring failure to get hierarchy for remote element in process 1995 (Error getting main window kAXErrorServerNotFound)
    t =    27.02s     Synthesize event
    t =    27.02s         Get number of matches for: Elements containing elements matching predicate 'hasKeyboardFocus == 1'
    t =    27.39s     Wait for com.bicterm.app to idle
    t =    27.39s Find the "field-username" TextField
    t =    27.48s Get number of matches for: Descendants matching type Keyboard
    t =    27.55s Waiting 2.0s for "Done" Button to exist
    t =    28.60s     Checking `Expect predicate `existsNoRetry == 1` for object "Done" Button`
    t =    28.60s         Checking existence of `"Done" Button`
    t =    28.69s Tap "Done" Button
    t =    28.69s     Wait for com.bicterm.app to idle
    t =    28.69s     Find the "Done" Button
    t =    28.78s     Check for interrupting elements affecting "Done" Button
    t =    28.87s         Wait for com.apple.springboard to idle
    t =    28.89s Ignoring failure to get hierarchy for remote element in process 1995 (Error getting main window kAXErrorServerNotFound)
    t =    28.89s Ignoring failure to get hierarchy for remote element in process 1995 (Error getting main window kAXErrorServerNotFound)
    t =    28.90s     Synthesize event
    t =    29.19s     Wait for com.bicterm.app to idle
    t =    29.99s Get number of matches for: Descendants matching type Keyboard
    t =    30.05s Waiting 5.0s for "auth-method-picker" SegmentedControl to exist
    t =    31.08s     Checking `Expect predicate `existsNoRetry == 1` for object "auth-method-picker" SegmentedControl`
    t =    31.08s         Checking existence of `"auth-method-picker" SegmentedControl`
    t =    31.15s Checking existence of `"Password" Button`
    t =    31.22s Tap "Password" Button
    t =    31.22s     Wait for com.bicterm.app to idle
    t =    31.23s     Find the "Password" Button
    t =    31.29s     Check for interrupting elements affecting "Password" Button
    t =    31.36s         Wait for com.apple.springboard to idle
    t =    31.38s Ignoring failure to get hierarchy for remote element in process 1995 (Error getting main window kAXErrorServerNotFound)
    t =    31.38s Ignoring failure to get hierarchy for remote element in process 1995 (Error getting main window kAXErrorServerNotFound)
    t =    31.39s     Synthesize event
    t =    31.68s     Wait for com.bicterm.app to idle
    t =    32.89s Waiting 5.0s for "password-field" SecureTextField to exist
    t =    33.95s     Checking `Expect predicate `existsNoRetry == 1` for object "password-field" SecureTextField`
    t =    33.95s         Checking existence of `"password-field" SecureTextField`
    t =    34.02s Checking existence of `"key-selector" Button`
    t =    34.09s Checking existence of `"password-field-error" StaticText`
    t =    34.16s Checking existence of `"password-field" SecureTextField`
    t =    34.23s Find the "password-field" SecureTextField
    t =    34.30s Find the Window (First Match)
    t =    34.31s Find the "password-field" SecureTextField
    t =    34.38s Get number of matches for: Descendants matching type NavigationBar
    t =    34.44s Find the NavigationBar (Element at index 0)
    t =    34.50s Find the NavigationBar (Element at index 1)
    t =    34.57s Tap "password-field" SecureTextField[0.75, 0.50]
    t =    34.57s     Wait for com.bicterm.app to idle
    t =    34.57s     Find the "password-field" SecureTextField
    t =    34.64s     Check for interrupting elements affecting "password-field" SecureTextField
    t =    34.70s         Wait for com.apple.springboard to idle
    t =    34.73s Ignoring failure to get hierarchy for remote element in process 1995 (Error getting main window kAXErrorServerNotFound)
    t =    34.73s Ignoring failure to get hierarchy for remote element in process 1995 (Error getting main window kAXErrorServerNotFound)
    t =    34.73s     Synthesize event
    t =    34.73s         Find the "password-field" SecureTextField
    t =    34.81s         Find the "password-field" SecureTextField
    t =    34.88s         Find the "password-field" SecureTextField
    t =    35.23s     Wait for com.bicterm.app to idle
    t =    36.62s Checking `Expect predicate `hasKeyboardFocus == 1` for object "password-field" SecureTextField`
    t =    36.62s     Find the "password-field" SecureTextField
    t =    36.71s Type 'bicterm-uitest-fix...' into Target Application 'com.bicterm.app'
    t =    36.71s     Wait for com.bicterm.app to idle
    t =    36.71s     Find the Target Application 'com.bicterm.app'
    t =    36.78s     Check for interrupting elements affecting "BicTerm" Application
    t =    36.86s         Wait for com.apple.springboard to idle
    t =    36.89s Ignoring failure to get hierarchy for remote element in process 1995 (Error getting main window kAXErrorServerNotFound)
    t =    36.89s Ignoring failure to get hierarchy for remote element in process 1995 (Error getting main window kAXErrorServerNotFound)
    t =    36.89s     Synthesize event
    t =    36.89s         Get number of matches for: Elements containing elements matching predicate 'hasKeyboardFocus == 1'
    t =    37.68s     Wait for com.bicterm.app to idle
    t =    37.68s Find the "password-field" SecureTextField
    t =    37.77s Get number of matches for: Descendants matching type Keyboard
    t =    37.84s Waiting 2.0s for "Done" Button to exist
    t =    38.89s     Checking `Expect predicate `existsNoRetry == 1` for object "Done" Button`
    t =    38.89s         Checking existence of `"Done" Button`
    t =    38.98s Tap "Done" Button
    t =    38.98s     Wait for com.bicterm.app to idle
    t =    38.98s     Find the "Done" Button
    t =    39.06s     Check for interrupting elements affecting "Done" Button
    t =    39.14s         Wait for com.apple.springboard to idle
    t =    39.17s Ignoring failure to get hierarchy for remote element in process 1995 (Error getting main window kAXErrorServerNotFound)
    t =    39.17s Ignoring failure to get hierarchy for remote element in process 1995 (Error getting main window kAXErrorServerNotFound)
    t =    39.17s     Synthesize event
    t =    39.47s     Wait for com.bicterm.app to idle
    t =    40.24s Checking existence of `"password-field-error" StaticText`
    t =    41.39s Checking `Expect predicate `enabled == 1` for object "save-editor" Button`
    t =    41.39s     Find the "save-editor" Button
    t =    41.48s Tap "save-editor" Button
    t =    41.48s     Wait for com.bicterm.app to idle
    t =    41.48s     Find the "save-editor" Button
    t =    41.57s     Check for interrupting elements affecting "save-editor" Button
    t =    41.64s         Wait for com.apple.springboard to idle
    t =    41.67s Ignoring failure to get hierarchy for remote element in process 1995 (Error getting main window kAXErrorServerNotFound)
    t =    41.67s Ignoring failure to get hierarchy for remote element in process 1995 (Error getting main window kAXErrorServerNotFound)
    t =    41.67s     Synthesize event
    t =    41.98s     Wait for com.bicterm.app to idle
    t =    43.19s Waiting 3.0s for "Not Now" Button to exist
    t =    44.22s     Checking `Expect predicate `existsNoRetry == 1` for object "Not Now" Button`
    t =    44.22s         Checking existence of `"Not Now" Button`
    t =    44.27s Tap "Not Now" Button
    t =    44.27s     Wait for com.bicterm.app to idle
    t =    44.27s     Find the "Not Now" Button
    t =    44.31s     Check for interrupting elements affecting "Not Now" Button
    t =    44.35s         Wait for com.apple.springboard to idle
    t =    44.38s Ignoring failure to get hierarchy for remote element in process 1995 (Error getting main window kAXErrorServerNotFound)
    t =    44.38s Ignoring failure to get hierarchy for remote element in process 1995 (Error getting main window kAXErrorServerNotFound)
    t =    44.38s     Synthesize event
    t =    44.68s     Wait for com.bicterm.app to idle
    t =    44.68s Waiting 10.0s for "connection-Password-Auth" Button to exist
    t =    45.72s     Checking `Expect predicate `existsNoRetry == 1` for object "connection-Password-Auth" Button`
    t =    45.72s         Checking existence of `"connection-Password-Auth" Button`
    t =    45.75s Terminate com.bicterm.app:34607
    t =    46.81s Open com.bicterm.app
    t =    46.81s     Launch com.bicterm.app
2026-09-08 23:04:26.248 xcodebuild[31656:29943544] [MT] IDELaunchParametersSnapshot: The operation couldn’t be completed. (DebuggerLLDB.DebuggerVersionStore.StoreError error 0.)
2026-09-08 23:04:26.248 xcodebuild[31656:29943544] [MT] IDELaunchParametersSnapshot: no debugger version
    t =    47.22s         Setting up automation session
    t =    47.98s         Wait for com.bicterm.app to idle
    t =    49.44s Waiting 10.0s for "connection-Password-Auth" Button to exist
    t =    50.50s     Checking `Expect predicate `existsNoRetry == 1` for object "connection-Password-Auth" Button`
    t =    50.50s         Checking existence of `"connection-Password-Auth" Button`
    t =    50.56s Checking existence of `Cell (First Match)`
    t =    50.60s Swipe left Cell (First Match)
    t =    50.60s     Wait for com.bicterm.app to idle
    t =    50.60s     Find the Cell (First Match)
    t =    50.64s     Check for interrupting elements affecting Cell
    t =    50.67s         Wait for com.apple.springboard to idle
    t =    50.69s Ignoring failure to get hierarchy for remote element in process 1995 (Error getting main window kAXErrorServerNotFound)
    t =    50.69s Ignoring failure to get hierarchy for remote element in process 1995 (Error getting main window kAXErrorServerNotFound)
    t =    50.69s     Synthesize event
    t =    51.14s     Wait for com.bicterm.app to idle
    t =    51.81s Waiting 5.0s for "edit-Password-Auth" Button to exist
    t =    52.85s     Checking `Expect predicate `existsNoRetry == 1` for object "edit-Password-Auth" Button`
    t =    52.85s         Checking existence of `"edit-Password-Auth" Button`
    t =    52.88s Tap "edit-Password-Auth" Button
    t =    52.88s     Wait for com.bicterm.app to idle
    t =    52.89s     Find the "edit-Password-Auth" Button
    t =    52.92s     Check for interrupting elements affecting "edit-Password-Auth" Button
    t =    52.95s         Wait for com.apple.springboard to idle
    t =    52.97s Ignoring failure to get hierarchy for remote element in process 1995 (Error getting main window kAXErrorServerNotFound)
    t =    52.97s Ignoring failure to get hierarchy for remote element in process 1995 (Error getting main window kAXErrorServerNotFound)
    t =    52.98s     Synthesize event
    t =    53.28s     Wait for com.bicterm.app to idle
    t =    54.31s Waiting 10.0s for "cancel-editor" Button to exist
    t =    55.33s     Checking `Expect predicate `existsNoRetry == 1` for object "cancel-editor" Button`
    t =    55.33s         Checking existence of `"cancel-editor" Button`
    t =    55.45s Checking existence of `"password-field" SecureTextField`
    t =    55.52s Find the "password-field" SecureTextField
    t =    55.60s Find the Window (First Match)
    t =    55.61s Find the "password-field" SecureTextField
    t =    55.68s Get number of matches for: Descendants matching type NavigationBar
    t =    55.74s Find the NavigationBar (Element at index 0)
    t =    55.81s Find the NavigationBar (Element at index 1)
    t =    55.87s Checking existence of `"password-field" SecureTextField`
    t =    55.95s Checking existence of `"password-saved-badge" StaticText`
    t =    56.01s Checking existence of `"key-selector" Button`
    t =    56.08s Find the "password-field" SecureTextField
    t =    57.19s Checking `Expect predicate `enabled == 1` for object "save-editor" Button`
    t =    57.19s     Find the "save-editor" Button
    t =    57.26s Tap "cancel-editor" Button
    t =    57.27s     Wait for com.bicterm.app to idle
    t =    57.27s     Find the "cancel-editor" Button
    t =    57.34s     Check for interrupting elements affecting "cancel-editor" Button
    t =    57.41s         Wait for com.apple.springboard to idle
    t =    57.43s Ignoring failure to get hierarchy for remote element in process 1995 (Error getting main window kAXErrorServerNotFound)
    t =    57.43s Ignoring failure to get hierarchy for remote element in process 1995 (Error getting main window kAXErrorServerNotFound)
    t =    57.44s     Synthesize event
    t =    57.74s     Wait for com.bicterm.app to idle
    t =    58.50s Tear Down
Test Case '-[BicTermUITests.PasswordAuthUITests testPasswordDestinationPersistsAndNeverPrefills]' passed (58.903 seconds).
Test Case '-[BicTermUITests.PasswordAuthUITests testPasswordHopPersistsAndReopensWithBadge]' started.
    t =     0.00s Start Test at 2026-09-08 23:04:38.344
    t =     0.02s Set Up
    t =     0.02s Open com.bicterm.app
    t =     0.02s     Launch com.bicterm.app
    t =     0.02s         Terminate com.bicterm.app:34690
2026-09-08 23:04:39.425 xcodebuild[31656:29943544] [MT] IDELaunchParametersSnapshot: The operation couldn’t be completed. (DebuggerLLDB.DebuggerVersionStore.StoreError error 0.)
2026-09-08 23:04:39.425 xcodebuild[31656:29943544] [MT] IDELaunchParametersSnapshot: no debugger version
    t =     1.30s         Setting up automation session
    t =     2.19s         Wait for com.bicterm.app to idle
    t =     3.70s Waiting 15.0s for "add-connection" Button to exist
    t =     4.76s     Checking `Expect predicate `existsNoRetry == 1` for object "add-connection" Button`
    t =     4.76s         Checking existence of `"add-connection" Button`
    t =     4.82s Tap "add-connection" Button
    t =     4.82s     Wait for com.bicterm.app to idle
    t =     4.83s     Find the "add-connection" Button
    t =     4.85s     Check for interrupting elements affecting "add-connection" Button
    t =     4.88s         Wait for com.apple.springboard to idle
    t =     4.90s Ignoring failure to get hierarchy for remote element in process 1995 (Error getting main window kAXErrorServerNotFound)
    t =     4.90s Ignoring failure to get hierarchy for remote element in process 1995 (Error getting main window kAXErrorServerNotFound)
    t =     4.91s     Synthesize event
    t =     5.21s     Wait for com.bicterm.app to idle
    t =     6.14s Waiting 10.0s for "field-name" TextField to exist
    t =     7.16s     Checking `Expect predicate `existsNoRetry == 1` for object "field-name" TextField`
    t =     7.17s         Checking existence of `"field-name" TextField`
    t =     7.28s Checking existence of `"field-name" TextField`
    t =     7.35s Find the "field-name" TextField
    t =     7.43s Find the Window (First Match)
    t =     7.44s Find the "field-name" TextField
    t =     7.51s Get number of matches for: Descendants matching type NavigationBar
    t =     7.57s Find the NavigationBar (Element at index 0)
    t =     7.63s Find the NavigationBar (Element at index 1)
    t =     7.69s Tap "field-name" TextField
    t =     7.69s     Wait for com.bicterm.app to idle
    t =     7.70s     Find the "field-name" TextField
    t =     7.76s     Check for interrupting elements affecting "field-name" TextField
    t =     7.83s         Wait for com.apple.springboard to idle
    t =     7.85s Ignoring failure to get hierarchy for remote element in process 1995 (Error getting main window kAXErrorServerNotFound)
    t =     7.85s Ignoring failure to get hierarchy for remote element in process 1995 (Error getting main window kAXErrorServerNotFound)
    t =     7.86s     Synthesize event
    t =     8.16s     Wait for com.bicterm.app to idle
    t =     9.31s Checking `Expect predicate `hasKeyboardFocus == 1` for object "field-name" TextField`
    t =     9.31s     Find the "field-name" TextField
    t =     9.43s Type 'Password Hop' into Target Application 'com.bicterm.app'
    t =     9.43s     Wait for com.bicterm.app to idle
    t =     9.44s     Find the Target Application 'com.bicterm.app'
    t =     9.51s     Check for interrupting elements affecting "BicTerm" Application
    t =     9.58s         Wait for com.apple.springboard to idle
    t =     9.61s Ignoring failure to get hierarchy for remote element in process 1995 (Error getting main window kAXErrorServerNotFound)
    t =     9.61s Ignoring failure to get hierarchy for remote element in process 1995 (Error getting main window kAXErrorServerNotFound)
    t =     9.61s     Synthesize event
    t =     9.61s         Get number of matches for: Elements containing elements matching predicate 'hasKeyboardFocus == 1'
    t =    10.08s     Wait for com.bicterm.app to idle
    t =    10.09s Find the "field-name" TextField
    t =    10.18s Get number of matches for: Descendants matching type Keyboard
    t =    10.25s Waiting 2.0s for "Done" Button to exist
    t =    11.28s     Checking `Expect predicate `existsNoRetry == 1` for object "Done" Button`
    t =    11.28s         Checking existence of `"Done" Button`
    t =    11.37s Tap "Done" Button
    t =    11.38s     Wait for com.bicterm.app to idle
    t =    11.38s     Find the "Done" Button
    t =    11.47s     Check for interrupting elements affecting "Done" Button
    t =    11.55s         Wait for com.apple.springboard to idle
    t =    11.57s Ignoring failure to get hierarchy for remote element in process 1995 (Error getting main window kAXErrorServerNotFound)
    t =    11.57s Ignoring failure to get hierarchy for remote element in process 1995 (Error getting main window kAXErrorServerNotFound)
    t =    11.58s     Synthesize event
    t =    11.87s     Wait for com.bicterm.app to idle
    t =    12.67s Checking existence of `"field-host" TextField`
    t =    12.74s Find the "field-host" TextField
    t =    12.81s Find the Window (First Match)
    t =    12.82s Find the "field-host" TextField
    t =    12.89s Get number of matches for: Descendants matching type NavigationBar
    t =    12.95s Find the NavigationBar (Element at index 0)
    t =    13.01s Find the NavigationBar (Element at index 1)
    t =    13.08s Tap "field-host" TextField
    t =    13.08s     Wait for com.bicterm.app to idle
    t =    13.08s     Find the "field-host" TextField
    t =    13.15s     Check for interrupting elements affecting "field-host" TextField
    t =    13.22s         Wait for com.apple.springboard to idle
    t =    13.25s Ignoring failure to get hierarchy for remote element in process 1995 (Error getting main window kAXErrorServerNotFound)
    t =    13.25s Ignoring failure to get hierarchy for remote element in process 1995 (Error getting main window kAXErrorServerNotFound)
    t =    13.25s     Synthesize event
    t =    13.55s     Wait for com.bicterm.app to idle
    t =    14.91s Checking `Expect predicate `hasKeyboardFocus == 1` for object "field-host" TextField`
    t =    14.91s     Find the "field-host" TextField
    t =    15.00s Type '10.7.7.7' into Target Application 'com.bicterm.app'
    t =    15.00s     Wait for com.bicterm.app to idle
    t =    15.00s     Find the Target Application 'com.bicterm.app'
    t =    15.07s     Check for interrupting elements affecting "BicTerm" Application
    t =    15.15s         Wait for com.apple.springboard to idle
    t =    15.17s Ignoring failure to get hierarchy for remote element in process 1995 (Error getting main window kAXErrorServerNotFound)
    t =    15.17s Ignoring failure to get hierarchy for remote element in process 1995 (Error getting main window kAXErrorServerNotFound)
    t =    15.18s     Synthesize event
    t =    15.18s         Get number of matches for: Elements containing elements matching predicate 'hasKeyboardFocus == 1'
    t =    15.58s     Wait for com.bicterm.app to idle
    t =    15.58s Find the "field-host" TextField
    t =    15.67s Get number of matches for: Descendants matching type Keyboard
    t =    15.74s Waiting 2.0s for "Done" Button to exist
    t =    16.78s     Checking `Expect predicate `existsNoRetry == 1` for object "Done" Button`
    t =    16.78s         Checking existence of `"Done" Button`
    t =    16.87s Tap "Done" Button
    t =    16.87s     Wait for com.bicterm.app to idle
    t =    16.87s     Find the "Done" Button
    t =    16.96s     Check for interrupting elements affecting "Done" Button
    t =    17.04s         Wait for com.apple.springboard to idle
    t =    17.06s Ignoring failure to get hierarchy for remote element in process 1995 (Error getting main window kAXErrorServerNotFound)
    t =    17.06s Ignoring failure to get hierarchy for remote element in process 1995 (Error getting main window kAXErrorServerNotFound)
    t =    17.07s     Synthesize event
    t =    17.36s     Wait for com.bicterm.app to idle
    t =    18.16s Checking existence of `"field-username" TextField`
    t =    18.22s Find the "field-username" TextField
    t =    18.30s Find the Window (First Match)
    t =    18.31s Find the "field-username" TextField
    t =    18.37s Get number of matches for: Descendants matching type NavigationBar
    t =    18.43s Find the NavigationBar (Element at index 0)
    t =    18.49s Find the NavigationBar (Element at index 1)
    t =    18.55s Tap "field-username" TextField
    t =    18.55s     Wait for com.bicterm.app to idle
    t =    18.55s     Find the "field-username" TextField
    t =    18.61s     Check for interrupting elements affecting "field-username" TextField
    t =    18.68s         Wait for com.apple.springboard to idle
    t =    18.70s Ignoring failure to get hierarchy for remote element in process 1995 (Error getting main window kAXErrorServerNotFound)
    t =    18.70s Ignoring failure to get hierarchy for remote element in process 1995 (Error getting main window kAXErrorServerNotFound)
    t =    18.71s     Synthesize event
    t =    19.00s     Wait for com.bicterm.app to idle
    t =    20.34s Checking `Expect predicate `hasKeyboardFocus == 1` for object "field-username" TextField`
    t =    20.34s     Find the "field-username" TextField
    t =    20.44s Type 'dest-user' into Target Application 'com.bicterm.app'
    t =    20.44s     Wait for com.bicterm.app to idle
    t =    20.44s     Find the Target Application 'com.bicterm.app'
    t =    20.51s     Check for interrupting elements affecting "BicTerm" Application
    t =    20.59s         Wait for com.apple.springboard to idle
    t =    20.62s Ignoring failure to get hierarchy for remote element in process 1995 (Error getting main window kAXErrorServerNotFound)
    t =    20.62s Ignoring failure to get hierarchy for remote element in process 1995 (Error getting main window kAXErrorServerNotFound)
    t =    20.62s     Synthesize event
    t =    20.63s         Get number of matches for: Elements containing elements matching predicate 'hasKeyboardFocus == 1'
    t =    21.05s     Wait for com.bicterm.app to idle
    t =    21.05s Find the "field-username" TextField
    t =    21.14s Get number of matches for: Descendants matching type Keyboard
    t =    21.21s Waiting 2.0s for "Done" Button to exist
    t =    22.21s     Checking `Expect predicate `existsNoRetry == 1` for object "Done" Button`
    t =    22.21s         Checking existence of `"Done" Button`
    t =    22.30s Tap "Done" Button
    t =    22.30s     Wait for com.bicterm.app to idle
    t =    22.30s     Find the "Done" Button
    t =    22.39s     Check for interrupting elements affecting "Done" Button
    t =    22.47s         Wait for com.apple.springboard to idle
    t =    22.50s Ignoring failure to get hierarchy for remote element in process 1995 (Error getting main window kAXErrorServerNotFound)
    t =    22.50s Ignoring failure to get hierarchy for remote element in process 1995 (Error getting main window kAXErrorServerNotFound)
    t =    22.50s     Synthesize event
    t =    22.80s     Wait for com.bicterm.app to idle
    t =    23.59s Get number of matches for: Descendants matching type Keyboard
    t =    23.66s Checking existence of `"key-selector" Button`
    t =    23.75s Find the "key-selector" Button
    t =    23.84s Find the Window (First Match)
    t =    23.85s Find the "key-selector" Button
    t =    23.92s Get number of matches for: Descendants matching type NavigationBar
    t =    23.99s Find the NavigationBar (Element at index 0)
    t =    24.05s Find the NavigationBar (Element at index 1)
    t =    24.12s Tap "key-selector" Button
    t =    24.12s     Wait for com.bicterm.app to idle
    t =    24.12s     Find the "key-selector" Button
    t =    24.19s     Check for interrupting elements affecting "key-selector" Button
    t =    24.26s         Wait for com.apple.springboard to idle
    t =    24.29s Ignoring failure to get hierarchy for remote element in process 1995 (Error getting main window kAXErrorServerNotFound)
    t =    24.29s Ignoring failure to get hierarchy for remote element in process 1995 (Error getting main window kAXErrorServerNotFound)
    t =    24.30s     Synthesize event
    t =    24.60s     Wait for com.bicterm.app to idle
    t =    25.36s Waiting 5.0s for "key-Fixture-Ed25519" Button to exist
    t =    26.42s     Checking `Expect predicate `existsNoRetry == 1` for object "key-Fixture-Ed25519" Button`
    t =    26.42s         Checking existence of `"key-Fixture-Ed25519" Button`
    t =    26.51s Tap "key-Fixture-Ed25519" Button
    t =    26.51s     Wait for com.bicterm.app to idle
    t =    26.52s     Find the "key-Fixture-Ed25519" Button
    t =    26.57s     Check for interrupting elements affecting "key-Fixture-Ed25519" Button
    t =    26.61s         Wait for com.apple.springboard to idle
    t =    26.64s Ignoring failure to get hierarchy for remote element in process 1995 (Error getting main window kAXErrorServerNotFound)
    t =    26.64s Ignoring failure to get hierarchy for remote element in process 1995 (Error getting main window kAXErrorServerNotFound)
    t =    26.64s     Synthesize event
    t =    26.94s     Wait for com.bicterm.app to idle
    t =    27.77s Checking existence of `"add-hop" Button`
    t =    27.85s Find the "add-hop" Button
    t =    27.93s Find the Window (First Match)
    t =    27.94s Find the "add-hop" Button
    t =    28.02s Get number of matches for: Descendants matching type NavigationBar
    t =    28.09s Find the NavigationBar (Element at index 0)
    t =    28.15s Find the NavigationBar (Element at index 1)
    t =    28.22s Tap "add-hop" Button
    t =    28.22s     Wait for com.bicterm.app to idle
    t =    28.23s     Find the "add-hop" Button
    t =    28.30s     Check for interrupting elements affecting "add-hop" Button
    t =    28.37s         Wait for com.apple.springboard to idle
    t =    28.39s Ignoring failure to get hierarchy for remote element in process 1995 (Error getting main window kAXErrorServerNotFound)
    t =    28.39s Ignoring failure to get hierarchy for remote element in process 1995 (Error getting main window kAXErrorServerNotFound)
    t =    28.40s     Synthesize event
    t =    28.69s     Wait for com.bicterm.app to idle
    t =    28.72s Waiting 10.0s for "hop-field-host" TextField to exist
    t =    29.76s     Checking `Expect predicate `existsNoRetry == 1` for object "hop-field-host" TextField`
    t =    29.76s         Checking existence of `"hop-field-host" TextField`
    t =    29.87s Checking existence of `"hop-field-host" TextField`
    t =    29.97s Find the "hop-field-host" TextField
    t =    30.07s Find the Window (First Match)
    t =    30.08s Find the "hop-field-host" TextField
    t =    30.17s Get number of matches for: Descendants matching type NavigationBar
    t =    30.25s Find the NavigationBar (Element at index 0)
    t =    30.34s Find the NavigationBar (Element at index 1)
    t =    30.43s Find the NavigationBar (Element at index 2)
    t =    30.52s Tap "hop-field-host" TextField
    t =    30.52s     Wait for com.bicterm.app to idle
    t =    30.52s     Find the "hop-field-host" TextField
    t =    30.61s     Check for interrupting elements affecting "hop-field-host" TextField
    t =    30.70s         Wait for com.apple.springboard to idle
    t =    30.72s Ignoring failure to get hierarchy for remote element in process 1995 (Error getting main window kAXErrorServerNotFound)
    t =    30.72s Ignoring failure to get hierarchy for remote element in process 1995 (Error getting main window kAXErrorServerNotFound)
    t =    30.73s     Synthesize event
    t =    31.01s     Wait for com.bicterm.app to idle
    t =    32.38s Checking `Expect predicate `hasKeyboardFocus == 1` for object "hop-field-host" TextField`
    t =    32.38s     Find the "hop-field-host" TextField
    t =    32.51s Type '127.0.0.1' into Target Application 'com.bicterm.app'
    t =    32.51s     Wait for com.bicterm.app to idle
    t =    32.51s     Find the Target Application 'com.bicterm.app'
    t =    32.60s     Check for interrupting elements affecting "BicTerm" Application
    t =    32.70s         Wait for com.apple.springboard to idle
    t =    32.73s Ignoring failure to get hierarchy for remote element in process 1995 (Error getting main window kAXErrorServerNotFound)
    t =    32.73s Ignoring failure to get hierarchy for remote element in process 1995 (Error getting main window kAXErrorServerNotFound)
    t =    32.73s     Synthesize event
    t =    32.74s         Get number of matches for: Elements containing elements matching predicate 'hasKeyboardFocus == 1'
    t =    33.18s     Wait for com.bicterm.app to idle
    t =    33.18s Find the "hop-field-host" TextField
    t =    33.29s Get number of matches for: Descendants matching type Keyboard
    t =    33.38s Waiting 2.0s for "Done" Button to exist
    t =    34.43s     Checking `Expect predicate `existsNoRetry == 1` for object "Done" Button`
    t =    34.43s         Checking existence of `"Done" Button`
    t =    34.54s Tap "Done" Button
    t =    34.54s     Wait for com.bicterm.app to idle
    t =    34.54s     Find the "Done" Button
    t =    34.66s     Check for interrupting elements affecting "Done" Button
    t =    34.76s         Wait for com.apple.springboard to idle
    t =    34.78s Ignoring failure to get hierarchy for remote element in process 1995 (Error getting main window kAXErrorServerNotFound)
    t =    34.78s Ignoring failure to get hierarchy for remote element in process 1995 (Error getting main window kAXErrorServerNotFound)
    t =    34.79s     Synthesize event
    t =    35.08s     Wait for com.bicterm.app to idle
    t =    35.87s Checking existence of `"hop-field-port" TextField`
    t =    35.96s Find the "hop-field-port" TextField
    t =    36.06s Find the Window (First Match)
    t =    36.07s Find the "hop-field-port" TextField
    t =    36.16s Get number of matches for: Descendants matching type NavigationBar
    t =    36.24s Find the NavigationBar (Element at index 0)
    t =    36.33s Find the NavigationBar (Element at index 1)
    t =    36.42s Find the NavigationBar (Element at index 2)
    t =    36.50s Tap "hop-field-port" TextField
    t =    36.50s     Wait for com.bicterm.app to idle
    t =    36.50s     Find the "hop-field-port" TextField
    t =    36.59s     Check for interrupting elements affecting "hop-field-port" TextField
    t =    36.68s         Wait for com.apple.springboard to idle
    t =    36.70s Ignoring failure to get hierarchy for remote element in process 1995 (Error getting main window kAXErrorServerNotFound)
    t =    36.70s Ignoring failure to get hierarchy for remote element in process 1995 (Error getting main window kAXErrorServerNotFound)
    t =    36.71s     Synthesize event
    t =    37.00s     Wait for com.bicterm.app to idle
    t =    38.38s Checking `Expect predicate `hasKeyboardFocus == 1` for object "hop-field-port" TextField`
    t =    38.38s     Find the "hop-field-port" TextField
    t =    38.49s Double tap "hop-field-port" TextField
    t =    38.49s     Wait for com.bicterm.app to idle
    t =    38.50s     Find the "hop-field-port" TextField
    t =    38.61s     Check for interrupting elements affecting "hop-field-port" TextField
    t =    38.71s         Wait for com.apple.springboard to idle
    t =    38.73s Ignoring failure to get hierarchy for remote element in process 1995 (Error getting main window kAXErrorServerNotFound)
    t =    38.73s Ignoring failure to get hierarchy for remote element in process 1995 (Error getting main window kAXErrorServerNotFound)
    t =    38.74s     Synthesize event
    t =    39.08s     Wait for com.bicterm.app to idle
    t =    39.34s Type '12222' into Target Application 'com.bicterm.app'
    t =    39.34s     Wait for com.bicterm.app to idle
    t =    39.34s     Find the Target Application 'com.bicterm.app'
    t =    39.44s     Check for interrupting elements affecting "BicTerm" Application
    t =    39.55s         Wait for com.apple.springboard to idle
    t =    39.57s Ignoring failure to get hierarchy for remote element in process 1995 (Error getting main window kAXErrorServerNotFound)
    t =    39.58s Ignoring failure to get hierarchy for remote element in process 1995 (Error getting main window kAXErrorServerNotFound)
    t =    39.58s     Synthesize event
    t =    39.58s         Get number of matches for: Elements containing elements matching predicate 'hasKeyboardFocus == 1'
    t =    39.97s     Wait for com.bicterm.app to idle
    t =    40.17s Find the "hop-field-port" TextField
    t =    40.29s Get number of matches for: Descendants matching type Keyboard
    t =    40.39s Waiting 2.0s for "Done" Button to exist
    t =    41.39s     Checking `Expect predicate `existsNoRetry == 1` for object "Done" Button`
    t =    41.40s         Checking existence of `"Done" Button`
    t =    41.51s Tap "Done" Button
    t =    41.51s     Wait for com.bicterm.app to idle
    t =    41.51s     Find the "Done" Button
    t =    41.62s     Check for interrupting elements affecting "Done" Button
    t =    41.72s         Wait for com.apple.springboard to idle
    t =    41.75s Ignoring failure to get hierarchy for remote element in process 1995 (Error getting main window kAXErrorServerNotFound)
    t =    41.75s Ignoring failure to get hierarchy for remote element in process 1995 (Error getting main window kAXErrorServerNotFound)
    t =    41.75s     Synthesize event
    t =    42.05s     Wait for com.bicterm.app to idle
    t =    42.86s Checking existence of `"hop-field-username" TextField`
    t =    42.95s Find the "hop-field-username" TextField
    t =    43.05s Find the Window (First Match)
    t =    43.06s Find the "hop-field-username" TextField
    t =    43.15s Get number of matches for: Descendants matching type NavigationBar
    t =    43.24s Find the NavigationBar (Element at index 0)
    t =    43.33s Find the NavigationBar (Element at index 1)
    t =    43.42s Find the NavigationBar (Element at index 2)
    t =    43.50s Tap "hop-field-username" TextField
    t =    43.50s     Wait for com.bicterm.app to idle
    t =    43.51s     Find the "hop-field-username" TextField
    t =    43.60s     Check for interrupting elements affecting "hop-field-username" TextField
    t =    43.69s         Wait for com.apple.springboard to idle
    t =    43.72s Ignoring failure to get hierarchy for remote element in process 1995 (Error getting main window kAXErrorServerNotFound)
    t =    43.72s Ignoring failure to get hierarchy for remote element in process 1995 (Error getting main window kAXErrorServerNotFound)
    t =    43.73s     Synthesize event
    t =    44.02s     Wait for com.bicterm.app to idle
    t =    45.38s Checking `Expect predicate `hasKeyboardFocus == 1` for object "hop-field-username" TextField`
    t =    45.38s     Find the "hop-field-username" TextField
    t =    45.50s Type 'hop1user' into Target Application 'com.bicterm.app'
    t =    45.50s     Wait for com.bicterm.app to idle
    t =    45.50s     Find the Target Application 'com.bicterm.app'
    t =    45.59s     Check for interrupting elements affecting "BicTerm" Application
    t =    45.70s         Wait for com.apple.springboard to idle
    t =    45.72s Ignoring failure to get hierarchy for remote element in process 1995 (Error getting main window kAXErrorServerNotFound)
    t =    45.72s Ignoring failure to get hierarchy for remote element in process 1995 (Error getting main window kAXErrorServerNotFound)
    t =    45.73s     Synthesize event
    t =    45.73s         Get number of matches for: Elements containing elements matching predicate 'hasKeyboardFocus == 1'
    t =    46.16s     Wait for com.bicterm.app to idle
    t =    46.17s Find the "hop-field-username" TextField
    t =    46.28s Get number of matches for: Descendants matching type Keyboard
    t =    46.38s Waiting 2.0s for "Done" Button to exist
    t =    47.42s     Checking `Expect predicate `existsNoRetry == 1` for object "Done" Button`
    t =    47.42s         Checking existence of `"Done" Button`
    t =    47.54s Tap "Done" Button
    t =    47.54s     Wait for com.bicterm.app to idle
    t =    47.54s     Find the "Done" Button
    t =    47.65s     Check for interrupting elements affecting "Done" Button
    t =    47.76s         Wait for com.apple.springboard to idle
    t =    47.78s Ignoring failure to get hierarchy for remote element in process 1995 (Error getting main window kAXErrorServerNotFound)
    t =    47.78s Ignoring failure to get hierarchy for remote element in process 1995 (Error getting main window kAXErrorServerNotFound)
    t =    47.79s     Synthesize event
    t =    48.08s     Wait for com.bicterm.app to idle
    t =    48.87s Get number of matches for: Descendants matching type Keyboard
    t =    48.96s Waiting 5.0s for "hop-auth-method-picker" SegmentedControl to exist
    t =    49.99s     Checking `Expect predicate `existsNoRetry == 1` for object "hop-auth-method-picker" SegmentedControl`
    t =    50.00s         Checking existence of `"hop-auth-method-picker" SegmentedControl`
    t =    50.09s Checking existence of `"Password" Button`
    t =    50.19s Tap "Password" Button
    t =    50.19s     Wait for com.bicterm.app to idle
    t =    50.19s     Find the "Password" Button
    t =    50.29s     Check for interrupting elements affecting "Password" Button
    t =    50.38s         Wait for com.apple.springboard to idle
    t =    50.40s Ignoring failure to get hierarchy for remote element in process 1995 (Error getting main window kAXErrorServerNotFound)
    t =    50.40s Ignoring failure to get hierarchy for remote element in process 1995 (Error getting main window kAXErrorServerNotFound)
    t =    50.41s     Synthesize event
    t =    50.71s     Wait for com.bicterm.app to idle
    t =    51.87s Waiting 5.0s for "hop-password-field" SecureTextField to exist
    t =    52.90s     Checking `Expect predicate `existsNoRetry == 1` for object "hop-password-field" SecureTextField`
    t =    52.90s         Checking existence of `"hop-password-field" SecureTextField`
    t =    53.01s Checking existence of `"hop-password-field" SecureTextField`
    t =    53.11s Find the "hop-password-field" SecureTextField
    t =    53.22s Find the Window (First Match)
    t =    53.22s Find the "hop-password-field" SecureTextField
    t =    53.33s Get number of matches for: Descendants matching type NavigationBar
    t =    53.41s Find the NavigationBar (Element at index 0)
    t =    53.50s Find the NavigationBar (Element at index 1)
    t =    53.59s Find the NavigationBar (Element at index 2)
    t =    53.69s Tap "hop-password-field" SecureTextField[0.75, 0.50]
    t =    53.69s     Wait for com.bicterm.app to idle
    t =    53.69s     Find the "hop-password-field" SecureTextField
    t =    53.78s     Check for interrupting elements affecting "hop-password-field" SecureTextField
    t =    53.88s         Wait for com.apple.springboard to idle
    t =    53.91s Ignoring failure to get hierarchy for remote element in process 1995 (Error getting main window kAXErrorServerNotFound)
    t =    53.91s Ignoring failure to get hierarchy for remote element in process 1995 (Error getting main window kAXErrorServerNotFound)
    t =    53.91s     Synthesize event
    t =    53.91s         Find the "hop-password-field" SecureTextField
    t =    54.01s         Find the "hop-password-field" SecureTextField
    t =    54.11s         Find the "hop-password-field" SecureTextField
    t =    54.50s     Wait for com.bicterm.app to idle
    t =    55.88s Checking `Expect predicate `hasKeyboardFocus == 1` for object "hop-password-field" SecureTextField`
    t =    55.88s     Find the "hop-password-field" SecureTextField
    t =    56.01s Type 'hop-secret-9' into Target Application 'com.bicterm.app'
    t =    56.01s     Wait for com.bicterm.app to idle
    t =    56.01s     Find the Target Application 'com.bicterm.app'
    t =    56.10s     Check for interrupting elements affecting "BicTerm" Application
    t =    56.21s         Wait for com.apple.springboard to idle
    t =    56.24s Ignoring failure to get hierarchy for remote element in process 1995 (Error getting main window kAXErrorServerNotFound)
    t =    56.24s Ignoring failure to get hierarchy for remote element in process 1995 (Error getting main window kAXErrorServerNotFound)
    t =    56.24s     Synthesize event
    t =    56.24s         Get number of matches for: Elements containing elements matching predicate 'hasKeyboardFocus == 1'
    t =    56.75s     Wait for com.bicterm.app to idle
    t =    56.75s Find the "hop-password-field" SecureTextField
    t =    56.86s Get number of matches for: Descendants matching type Keyboard
    t =    56.96s Waiting 2.0s for "Done" Button to exist
    t =    57.99s     Checking `Expect predicate `existsNoRetry == 1` for object "Done" Button`
    t =    58.00s         Checking existence of `"Done" Button`
    t =    58.12s Tap "Done" Button
    t =    58.12s     Wait for com.bicterm.app to idle
    t =    58.12s     Find the "Done" Button
    t =    58.24s     Check for interrupting elements affecting "Done" Button
    t =    58.35s         Wait for com.apple.springboard to idle
    t =    58.38s Ignoring failure to get hierarchy for remote element in process 1995 (Error getting main window kAXErrorServerNotFound)
    t =    58.38s Ignoring failure to get hierarchy for remote element in process 1995 (Error getting main window kAXErrorServerNotFound)
    t =    58.38s     Synthesize event
    t =    58.68s     Wait for com.bicterm.app to idle
    t =    59.45s Waiting 5.0s for "save-hop" Button to exist
    t =    60.49s     Checking `Expect predicate `existsNoRetry == 1` for object "save-hop" Button`
    t =    60.50s         Checking existence of `"save-hop" Button`
    t =    61.63s Checking `Expect predicate `enabled == 1` for object "save-hop" Button`
    t =    61.63s     Find the "save-hop" Button
    t =    61.75s Tap "save-hop" Button
    t =    61.75s     Wait for com.bicterm.app to idle
    t =    61.76s     Find the "save-hop" Button
    t =    61.87s     Check for interrupting elements affecting "save-hop" Button
    t =    61.98s         Wait for com.apple.springboard to idle
    t =    62.01s Ignoring failure to get hierarchy for remote element in process 1995 (Error getting main window kAXErrorServerNotFound)
    t =    62.01s Ignoring failure to get hierarchy for remote element in process 1995 (Error getting main window kAXErrorServerNotFound)
    t =    62.01s     Synthesize event
    t =    62.32s     Wait for com.bicterm.app to idle
    t =    64.52s Checking `Expect predicate `exists == 0` for object "save-hop" Button`
    t =    64.52s     Checking existence of `"save-hop" Button`
    t =    64.53s         Checking `Expect predicate `exists == 0` for object "hop-field-host" TextField`
    t =    64.53s             Checking existence of `"hop-field-host" TextField`
    t =    64.70s Waiting 3.0s for "Not Now" Button to exist
    t =    65.73s     Checking `Expect predicate `existsNoRetry == 1` for object "Not Now" Button`
    t =    65.73s         Checking existence of `"Not Now" Button`
    t =    65.82s Tap "Not Now" Button
    t =    65.82s     Wait for com.bicterm.app to idle
    t =    65.83s     Find the "Not Now" Button
    t =    65.91s     Check for interrupting elements affecting "Not Now" Button
    t =    66.00s         Wait for com.apple.springboard to idle
    t =    66.03s Ignoring failure to get hierarchy for remote element in process 1995 (Error getting main window kAXErrorServerNotFound)
    t =    66.03s Ignoring failure to get hierarchy for remote element in process 1995 (Error getting main window kAXErrorServerNotFound)
    t =    66.03s     Synthesize event
    t =    66.32s     Wait for com.bicterm.app to idle
    t =    66.74s Checking existence of `"hop-0-credential" StaticText`
    t =    66.83s Find the "hop-0-credential" StaticText
    t =    66.93s Find the Window (First Match)
    t =    66.93s Find the "hop-0-credential" StaticText
    t =    67.02s Get number of matches for: Descendants matching type NavigationBar
    t =    67.10s Find the NavigationBar (Element at index 0)
    t =    67.17s Find the NavigationBar (Element at index 1)
    t =    67.23s Find the "hop-0-credential" StaticText
    t =    67.31s Tap "save-editor" Button
    t =    67.31s     Wait for com.bicterm.app to idle
    t =    67.31s     Find the "save-editor" Button
    t =    67.39s     Check for interrupting elements affecting "save-editor" Button
    t =    67.46s         Wait for com.apple.springboard to idle
    t =    67.48s Ignoring failure to get hierarchy for remote element in process 1995 (Error getting main window kAXErrorServerNotFound)
    t =    67.48s Ignoring failure to get hierarchy for remote element in process 1995 (Error getting main window kAXErrorServerNotFound)
    t =    67.49s     Synthesize event
    t =    67.80s     Wait for com.bicterm.app to idle
    t =    68.57s Waiting 3.0s for "Not Now" Button to exist
    t =    69.59s     Checking `Expect predicate `existsNoRetry == 1` for object "Not Now" Button`
    t =    69.60s         Checking existence of `"Not Now" Button`
    t =    69.63s         Capturing element debug description
    t =    70.63s     Checking `Expect predicate `existsNoRetry == 1` for object "Not Now" Button`
    t =    70.63s         Checking existence of `"Not Now" Button`
    t =    70.66s         Capturing element debug description
    t =    71.58s     Checking `Expect predicate `existsNoRetry == 1` for object "Not Now" Button`
    t =    71.58s         Checking existence of `"Not Now" Button`
    t =    71.61s         Capturing element debug description
    t =    71.61s     Checking existence of `"Not Now" Button`
    t =    71.64s Collecting debug information to assist test failure triage
    t =    71.64s     Requesting snapshot of accessibility hierarchy for app with pid 34710
    t =    71.68s Waiting 10.0s for "connection-Password-Hop" Button to exist
    t =    72.72s     Checking `Expect predicate `existsNoRetry == 1` for object "connection-Password-Hop" Button`
    t =    72.72s         Checking existence of `"connection-Password-Hop" Button`
    t =    72.75s Terminate com.bicterm.app:34710
    t =    73.78s Open com.bicterm.app
    t =    73.78s     Launch com.bicterm.app
2026-09-08 23:05:52.129 xcodebuild[31656:29943544] [MT] IDELaunchParametersSnapshot: The operation couldn’t be completed. (DebuggerLLDB.DebuggerVersionStore.StoreError error 0.)
2026-09-08 23:05:52.129 xcodebuild[31656:29943544] [MT] IDELaunchParametersSnapshot: no debugger version
    t =    74.20s         Setting up automation session
    t =    75.07s         Wait for com.bicterm.app to idle
    t =    76.57s Waiting 10.0s for "connection-Password-Hop" Button to exist
    t =    77.61s     Checking `Expect predicate `existsNoRetry == 1` for object "connection-Password-Hop" Button`
    t =    77.61s         Checking existence of `"connection-Password-Hop" Button`
    t =    77.68s Checking existence of `Cell (First Match)`
    t =    77.72s Swipe left Cell (First Match)
    t =    77.72s     Wait for com.bicterm.app to idle
    t =    77.72s     Find the Cell (First Match)
    t =    77.77s     Check for interrupting elements affecting Cell
    t =    77.80s         Wait for com.apple.springboard to idle
    t =    77.82s Ignoring failure to get hierarchy for remote element in process 1995 (Error getting main window kAXErrorServerNotFound)
    t =    77.82s Ignoring failure to get hierarchy for remote element in process 1995 (Error getting main window kAXErrorServerNotFound)
    t =    77.83s     Synthesize event
    t =    78.29s     Wait for com.bicterm.app to idle
    t =    78.96s Waiting 5.0s for "edit-Password-Hop" Button to exist
    t =    79.99s     Checking `Expect predicate `existsNoRetry == 1` for object "edit-Password-Hop" Button`
    t =    80.00s         Checking existence of `"edit-Password-Hop" Button`
    t =    80.03s Tap "edit-Password-Hop" Button
    t =    80.03s     Wait for com.bicterm.app to idle
    t =    80.04s     Find the "edit-Password-Hop" Button
    t =    80.07s     Check for interrupting elements affecting "edit-Password-Hop" Button
    t =    80.10s         Wait for com.apple.springboard to idle
    t =    80.13s Ignoring failure to get hierarchy for remote element in process 1995 (Error getting main window kAXErrorServerNotFound)
    t =    80.13s Ignoring failure to get hierarchy for remote element in process 1995 (Error getting main window kAXErrorServerNotFound)
    t =    80.13s     Synthesize event
    t =    80.43s     Wait for com.bicterm.app to idle
    t =    81.47s Waiting 10.0s for "cancel-editor" Button to exist
    t =    82.52s     Checking `Expect predicate `existsNoRetry == 1` for object "cancel-editor" Button`
    t =    82.52s         Checking existence of `"cancel-editor" Button`
    t =    82.65s Checking existence of `"edit-hop-0" Button`
    t =    82.73s Find the "edit-hop-0" Button
    t =    82.81s Find the Window (First Match)
    t =    82.82s Find the "edit-hop-0" Button
    t =    82.90s Get number of matches for: Descendants matching type NavigationBar
    t =    82.97s Find the NavigationBar (Element at index 0)
    t =    83.04s Find the NavigationBar (Element at index 1)
    t =    83.12s Tap "edit-hop-0" Button
    t =    83.12s     Wait for com.bicterm.app to idle
    t =    83.12s     Find the "edit-hop-0" Button
    t =    83.20s     Check for interrupting elements affecting "edit-hop-0" Button
    t =    83.27s         Wait for com.apple.springboard to idle
    t =    83.30s Ignoring failure to get hierarchy for remote element in process 1995 (Error getting main window kAXErrorServerNotFound)
    t =    83.30s Ignoring failure to get hierarchy for remote element in process 1995 (Error getting main window kAXErrorServerNotFound)
    t =    83.30s     Synthesize event
    t =    83.60s     Wait for com.bicterm.app to idle
    t =    83.62s Waiting 10.0s for "hop-password-field" SecureTextField to exist
    t =    84.63s     Checking `Expect predicate `existsNoRetry == 1` for object "hop-password-field" SecureTextField`
    t =    84.63s         Checking existence of `"hop-password-field" SecureTextField`
    t =    84.75s Checking existence of `"hop-password-saved-badge" StaticText`
    t =    84.85s Checking existence of `"hop-key-selector" Button`
    t =    84.95s Find the "hop-password-field" SecureTextField
    t =    86.10s Checking `Expect predicate `enabled == 1` for object "save-hop" Button`
    t =    86.10s     Find the "save-hop" Button
    t =    86.21s Tap "cancel-hop" Button
    t =    86.21s     Wait for com.bicterm.app to idle
    t =    86.21s     Find the "cancel-hop" Button
    t =    86.31s     Check for interrupting elements affecting "cancel-hop" Button
    t =    86.41s         Wait for com.apple.springboard to idle
    t =    86.43s Ignoring failure to get hierarchy for remote element in process 1995 (Error getting main window kAXErrorServerNotFound)
    t =    86.43s Ignoring failure to get hierarchy for remote element in process 1995 (Error getting main window kAXErrorServerNotFound)
    t =    86.44s     Synthesize event
    t =    86.75s     Wait for com.bicterm.app to idle
    t =    87.49s Tap "cancel-editor" Button
    t =    87.49s     Wait for com.bicterm.app to idle
    t =    87.49s     Find the "cancel-editor" Button
    t =    87.57s     Check for interrupting elements affecting "cancel-editor" Button
    t =    87.64s         Wait for com.apple.springboard to idle
    t =    87.66s Ignoring failure to get hierarchy for remote element in process 1995 (Error getting main window kAXErrorServerNotFound)
    t =    87.66s Ignoring failure to get hierarchy for remote element in process 1995 (Error getting main window kAXErrorServerNotFound)
    t =    87.67s     Synthesize event
    t =    87.97s     Wait for com.bicterm.app to idle
    t =    88.73s Tear Down
Test Case '-[BicTermUITests.PasswordAuthUITests testPasswordHopPersistsAndReopensWithBadge]' passed (89.229 seconds).
Test Case '-[BicTermUITests.PasswordAuthUITests testSwitchingAuthMethodTogglesCredentialFields]' started.
    t =     0.00s Start Test at 2026-09-08 23:06:07.575
    t =     0.02s Set Up
    t =     0.02s Open com.bicterm.app
    t =     0.02s     Launch com.bicterm.app
    t =     0.02s         Terminate com.bicterm.app:34871
2026-09-08 23:06:08.677 xcodebuild[31656:29943544] [MT] IDELaunchParametersSnapshot: The operation couldn’t be completed. (DebuggerLLDB.DebuggerVersionStore.StoreError error 0.)
2026-09-08 23:06:08.677 xcodebuild[31656:29943544] [MT] IDELaunchParametersSnapshot: no debugger version
    t =     1.32s         Setting up automation session
    t =     2.23s         Wait for com.bicterm.app to idle
    t =     3.72s Waiting 15.0s for "add-connection" Button to exist
    t =     4.75s     Checking `Expect predicate `existsNoRetry == 1` for object "add-connection" Button`
    t =     4.75s         Checking existence of `"add-connection" Button`
    t =     4.81s Tap "add-connection" Button
    t =     4.81s     Wait for com.bicterm.app to idle
    t =     4.81s     Find the "add-connection" Button
    t =     4.84s     Check for interrupting elements affecting "add-connection" Button
    t =     4.87s         Wait for com.apple.springboard to idle
    t =     4.89s Ignoring failure to get hierarchy for remote element in process 1995 (Error getting main window kAXErrorServerNotFound)
    t =     4.89s Ignoring failure to get hierarchy for remote element in process 1995 (Error getting main window kAXErrorServerNotFound)
    t =     4.90s     Synthesize event
    t =     5.20s     Wait for com.bicterm.app to idle
    t =     6.16s Waiting 10.0s for "field-name" TextField to exist
    t =     7.17s     Checking `Expect predicate `existsNoRetry == 1` for object "field-name" TextField`
    t =     7.17s         Checking existence of `"field-name" TextField`
    t =     7.28s Checking existence of `"key-selector" Button`
    t =     7.35s Checking existence of `"password-field" SecureTextField`
    t =     7.41s Get number of matches for: Descendants matching type Keyboard
    t =     7.47s Waiting 5.0s for "auth-method-picker" SegmentedControl to exist
    t =     8.48s     Checking `Expect predicate `existsNoRetry == 1` for object "auth-method-picker" SegmentedControl`
    t =     8.48s         Checking existence of `"auth-method-picker" SegmentedControl`
    t =     8.56s Checking existence of `"Password" Button`
    t =     8.62s Tap "Password" Button
    t =     8.62s     Wait for com.bicterm.app to idle
    t =     8.63s     Find the "Password" Button
    t =     8.70s     Check for interrupting elements affecting "Password" Button
    t =     8.77s         Wait for com.apple.springboard to idle
    t =     8.79s Ignoring failure to get hierarchy for remote element in process 1995 (Error getting main window kAXErrorServerNotFound)
    t =     8.79s Ignoring failure to get hierarchy for remote element in process 1995 (Error getting main window kAXErrorServerNotFound)
    t =     8.80s     Synthesize event
    t =     9.09s     Wait for com.bicterm.app to idle
    t =    10.23s Waiting 5.0s for "password-field" SecureTextField to exist
    t =    11.24s     Checking `Expect predicate `existsNoRetry == 1` for object "password-field" SecureTextField`
    t =    11.24s         Checking existence of `"password-field" SecureTextField`
    t =    11.32s Checking existence of `"key-selector" Button`
    t =    11.39s Get number of matches for: Descendants matching type Keyboard
    t =    11.45s Waiting 5.0s for "auth-method-picker" SegmentedControl to exist
    t =    12.48s     Checking `Expect predicate `existsNoRetry == 1` for object "auth-method-picker" SegmentedControl`
    t =    12.48s         Checking existence of `"auth-method-picker" SegmentedControl`
    t =    12.55s Checking existence of `"Key" Button`
    t =    12.62s Tap "Key" Button
    t =    12.62s     Wait for com.bicterm.app to idle
    t =    12.62s     Find the "Key" Button
    t =    12.69s     Check for interrupting elements affecting "Key" Button
    t =    12.76s         Wait for com.apple.springboard to idle
    t =    12.78s Ignoring failure to get hierarchy for remote element in process 1995 (Error getting main window kAXErrorServerNotFound)
    t =    12.78s Ignoring failure to get hierarchy for remote element in process 1995 (Error getting main window kAXErrorServerNotFound)
    t =    12.79s     Synthesize event
    t =    13.08s     Wait for com.bicterm.app to idle
    t =    14.24s Checking existence of `"key-selector" Button`
    t =    14.31s Find the "key-selector" Button
    t =    14.39s Find the Window (First Match)
    t =    14.40s Find the "key-selector" Button
    t =    14.47s Get number of matches for: Descendants matching type NavigationBar
    t =    14.54s Find the NavigationBar (Element at index 0)
    t =    14.60s Find the NavigationBar (Element at index 1)
    t =    14.67s Checking existence of `"key-selector" Button`
    t =    14.74s Checking existence of `"password-field" SecureTextField`
    t =    14.81s Tap "cancel-editor" Button
    t =    14.81s     Wait for com.bicterm.app to idle
    t =    14.81s     Find the "cancel-editor" Button
    t =    14.88s     Check for interrupting elements affecting "cancel-editor" Button
    t =    14.95s         Wait for com.apple.springboard to idle
    t =    14.97s Ignoring failure to get hierarchy for remote element in process 1995 (Error getting main window kAXErrorServerNotFound)
    t =    14.97s Ignoring failure to get hierarchy for remote element in process 1995 (Error getting main window kAXErrorServerNotFound)
    t =    14.98s     Synthesize event
    t =    15.28s     Wait for com.bicterm.app to idle
    t =    16.03s Tear Down
Test Case '-[BicTermUITests.PasswordAuthUITests testSwitchingAuthMethodTogglesCredentialFields]' passed (16.623 seconds).
Test Suite 'PasswordAuthUITests' passed at 2026-09-08 23:06:24.198.
	 Executed 3 tests, with 0 failures (0 unexpected) in 164.755 (164.758) seconds
Test Suite 'SessionScenesUITests' started at 2026-09-08 23:06:24.198.
Test Case '-[BicTermUITests.SessionScenesUITests testAgentApprovalApproveForSessionSuppressesSecondPromptInSameSession]' started.
    t =     0.00s Start Test at 2026-09-08 23:06:24.198
    t =     0.02s Set Up
    t =     0.02s Open com.bicterm.app
    t =     0.02s     Launch com.bicterm.app
    t =     0.02s         Terminate com.bicterm.app:34898
2026-09-08 23:06:25.291 xcodebuild[31656:29943544] [MT] IDELaunchParametersSnapshot: The operation couldn’t be completed. (DebuggerLLDB.DebuggerVersionStore.StoreError error 0.)
2026-09-08 23:06:25.291 xcodebuild[31656:29943544] [MT] IDELaunchParametersSnapshot: no debugger version
    t =     1.31s         Setting up automation session
    t =     2.23s         Wait for com.bicterm.app to idle
    t =     3.71s Waiting 90.0s for "agent-approval-sheet" StaticText to exist
    t =     4.76s     Checking `Expect predicate `existsNoRetry == 1` for object "agent-approval-sheet" StaticText`
    t =     4.76s         Checking existence of `"agent-approval-sheet" StaticText`
    t =     4.87s         Capturing element debug description
    t =     5.72s     Checking `Expect predicate `existsNoRetry == 1` for object "agent-approval-sheet" StaticText`
    t =     5.72s         Checking existence of `"agent-approval-sheet" StaticText`
    t =     5.77s         Capturing element debug description
    t =     6.73s     Checking `Expect predicate `existsNoRetry == 1` for object "agent-approval-sheet" StaticText`
    t =     6.73s         Checking existence of `"agent-approval-sheet" StaticText`
    t =     6.79s         Capturing element debug description
    t =     7.81s     Checking `Expect predicate `existsNoRetry == 1` for object "agent-approval-sheet" StaticText`
    t =     7.81s         Checking existence of `"agent-approval-sheet" StaticText`
    t =     7.87s         Capturing element debug description
    t =     8.81s     Checking `Expect predicate `existsNoRetry == 1` for object "agent-approval-sheet" StaticText`
    t =     8.81s         Checking existence of `"agent-approval-sheet" StaticText`
    t =     8.87s         Capturing element debug description
    t =     9.79s     Checking `Expect predicate `existsNoRetry == 1` for object "agent-approval-sheet" StaticText`
    t =     9.80s         Checking existence of `"agent-approval-sheet" StaticText`
    t =     9.85s         Capturing element debug description
    t =    10.80s     Checking `Expect predicate `existsNoRetry == 1` for object "agent-approval-sheet" StaticText`
    t =    10.81s         Checking existence of `"agent-approval-sheet" StaticText`
    t =    10.86s         Capturing element debug description
    t =    11.79s     Checking `Expect predicate `existsNoRetry == 1` for object "agent-approval-sheet" StaticText`
    t =    11.80s         Checking existence of `"agent-approval-sheet" StaticText`
    t =    11.84s Find the "agent-fingerprint" StaticText
    t =    11.89s Find the "agent-fingerprint" StaticText
    t =    11.93s Find the "agent-host" StaticText
    t =    11.97s Find the "agent-host" StaticText
    t =    12.01s Find the "agent-session" StaticText
    t =    12.05s Find the "agent-session" StaticText
    t =    12.26s Added attachment named 'task-14-agent-prompt'
    t =    12.26s Tap "agent-approve-session" Button
    t =    12.26s     Wait for com.bicterm.app to idle
    t =    12.27s     Find the "agent-approve-session" Button
    t =    12.31s     Check for interrupting elements affecting "agent-approve-session" Button
    t =    12.36s         Wait for com.apple.springboard to idle
    t =    12.38s Ignoring failure to get hierarchy for remote element in process 1995 (Error getting main window kAXErrorServerNotFound)
    t =    12.38s Ignoring failure to get hierarchy for remote element in process 1995 (Error getting main window kAXErrorServerNotFound)
    t =    12.38s     Synthesize event
    t =    12.67s     Wait for com.bicterm.app to idle
    t =    13.10s Checking existence of `"agent-approval-sheet" StaticText`
    t =    13.16s Checking existence of `"agent-approval-sheet" StaticText`
    t =    13.21s Find the "scene-tail-Alpha" StaticText
    t =    13.27s Find the "scene-tail-Alpha" StaticText
    t =    13.33s Find the "scene-tail-Alpha" StaticText
    t =    13.39s Find the "scene-tail-Alpha" StaticText
    t =    13.45s Find the "scene-tail-Alpha" StaticText
    t =    13.50s Find the "scene-tail-Alpha" StaticText
    t =    17.56s Checking existence of `"agent-approval-sheet" StaticText`
    t =    17.62s Tear Down
Test Case '-[BicTermUITests.SessionScenesUITests testAgentApprovalApproveForSessionSuppressesSecondPromptInSameSession]' passed (17.847 seconds).
Test Case '-[BicTermUITests.SessionScenesUITests testAgentApprovalDenyFailsRequestAndNewSessionPromptsAgain]' started.
    t =     0.00s Start Test at 2026-09-08 23:06:42.048
    t =     0.02s Set Up
    t =     0.02s Open com.bicterm.app
    t =     0.02s     Launch com.bicterm.app
    t =     0.02s         Terminate com.bicterm.app:34929
2026-09-08 23:06:43.131 xcodebuild[31656:29943544] [MT] IDELaunchParametersSnapshot: The operation couldn’t be completed. (DebuggerLLDB.DebuggerVersionStore.StoreError error 0.)
2026-09-08 23:06:43.131 xcodebuild[31656:29943544] [MT] IDELaunchParametersSnapshot: no debugger version
    t =     1.30s         Setting up automation session
    t =     2.17s         Wait for com.bicterm.app to idle
    t =     3.66s Waiting 90.0s for "agent-approval-sheet" StaticText to exist
    t =     4.68s     Checking `Expect predicate `existsNoRetry == 1` for object "agent-approval-sheet" StaticText`
    t =     4.68s         Checking existence of `"agent-approval-sheet" StaticText`
    t =     4.78s         Capturing element debug description
    t =     5.73s     Checking `Expect predicate `existsNoRetry == 1` for object "agent-approval-sheet" StaticText`
    t =     5.73s         Checking existence of `"agent-approval-sheet" StaticText`
    t =     5.79s         Capturing element debug description
    t =     6.73s     Checking `Expect predicate `existsNoRetry == 1` for object "agent-approval-sheet" StaticText`
    t =     6.73s         Checking existence of `"agent-approval-sheet" StaticText`
    t =     6.79s         Capturing element debug description
    t =     7.71s     Checking `Expect predicate `existsNoRetry == 1` for object "agent-approval-sheet" StaticText`
    t =     7.71s         Checking existence of `"agent-approval-sheet" StaticText`
    t =     7.77s         Capturing element debug description
    t =     8.69s     Checking `Expect predicate `existsNoRetry == 1` for object "agent-approval-sheet" StaticText`
    t =     8.70s         Checking existence of `"agent-approval-sheet" StaticText`
    t =     8.75s Find the "agent-session" StaticText
    t =     8.80s Find the "agent-session" StaticText
    t =     8.84s Tap "agent-deny" Button
    t =     8.84s     Wait for com.bicterm.app to idle
    t =     8.84s     Find the "agent-deny" Button
    t =     8.89s     Check for interrupting elements affecting "agent-deny" Button
    t =     8.93s         Wait for com.apple.springboard to idle
    t =     8.95s Ignoring failure to get hierarchy for remote element in process 1995 (Error getting main window kAXErrorServerNotFound)
    t =     8.95s Ignoring failure to get hierarchy for remote element in process 1995 (Error getting main window kAXErrorServerNotFound)
    t =     8.96s     Synthesize event
    t =     9.25s     Wait for com.bicterm.app to idle
    t =     9.68s Checking existence of `"agent-approval-sheet" StaticText`
    t =     9.75s Checking existence of `"agent-approval-sheet" StaticText`
    t =     9.80s Find the "scene-tail-Alpha" StaticText
    t =     9.86s Find the "scene-tail-Alpha" StaticText
    t =     9.92s Waiting 150.0s for "agent-approval-sheet" StaticText to exist
    t =    10.93s     Checking `Expect predicate `existsNoRetry == 1` for object "agent-approval-sheet" StaticText`
    t =    10.93s         Checking existence of `"agent-approval-sheet" StaticText`
    t =    10.99s         Capturing element debug description
    t =    11.92s     Checking `Expect predicate `existsNoRetry == 1` for object "agent-approval-sheet" StaticText`
    t =    11.93s         Checking existence of `"agent-approval-sheet" StaticText`
    t =    11.99s         Capturing element debug description
    t =    12.92s     Checking `Expect predicate `existsNoRetry == 1` for object "agent-approval-sheet" StaticText`
    t =    12.93s         Checking existence of `"agent-approval-sheet" StaticText`
    t =    12.98s         Capturing element debug description
    t =    13.94s     Checking `Expect predicate `existsNoRetry == 1` for object "agent-approval-sheet" StaticText`
    t =    13.94s         Checking existence of `"agent-approval-sheet" StaticText`
    t =    14.00s         Capturing element debug description
    t =    14.93s     Checking `Expect predicate `existsNoRetry == 1` for object "agent-approval-sheet" StaticText`
    t =    14.93s         Checking existence of `"agent-approval-sheet" StaticText`
    t =    14.99s         Capturing element debug description
    t =    15.94s     Checking `Expect predicate `existsNoRetry == 1` for object "agent-approval-sheet" StaticText`
    t =    15.94s         Checking existence of `"agent-approval-sheet" StaticText`
    t =    16.00s         Capturing element debug description
    t =    16.94s     Checking `Expect predicate `existsNoRetry == 1` for object "agent-approval-sheet" StaticText`
    t =    16.94s         Checking existence of `"agent-approval-sheet" StaticText`
    t =    17.00s         Capturing element debug description
    t =    17.95s     Checking `Expect predicate `existsNoRetry == 1` for object "agent-approval-sheet" StaticText`
    t =    17.95s         Checking existence of `"agent-approval-sheet" StaticText`
    t =    18.01s         Capturing element debug description
    t =    18.97s     Checking `Expect predicate `existsNoRetry == 1` for object "agent-approval-sheet" StaticText`
    t =    18.97s         Checking existence of `"agent-approval-sheet" StaticText`
    t =    19.03s         Capturing element debug description
    t =    19.95s     Checking `Expect predicate `existsNoRetry == 1` for object "agent-approval-sheet" StaticText`
    t =    19.95s         Checking existence of `"agent-approval-sheet" StaticText`
    t =    20.01s         Capturing element debug description
    t =    20.96s     Checking `Expect predicate `existsNoRetry == 1` for object "agent-approval-sheet" StaticText`
    t =    20.96s         Checking existence of `"agent-approval-sheet" StaticText`
    t =    21.02s         Capturing element debug description
    t =    21.96s     Checking `Expect predicate `existsNoRetry == 1` for object "agent-approval-sheet" StaticText`
    t =    21.96s         Checking existence of `"agent-approval-sheet" StaticText`
    t =    22.01s         Capturing element debug description
    t =    22.96s     Checking `Expect predicate `existsNoRetry == 1` for object "agent-approval-sheet" StaticText`
    t =    22.96s         Checking existence of `"agent-approval-sheet" StaticText`
    t =    23.02s         Capturing element debug description
    t =    23.97s     Checking `Expect predicate `existsNoRetry == 1` for object "agent-approval-sheet" StaticText`
    t =    23.97s         Checking existence of `"agent-approval-sheet" StaticText`
    t =    24.03s         Capturing element debug description
    t =    24.94s     Checking `Expect predicate `existsNoRetry == 1` for object "agent-approval-sheet" StaticText`
    t =    24.94s         Checking existence of `"agent-approval-sheet" StaticText`
    t =    25.00s         Capturing element debug description
    t =    25.92s     Checking `Expect predicate `existsNoRetry == 1` for object "agent-approval-sheet" StaticText`
    t =    25.93s         Checking existence of `"agent-approval-sheet" StaticText`
    t =    25.98s         Capturing element debug description
    t =    26.93s     Checking `Expect predicate `existsNoRetry == 1` for object "agent-approval-sheet" StaticText`
    t =    26.93s         Checking existence of `"agent-approval-sheet" StaticText`
    t =    26.99s         Capturing element debug description
    t =    27.93s     Checking `Expect predicate `existsNoRetry == 1` for object "agent-approval-sheet" StaticText`
    t =    27.93s         Checking existence of `"agent-approval-sheet" StaticText`
    t =    27.99s         Capturing element debug description
    t =    28.93s     Checking `Expect predicate `existsNoRetry == 1` for object "agent-approval-sheet" StaticText`
    t =    28.94s         Checking existence of `"agent-approval-sheet" StaticText`
    t =    28.99s         Capturing element debug description
    t =    29.92s     Checking `Expect predicate `existsNoRetry == 1` for object "agent-approval-sheet" StaticText`
    t =    29.93s         Checking existence of `"agent-approval-sheet" StaticText`
    t =    29.99s         Capturing element debug description
    t =    30.92s     Checking `Expect predicate `existsNoRetry == 1` for object "agent-approval-sheet" StaticText`
    t =    30.93s         Checking existence of `"agent-approval-sheet" StaticText`
    t =    30.98s         Capturing element debug description
    t =    31.93s     Checking `Expect predicate `existsNoRetry == 1` for object "agent-approval-sheet" StaticText`
    t =    31.93s         Checking existence of `"agent-approval-sheet" StaticText`
    t =    31.99s         Capturing element debug description
    t =    32.93s     Checking `Expect predicate `existsNoRetry == 1` for object "agent-approval-sheet" StaticText`
    t =    32.93s         Checking existence of `"agent-approval-sheet" StaticText`
    t =    32.99s         Capturing element debug description
    t =    33.93s     Checking `Expect predicate `existsNoRetry == 1` for object "agent-approval-sheet" StaticText`
    t =    33.93s         Checking existence of `"agent-approval-sheet" StaticText`
    t =    33.99s         Capturing element debug description
    t =    35.01s     Checking `Expect predicate `existsNoRetry == 1` for object "agent-approval-sheet" StaticText`
    t =    35.01s         Checking existence of `"agent-approval-sheet" StaticText`
    t =    35.06s         Capturing element debug description
    t =    35.99s     Checking `Expect predicate `existsNoRetry == 1` for object "agent-approval-sheet" StaticText`
    t =    36.00s         Checking existence of `"agent-approval-sheet" StaticText`
    t =    36.05s         Capturing element debug description
    t =    37.01s     Checking `Expect predicate `existsNoRetry == 1` for object "agent-approval-sheet" StaticText`
    t =    37.01s         Checking existence of `"agent-approval-sheet" StaticText`
    t =    37.06s         Capturing element debug description
    t =    38.01s     Checking `Expect predicate `existsNoRetry == 1` for object "agent-approval-sheet" StaticText`
    t =    38.01s         Checking existence of `"agent-approval-sheet" StaticText`
    t =    38.07s         Capturing element debug description
    t =    38.99s     Checking `Expect predicate `existsNoRetry == 1` for object "agent-approval-sheet" StaticText`
    t =    39.00s         Checking existence of `"agent-approval-sheet" StaticText`
    t =    39.05s         Capturing element debug description
    t =    39.98s     Checking `Expect predicate `existsNoRetry == 1` for object "agent-approval-sheet" StaticText`
    t =    39.98s         Checking existence of `"agent-approval-sheet" StaticText`
    t =    40.04s         Capturing element debug description
    t =    40.98s     Checking `Expect predicate `existsNoRetry == 1` for object "agent-approval-sheet" StaticText`
    t =    40.98s         Checking existence of `"agent-approval-sheet" StaticText`
    t =    41.04s         Capturing element debug description
    t =    41.98s     Checking `Expect predicate `existsNoRetry == 1` for object "agent-approval-sheet" StaticText`
    t =    41.98s         Checking existence of `"agent-approval-sheet" StaticText`
    t =    42.04s         Capturing element debug description
    t =    42.98s     Checking `Expect predicate `existsNoRetry == 1` for object "agent-approval-sheet" StaticText`
    t =    42.98s         Checking existence of `"agent-approval-sheet" StaticText`
    t =    43.04s         Capturing element debug description
    t =    43.97s     Checking `Expect predicate `existsNoRetry == 1` for object "agent-approval-sheet" StaticText`
    t =    43.97s         Checking existence of `"agent-approval-sheet" StaticText`
    t =    44.03s         Capturing element debug description
    t =    44.97s     Checking `Expect predicate `existsNoRetry == 1` for object "agent-approval-sheet" StaticText`
    t =    44.98s         Checking existence of `"agent-approval-sheet" StaticText`
    t =    45.03s         Capturing element debug description
    t =    45.96s     Checking `Expect predicate `existsNoRetry == 1` for object "agent-approval-sheet" StaticText`
    t =    45.96s         Checking existence of `"agent-approval-sheet" StaticText`
    t =    46.02s         Capturing element debug description
    t =    46.97s     Checking `Expect predicate `existsNoRetry == 1` for object "agent-approval-sheet" StaticText`
    t =    46.97s         Checking existence of `"agent-approval-sheet" StaticText`
    t =    47.04s         Capturing element debug description
    t =    48.00s     Checking `Expect predicate `existsNoRetry == 1` for object "agent-approval-sheet" StaticText`
    t =    48.00s         Checking existence of `"agent-approval-sheet" StaticText`
    t =    48.08s         Capturing element debug description
    t =    48.92s     Checking `Expect predicate `existsNoRetry == 1` for object "agent-approval-sheet" StaticText`
    t =    48.92s         Checking existence of `"agent-approval-sheet" StaticText`
    t =    48.99s         Capturing element debug description
    t =    49.94s     Checking `Expect predicate `existsNoRetry == 1` for object "agent-approval-sheet" StaticText`
    t =    49.95s         Checking existence of `"agent-approval-sheet" StaticText`
    t =    50.02s         Capturing element debug description
    t =    50.97s     Checking `Expect predicate `existsNoRetry == 1` for object "agent-approval-sheet" StaticText`
    t =    50.97s         Checking existence of `"agent-approval-sheet" StaticText`
    t =    51.06s Find the "agent-session" StaticText
    t =    51.14s Find the "agent-session" StaticText
    t =    51.21s Find the "agent-fingerprint" StaticText
    t =    51.28s Find the "agent-fingerprint" StaticText
    t =    51.52s Added attachment named 'task-14-agent-deny'
    t =    51.52s Tap "agent-deny" Button
    t =    51.52s     Wait for com.bicterm.app to idle
    t =    51.53s     Find the "agent-deny" Button
    t =    51.58s     Check for interrupting elements affecting "agent-deny" Button
    t =    51.63s         Wait for com.apple.springboard to idle
    t =    51.65s Ignoring failure to get hierarchy for remote element in process 1995 (Error getting main window kAXErrorServerNotFound)
    t =    51.66s Ignoring failure to get hierarchy for remote element in process 1995 (Error getting main window kAXErrorServerNotFound)
    t =    51.66s     Synthesize event
    t =    51.95s     Wait for com.bicterm.app to idle
    t =    52.36s Tear Down
Test Case '-[BicTermUITests.SessionScenesUITests testAgentApprovalDenyFailsRequestAndNewSessionPromptsAgain]' passed (53.240 seconds).
Test Case '-[BicTermUITests.SessionScenesUITests testRestoredSessionRequiresManualReconnect]' started.
    t =     0.00s Start Test at 2026-09-08 23:07:35.289
    t =     0.02s Set Up
/Users/richard/code/BicTerm/BicTermUITests/SessionScenesUITests.swift:337: -[BicTermUITests.SessionScenesUITests testRestoredSessionRequiresManualReconnect] : Test skipped - Restoration list flow runs on the phone form factor
    t =     0.04s Tear Down
Test Case '-[BicTermUITests.SessionScenesUITests testRestoredSessionRequiresManualReconnect]' skipped (0.079 seconds).
Test Case '-[BicTermUITests.SessionScenesUITests testRotationKeepsBothScenesActiveWithOwnTerminalContent]' started.
    t =     0.00s Start Test at 2026-09-08 23:07:35.368
    t =     0.03s Set Up
    t =     0.03s Open com.bicterm.app
    t =     0.03s     Launch com.bicterm.app
    t =     0.03s         Terminate com.bicterm.app:35470
2026-09-08 23:07:36.479 xcodebuild[31656:29943544] [MT] IDELaunchParametersSnapshot: The operation couldn’t be completed. (DebuggerLLDB.DebuggerVersionStore.StoreError error 0.)
2026-09-08 23:07:36.479 xcodebuild[31656:29943544] [MT] IDELaunchParametersSnapshot: no debugger version
    t =     1.52s         Setting up automation session
    t =     2.27s         Wait for com.bicterm.app to idle
    t =     3.79s Waiting 60.0s for "scene-tail-Alpha" StaticText to exist
    t =     4.86s     Checking `Expect predicate `existsNoRetry == 1` for object "scene-tail-Alpha" StaticText`
    t =     4.86s         Checking existence of `"scene-tail-Alpha" StaticText`
    t =     5.22s Waiting 60.0s for "scene-tail-Beta" StaticText to exist
    t =     6.26s     Checking `Expect predicate `existsNoRetry == 1` for object "scene-tail-Beta" StaticText`
    t =     6.26s         Checking existence of `"scene-tail-Beta" StaticText`
    t =     6.34s Find the "scene-tail-Alpha" StaticText
    t =     6.41s Find the "scene-tail-Alpha" StaticText
    t =     6.48s Find the "scene-tail-Beta" StaticText
    t =     6.55s Find the "scene-tail-Beta" StaticText
    t =     6.62s Find the "scene-status-Alpha" StaticText
    t =     6.70s Find the "scene-status-Alpha" StaticText
    t =     6.77s Find the "scene-status-Beta" StaticText
    t =     6.84s Find the "scene-status-Beta" StaticText
    t =     6.91s Setting device orientation to Landscape Left
    t =     6.91s     Device orientation changed to Landscape Left
    t =     6.99s     Interface orientation changed to Landscape Right
    t =     7.00s     Wait for com.bicterm.app to idle
    t =     7.34s     Wait for com.apple.springboard to idle
    t =     7.91s Find the Window (First Match)
    t =     7.92s Find the Window (First Match)
    t =     7.93s Checking existence of `"scene-title-Alpha" StaticText`
    t =     8.00s Checking existence of `"scene-title-Beta" StaticText`
    t =     8.07s Find the "scene-status-Alpha" StaticText
    t =     8.15s Find the "scene-status-Alpha" StaticText
    t =     8.22s Find the "scene-status-Beta" StaticText
    t =     8.29s Find the "scene-status-Beta" StaticText
    t =     8.37s Find the "scene-tail-Alpha" StaticText
    t =     8.44s Find the "scene-tail-Alpha" StaticText
    t =     8.51s Find the "scene-tail-Beta" StaticText
    t =     8.59s Find the "scene-tail-Beta" StaticText
    t =     8.85s Added attachment named 'task-14-rotation'
    t =     8.85s Setting device orientation to Portrait
    t =     8.85s     Device orientation changed to Portrait
    t =     8.93s     Interface orientation changed to Portrait
    t =     8.93s     Wait for com.bicterm.app to idle
    t =     9.25s     Wait for com.apple.springboard to idle
    t =     9.64s Tear Down
Test Case '-[BicTermUITests.SessionScenesUITests testRotationKeepsBothScenesActiveWithOwnTerminalContent]' passed (10.306 seconds).
Test Case '-[BicTermUITests.SessionScenesUITests testTwoScenesShowDistinctTerminalContent]' started.
    t =     0.00s Start Test at 2026-09-08 23:07:45.674
    t =     0.02s Set Up
    t =     0.02s Open com.bicterm.app
    t =     0.02s     Launch com.bicterm.app
    t =     0.02s         Terminate com.bicterm.app:36497
2026-09-08 23:07:46.758 xcodebuild[31656:29943544] [MT] IDELaunchParametersSnapshot: The operation couldn’t be completed. (DebuggerLLDB.DebuggerVersionStore.StoreError error 0.)
2026-09-08 23:07:46.758 xcodebuild[31656:29943544] [MT] IDELaunchParametersSnapshot: no debugger version
    t =     1.30s         Setting up automation session
    t =     2.17s         Wait for com.bicterm.app to idle
    t =     3.68s Waiting 60.0s for "scene-tail-Alpha" StaticText to exist
    t =     4.75s     Checking `Expect predicate `existsNoRetry == 1` for object "scene-tail-Alpha" StaticText`
    t =     4.75s         Checking existence of `"scene-tail-Alpha" StaticText`
    t =     5.13s Waiting 60.0s for "scene-tail-Beta" StaticText to exist
    t =     6.16s     Checking `Expect predicate `existsNoRetry == 1` for object "scene-tail-Beta" StaticText`
    t =     6.17s         Checking existence of `"scene-tail-Beta" StaticText`
    t =     6.24s Find the "scene-tail-Alpha" StaticText
    t =     6.31s Find the "scene-tail-Alpha" StaticText
    t =     6.38s Find the "scene-tail-Beta" StaticText
    t =     6.46s Find the "scene-tail-Beta" StaticText
    t =     6.53s Find the "scene-tail-Alpha" StaticText
    t =     6.61s Find the "scene-tail-Alpha" StaticText
    t =     6.68s Find the "scene-tail-Beta" StaticText
    t =     6.76s Find the "scene-tail-Beta" StaticText
    t =     6.83s Find the "scene-status-Alpha" StaticText
    t =     6.90s Find the "scene-status-Alpha" StaticText
    t =     6.98s Find the "scene-status-Beta" StaticText
    t =     7.05s Find the "scene-status-Beta" StaticText
    t =     7.12s Checking existence of `"scene-title-Alpha" StaticText`
    t =     7.19s Checking existence of `"badge-ssh" StaticText`
    t =     7.45s Added attachment named 'task-14-two-scenes'
    t =     7.45s Tear Down
Test Case '-[BicTermUITests.SessionScenesUITests testTwoScenesShowDistinctTerminalContent]' passed (7.671 seconds).
Test Case '-[BicTermUITests.SessionScenesUITests testUnknownHostTrustCancelNeverConnects]' started.
    t =     0.00s Start Test at 2026-09-08 23:07:53.346
    t =     0.02s Set Up
    t =     0.02s Open com.bicterm.app
    t =     0.03s     Launch com.bicterm.app
    t =     0.03s         Terminate com.bicterm.app:37349
2026-09-08 23:07:54.456 xcodebuild[31656:29943544] [MT] IDELaunchParametersSnapshot: The operation couldn’t be completed. (DebuggerLLDB.DebuggerVersionStore.StoreError error 0.)
2026-09-08 23:07:54.456 xcodebuild[31656:29943544] [MT] IDELaunchParametersSnapshot: no debugger version
    t =     1.32s         Setting up automation session
    t =     2.20s         Wait for com.bicterm.app to idle
    t =     3.73s Waiting 60.0s for "trust-prompt" StaticText to exist
    t =     4.79s     Checking `Expect predicate `existsNoRetry == 1` for object "trust-prompt" StaticText`
    t =     4.79s         Checking existence of `"trust-prompt" StaticText`
    t =     4.87s Find the "trust-fingerprint" StaticText
    t =     4.91s Find the "trust-fingerprint" StaticText
    t =     4.96s Tap "trust-cancel" Button
    t =     4.96s     Wait for com.bicterm.app to idle
    t =     4.96s     Find the "trust-cancel" Button
    t =     5.01s     Check for interrupting elements affecting "trust-cancel" Button
    t =     5.06s         Wait for com.apple.springboard to idle
    t =     5.18s Ignoring failure to get hierarchy for remote element in process 1995 (Error getting main window kAXErrorServerNotFound)
    t =     5.18s Ignoring failure to get hierarchy for remote element in process 1995 (Error getting main window kAXErrorServerNotFound)
    t =     5.19s     Synthesize event
    t =     5.48s     Wait for com.bicterm.app to idle
    t =     5.92s Checking existence of `"trust-prompt" StaticText`
    t =     5.99s Checking existence of `"trust-prompt" StaticText`
    t =    11.05s Checking existence of `"trust-prompt" StaticText`
    t =    11.11s Checking existence of `"scene-status-Beta" StaticText`
    t =    11.17s Find the "scene-status-Beta" StaticText
    t =    11.23s Find the "scene-status-Beta" StaticText
    t =    11.47s Added attachment named 'final-repair-tofu-cancelled'
    t =    11.47s Tear Down
Test Case '-[BicTermUITests.SessionScenesUITests testUnknownHostTrustCancelNeverConnects]' passed (11.706 seconds).
Test Case '-[BicTermUITests.SessionScenesUITests testUnknownHostTrustPromptTrustsAndConnects]' started.
    t =     0.00s Start Test at 2026-09-08 23:08:05.053
    t =     0.02s Set Up
    t =     0.02s Open com.bicterm.app
    t =     0.02s     Launch com.bicterm.app
    t =     0.02s         Terminate com.bicterm.app:38142
2026-09-08 23:08:06.145 xcodebuild[31656:29943544] [MT] IDELaunchParametersSnapshot: The operation couldn’t be completed. (DebuggerLLDB.DebuggerVersionStore.StoreError error 0.)
2026-09-08 23:08:06.145 xcodebuild[31656:29943544] [MT] IDELaunchParametersSnapshot: no debugger version
    t =     1.31s         Setting up automation session
    t =     2.18s         Wait for com.bicterm.app to idle
    t =     3.71s Waiting 60.0s for "trust-prompt" StaticText to exist
    t =     4.79s     Checking `Expect predicate `existsNoRetry == 1` for object "trust-prompt" StaticText`
    t =     4.79s         Checking existence of `"trust-prompt" StaticText`
    t =     4.87s Find the "trust-host" StaticText
    t =     4.92s Find the "trust-host" StaticText
    t =     4.96s Find the "trust-port" StaticText
    t =     5.01s Find the "trust-port" StaticText
    t =     5.05s Find the "trust-algorithm" StaticText
    t =     5.10s Find the "trust-algorithm" StaticText
    t =     5.14s Find the "trust-fingerprint" StaticText
    t =     5.19s Find the "trust-fingerprint" StaticText
    t =     5.40s Added attachment named 'final-repair-tofu-prompt-trust'
    t =     5.40s Tap "trust-confirm" Button
    t =     5.40s     Wait for com.bicterm.app to idle
    t =     5.41s     Find the "trust-confirm" Button
    t =     5.45s     Check for interrupting elements affecting "trust-confirm" Button
    t =     5.50s         Wait for com.apple.springboard to idle
    t =     5.52s Ignoring failure to get hierarchy for remote element in process 1995 (Error getting main window kAXErrorServerNotFound)
    t =     5.52s Ignoring failure to get hierarchy for remote element in process 1995 (Error getting main window kAXErrorServerNotFound)
    t =     5.52s     Synthesize event
    t =     5.82s     Wait for com.bicterm.app to idle
    t =     6.30s Checking existence of `"trust-prompt" StaticText`
    t =     6.37s Checking existence of `"trust-prompt" StaticText`
    t =     6.43s Find the "scene-status-Alpha" StaticText
    t =     6.49s Find the "scene-status-Alpha" StaticText
    t =     6.73s Added attachment named 'final-repair-tofu-connected'
    t =     6.73s Tear Down
Test Case '-[BicTermUITests.SessionScenesUITests testUnknownHostTrustPromptTrustsAndConnects]' passed (6.949 seconds).
Test Suite 'SessionScenesUITests' passed at 2026-09-08 23:08:12.003.
	 Executed 7 tests, with 1 test skipped and 0 failures (0 unexpected) in 107.799 (107.805) seconds
Test Suite 'SessionSwitcherUITests' started at 2026-09-08 23:08:12.004.
Test Case '-[BicTermUITests.SessionSwitcherUITests testCloseFromSwitcherRequiresConfirmationGuard]' started.
    t =     0.00s Start Test at 2026-09-08 23:08:12.006
    t =     0.02s Set Up
    t =     0.03s Open com.bicterm.app
    t =     0.03s     Launch com.bicterm.app
    t =     0.03s         Terminate com.bicterm.app:38172
2026-09-08 23:08:13.077 xcodebuild[31656:29943544] [MT] IDELaunchParametersSnapshot: The operation couldn’t be completed. (DebuggerLLDB.DebuggerVersionStore.StoreError error 0.)
2026-09-08 23:08:13.077 xcodebuild[31656:29943544] [MT] IDELaunchParametersSnapshot: no debugger version
    t =     1.29s         Setting up automation session
    t =     2.17s         Wait for com.bicterm.app to idle
    t =     3.70s Waiting 60.0s for "scene-status-Beta" StaticText to exist
    t =     4.75s     Checking `Expect predicate `existsNoRetry == 1` for object "scene-status-Beta" StaticText`
    t =     4.75s         Checking existence of `"scene-status-Beta" StaticText`
    t =     4.88s Get number of matches for: Elements matching predicate '"scene-sessions" IN identifiers'
    t =     5.22s Find the "scene-sessions" Button
    t =     5.31s Tap "scene-sessions" Button
    t =     5.31s     Wait for com.bicterm.app to idle
    t =     5.31s     Find the "scene-sessions" Button
    t =     5.39s     Check for interrupting elements affecting "scene-sessions" Button
    t =     5.45s         Wait for com.apple.springboard to idle
    t =     5.72s Ignoring failure to get hierarchy for remote element in process 1995 (Error getting main window kAXErrorServerNotFound)
    t =     5.73s Ignoring failure to get hierarchy for remote element in process 1995 (Error getting main window kAXErrorServerNotFound)
    t =     5.73s     Synthesize event
    t =     6.02s     Wait for com.bicterm.app to idle
    t =     6.11s Waiting 10.0s for "switcher-new-connection" Button to exist
    t =     7.17s     Checking `Expect predicate `existsNoRetry == 1` for object "switcher-new-connection" Button`
    t =     7.17s         Checking existence of `"switcher-new-connection" Button`
    t =     7.26s Tap "switcher-close-Alpha-1" Button
    t =     7.26s     Wait for com.bicterm.app to idle
    t =     7.26s     Find the "switcher-close-Alpha-1" Button
    t =     7.33s     Check for interrupting elements affecting "switcher-close-Alpha-1" Button
    t =     7.40s         Wait for com.apple.springboard to idle
    t =     7.42s Ignoring failure to get hierarchy for remote element in process 1995 (Error getting main window kAXErrorServerNotFound)
    t =     7.42s Ignoring failure to get hierarchy for remote element in process 1995 (Error getting main window kAXErrorServerNotFound)
    t =     7.43s     Synthesize event
    t =     7.72s     Wait for com.bicterm.app to idle
    t =     8.46s Waiting 10.0s for "switcher-confirm-close" Button to exist
    t =     9.52s     Checking `Expect predicate `existsNoRetry == 1` for object "switcher-confirm-close" Button`
    t =     9.52s         Checking existence of `"switcher-confirm-close" Button`
    t =     9.61s Tap Target Application 'com.bicterm.app'[0.50, 0.08]
    t =     9.61s     Wait for com.bicterm.app to idle
    t =     9.61s     Find the Target Application 'com.bicterm.app'
    t =     9.67s     Check for interrupting elements affecting "BicTerm" Application
    t =     9.74s         Wait for com.apple.springboard to idle
    t =     9.76s Ignoring failure to get hierarchy for remote element in process 1995 (Error getting main window kAXErrorServerNotFound)
    t =     9.77s Ignoring failure to get hierarchy for remote element in process 1995 (Error getting main window kAXErrorServerNotFound)
    t =     9.77s     Synthesize event
    t =     9.77s         Find the Target Application 'com.bicterm.app'
    t =     9.83s         Find the Target Application 'com.bicterm.app'
    t =     9.89s         Find the Target Application 'com.bicterm.app'
    t =    10.24s     Wait for com.bicterm.app to idle
    t =    10.62s Checking existence of `"switcher-confirm-close" Button`
    t =    10.69s Checking existence of `"switcher-confirm-close" Button`
    t =    10.76s Checking existence of `"switcher-name-Alpha-1" StaticText`
    t =    10.83s Tap "switcher-close-Alpha-1" Button
    t =    10.83s     Wait for com.bicterm.app to idle
    t =    10.83s     Find the "switcher-close-Alpha-1" Button
    t =    10.90s     Check for interrupting elements affecting "switcher-close-Alpha-1" Button
    t =    10.96s         Wait for com.apple.springboard to idle
    t =    10.99s Ignoring failure to get hierarchy for remote element in process 1995 (Error getting main window kAXErrorServerNotFound)
    t =    10.99s Ignoring failure to get hierarchy for remote element in process 1995 (Error getting main window kAXErrorServerNotFound)
    t =    10.99s     Synthesize event
    t =    11.29s     Wait for com.bicterm.app to idle
    t =    11.99s Waiting 10.0s for "switcher-confirm-close" Button to exist
    t =    13.05s     Checking `Expect predicate `existsNoRetry == 1` for object "switcher-confirm-close" Button`
    t =    13.05s         Checking existence of `"switcher-confirm-close" Button`
    t =    13.14s Tap "switcher-confirm-close" Button
    t =    13.14s     Wait for com.bicterm.app to idle
    t =    13.14s     Find the "switcher-confirm-close" Button
    t =    13.29s     Check for interrupting elements affecting "switcher-confirm-close" Button
    t =    13.36s         Wait for com.apple.springboard to idle
    t =    13.38s Ignoring failure to get hierarchy for remote element in process 1995 (Error getting main window kAXErrorServerNotFound)
    t =    13.38s Ignoring failure to get hierarchy for remote element in process 1995 (Error getting main window kAXErrorServerNotFound)
    t =    13.39s     Synthesize event
    t =    13.68s     Wait for com.bicterm.app to idle
    t =    14.03s Checking existence of `"switcher-name-Alpha-1" StaticText`
    t =    14.38s Checking existence of `"switcher-name-Alpha-1" StaticText`
    t =    14.44s Checking existence of `"switcher-name-Alpha-1" StaticText`
    t =    14.53s Checking existence of `"switcher-name-Beta-1" StaticText`
    t =    14.59s Tear Down
Test Case '-[BicTermUITests.SessionSwitcherUITests testCloseFromSwitcherRequiresConfirmationGuard]' passed (14.824 seconds).
Test Case '-[BicTermUITests.SessionSwitcherUITests testEvictedSurfaceReattachShowsScrollbackReleasedNotice]' started.
    t =     0.00s Start Test at 2026-09-08 23:08:26.829
    t =     0.02s Set Up
/Users/richard/code/BicTerm/BicTermUITests/SessionSwitcherUITests.swift:341: -[BicTermUITests.SessionSwitcherUITests testEvictedSurfaceReattachShowsScrollbackReleasedNotice] : Test skipped - Nine-cover attach loop runs on the phone form factor
    t =     0.02s Tear Down
Test Case '-[BicTermUITests.SessionSwitcherUITests testEvictedSurfaceReattachShowsScrollbackReleasedNotice]' skipped (0.076 seconds).
Test Case '-[BicTermUITests.SessionSwitcherUITests testNewConnectionRowReturnsToListWithoutClosingSession]' started.
    t =     0.00s Start Test at 2026-09-08 23:08:26.906
    t =     0.02s Set Up
    t =     0.02s Open com.bicterm.app
    t =     0.02s     Launch com.bicterm.app
    t =     0.02s         Terminate com.bicterm.app:38495
2026-09-08 23:08:28.002 xcodebuild[31656:29943544] [MT] IDELaunchParametersSnapshot: The operation couldn’t be completed. (DebuggerLLDB.DebuggerVersionStore.StoreError error 0.)
2026-09-08 23:08:28.002 xcodebuild[31656:29943544] [MT] IDELaunchParametersSnapshot: no debugger version
    t =     1.31s         Setting up automation session
    t =     2.18s         Wait for com.bicterm.app to idle
    t =     3.70s Waiting 60.0s for "scene-status-Alpha" StaticText to exist
    t =     4.75s     Checking `Expect predicate `existsNoRetry == 1` for object "scene-status-Alpha" StaticText`
    t =     4.75s         Checking existence of `"scene-status-Alpha" StaticText`
    t =     4.85s Get number of matches for: Elements matching predicate '"scene-sessions" IN identifiers'
    t =     4.91s Find the "scene-sessions" Button
    t =     4.98s Tap "scene-sessions" Button
    t =     4.98s     Wait for com.bicterm.app to idle
    t =     4.98s     Find the "scene-sessions" Button
    t =     5.04s     Check for interrupting elements affecting "scene-sessions" Button
    t =     5.10s         Wait for com.apple.springboard to idle
    t =     5.12s Ignoring failure to get hierarchy for remote element in process 1995 (Error getting main window kAXErrorServerNotFound)
    t =     5.12s Ignoring failure to get hierarchy for remote element in process 1995 (Error getting main window kAXErrorServerNotFound)
    t =     5.13s     Synthesize event
    t =     5.42s     Wait for com.bicterm.app to idle
    t =     5.46s Waiting 10.0s for "switcher-new-connection" Button to exist
    t =     6.52s     Checking `Expect predicate `existsNoRetry == 1` for object "switcher-new-connection" Button`
    t =     6.52s         Checking existence of `"switcher-new-connection" Button`
    t =     6.59s Tap "switcher-new-connection" Button
    t =     6.59s     Wait for com.bicterm.app to idle
    t =     6.59s     Find the "switcher-new-connection" Button
    t =     6.64s     Check for interrupting elements affecting "switcher-new-connection" Button
    t =     6.69s         Wait for com.apple.springboard to idle
    t =     6.72s Ignoring failure to get hierarchy for remote element in process 1995 (Error getting main window kAXErrorServerNotFound)
    t =     6.72s Ignoring failure to get hierarchy for remote element in process 1995 (Error getting main window kAXErrorServerNotFound)
    t =     6.72s     Synthesize event
    t =     7.02s     Wait for com.bicterm.app to idle
    t =     7.59s Waiting 15.0s for "list-done" Button to exist
    t =     8.62s     Checking `Expect predicate `existsNoRetry == 1` for object "list-done" Button`
    t =     8.62s         Checking existence of `"list-done" Button`
    t =     8.69s Tap "list-done" Button
    t =     8.69s     Wait for com.bicterm.app to idle
    t =     8.70s     Find the "list-done" Button
    t =     8.76s     Check for interrupting elements affecting "list-done" Button
    t =     8.81s         Wait for com.apple.springboard to idle
    t =     8.84s Ignoring failure to get hierarchy for remote element in process 1995 (Error getting main window kAXErrorServerNotFound)
    t =     8.84s Ignoring failure to get hierarchy for remote element in process 1995 (Error getting main window kAXErrorServerNotFound)
    t =     8.84s     Synthesize event
    t =     9.14s     Wait for com.bicterm.app to idle
    t =     9.60s Checking existence of `"list-done" Button`
    t =     9.66s Checking existence of `"list-done" Button`
    t =     9.72s Get number of matches for: Elements matching predicate '"scene-sessions" IN identifiers'
    t =     9.77s Find the "scene-sessions" Button
    t =     9.83s Tap "scene-sessions" Button
    t =     9.83s     Wait for com.bicterm.app to idle
    t =     9.83s     Find the "scene-sessions" Button
    t =     9.89s     Check for interrupting elements affecting "scene-sessions" Button
    t =     9.94s         Wait for com.apple.springboard to idle
    t =     9.96s Ignoring failure to get hierarchy for remote element in process 1995 (Error getting main window kAXErrorServerNotFound)
    t =     9.96s Ignoring failure to get hierarchy for remote element in process 1995 (Error getting main window kAXErrorServerNotFound)
    t =     9.97s     Synthesize event
    t =    10.26s     Wait for com.bicterm.app to idle
    t =    10.70s Waiting 10.0s for "switcher-new-connection" Button to exist
    t =    11.75s     Checking `Expect predicate `existsNoRetry == 1` for object "switcher-new-connection" Button`
    t =    11.75s         Checking existence of `"switcher-new-connection" Button`
    t =    11.81s Waiting 15.0s for "switcher-new-connection" Button to exist
    t =    12.85s     Checking `Expect predicate `existsNoRetry == 1` for object "switcher-new-connection" Button`
    t =    12.85s         Checking existence of `"switcher-new-connection" Button`
    t =    12.90s Find the "switcher-state-Alpha-1" StaticText
    t =    12.95s Find the "switcher-state-Alpha-1" StaticText
    t =    13.00s Tear Down
Test Case '-[BicTermUITests.SessionSwitcherUITests testNewConnectionRowReturnsToListWithoutClosingSession]' passed (13.224 seconds).
Test Case '-[BicTermUITests.SessionSwitcherUITests testPadNewConnectionRowPresentsConnectionListSheet]' started.
    t =     0.00s Start Test at 2026-09-08 23:08:40.131
    t =     0.02s Set Up
    t =     0.03s Open com.bicterm.app
    t =     0.03s     Launch com.bicterm.app
    t =     0.03s         Terminate com.bicterm.app:39343
2026-09-08 23:08:41.211 xcodebuild[31656:29943544] [MT] IDELaunchParametersSnapshot: The operation couldn’t be completed. (DebuggerLLDB.DebuggerVersionStore.StoreError error 0.)
2026-09-08 23:08:41.211 xcodebuild[31656:29943544] [MT] IDELaunchParametersSnapshot: no debugger version
    t =     1.29s         Setting up automation session
    t =     2.15s         Wait for com.bicterm.app to idle
    t =     3.67s Waiting 60.0s for "scene-status-Alpha" StaticText to exist
    t =     4.71s     Checking `Expect predicate `existsNoRetry == 1` for object "scene-status-Alpha" StaticText`
    t =     4.71s         Checking existence of `"scene-status-Alpha" StaticText`
    t =     4.80s Get number of matches for: Elements matching predicate '"scene-sessions" IN identifiers'
    t =     4.86s Find the "scene-sessions" Button
    t =     4.93s Tap "scene-sessions" Button
    t =     4.93s     Wait for com.bicterm.app to idle
    t =     4.93s     Find the "scene-sessions" Button
    t =     4.99s     Check for interrupting elements affecting "scene-sessions" Button
    t =     5.05s         Wait for com.apple.springboard to idle
    t =     5.07s Ignoring failure to get hierarchy for remote element in process 1995 (Error getting main window kAXErrorServerNotFound)
    t =     5.07s Ignoring failure to get hierarchy for remote element in process 1995 (Error getting main window kAXErrorServerNotFound)
    t =     5.08s     Synthesize event
    t =     5.36s     Wait for com.bicterm.app to idle
    t =     5.40s Waiting 10.0s for "switcher-new-connection" Button to exist
    t =     6.45s     Checking `Expect predicate `existsNoRetry == 1` for object "switcher-new-connection" Button`
    t =     6.45s         Checking existence of `"switcher-new-connection" Button`
    t =     6.52s Tap "switcher-new-connection" Button
    t =     6.52s     Wait for com.bicterm.app to idle
    t =     6.52s     Find the "switcher-new-connection" Button
    t =     6.58s     Check for interrupting elements affecting "switcher-new-connection" Button
    t =     6.63s         Wait for com.apple.springboard to idle
    t =     6.65s Ignoring failure to get hierarchy for remote element in process 1995 (Error getting main window kAXErrorServerNotFound)
    t =     6.66s Ignoring failure to get hierarchy for remote element in process 1995 (Error getting main window kAXErrorServerNotFound)
    t =     6.66s     Synthesize event
    t =     6.96s     Wait for com.bicterm.app to idle
    t =     7.55s Waiting 15.0s for "list-done" Button to exist
    t =     8.57s     Checking `Expect predicate `existsNoRetry == 1` for object "list-done" Button`
    t =     8.58s         Checking existence of `"list-done" Button`
    t =     8.64s Tear Down
Test Case '-[BicTermUITests.SessionSwitcherUITests testPadNewConnectionRowPresentsConnectionListSheet]' passed (8.868 seconds).
Test Case '-[BicTermUITests.SessionSwitcherUITests testPadSwitcherAttachesDetachedSessionInPlaceWithoutNewWindow]' started.
    t =     0.00s Start Test at 2026-09-08 23:08:49.000
    t =     0.02s Set Up
    t =     0.02s Open com.bicterm.app
    t =     0.02s     Launch com.bicterm.app
    t =     0.02s         Terminate com.bicterm.app:39768
2026-09-08 23:08:50.091 xcodebuild[31656:29943544] [MT] IDELaunchParametersSnapshot: The operation couldn’t be completed. (DebuggerLLDB.DebuggerVersionStore.StoreError error 0.)
2026-09-08 23:08:50.091 xcodebuild[31656:29943544] [MT] IDELaunchParametersSnapshot: no debugger version
    t =     1.31s         Setting up automation session
    t =     2.17s         Wait for com.bicterm.app to idle
    t =     3.69s Waiting 60.0s for "scene-status-Alpha" StaticText to exist
    t =     4.72s     Checking `Expect predicate `existsNoRetry == 1` for object "scene-status-Alpha" StaticText`
    t =     4.72s         Checking existence of `"scene-status-Alpha" StaticText`
    t =     4.81s Get number of matches for: Elements matching predicate '"scene-sessions" IN identifiers'
    t =     4.87s Find the "scene-sessions" Button
    t =     4.94s Tap "scene-sessions" Button
    t =     4.94s     Wait for com.bicterm.app to idle
    t =     4.94s     Find the "scene-sessions" Button
    t =     5.00s     Check for interrupting elements affecting "scene-sessions" Button
    t =     5.06s         Wait for com.apple.springboard to idle
    t =     5.09s Ignoring failure to get hierarchy for remote element in process 1995 (Error getting main window kAXErrorServerNotFound)
    t =     5.09s Ignoring failure to get hierarchy for remote element in process 1995 (Error getting main window kAXErrorServerNotFound)
    t =     5.10s     Synthesize event
    t =     5.39s     Wait for com.bicterm.app to idle
    t =     5.43s Waiting 10.0s for "switcher-new-connection" Button to exist
    t =     6.47s     Checking `Expect predicate `existsNoRetry == 1` for object "switcher-new-connection" Button`
    t =     6.47s         Checking existence of `"switcher-new-connection" Button`
    t =     6.55s Checking existence of `"switcher-name-Alpha-1" StaticText`
    t =     6.61s Checking existence of `"switcher-name-Beta-1" StaticText`
    t =     6.66s Checking existence of `"switcher-name-Beta-1" StaticText`
    t =     6.72s Find the "switcher-name-Beta-1" StaticText
    t =     6.79s Tap "switcher-name-Beta-1" StaticText
    t =     6.79s     Wait for com.bicterm.app to idle
    t =     6.79s     Find the "switcher-name-Beta-1" StaticText
    t =     6.85s     Check for interrupting elements affecting "switcher-name-Beta-1" StaticText
    t =     6.91s         Wait for com.apple.springboard to idle
    t =     6.93s Ignoring failure to get hierarchy for remote element in process 1995 (Error getting main window kAXErrorServerNotFound)
    t =     6.93s Ignoring failure to get hierarchy for remote element in process 1995 (Error getting main window kAXErrorServerNotFound)
    t =     6.94s     Synthesize event
    t =     7.23s     Wait for com.bicterm.app to idle
    t =     7.36s Waiting 15.0s for "scene-status-Beta" StaticText to exist
    t =     8.41s     Checking `Expect predicate `existsNoRetry == 1` for object "scene-status-Beta" StaticText`
    t =     8.41s         Checking existence of `"scene-status-Beta" StaticText`
    t =     8.47s Find the "scene-status-Beta" StaticText
    t =     8.52s Find the "scene-status-Beta" StaticText
    t =     8.58s Get number of matches for: Elements matching predicate '"scene-sessions" IN identifiers'
    t =     8.63s Find the "scene-sessions" Button
    t =     8.70s Tap "scene-sessions" Button
    t =     8.70s     Wait for com.bicterm.app to idle
    t =     8.70s     Find the "scene-sessions" Button
    t =     8.76s     Check for interrupting elements affecting "scene-sessions" Button
    t =     8.80s         Wait for com.apple.springboard to idle
    t =     8.82s Ignoring failure to get hierarchy for remote element in process 1995 (Error getting main window kAXErrorServerNotFound)
    t =     8.83s Ignoring failure to get hierarchy for remote element in process 1995 (Error getting main window kAXErrorServerNotFound)
    t =     8.83s     Synthesize event
    t =     9.12s     Wait for com.bicterm.app to idle
    t =     9.60s Waiting 10.0s for "switcher-new-connection" Button to exist
    t =    10.64s     Checking `Expect predicate `existsNoRetry == 1` for object "switcher-new-connection" Button`
    t =    10.64s         Checking existence of `"switcher-new-connection" Button`
    t =    10.71s Checking existence of `"switcher-current-Beta-1" StaticText`
    t =    10.76s Checking existence of `"switcher-name-Alpha-1" StaticText`
    t =    10.81s Find the "switcher-state-Alpha-1" StaticText
    t =    10.87s Find the "switcher-state-Alpha-1" StaticText
    t =    10.92s Tear Down
Test Case '-[BicTermUITests.SessionSwitcherUITests testPadSwitcherAttachesDetachedSessionInPlaceWithoutNewWindow]' passed (11.142 seconds).
Test Case '-[BicTermUITests.SessionSwitcherUITests testSwitcherListsLiveSessionsWithStateBadgesAndCurrentMarker]' started.
    t =     0.00s Start Test at 2026-09-08 23:09:00.143
    t =     0.02s Set Up
    t =     0.03s Open com.bicterm.app
    t =     0.03s     Launch com.bicterm.app
    t =     0.03s         Terminate com.bicterm.app:40186
2026-09-08 23:09:01.244 xcodebuild[31656:29943544] [MT] IDELaunchParametersSnapshot: The operation couldn’t be completed. (DebuggerLLDB.DebuggerVersionStore.StoreError error 0.)
2026-09-08 23:09:01.244 xcodebuild[31656:29943544] [MT] IDELaunchParametersSnapshot: no debugger version
    t =     1.31s         Setting up automation session
    t =     2.19s         Wait for com.bicterm.app to idle
    t =     3.72s Waiting 60.0s for "scene-status-Beta" StaticText to exist
    t =     4.77s     Checking `Expect predicate `existsNoRetry == 1` for object "scene-status-Beta" StaticText`
    t =     4.77s         Checking existence of `"scene-status-Beta" StaticText`
    t =     5.14s Get number of matches for: Elements matching predicate '"scene-sessions" IN identifiers'
    t =     5.22s Find the "scene-sessions" Button
    t =     5.31s Tap "scene-sessions" Button
    t =     5.31s     Wait for com.bicterm.app to idle
    t =     5.31s     Find the "scene-sessions" Button
    t =     5.39s     Check for interrupting elements affecting "scene-sessions" Button
    t =     5.46s         Wait for com.apple.springboard to idle
    t =     5.65s Ignoring failure to get hierarchy for remote element in process 1995 (Error getting main window kAXErrorServerNotFound)
    t =     5.65s Ignoring failure to get hierarchy for remote element in process 1995 (Error getting main window kAXErrorServerNotFound)
    t =     5.66s     Synthesize event
    t =     5.95s     Wait for com.bicterm.app to idle
    t =     6.02s Waiting 10.0s for "switcher-new-connection" Button to exist
    t =     7.03s     Checking `Expect predicate `existsNoRetry == 1` for object "switcher-new-connection" Button`
    t =     7.03s         Checking existence of `"switcher-new-connection" Button`
    t =     7.12s Checking existence of `"switcher-name-Alpha-1" StaticText`
    t =     7.19s Checking existence of `"switcher-name-Beta-1" StaticText`
    t =     7.26s Find the "switcher-state-Alpha-1" StaticText
    t =     7.34s Find the "switcher-state-Alpha-1" StaticText
    t =     7.41s Find the "switcher-state-Beta-1" StaticText
    t =     7.48s Find the "switcher-state-Beta-1" StaticText
    t =     7.55s Checking existence of `"switcher-current-Beta-1" StaticText`
    t =     7.62s Checking existence of `"switcher-current-Alpha-1" StaticText`
    t =     7.69s Tap "switcher-done" Button
    t =     7.69s     Wait for com.bicterm.app to idle
    t =     7.69s     Find the "switcher-done" Button
    t =     7.77s     Check for interrupting elements affecting "switcher-done" Button
    t =     7.84s         Wait for com.apple.springboard to idle
    t =     7.86s Ignoring failure to get hierarchy for remote element in process 1995 (Error getting main window kAXErrorServerNotFound)
    t =     7.86s Ignoring failure to get hierarchy for remote element in process 1995 (Error getting main window kAXErrorServerNotFound)
    t =     7.86s     Synthesize event
    t =     8.17s     Wait for com.bicterm.app to idle
    t =     8.94s Waiting 10.0s for "scene-status-Beta" StaticText to exist
    t =     9.98s     Checking `Expect predicate `existsNoRetry == 1` for object "scene-status-Beta" StaticText`
    t =     9.99s         Checking existence of `"scene-status-Beta" StaticText`
    t =    10.06s Tear Down
Test Case '-[BicTermUITests.SessionSwitcherUITests testSwitcherListsLiveSessionsWithStateBadgesAndCurrentMarker]' passed (10.287 seconds).
Test Case '-[BicTermUITests.SessionSwitcherUITests testSwitchKeepsDetachedSessionAliveAndReceivingOutput]' started.
    t =     0.00s Start Test at 2026-09-08 23:09:10.431
    t =     0.02s Set Up
    t =     0.02s Open com.bicterm.app
    t =     0.02s     Launch com.bicterm.app
    t =     0.02s         Terminate com.bicterm.app:41017
2026-09-08 23:09:11.517 xcodebuild[31656:29943544] [MT] IDELaunchParametersSnapshot: The operation couldn’t be completed. (DebuggerLLDB.DebuggerVersionStore.StoreError error 0.)
2026-09-08 23:09:11.517 xcodebuild[31656:29943544] [MT] IDELaunchParametersSnapshot: no debugger version
    t =     1.29s         Setting up automation session
    t =     2.16s         Wait for com.bicterm.app to idle
    t =     3.66s Waiting 60.0s for "scene-status-Alpha" StaticText to exist
    t =     4.72s     Checking `Expect predicate `existsNoRetry == 1` for object "scene-status-Alpha" StaticText`
    t =     4.72s         Checking existence of `"scene-status-Alpha" StaticText`
    t =     4.82s Get number of matches for: Elements matching predicate '"scene-sessions" IN identifiers'
    t =     4.88s Find the "scene-sessions" Button
    t =     4.95s Tap "scene-sessions" Button
    t =     4.95s     Wait for com.bicterm.app to idle
    t =     4.95s     Find the "scene-sessions" Button
    t =     5.02s     Check for interrupting elements affecting "scene-sessions" Button
    t =     5.07s         Wait for com.apple.springboard to idle
    t =     5.10s Ignoring failure to get hierarchy for remote element in process 1995 (Error getting main window kAXErrorServerNotFound)
    t =     5.10s Ignoring failure to get hierarchy for remote element in process 1995 (Error getting main window kAXErrorServerNotFound)
    t =     5.10s     Synthesize event
    t =     5.40s     Wait for com.bicterm.app to idle
    t =     5.44s Waiting 10.0s for "switcher-new-connection" Button to exist
    t =     6.49s     Checking `Expect predicate `existsNoRetry == 1` for object "switcher-new-connection" Button`
    t =     6.49s         Checking existence of `"switcher-new-connection" Button`
    t =     6.56s Checking existence of `"switcher-name-Beta-1" StaticText`
    t =     6.62s Find the "switcher-name-Beta-1" StaticText
    t =     6.70s Tap "switcher-name-Beta-1" StaticText
    t =     6.70s     Wait for com.bicterm.app to idle
    t =     6.70s     Find the "switcher-name-Beta-1" StaticText
    t =     6.76s     Check for interrupting elements affecting "switcher-name-Beta-1" StaticText
    t =     6.82s         Wait for com.apple.springboard to idle
    t =     6.84s Ignoring failure to get hierarchy for remote element in process 1995 (Error getting main window kAXErrorServerNotFound)
    t =     6.84s Ignoring failure to get hierarchy for remote element in process 1995 (Error getting main window kAXErrorServerNotFound)
    t =     6.84s     Synthesize event
    t =     7.14s     Wait for com.bicterm.app to idle
    t =     7.30s Waiting 15.0s for "scene-status-Beta" StaticText to exist
    t =     8.36s     Checking `Expect predicate `existsNoRetry == 1` for object "scene-status-Beta" StaticText`
    t =     8.36s         Checking existence of `"scene-status-Beta" StaticText`
    t =     8.42s Get number of matches for: Elements matching predicate '"scene-sessions" IN identifiers'
    t =     8.48s Find the "scene-sessions" Button
    t =     8.55s Tap "scene-sessions" Button
    t =     8.55s     Wait for com.bicterm.app to idle
    t =     8.55s     Find the "scene-sessions" Button
    t =     8.61s     Check for interrupting elements affecting "scene-sessions" Button
    t =     8.66s         Wait for com.apple.springboard to idle
    t =     8.68s Ignoring failure to get hierarchy for remote element in process 1995 (Error getting main window kAXErrorServerNotFound)
    t =     8.68s Ignoring failure to get hierarchy for remote element in process 1995 (Error getting main window kAXErrorServerNotFound)
    t =     8.68s     Synthesize event
    t =     8.98s     Wait for com.bicterm.app to idle
    t =     9.43s Waiting 10.0s for "switcher-new-connection" Button to exist
    t =    10.48s     Checking `Expect predicate `existsNoRetry == 1` for object "switcher-new-connection" Button`
    t =    10.49s         Checking existence of `"switcher-new-connection" Button`
    t =    10.55s Waiting 45.0s for "switcher-unread-Alpha-1" StaticText to exist
    t =    11.58s     Checking `Expect predicate `existsNoRetry == 1` for object "switcher-unread-Alpha-1" StaticText`
    t =    11.59s         Checking existence of `"switcher-unread-Alpha-1" StaticText`
    t =    11.65s Checking existence of `"switcher-name-Alpha-1" StaticText`
    t =    11.71s Find the "switcher-name-Alpha-1" StaticText
    t =    11.77s Tap "switcher-name-Alpha-1" StaticText
    t =    11.77s     Wait for com.bicterm.app to idle
    t =    11.78s     Find the "switcher-name-Alpha-1" StaticText
    t =    11.83s     Check for interrupting elements affecting "switcher-name-Alpha-1" StaticText
    t =    11.89s         Wait for com.apple.springboard to idle
    t =    11.91s Ignoring failure to get hierarchy for remote element in process 1995 (Error getting main window kAXErrorServerNotFound)
    t =    11.91s Ignoring failure to get hierarchy for remote element in process 1995 (Error getting main window kAXErrorServerNotFound)
    t =    11.91s     Synthesize event
    t =    12.21s     Wait for com.bicterm.app to idle
    t =    12.31s Waiting 15.0s for "scene-status-Alpha" StaticText to exist
    t =    13.34s     Checking `Expect predicate `existsNoRetry == 1` for object "scene-status-Alpha" StaticText`
    t =    13.34s         Checking existence of `"scene-status-Alpha" StaticText`
    t =    13.40s Find the "scene-status-Alpha" StaticText
    t =    13.46s Find the "scene-status-Alpha" StaticText
    t =    13.52s Find the "scene-tail-Alpha" StaticText
    t =    13.58s Find the "scene-tail-Alpha" StaticText
    t =    13.63s Tear Down
Test Case '-[BicTermUITests.SessionSwitcherUITests testSwitchKeepsDetachedSessionAliveAndReceivingOutput]' passed (13.848 seconds).
Test Case '-[BicTermUITests.SessionSwitcherUITests testUnreadDotClearsOnReattach]' started.
    t =     0.00s Start Test at 2026-09-08 23:09:24.280
    t =     0.02s Set Up
    t =     0.02s Open com.bicterm.app
    t =     0.02s     Launch com.bicterm.app
    t =     0.02s         Terminate com.bicterm.app:41855
2026-09-08 23:09:25.361 xcodebuild[31656:29943544] [MT] IDELaunchParametersSnapshot: The operation couldn’t be completed. (DebuggerLLDB.DebuggerVersionStore.StoreError error 0.)
2026-09-08 23:09:25.361 xcodebuild[31656:29943544] [MT] IDELaunchParametersSnapshot: no debugger version
    t =     1.29s         Setting up automation session
    t =     2.17s         Wait for com.bicterm.app to idle
    t =     3.69s Waiting 60.0s for "scene-status-Alpha" StaticText to exist
    t =     4.73s     Checking `Expect predicate `existsNoRetry == 1` for object "scene-status-Alpha" StaticText`
    t =     4.73s         Checking existence of `"scene-status-Alpha" StaticText`
    t =     4.83s Get number of matches for: Elements matching predicate '"scene-sessions" IN identifiers'
    t =     4.89s Find the "scene-sessions" Button
    t =     4.96s Tap "scene-sessions" Button
    t =     4.96s     Wait for com.bicterm.app to idle
    t =     4.96s     Find the "scene-sessions" Button
    t =     5.02s     Check for interrupting elements affecting "scene-sessions" Button
    t =     5.08s         Wait for com.apple.springboard to idle
    t =     5.11s Ignoring failure to get hierarchy for remote element in process 1995 (Error getting main window kAXErrorServerNotFound)
    t =     5.12s Ignoring failure to get hierarchy for remote element in process 1995 (Error getting main window kAXErrorServerNotFound)
    t =     5.12s     Synthesize event
    t =     5.41s     Wait for com.bicterm.app to idle
    t =     5.48s Waiting 10.0s for "switcher-new-connection" Button to exist
    t =     6.51s     Checking `Expect predicate `existsNoRetry == 1` for object "switcher-new-connection" Button`
    t =     6.51s         Checking existence of `"switcher-new-connection" Button`
    t =     6.59s Checking existence of `"switcher-name-Beta-1" StaticText`
    t =     6.64s Find the "switcher-name-Beta-1" StaticText
    t =     6.71s Tap "switcher-name-Beta-1" StaticText
    t =     6.71s     Wait for com.bicterm.app to idle
    t =     6.71s     Find the "switcher-name-Beta-1" StaticText
    t =     6.77s     Check for interrupting elements affecting "switcher-name-Beta-1" StaticText
    t =     6.83s         Wait for com.apple.springboard to idle
    t =     6.85s Ignoring failure to get hierarchy for remote element in process 1995 (Error getting main window kAXErrorServerNotFound)
    t =     6.85s Ignoring failure to get hierarchy for remote element in process 1995 (Error getting main window kAXErrorServerNotFound)
    t =     6.86s     Synthesize event
    t =     7.16s     Wait for com.bicterm.app to idle
    t =     7.30s Waiting 15.0s for "scene-status-Beta" StaticText to exist
    t =     8.35s     Checking `Expect predicate `existsNoRetry == 1` for object "scene-status-Beta" StaticText`
    t =     8.35s         Checking existence of `"scene-status-Beta" StaticText`
    t =     8.42s Get number of matches for: Elements matching predicate '"scene-sessions" IN identifiers'
    t =     8.48s Find the "scene-sessions" Button
    t =     8.55s Tap "scene-sessions" Button
    t =     8.55s     Wait for com.bicterm.app to idle
    t =     8.55s     Find the "scene-sessions" Button
    t =     8.61s     Check for interrupting elements affecting "scene-sessions" Button
    t =     8.66s         Wait for com.apple.springboard to idle
    t =     8.68s Ignoring failure to get hierarchy for remote element in process 1995 (Error getting main window kAXErrorServerNotFound)
    t =     8.68s Ignoring failure to get hierarchy for remote element in process 1995 (Error getting main window kAXErrorServerNotFound)
    t =     8.68s     Synthesize event
    t =     8.98s     Wait for com.bicterm.app to idle
    t =     9.41s Waiting 10.0s for "switcher-new-connection" Button to exist
    t =    10.46s     Checking `Expect predicate `existsNoRetry == 1` for object "switcher-new-connection" Button`
    t =    10.46s         Checking existence of `"switcher-new-connection" Button`
    t =    10.53s Waiting 45.0s for "switcher-unread-Alpha-1" StaticText to exist
    t =    11.57s     Checking `Expect predicate `existsNoRetry == 1` for object "switcher-unread-Alpha-1" StaticText`
    t =    11.57s         Checking existence of `"switcher-unread-Alpha-1" StaticText`
    t =    11.63s Checking existence of `"switcher-name-Alpha-1" StaticText`
    t =    11.68s Find the "switcher-name-Alpha-1" StaticText
    t =    11.74s Tap "switcher-name-Alpha-1" StaticText
    t =    11.74s     Wait for com.bicterm.app to idle
    t =    11.75s     Find the "switcher-name-Alpha-1" StaticText
    t =    11.80s     Check for interrupting elements affecting "switcher-name-Alpha-1" StaticText
    t =    11.85s         Wait for com.apple.springboard to idle
    t =    11.87s Ignoring failure to get hierarchy for remote element in process 1995 (Error getting main window kAXErrorServerNotFound)
    t =    11.87s Ignoring failure to get hierarchy for remote element in process 1995 (Error getting main window kAXErrorServerNotFound)
    t =    11.88s     Synthesize event
    t =    12.16s     Wait for com.bicterm.app to idle
    t =    12.25s Waiting 15.0s for "scene-status-Alpha" StaticText to exist
    t =    13.29s     Checking `Expect predicate `existsNoRetry == 1` for object "scene-status-Alpha" StaticText`
    t =    13.29s         Checking existence of `"scene-status-Alpha" StaticText`
    t =    13.35s Get number of matches for: Elements matching predicate '"scene-sessions" IN identifiers'
    t =    13.41s Find the "scene-sessions" Button
    t =    13.47s Tap "scene-sessions" Button
    t =    13.47s     Wait for com.bicterm.app to idle
    t =    13.48s     Find the "scene-sessions" Button
    t =    13.53s     Check for interrupting elements affecting "scene-sessions" Button
    t =    13.58s         Wait for com.apple.springboard to idle
    t =    13.61s Ignoring failure to get hierarchy for remote element in process 1995 (Error getting main window kAXErrorServerNotFound)
    t =    13.61s Ignoring failure to get hierarchy for remote element in process 1995 (Error getting main window kAXErrorServerNotFound)
    t =    13.61s     Synthesize event
    t =    13.90s     Wait for com.bicterm.app to idle
    t =    14.38s Waiting 10.0s for "switcher-new-connection" Button to exist
    t =    15.43s     Checking `Expect predicate `existsNoRetry == 1` for object "switcher-new-connection" Button`
    t =    15.43s         Checking existence of `"switcher-new-connection" Button`
    t =    15.49s Checking existence of `"switcher-unread-Alpha-1" StaticText`
    t =    15.55s Checking existence of `"switcher-unread-Alpha-1" StaticText`
    t =    15.61s Tear Down
Test Case '-[BicTermUITests.SessionSwitcherUITests testUnreadDotClearsOnReattach]' passed (15.826 seconds).
Test Suite 'SessionSwitcherUITests' passed at 2026-09-08 23:09:40.106.
	 Executed 8 tests, with 1 test skipped and 0 failures (0 unexpected) in 88.094 (88.102) seconds
Test Suite 'TerminalUITests' started at 2026-09-08 23:09:40.107.
Test Case '-[BicTermUITests.TerminalUITests testCJKCompositionDeliveredIntact]' started.
    t =     0.00s Start Test at 2026-09-08 23:09:40.109
    t =     0.02s Set Up
    t =     0.02s Open com.bicterm.app
    t =     0.02s     Launch com.bicterm.app
    t =     0.03s         Terminate com.bicterm.app:42726
2026-09-08 23:09:41.194 xcodebuild[31656:29943544] [MT] IDELaunchParametersSnapshot: The operation couldn’t be completed. (DebuggerLLDB.DebuggerVersionStore.StoreError error 0.)
2026-09-08 23:09:41.194 xcodebuild[31656:29943544] [MT] IDELaunchParametersSnapshot: no debugger version
    t =     1.30s         Setting up automation session
    t =     2.15s         Wait for com.bicterm.app to idle
    t =     4.70s Checking `Expect predicate `label CONTAINS "ready"` for object "previewState" StaticText`
    t =     4.70s     Find the "previewState" StaticText
    t =     5.78s Checking `Expect predicate `label CONTAINS "__GO__"` for object "previewTail" StaticText`
    t =     5.78s     Find the "previewTail" StaticText
    t =     6.06s Type 'こんにちは世界' into Target Application 'com.bicterm.app'
    t =     6.06s     Wait for com.bicterm.app to idle
    t =     6.07s     Find the Target Application 'com.bicterm.app'
    t =     6.08s     Check for interrupting elements affecting "BicTerm" Application
    t =     6.10s         Wait for com.apple.springboard to idle
    t =     6.13s Ignoring failure to get hierarchy for remote element in process 1995 (Error getting main window kAXErrorServerNotFound)
    t =     6.13s Ignoring failure to get hierarchy for remote element in process 1995 (Error getting main window kAXErrorServerNotFound)
    t =     6.13s     Synthesize event
    t =     6.13s         Get number of matches for: Elements containing elements matching predicate 'hasKeyboardFocus == 1'
    t =     6.46s     Wait for com.bicterm.app to idle
    t =     7.50s Checking `Expect predicate `label CONTAINS "こんにちは世界"` for object "previewTail" StaticText`
    t =     7.50s     Find the "previewTail" StaticText
    t =     7.52s Tear Down
    t =     7.52s     Setting device orientation to Portrait
    t =     7.52s         Wait for com.bicterm.app to idle
    t =     7.53s         Wait for com.apple.springboard to idle
    t =     7.53s     Terminate com.bicterm.app:43599
Test Case '-[BicTermUITests.TerminalUITests testCJKCompositionDeliveredIntact]' passed (8.847 seconds).
Test Case '-[BicTermUITests.TerminalUITests testHardwareKeyboardControlAndMetaKeys]' started.
    t =     0.00s Start Test at 2026-09-08 23:09:48.956
    t =     0.03s Set Up
    t =     0.03s Open com.bicterm.app
    t =     0.03s     Launch com.bicterm.app
2026-09-08 23:09:48.984 xcodebuild[31656:29943544] [MT] IDELaunchParametersSnapshot: The operation couldn’t be completed. (DebuggerLLDB.DebuggerVersionStore.StoreError error 0.)
2026-09-08 23:09:48.984 xcodebuild[31656:29943544] [MT] IDELaunchParametersSnapshot: no debugger version
    t =     0.23s         Setting up automation session
    t =     1.12s         Wait for com.bicterm.app to idle
    t =     3.62s Checking `Expect predicate `label CONTAINS "ready"` for object "previewState" StaticText`
    t =     3.62s     Find the "previewState" StaticText
    t =     4.69s Checking `Expect predicate `label CONTAINS "__GO__"` for object "previewTail" StaticText`
    t =     4.69s     Find the "previewTail" StaticText
    t =     5.75s Checking `Expect predicate `label CONTAINS "^C^D"` for object "previewTail" StaticText`
    t =     5.75s     Find the "previewTail" StaticText
    t =     5.77s     Capturing element debug description
    t =     5.87s         Requesting snapshot of accessibility hierarchy for app with pid 44044
    t =     5.90s         Find: Descendants matching type StaticText
    t =     5.90s         Find: Elements matching predicate '"previewTail" IN identifiers'
    t =     5.90s         Requesting snapshot of accessibility hierarchy for app with pid 44044
    t =     5.98s         Find: Descendants matching type StaticText
    t =     5.99s         Requesting snapshot of accessibility hierarchy for app with pid 44044
    t =     6.73s Checking `Expect predicate `label CONTAINS "^C^D"` for object "previewTail" StaticText`
    t =     6.73s     Find the "previewTail" StaticText
    t =     7.80s Checking `Expect predicate `label CONTAINS "^[[5~"` for object "previewTail" StaticText`
    t =     7.80s     Find the "previewTail" StaticText
    t =     7.83s     Capturing element debug description
    t =     7.89s         Requesting snapshot of accessibility hierarchy for app with pid 44044
    t =     7.91s         Find: Descendants matching type StaticText
    t =     7.91s         Find: Elements matching predicate '"previewTail" IN identifiers'
    t =     7.91s         Requesting snapshot of accessibility hierarchy for app with pid 44044
    t =     7.94s         Find: Descendants matching type StaticText
    t =     7.94s         Requesting snapshot of accessibility hierarchy for app with pid 44044
    t =     8.77s Checking `Expect predicate `label CONTAINS "^[[5~"` for object "previewTail" StaticText`
    t =     8.77s     Find the "previewTail" StaticText
    t =     8.79s Find the "previewTail" StaticText
T12 keyboard probe tail:                                                __READY__
[1m[7m%[27m[1m[0m                                                                                __GO__
[1] 44476
^C^D^[	^[b^[[H^[[F^[[B^[[D^[[C^[[A^[[A^[[A^[[A[?1h[1]  + 44476 done       ( sleep 2; printf \\033\\133?1h; )
^[[5~^[[6~
    t =     8.82s Tear Down
    t =     8.82s     Setting device orientation to Portrait
    t =     8.82s         Wait for com.bicterm.app to idle
    t =     8.82s         Wait for com.apple.springboard to idle
    t =     8.83s     Terminate com.bicterm.app:44044
Test Case '-[BicTermUITests.TerminalUITests testHardwareKeyboardControlAndMetaKeys]' passed (10.122 seconds).
Test Case '-[BicTermUITests.TerminalUITests testHtopRendersFullscreenTUI]' started.
    t =     0.00s Start Test at 2026-09-08 23:09:59.078
    t =     0.03s Set Up
    t =     0.03s Open com.bicterm.app
    t =     0.03s     Launch com.bicterm.app
2026-09-08 23:09:59.106 xcodebuild[31656:29943544] [MT] IDELaunchParametersSnapshot: The operation couldn’t be completed. (DebuggerLLDB.DebuggerVersionStore.StoreError error 0.)
2026-09-08 23:09:59.106 xcodebuild[31656:29943544] [MT] IDELaunchParametersSnapshot: no debugger version
    t =     0.23s         Setting up automation session
    t =     1.10s         Wait for com.bicterm.app to idle
    t =     3.63s Checking `Expect predicate `label CONTAINS "ready"` for object "previewState" StaticText`
    t =     3.63s     Find the "previewState" StaticText
    t =     4.69s Checking `Expect predicate `label CONTAINS[c] "cpu"` for object "previewTail" StaticText`
    t =     4.69s     Find the "previewTail" StaticText
    t =     4.72s     Capturing element debug description
    t =     4.77s         Requesting snapshot of accessibility hierarchy for app with pid 44494
    t =     4.79s         Find: Descendants matching type StaticText
    t =     4.80s         Find: Elements matching predicate '"previewTail" IN identifiers'
    t =     4.80s         Requesting snapshot of accessibility hierarchy for app with pid 44494
    t =     4.82s         Find: Descendants matching type StaticText
    t =     4.82s         Requesting snapshot of accessibility hierarchy for app with pid 44494
    t =     5.76s Checking `Expect predicate `label CONTAINS[c] "cpu"` for object "previewTail" StaticText`
    t =     5.76s     Find the "previewTail" StaticText
    t =     5.79s     Capturing element debug description
    t =     5.83s         Requesting snapshot of accessibility hierarchy for app with pid 44494
    t =     5.86s         Find: Descendants matching type StaticText
    t =     5.86s         Find: Elements matching predicate '"previewTail" IN identifiers'
    t =     5.86s         Requesting snapshot of accessibility hierarchy for app with pid 44494
    t =     5.89s         Find: Descendants matching type StaticText
    t =     5.89s         Requesting snapshot of accessibility hierarchy for app with pid 44494
    t =     6.75s Checking `Expect predicate `label CONTAINS[c] "cpu"` for object "previewTail" StaticText`
    t =     6.75s     Find the "previewTail" StaticText
    t =     6.95s Added attachment named 'task-12-htop'
    t =     6.95s Tear Down
    t =     6.95s     Setting device orientation to Portrait
    t =     6.95s         Wait for com.bicterm.app to idle
    t =     6.96s         Wait for com.apple.springboard to idle
    t =     6.96s     Terminate com.bicterm.app:44494
Test Case '-[BicTermUITests.TerminalUITests testHtopRendersFullscreenTUI]' passed (8.265 seconds).
Test Case '-[BicTermUITests.TerminalUITests testRotationPropagatesTerminalSizeToRemote]' started.
    t =     0.00s Start Test at 2026-09-08 23:10:07.344
    t =     0.03s Set Up
    t =     0.03s Open com.bicterm.app
    t =     0.03s     Launch com.bicterm.app
2026-09-08 23:10:07.372 xcodebuild[31656:29943544] [MT] IDELaunchParametersSnapshot: The operation couldn’t be completed. (DebuggerLLDB.DebuggerVersionStore.StoreError error 0.)
2026-09-08 23:10:07.372 xcodebuild[31656:29943544] [MT] IDELaunchParametersSnapshot: no debugger version
    t =     0.24s         Setting up automation session
    t =     1.12s         Wait for com.bicterm.app to idle
    t =     3.61s Checking `Expect predicate `label CONTAINS "ready"` for object "previewState" StaticText`
    t =     3.61s     Find the "previewState" StaticText
    t =     4.71s Checking `Expect predicate `label MATCHES ".*SZ:\\d+ \\d+.*"` for object "previewTail" StaticText`
    t =     4.71s     Find the "previewTail" StaticText
    t =     4.73s     Capturing element debug description
    t =     4.79s         Requesting snapshot of accessibility hierarchy for app with pid 44950
    t =     4.81s         Find: Descendants matching type StaticText
    t =     4.81s         Find: Elements matching predicate '"previewTail" IN identifiers'
    t =     4.81s         Requesting snapshot of accessibility hierarchy for app with pid 44950
    t =     4.84s         Find: Descendants matching type StaticText
    t =     4.85s         Requesting snapshot of accessibility hierarchy for app with pid 44950
    t =     5.68s Checking `Expect predicate `label MATCHES ".*SZ:\\d+ \\d+.*"` for object "previewTail" StaticText`
    t =     5.68s     Find the "previewTail" StaticText
    t =     5.70s     Capturing element debug description
    t =     5.76s         Requesting snapshot of accessibility hierarchy for app with pid 44950
    t =     5.78s         Find: Descendants matching type StaticText
    t =     5.78s         Find: Elements matching predicate '"previewTail" IN identifiers'
    t =     5.78s         Requesting snapshot of accessibility hierarchy for app with pid 44950
    t =     5.81s         Find: Descendants matching type StaticText
    t =     5.81s         Requesting snapshot of accessibility hierarchy for app with pid 44950
    t =     6.75s Checking `Expect predicate `label MATCHES ".*SZ:\\d+ \\d+.*"` for object "previewTail" StaticText`
    t =     6.75s     Find the "previewTail" StaticText
    t =     6.77s Find the "previewTail" StaticText
    t =     6.80s Find the "previewTail" StaticText
    t =     6.82s Find the "previewDims" StaticText
    t =     6.85s Setting device orientation to Landscape Left
    t =     6.85s     Device orientation changed to Landscape Left
    t =     6.93s     Interface orientation changed to Landscape Right
    t =     6.93s     Wait for com.bicterm.app to idle
    t =     6.96s     Wait for com.apple.springboard to idle
    t =     8.84s Checking `Expect predicate `label != "dims:121x72"` for object "previewDims" StaticText`
    t =     8.84s     Find the "previewDims" StaticText
    t =     8.87s Find the "previewDims" StaticText
    t =     9.92s Checking `Expect predicate `label CONTAINS "SZ:53 161"` for object "previewTail" StaticText`
    t =     9.92s     Find the "previewTail" StaticText
    t =     9.94s Tear Down
    t =     9.94s     Setting device orientation to Portrait
    t =     9.94s         Device orientation changed to Portrait
    t =    10.02s         Interface orientation changed to Portrait
    t =    10.03s         Wait for com.bicterm.app to idle
    t =    10.07s         Wait for com.apple.springboard to idle
    t =    10.89s     Terminate com.bicterm.app:44950
Test Case '-[BicTermUITests.TerminalUITests testRotationPropagatesTerminalSizeToRemote]' passed (12.077 seconds).
Test Case '-[BicTermUITests.TerminalUITests testSingleKeypressResolvesToIdleQuickly]' started.
    t =     0.00s Start Test at 2026-09-08 23:10:19.421
    t =     0.03s Set Up
    t =     0.03s Open com.bicterm.app
    t =     0.03s     Launch com.bicterm.app
2026-09-08 23:10:19.451 xcodebuild[31656:29943544] [MT] IDELaunchParametersSnapshot: The operation couldn’t be completed. (DebuggerLLDB.DebuggerVersionStore.StoreError error 0.)
2026-09-08 23:10:19.451 xcodebuild[31656:29943544] [MT] IDELaunchParametersSnapshot: no debugger version
    t =     0.24s         Setting up automation session
    t =     1.14s         Wait for com.bicterm.app to idle
    t =     3.66s Checking `Expect predicate `label CONTAINS "ready"` for object "previewState" StaticText`
    t =     3.67s     Find the "previewState" StaticText
    t =     4.75s Checking `Expect predicate `label CONTAINS "__GO__"` for object "previewTail" StaticText`
    t =     4.75s     Find the "previewTail" StaticText
    t =     4.77s Find the "previewTail" StaticText
    t =     4.79s Type '↓' key (XCUIKeyboardKeyDownArrow) with no modifiers
    t =     4.79s     Wait for com.bicterm.app to idle
    t =     4.80s     Find the Target Application 'com.bicterm.app'
    t =     4.81s     Check for interrupting elements affecting "BicTerm" Application
    t =     4.83s         Wait for com.apple.springboard to idle
    t =     4.85s Ignoring failure to get hierarchy for remote element in process 1995 (Error getting main window kAXErrorServerNotFound)
    t =     4.86s Ignoring failure to get hierarchy for remote element in process 1995 (Error getting main window kAXErrorServerNotFound)
    t =     4.86s     Synthesize event
    t =     5.21s     Wait for com.bicterm.app to idle
    t =     6.26s Checking `Expect predicate `label CONTAINS "^[[B"` for object "previewTail" StaticText`
    t =     6.26s     Find the "previewTail" StaticText
    t =     6.29s Find the "previewTail" StaticText
    t =     6.31s Tear Down
    t =     6.31s     Setting device orientation to Portrait
    t =     6.31s         Wait for com.bicterm.app to idle
    t =     6.31s         Wait for com.apple.springboard to idle
    t =     6.32s     Terminate com.bicterm.app:45430
Test Case '-[BicTermUITests.TerminalUITests testSingleKeypressResolvesToIdleQuickly]' passed (7.681 seconds).
Test Case '-[BicTermUITests.TerminalUITests testVimRendersFullscreenTUI]' started.
    t =     0.00s Start Test at 2026-09-08 23:10:27.104
    t =     0.03s Set Up
    t =     0.03s Open com.bicterm.app
    t =     0.03s     Launch com.bicterm.app
2026-09-08 23:10:27.135 xcodebuild[31656:29943544] [MT] IDELaunchParametersSnapshot: The operation couldn’t be completed. (DebuggerLLDB.DebuggerVersionStore.StoreError error 0.)
2026-09-08 23:10:27.135 xcodebuild[31656:29943544] [MT] IDELaunchParametersSnapshot: no debugger version
    t =     0.24s         Setting up automation session
    t =     1.14s         Wait for com.bicterm.app to idle
    t =     3.65s Checking `Expect predicate `label CONTAINS "ready"` for object "previewState" StaticText`
    t =     3.65s     Find the "previewState" StaticText
    t =     4.74s Checking `Expect predicate `label CONTAINS "VIM"` for object "previewTail" StaticText`
    t =     4.74s     Find the "previewTail" StaticText
    t =     4.94s Added attachment named 'task-12-vim'
    t =     4.94s Tear Down
    t =     4.94s     Setting device orientation to Portrait
    t =     4.95s         Wait for com.bicterm.app to idle
    t =     4.95s         Wait for com.apple.springboard to idle
    t =     4.95s     Terminate com.bicterm.app:45878
Test Case '-[BicTermUITests.TerminalUITests testVimRendersFullscreenTUI]' passed (6.038 seconds).
Test Suite 'TerminalUITests' passed at 2026-09-08 23:10:33.142.
	 Executed 6 tests, with 0 failures (0 unexpected) in 53.030 (53.034) seconds
Test Suite 'WindowRelaunchUITests' started at 2026-09-08 23:10:33.143.
Test Case '-[BicTermUITests.WindowRelaunchUITests testFreshSessionLaunchReplacesAnOrphanedTerminalWindow]' started.
    t =     0.00s Start Test at 2026-09-08 23:10:33.144
    t =     0.02s Set Up
    t =     0.02s Open com.bicterm.app
    t =     0.02s     Launch com.bicterm.app
2026-09-08 23:10:33.168 xcodebuild[31656:29943544] [MT] IDELaunchParametersSnapshot: The operation couldn’t be completed. (DebuggerLLDB.DebuggerVersionStore.StoreError error 0.)
2026-09-08 23:10:33.168 xcodebuild[31656:29943544] [MT] IDELaunchParametersSnapshot: no debugger version
    t =     0.23s         Setting up automation session
    t =     1.12s         Wait for com.bicterm.app to idle
    t =     2.61s Waiting 30.0s for "scene-title-Alpha" StaticText to exist
    t =     3.65s     Checking `Expect predicate `existsNoRetry == 1` for object "scene-title-Alpha" StaticText`
    t =     3.65s         Checking existence of `"scene-title-Alpha" StaticText`
    t =     3.74s Terminate com.bicterm.app:46284
    t =     4.81s Open com.bicterm.app
    t =     4.81s     Launch com.bicterm.app
2026-09-08 23:10:37.959 xcodebuild[31656:29943544] [MT] IDELaunchParametersSnapshot: The operation couldn’t be completed. (DebuggerLLDB.DebuggerVersionStore.StoreError error 0.)
2026-09-08 23:10:37.959 xcodebuild[31656:29943544] [MT] IDELaunchParametersSnapshot: no debugger version
    t =     5.02s         Setting up automation session
    t =     5.92s         Wait for com.bicterm.app to idle
    t =     7.42s Waiting 30.0s for "scene-title-Beta" StaticText to exist
    t =     8.46s     Checking `Expect predicate `existsNoRetry == 1` for object "scene-title-Beta" StaticText`
    t =     8.46s         Checking existence of `"scene-title-Beta" StaticText`
    t =     8.55s Tear Down
Test Case '-[BicTermUITests.WindowRelaunchUITests testFreshSessionLaunchReplacesAnOrphanedTerminalWindow]' passed (8.779 seconds).
Test Case '-[BicTermUITests.WindowRelaunchUITests testNewConnectionFromTerminalPreservesBothSessionsAndSeparateIPadWindows]' started.
    t =     0.00s Start Test at 2026-09-08 23:10:41.923
    t =     0.02s Set Up
    t =     0.02s Open com.bicterm.app
    t =     0.02s     Launch com.bicterm.app
    t =     0.02s         Terminate com.bicterm.app:46565
2026-09-08 23:10:43.011 xcodebuild[31656:29943544] [MT] IDELaunchParametersSnapshot: The operation couldn’t be completed. (DebuggerLLDB.DebuggerVersionStore.StoreError error 0.)
2026-09-08 23:10:43.011 xcodebuild[31656:29943544] [MT] IDELaunchParametersSnapshot: no debugger version
    t =     1.29s         Setting up automation session
    t =     2.15s         Wait for com.bicterm.app to idle
    t =     3.62s Waiting 30.0s for "scene-tail-Alpha" StaticText to exist
    t =     4.68s     Checking `Expect predicate `existsNoRetry == 1` for object "scene-tail-Alpha" StaticText`
    t =     4.68s         Checking existence of `"scene-tail-Alpha" StaticText`
    t =     5.81s Checking `Expect predicate `label CONTAINS "__ORIGINAL_WINDOW__"` for object "scene-tail-Alpha" StaticText`
    t =     5.82s     Find the "scene-tail-Alpha" StaticText
    t =     5.88s Find the Target Application 'com.bicterm.app'
    t =     6.11s Added attachment named 'new-window-original'
    t =     6.11s Tap "scene-sessions" Button
    t =     6.11s     Wait for com.bicterm.app to idle
    t =     6.11s     Find the "scene-sessions" Button
    t =     6.17s     Check for interrupting elements affecting "scene-sessions" Button
    t =     6.22s         Wait for com.apple.springboard to idle
    t =     6.24s Ignoring failure to get hierarchy for remote element in process 1995 (Error getting main window kAXErrorServerNotFound)
    t =     6.25s Ignoring failure to get hierarchy for remote element in process 1995 (Error getting main window kAXErrorServerNotFound)
    t =     6.25s     Synthesize event
    t =     6.55s     Wait for com.bicterm.app to idle
    t =     6.57s Tap "switcher-new-connection" Button
    t =     6.57s     Wait for com.bicterm.app to idle
    t =     7.05s     Find the "switcher-new-connection" Button
    t =     7.12s     Check for interrupting elements affecting "switcher-new-connection" Button
    t =     7.17s         Wait for com.apple.springboard to idle
    t =     7.19s Ignoring failure to get hierarchy for remote element in process 1995 (Error getting main window kAXErrorServerNotFound)
    t =     7.20s Ignoring failure to get hierarchy for remote element in process 1995 (Error getting main window kAXErrorServerNotFound)
    t =     7.20s     Synthesize event
    t =     7.50s     Wait for com.bicterm.app to idle
    t =     8.10s Waiting 10.0s for "list-done" Button to exist
    t =     9.13s     Checking `Expect predicate `existsNoRetry == 1` for object "list-done" Button`
    t =     9.13s         Checking existence of `"list-done" Button`
    t =     9.20s Waiting 10.0s for "connection-Beta" Button to exist
    t =    10.25s     Checking `Expect predicate `existsNoRetry == 1` for object "connection-Beta" Button`
    t =    10.25s         Checking existence of `"connection-Beta" Button`
    t =    10.34s Get all elements bound by index for: Elements matching predicate '"connection-Beta" IN identifiers'
    t =    10.40s Find the "connection-Beta" Button
    t =    10.46s Find the "connection-Beta" Button
    t =    10.53s Swipe left "connection-Beta" Button
    t =    10.53s     Wait for com.bicterm.app to idle
    t =    10.54s     Find the "connection-Beta" Button
    t =    10.60s     Check for interrupting elements affecting "connection-Beta" Button
    t =    10.65s         Wait for com.apple.springboard to idle
    t =    10.68s Ignoring failure to get hierarchy for remote element in process 1995 (Error getting main window kAXErrorServerNotFound)
    t =    10.68s Ignoring failure to get hierarchy for remote element in process 1995 (Error getting main window kAXErrorServerNotFound)
    t =    10.68s     Synthesize event
    t =    11.15s     Wait for com.bicterm.app to idle
    t =    11.81s Get all elements bound by index for: Elements matching predicate '"connect-Beta" IN identifiers'
    t =    11.87s Find the "connect-Beta" Button
    t =    11.95s Tap "connect-Beta" Button
    t =    11.95s     Wait for com.bicterm.app to idle
    t =    11.95s     Find the "connect-Beta" Button
    t =    12.01s     Check for interrupting elements affecting "connect-Beta" Button
    t =    12.07s         Wait for com.apple.springboard to idle
    t =    12.09s Ignoring failure to get hierarchy for remote element in process 1995 (Error getting main window kAXErrorServerNotFound)
    t =    12.10s Ignoring failure to get hierarchy for remote element in process 1995 (Error getting main window kAXErrorServerNotFound)
    t =    12.10s     Synthesize event
    t =    12.40s     Wait for com.bicterm.app to idle
    t =    12.99s Waiting 30.0s for "scene-title-Beta" StaticText to exist
    t =    14.06s     Checking `Expect predicate `existsNoRetry == 1` for object "scene-title-Beta" StaticText`
    t =    14.06s         Checking existence of `"scene-title-Beta" StaticText`
    t =    14.14s Get number of matches for: Elements containing elements matching type StaticText with identifier 'scene-title-Alpha'
    t =    14.22s Get number of matches for: Elements containing elements matching type StaticText with identifier 'scene-title-Beta'
    t =    14.29s Checking existence of `"scene-title-Alpha" StaticText`
    t =    14.31s Find the "scene-tail-Alpha" StaticText
    t =    14.39s Find the "scene-status-Alpha" StaticText
    t =    15.52s Checking `Expect predicate `label CONTAINS "status:active"` for object "scene-status-Beta" StaticText`
    t =    15.52s     Find the "scene-status-Beta" StaticText
    t =    15.59s Find the Target Application 'com.bicterm.app'
    t =    15.83s Added attachment named 'new-window-second'
    t =    15.83s Tear Down
Test Case '-[BicTermUITests.WindowRelaunchUITests testNewConnectionFromTerminalPreservesBothSessionsAndSeparateIPadWindows]' passed (16.062 seconds).
Test Case '-[BicTermUITests.WindowRelaunchUITests testPreviewLaunchRemainsReachableAfterTerminalWindowRestoration]' started.
    t =     0.00s Start Test at 2026-09-08 23:10:57.987
    t =     0.02s Set Up
    t =     0.02s Open com.bicterm.app
    t =     0.03s     Launch com.bicterm.app
    t =     0.03s         Terminate com.bicterm.app:46929
2026-09-08 23:10:59.074 xcodebuild[31656:29943544] [MT] IDELaunchParametersSnapshot: The operation couldn’t be completed. (DebuggerLLDB.DebuggerVersionStore.StoreError error 0.)
2026-09-08 23:10:59.074 xcodebuild[31656:29943544] [MT] IDELaunchParametersSnapshot: no debugger version
    t =     1.30s         Setting up automation session
    t =     2.15s         Wait for com.bicterm.app to idle
    t =     3.66s Waiting 30.0s for "scene-title-Alpha" StaticText to exist
    t =     4.70s     Checking `Expect predicate `existsNoRetry == 1` for object "scene-title-Alpha" StaticText`
    t =     4.70s         Checking existence of `"scene-title-Alpha" StaticText`
    t =     4.80s Terminate com.bicterm.app:47768
    t =     5.87s Open com.bicterm.app
    t =     5.87s     Launch com.bicterm.app
2026-09-08 23:11:03.858 xcodebuild[31656:29943544] [MT] IDELaunchParametersSnapshot: The operation couldn’t be completed. (DebuggerLLDB.DebuggerVersionStore.StoreError error 0.)
2026-09-08 23:11:03.858 xcodebuild[31656:29943544] [MT] IDELaunchParametersSnapshot: no debugger version
    t =     6.08s         Setting up automation session
    t =     6.95s         Wait for com.bicterm.app to idle
    t =     8.45s Waiting 10.0s for "previewState" StaticText to exist
    t =     9.49s     Checking `Expect predicate `existsNoRetry == 1` for object "previewState" StaticText`
    t =     9.50s         Checking existence of `"previewState" StaticText`
    t =     9.54s Tear Down
Test Case '-[BicTermUITests.WindowRelaunchUITests testPreviewLaunchRemainsReachableAfterTerminalWindowRestoration]' passed (9.778 seconds).
Test Suite 'WindowRelaunchUITests' passed at 2026-09-08 23:11:07.765.
	 Executed 3 tests, with 0 failures (0 unexpected) in 34.619 (34.622) seconds
Test Suite 'BicTermUITests.xctest' passed at 2026-09-08 23:11:07.766.
	 Executed 63 tests, with 2 tests skipped and 0 failures (0 unexpected) in 1798.034 (1798.102) seconds
Test Suite 'All tests' passed at 2026-09-08 23:11:07.767.
	 Executed 63 tests, with 2 tests skipped and 0 failures (0 unexpected) in 1798.034 (1798.104) seconds
2026-09-08 23:11:20.867 xcodebuild[31656:29943544] [MT] IDETestOperationsObserverDebug: 1813.279 elapsed -- Testing started completed.
2026-09-08 23:11:20.867 xcodebuild[31656:29943544] [MT] IDETestOperationsObserverDebug: 0.000 sec, +0.000 sec -- start
2026-09-08 23:11:20.867 xcodebuild[31656:29943544] [MT] IDETestOperationsObserverDebug: 1813.279 sec, +1813.279 sec -- end

Test session results, code coverage, and logs:
	/Users/richard/code/BicTerm/.build-artifacts/xcresults/g12-final-full-ipad.xcresult

** TEST SUCCEEDED **

Testing started
