warning: binary `bincode_decode` should have a kebab-case name
   |
 1 | /Users/richard/code/BicTerm/.build-artifacts/cargo-target/.../bincode_decode
   |                                                               ^^^^^^^^^^^^^^
   |
   = note: `cargo::non_kebab_case_bins` is set to `warn` by default
help: to change the binary name to `bincode-decode`, convert `bin.name`
  --> Cargo.toml:39:8
   |
39 - name = "bincode_decode"
39 + name = "bincode-decode"
   |
warning: binary `endpoint_json` should have a kebab-case name
   |
 1 | /Users/richard/code/BicTerm/.build-artifacts/cargo-target/.../endpoint_json
   |                                                               ^^^^^^^^^^^^^
   |
help: to change the binary name to `endpoint-json`, convert `bin.name`
  --> Cargo.toml:46:8
   |
46 - name = "endpoint_json"
46 + name = "endpoint-json"
   |
warning: binary `gen_seeds` should have a kebab-case name
  |
1 | /Users/richard/code/BicTerm/.build-artifacts/cargo-target/.../gen_seeds
  |                                                               ^^^^^^^^^
  |
help: to change the binary name to `gen-seeds`, convert the file stem
  |
1 - src/bin/gen_seeds.rs
1 + src/bin/gen-seeds.rs
  |
warning: binary `length_parse` should have a kebab-case name
   |
 1 | /Users/richard/code/BicTerm/.build-artifacts/cargo-target/.../length_parse
   |                                                               ^^^^^^^^^^^^
   |
help: to change the binary name to `length-parse`, convert `bin.name`
  --> Cargo.toml:32:8
   |
32 - name = "length_parse"
32 + name = "length-parse"
   |
warning: binary `patch_apply` should have a kebab-case name
   |
 1 | /Users/richard/code/BicTerm/.build-artifacts/cargo-target/.../patch_apply
   |                                                               ^^^^^^^^^^^
   |
help: to change the binary name to `patch-apply`, convert `bin.name`
  --> Cargo.toml:53:8
   |
53 - name = "patch_apply"
53 + name = "patch-apply"
   |
warning: `herdr-ios-ffi-fuzz` (manifest) generated 5 warnings
   Compiling herdr-ios-ffi-fuzz v0.0.0 (/Users/richard/code/BicTerm/Vendor/herdr/herdr-ios-ffi/fuzz)
    Finished `release` profile [optimized + debuginfo] target(s) in 7.79s
warning: binary `bincode_decode` should have a kebab-case name
   |
 1 | /Users/richard/code/BicTerm/.build-artifacts/cargo-target/.../bincode_decode
   |                                                               ^^^^^^^^^^^^^^
   |
   = note: `cargo::non_kebab_case_bins` is set to `warn` by default
help: to change the binary name to `bincode-decode`, convert `bin.name`
  --> Cargo.toml:39:8
   |
39 - name = "bincode_decode"
39 + name = "bincode-decode"
   |
warning: binary `endpoint_json` should have a kebab-case name
   |
 1 | /Users/richard/code/BicTerm/.build-artifacts/cargo-target/.../endpoint_json
   |                                                               ^^^^^^^^^^^^^
   |
help: to change the binary name to `endpoint-json`, convert `bin.name`
  --> Cargo.toml:46:8
   |
46 - name = "endpoint_json"
46 + name = "endpoint-json"
   |
warning: binary `gen_seeds` should have a kebab-case name
  |
1 | /Users/richard/code/BicTerm/.build-artifacts/cargo-target/.../gen_seeds
  |                                                               ^^^^^^^^^
  |
help: to change the binary name to `gen-seeds`, convert the file stem
  |
1 - src/bin/gen_seeds.rs
1 + src/bin/gen-seeds.rs
  |
warning: binary `length_parse` should have a kebab-case name
   |
 1 | /Users/richard/code/BicTerm/.build-artifacts/cargo-target/.../length_parse
   |                                                               ^^^^^^^^^^^^
   |
help: to change the binary name to `length-parse`, convert `bin.name`
  --> Cargo.toml:32:8
   |
32 - name = "length_parse"
32 + name = "length-parse"
   |
warning: binary `patch_apply` should have a kebab-case name
   |
 1 | /Users/richard/code/BicTerm/.build-artifacts/cargo-target/.../patch_apply
   |                                                               ^^^^^^^^^^^
   |
help: to change the binary name to `patch-apply`, convert `bin.name`
  --> Cargo.toml:53:8
   |
53 - name = "patch_apply"
53 + name = "patch-apply"
   |
warning: `herdr-ios-ffi-fuzz` (manifest) generated 5 warnings
    Finished `release` profile [optimized + debuginfo] target(s) in 0.03s
     Running `/Users/richard/code/BicTerm/.build-artifacts/cargo-target/aarch64-apple-darwin/release/patch_apply -artifact_prefix=/Users/richard/code/BicTerm/Vendor/herdr/herdr-ios-ffi/fuzz/artifacts/patch_apply/ -runs=100000000 -max_total_time=600 /Users/richard/code/BicTerm/Vendor/herdr/herdr-ios-ffi/fuzz/corpus/patch_apply`
INFO: Running with entropic power schedule (0xFF, 100).
INFO: Seed: 580665502
INFO: Loaded 1 modules   (50034 inline 8-bit counters): 50034 [0x1010f1600, 0x1010fd972), 
INFO: Loaded 1 PC tables (50034 PCs): 50034 [0x1010fd978,0x1011c1098), 
INFO:      129 files found in /Users/richard/code/BicTerm/Vendor/herdr/herdr-ios-ffi/fuzz/corpus/patch_apply
INFO: -max_len is not provided; libFuzzer will not generate inputs larger than 4096 bytes
INFO: seed corpus: files: 129 min: 2b max: 46b total: 4732b rss: 37Mb
#130	INITED cov: 3126 ft: 3439 corp: 97/3377b exec/s: 0 rss: 46Mb
#143	NEW    cov: 3126 ft: 3441 corp: 98/3404b lim: 46 exec/s: 0 rss: 47Mb L: 27/46 MS: 3 ChangeBit-CrossOver-InsertRepeatedBytes-
#189	REDUCE cov: 3126 ft: 3441 corp: 98/3398b lim: 46 exec/s: 0 rss: 47Mb L: 40/46 MS: 1 EraseBytes-
#261	NEW    cov: 3126 ft: 3443 corp: 99/3439b lim: 46 exec/s: 0 rss: 48Mb L: 41/46 MS: 2 ChangeByte-InsertRepeatedBytes-
#295	NEW    cov: 3127 ft: 3444 corp: 100/3482b lim: 46 exec/s: 0 rss: 48Mb L: 43/46 MS: 4 ShuffleBytes-CMP-ChangeBinInt-ShuffleBytes- DE: "\000\000\000\000\000\000\000\011"-
#422	NEW    cov: 3128 ft: 3445 corp: 101/3528b lim: 46 exec/s: 0 rss: 50Mb L: 46/46 MS: 2 ChangeBinInt-ChangeByte-
#478	NEW    cov: 3131 ft: 3448 corp: 102/3568b lim: 46 exec/s: 0 rss: 52Mb L: 40/46 MS: 1 CrossOver-
#595	REDUCE cov: 3131 ft: 3448 corp: 102/3566b lim: 46 exec/s: 0 rss: 54Mb L: 3/46 MS: 2 CopyPart-EraseBytes-
#617	NEW    cov: 3132 ft: 3449 corp: 103/3578b lim: 46 exec/s: 0 rss: 55Mb L: 12/46 MS: 2 CMP-InsertByte- DE: "\003\000\000\000\000\000\000\000"-
#720	NEW    cov: 3133 ft: 3450 corp: 104/3619b lim: 46 exec/s: 0 rss: 57Mb L: 41/46 MS: 3 ChangeBit-ShuffleBytes-ChangeByte-
#774	NEW    cov: 3133 ft: 3451 corp: 105/3665b lim: 46 exec/s: 0 rss: 57Mb L: 46/46 MS: 4 ShuffleBytes-ChangeBinInt-ShuffleBytes-PersAutoDict- DE: "\000\000\000\000\000\000\000\011"-
#796	NEW    cov: 3134 ft: 3452 corp: 106/3709b lim: 46 exec/s: 0 rss: 58Mb L: 44/46 MS: 2 ChangeBit-CopyPart-
#834	NEW    cov: 3136 ft: 3454 corp: 107/3755b lim: 46 exec/s: 0 rss: 58Mb L: 46/46 MS: 3 ShuffleBytes-ChangeBinInt-CopyPart-
#862	NEW    cov: 3137 ft: 3455 corp: 108/3797b lim: 46 exec/s: 0 rss: 59Mb L: 42/46 MS: 3 CrossOver-CrossOver-ChangeBinInt-
#895	REDUCE cov: 3137 ft: 3455 corp: 108/3783b lim: 46 exec/s: 0 rss: 59Mb L: 29/46 MS: 3 CrossOver-ChangeBinInt-EraseBytes-
#931	NEW    cov: 3138 ft: 3456 corp: 109/3824b lim: 46 exec/s: 0 rss: 60Mb L: 41/46 MS: 1 CopyPart-
#1028	REDUCE cov: 3138 ft: 3456 corp: 109/3822b lim: 46 exec/s: 0 rss: 62Mb L: 41/46 MS: 2 ShuffleBytes-EraseBytes-
#1124	NEW    cov: 3142 ft: 3460 corp: 110/3830b lim: 46 exec/s: 0 rss: 64Mb L: 8/46 MS: 1 CopyPart-
#1150	NEW    cov: 3143 ft: 3461 corp: 111/3870b lim: 46 exec/s: 0 rss: 64Mb L: 40/46 MS: 1 EraseBytes-
#1265	NEW    cov: 3144 ft: 3462 corp: 112/3901b lim: 46 exec/s: 0 rss: 66Mb L: 31/46 MS: 5 ChangeByte-EraseBytes-ShuffleBytes-CrossOver-CopyPart-
#1271	NEW    cov: 3144 ft: 3463 corp: 113/3929b lim: 46 exec/s: 0 rss: 67Mb L: 28/46 MS: 1 InsertByte-
#1335	NEW    cov: 3144 ft: 3465 corp: 114/3965b lim: 46 exec/s: 0 rss: 68Mb L: 36/46 MS: 4 ChangeBinInt-InsertRepeatedBytes-InsertByte-ChangeByte-
#1353	REDUCE cov: 3144 ft: 3465 corp: 114/3952b lim: 46 exec/s: 0 rss: 69Mb L: 27/46 MS: 3 ChangeBinInt-ChangeByte-EraseBytes-
#1370	NEW    cov: 3146 ft: 3467 corp: 115/3981b lim: 46 exec/s: 0 rss: 69Mb L: 29/46 MS: 2 ChangeBinInt-EraseBytes-
#1384	NEW    cov: 3148 ft: 3469 corp: 116/4025b lim: 46 exec/s: 0 rss: 69Mb L: 44/46 MS: 4 PersAutoDict-InsertRepeatedBytes-ShuffleBytes-CrossOver- DE: "\003\000\000\000\000\000\000\000"-
#1391	NEW    cov: 3148 ft: 3483 corp: 117/4058b lim: 46 exec/s: 0 rss: 69Mb L: 33/46 MS: 2 CopyPart-EraseBytes-
#1482	NEW    cov: 3148 ft: 3486 corp: 118/4087b lim: 46 exec/s: 0 rss: 70Mb L: 29/46 MS: 1 InsertByte-
#1508	REDUCE cov: 3148 ft: 3486 corp: 118/4083b lim: 46 exec/s: 0 rss: 71Mb L: 42/46 MS: 1 EraseBytes-
#1590	NEW    cov: 3150 ft: 3488 corp: 119/4118b lim: 46 exec/s: 0 rss: 71Mb L: 35/46 MS: 2 ChangeBinInt-InsertRepeatedBytes-
#1624	NEW    cov: 3152 ft: 3490 corp: 120/4162b lim: 46 exec/s: 0 rss: 72Mb L: 44/46 MS: 4 CrossOver-CopyPart-ChangeBit-InsertByte-
#1631	REDUCE cov: 3152 ft: 3490 corp: 120/4161b lim: 46 exec/s: 0 rss: 72Mb L: 2/46 MS: 2 CopyPart-EraseBytes-
#1657	NEW    cov: 3154 ft: 3492 corp: 121/4202b lim: 46 exec/s: 0 rss: 73Mb L: 41/46 MS: 1 PersAutoDict- DE: "\003\000\000\000\000\000\000\000"-
#1773	NEW    cov: 3157 ft: 3495 corp: 122/4215b lim: 46 exec/s: 0 rss: 74Mb L: 13/46 MS: 1 InsertByte-
#1838	REDUCE cov: 3157 ft: 3495 corp: 122/4211b lim: 46 exec/s: 0 rss: 75Mb L: 39/46 MS: 5 ChangeByte-ShuffleBytes-ShuffleBytes-EraseBytes-CopyPart-
#1860	NEW    cov: 3158 ft: 3496 corp: 123/4239b lim: 46 exec/s: 0 rss: 75Mb L: 28/46 MS: 2 CopyPart-EraseBytes-
#2042	NEW    cov: 3160 ft: 3498 corp: 124/4247b lim: 46 exec/s: 0 rss: 78Mb L: 8/46 MS: 2 ChangeByte-EraseBytes-
#2123	REDUCE cov: 3160 ft: 3498 corp: 124/4246b lim: 46 exec/s: 0 rss: 79Mb L: 1/46 MS: 1 EraseBytes-
#2145	NEW    cov: 3160 ft: 3512 corp: 125/4284b lim: 46 exec/s: 0 rss: 79Mb L: 38/46 MS: 2 InsertByte-PersAutoDict- DE: "\000\000\000\000\000\000\000\011"-
#2228	REDUCE cov: 3160 ft: 3512 corp: 125/4279b lim: 46 exec/s: 0 rss: 80Mb L: 23/46 MS: 3 ChangeBit-CMP-EraseBytes- DE: "\022\000\000\000\000\000\000\000"-
#2253	NEW    cov: 3162 ft: 3514 corp: 126/4304b lim: 46 exec/s: 0 rss: 80Mb L: 25/46 MS: 5 CrossOver-ChangeBit-CrossOver-CrossOver-ChangeBinInt-
#2265	REDUCE cov: 3162 ft: 3514 corp: 126/4294b lim: 46 exec/s: 0 rss: 80Mb L: 26/46 MS: 2 CopyPart-EraseBytes-
#2331	NEW    cov: 3164 ft: 3516 corp: 127/4315b lim: 46 exec/s: 0 rss: 81Mb L: 21/46 MS: 1 InsertByte-
#2377	NEW    cov: 3165 ft: 3517 corp: 128/4360b lim: 46 exec/s: 0 rss: 82Mb L: 45/46 MS: 1 InsertByte-
#2754	REDUCE cov: 3165 ft: 3517 corp: 128/4348b lim: 46 exec/s: 0 rss: 87Mb L: 30/46 MS: 2 ShuffleBytes-EraseBytes-
#2810	REDUCE cov: 3165 ft: 3517 corp: 128/4337b lim: 46 exec/s: 0 rss: 88Mb L: 24/46 MS: 1 EraseBytes-
#2837	NEW    cov: 3166 ft: 3518 corp: 129/4368b lim: 46 exec/s: 0 rss: 88Mb L: 31/46 MS: 2 ChangeByte-EraseBytes-
#2945	NEW    cov: 3168 ft: 3520 corp: 130/4401b lim: 46 exec/s: 0 rss: 89Mb L: 33/46 MS: 3 ChangeByte-ShuffleBytes-PersAutoDict- DE: "\003\000\000\000\000\000\000\000"-
#2948	REDUCE cov: 3169 ft: 3521 corp: 131/4428b lim: 46 exec/s: 0 rss: 89Mb L: 27/46 MS: 3 ChangeByte-ChangeBinInt-PersAutoDict- DE: "\000\000\000\000\000\000\000\011"-
#3390	NEW    cov: 3169 ft: 3538 corp: 132/4474b lim: 46 exec/s: 0 rss: 94Mb L: 46/46 MS: 2 ChangeByte-CopyPart-
#3411	NEW    cov: 3169 ft: 3550 corp: 133/4515b lim: 46 exec/s: 0 rss: 95Mb L: 41/46 MS: 1 CMP- DE: "\000\000\000\000"-
#3497	REDUCE cov: 3169 ft: 3550 corp: 133/4506b lim: 46 exec/s: 0 rss: 96Mb L: 37/46 MS: 1 CrossOver-
#3537	NEW    cov: 3170 ft: 3551 corp: 134/4548b lim: 46 exec/s: 0 rss: 96Mb L: 42/46 MS: 5 ChangeBit-InsertByte-ChangeBit-ShuffleBytes-ChangeBinInt-
#3590	NEW    cov: 3171 ft: 3552 corp: 135/4585b lim: 46 exec/s: 0 rss: 98Mb L: 37/46 MS: 3 ChangeBinInt-ChangeBit-CrossOver-
#3716	REDUCE cov: 3171 ft: 3552 corp: 135/4584b lim: 46 exec/s: 0 rss: 99Mb L: 40/46 MS: 1 EraseBytes-
#3762	NEW    cov: 3171 ft: 3553 corp: 136/4622b lim: 46 exec/s: 0 rss: 100Mb L: 38/46 MS: 1 ChangeByte-
#3802	REDUCE cov: 3171 ft: 3553 corp: 136/4616b lim: 46 exec/s: 0 rss: 101Mb L: 21/46 MS: 5 CrossOver-PersAutoDict-ChangeByte-ShuffleBytes-EraseBytes- DE: "\003\000\000\000\000\000\000\000"-
#3880	NEW    cov: 3172 ft: 3554 corp: 137/4638b lim: 46 exec/s: 0 rss: 102Mb L: 22/46 MS: 3 InsertByte-InsertByte-PersAutoDict- DE: "\000\000\000\000\000\000\000\011"-
#3883	REDUCE cov: 3172 ft: 3554 corp: 137/4627b lim: 46 exec/s: 0 rss: 102Mb L: 16/46 MS: 3 CrossOver-InsertByte-EraseBytes-
#4009	REDUCE cov: 3173 ft: 3555 corp: 138/4648b lim: 46 exec/s: 0 rss: 103Mb L: 21/46 MS: 1 ShuffleBytes-
#4070	NEW    cov: 3174 ft: 3556 corp: 139/4678b lim: 46 exec/s: 0 rss: 104Mb L: 30/46 MS: 1 CopyPart-
#4074	REDUCE cov: 3174 ft: 3556 corp: 139/4677b lim: 46 exec/s: 0 rss: 104Mb L: 41/46 MS: 4 ChangeBinInt-ChangeBit-ChangeBinInt-EraseBytes-
#4300	REDUCE cov: 3174 ft: 3556 corp: 139/4672b lim: 46 exec/s: 0 rss: 109Mb L: 17/46 MS: 1 EraseBytes-
#4366	REDUCE cov: 3174 ft: 3556 corp: 139/4664b lim: 46 exec/s: 0 rss: 109Mb L: 18/46 MS: 1 EraseBytes-
#4543	NEW    cov: 3176 ft: 3558 corp: 140/4676b lim: 46 exec/s: 0 rss: 114Mb L: 12/46 MS: 2 ShuffleBytes-ChangeBinInt-
#4838	NEW    cov: 3176 ft: 3559 corp: 141/4720b lim: 46 exec/s: 0 rss: 117Mb L: 44/46 MS: 5 PersAutoDict-EraseBytes-CopyPart-CrossOver-CopyPart- DE: "\022\000\000\000\000\000\000\000"-
#4891	NEW    cov: 3177 ft: 3560 corp: 142/4751b lim: 46 exec/s: 0 rss: 117Mb L: 31/46 MS: 3 CopyPart-ChangeBinInt-CrossOver-
#5015	NEW    cov: 3179 ft: 3562 corp: 143/4785b lim: 46 exec/s: 0 rss: 118Mb L: 34/46 MS: 4 ChangeBit-InsertByte-ChangeByte-InsertRepeatedBytes-
#5393	REDUCE cov: 3179 ft: 3562 corp: 143/4784b lim: 46 exec/s: 0 rss: 124Mb L: 22/46 MS: 3 ShuffleBytes-EraseBytes-CopyPart-
#5514	REDUCE cov: 3179 ft: 3562 corp: 143/4781b lim: 46 exec/s: 0 rss: 126Mb L: 30/46 MS: 1 EraseBytes-
#5785	NEW    cov: 3180 ft: 3563 corp: 144/4793b lim: 46 exec/s: 0 rss: 129Mb L: 12/46 MS: 1 CMP- DE: "\001\000\000\000"-
#5916	NEW    cov: 3181 ft: 3564 corp: 145/4822b lim: 46 exec/s: 0 rss: 131Mb L: 29/46 MS: 1 InsertByte-
#5978	REDUCE cov: 3181 ft: 3564 corp: 145/4821b lim: 46 exec/s: 0 rss: 131Mb L: 21/46 MS: 2 ChangeByte-EraseBytes-
#6235	NEW    cov: 3181 ft: 3566 corp: 146/4867b lim: 46 exec/s: 0 rss: 134Mb L: 46/46 MS: 2 ChangeBit-ShuffleBytes-
#6498	NEW    cov: 3185 ft: 3570 corp: 147/4913b lim: 46 exec/s: 0 rss: 138Mb L: 46/46 MS: 3 ShuffleBytes-CrossOver-ShuffleBytes-
#6629	NEW    cov: 3185 ft: 3572 corp: 148/4959b lim: 46 exec/s: 0 rss: 139Mb L: 46/46 MS: 1 CrossOver-
#6933	NEW    cov: 3185 ft: 3573 corp: 149/4990b lim: 46 exec/s: 0 rss: 144Mb L: 31/46 MS: 4 InsertByte-CMP-InsertByte-InsertByte- DE: "q\000\000\000\000\000\000\000"-
#7263	REDUCE cov: 3185 ft: 3573 corp: 149/4987b lim: 46 exec/s: 0 rss: 150Mb L: 36/46 MS: 5 ShuffleBytes-CrossOver-CMP-EraseBytes-ChangeBit- DE: "\377\377\377\377"-
#7390	REDUCE cov: 3185 ft: 3573 corp: 149/4978b lim: 46 exec/s: 0 rss: 153Mb L: 17/46 MS: 2 EraseBytes-ChangeBit-
#7404	REDUCE cov: 3185 ft: 3573 corp: 149/4977b lim: 46 exec/s: 0 rss: 154Mb L: 20/46 MS: 4 ChangeByte-InsertByte-ChangeBit-EraseBytes-
#7656	NEW    cov: 3185 ft: 3577 corp: 150/5021b lim: 46 exec/s: 0 rss: 157Mb L: 44/46 MS: 2 CrossOver-PersAutoDict- DE: "\003\000\000\000\000\000\000\000"-
#7854	REDUCE cov: 3185 ft: 3577 corp: 150/5010b lim: 46 exec/s: 0 rss: 161Mb L: 35/46 MS: 3 EraseBytes-ChangeBit-ShuffleBytes-
#7923	REDUCE cov: 3185 ft: 3577 corp: 150/5001b lim: 46 exec/s: 0 rss: 162Mb L: 32/46 MS: 4 ChangeBinInt-EraseBytes-CMP-ShuffleBytes- DE: "#\000\000\000\000\000\000\000"-
#7928	NEW    cov: 3185 ft: 3583 corp: 151/5047b lim: 46 exec/s: 0 rss: 162Mb L: 46/46 MS: 5 PersAutoDict-CopyPart-InsertByte-CrossOver-InsertRepeatedBytes- DE: "#\000\000\000\000\000\000\000"-
#8092	NEW    cov: 3186 ft: 3584 corp: 152/5078b lim: 46 exec/s: 0 rss: 164Mb L: 31/46 MS: 4 InsertByte-ChangeByte-ShuffleBytes-EraseBytes-
#8334	REDUCE cov: 3186 ft: 3584 corp: 152/5077b lim: 46 exec/s: 0 rss: 168Mb L: 23/46 MS: 2 ChangeBit-EraseBytes-
#8795	NEW    cov: 3187 ft: 3585 corp: 153/5114b lim: 46 exec/s: 0 rss: 175Mb L: 37/46 MS: 1 ChangeBinInt-
#8989	REDUCE cov: 3187 ft: 3585 corp: 153/5113b lim: 46 exec/s: 0 rss: 177Mb L: 40/46 MS: 4 InsertByte-CopyPart-CrossOver-EraseBytes-
#9222	NEW    cov: 3189 ft: 3587 corp: 154/5137b lim: 46 exec/s: 0 rss: 180Mb L: 24/46 MS: 3 ChangeByte-CopyPart-CrossOver-
#9375	REDUCE cov: 3189 ft: 3587 corp: 154/5132b lim: 46 exec/s: 0 rss: 180Mb L: 38/46 MS: 3 ChangeBinInt-ChangeBinInt-EraseBytes-
#9581	REDUCE cov: 3189 ft: 3587 corp: 154/5131b lim: 46 exec/s: 0 rss: 180Mb L: 38/46 MS: 1 CrossOver-
#10070	REDUCE cov: 3189 ft: 3587 corp: 154/5123b lim: 46 exec/s: 0 rss: 182Mb L: 10/46 MS: 4 CopyPart-PersAutoDict-CMP-EraseBytes- DE: "\000\000\000\000\000\000\000\011"-"\010\000\000\000\000\000\000\000"-
#10386	NEW    cov: 3190 ft: 3588 corp: 155/5155b lim: 46 exec/s: 0 rss: 183Mb L: 32/46 MS: 1 PersAutoDict- DE: "\003\000\000\000\000\000\000\000"-
#10436	NEW    cov: 3190 ft: 3589 corp: 156/5195b lim: 46 exec/s: 0 rss: 183Mb L: 40/46 MS: 5 ChangeByte-InsertRepeatedBytes-ChangeBinInt-InsertByte-CopyPart-
#10806	REDUCE cov: 3190 ft: 3589 corp: 156/5193b lim: 46 exec/s: 0 rss: 183Mb L: 10/46 MS: 5 ChangeBit-CMP-ChangeBit-ChangeByte-EraseBytes- DE: "\370\377\377\377\377\377\377\377"-
#10847	REDUCE cov: 3190 ft: 3589 corp: 156/5191b lim: 46 exec/s: 0 rss: 183Mb L: 27/46 MS: 1 EraseBytes-
#11031	NEW    cov: 3190 ft: 3590 corp: 157/5237b lim: 46 exec/s: 0 rss: 183Mb L: 46/46 MS: 4 CrossOver-ChangeBit-ChangeBinInt-PersAutoDict- DE: "\000\000\000\000\000\000\000\011"-
#11766	NEW    cov: 3191 ft: 3610 corp: 158/5287b lim: 51 exec/s: 0 rss: 185Mb L: 50/50 MS: 5 ChangeBinInt-PersAutoDict-CrossOver-ChangeBinInt-CopyPart- DE: "\000\000\000\000\000\000\000\011"-
#12317	REDUCE cov: 3191 ft: 3610 corp: 158/5272b lim: 56 exec/s: 0 rss: 185Mb L: 31/50 MS: 1 EraseBytes-
#12458	NEW    cov: 3192 ft: 3611 corp: 159/5287b lim: 56 exec/s: 0 rss: 185Mb L: 15/50 MS: 1 CrossOver-
#12521	REDUCE cov: 3192 ft: 3611 corp: 159/5285b lim: 56 exec/s: 0 rss: 185Mb L: 39/50 MS: 3 EraseBytes-ShuffleBytes-PersAutoDict- DE: "\022\000\000\000\000\000\000\000"-
#12597	REDUCE cov: 3192 ft: 3611 corp: 159/5283b lim: 56 exec/s: 0 rss: 185Mb L: 26/50 MS: 1 EraseBytes-
#12718	REDUCE cov: 3192 ft: 3611 corp: 159/5282b lim: 56 exec/s: 0 rss: 185Mb L: 29/50 MS: 1 CrossOver-
#12788	REDUCE cov: 3192 ft: 3611 corp: 159/5277b lim: 56 exec/s: 0 rss: 185Mb L: 18/50 MS: 5 ChangeByte-ShuffleBytes-ChangeBit-CMP-EraseBytes- DE: "\367\377\377\377\377\377\377\377"-
#13090	REDUCE cov: 3192 ft: 3611 corp: 159/5275b lim: 56 exec/s: 0 rss: 185Mb L: 10/50 MS: 2 ShuffleBytes-EraseBytes-
#13539	REDUCE cov: 3194 ft: 3613 corp: 160/5308b lim: 56 exec/s: 13539 rss: 185Mb L: 33/50 MS: 4 CopyPart-ChangeBinInt-EraseBytes-ShuffleBytes-
#13782	REDUCE cov: 3194 ft: 3613 corp: 160/5307b lim: 56 exec/s: 13782 rss: 185Mb L: 41/50 MS: 3 CrossOver-CopyPart-EraseBytes-
#13850	NEW    cov: 3194 ft: 3616 corp: 161/5363b lim: 56 exec/s: 13850 rss: 185Mb L: 56/56 MS: 1 InsertRepeatedBytes-
#13977	REDUCE cov: 3194 ft: 3616 corp: 161/5348b lim: 56 exec/s: 13977 rss: 185Mb L: 28/56 MS: 2 CopyPart-CrossOver-
#14073	REDUCE cov: 3194 ft: 3616 corp: 161/5343b lim: 56 exec/s: 14073 rss: 186Mb L: 5/56 MS: 1 EraseBytes-
#14548	NEW    cov: 3194 ft: 3618 corp: 162/5396b lim: 56 exec/s: 14548 rss: 186Mb L: 53/56 MS: 5 EraseBytes-ChangeBit-ShuffleBytes-CrossOver-CopyPart-
#14914	REDUCE cov: 3194 ft: 3621 corp: 163/5403b lim: 56 exec/s: 14914 rss: 186Mb L: 7/56 MS: 1 CopyPart-
#15002	NEW    cov: 3194 ft: 3624 corp: 164/5434b lim: 56 exec/s: 15002 rss: 186Mb L: 31/56 MS: 3 CrossOver-CrossOver-EraseBytes-
#15103	REDUCE cov: 3194 ft: 3624 corp: 164/5433b lim: 56 exec/s: 15103 rss: 186Mb L: 16/56 MS: 1 EraseBytes-
#15340	REDUCE cov: 3194 ft: 3624 corp: 164/5430b lim: 56 exec/s: 15340 rss: 186Mb L: 28/56 MS: 2 ChangeBinInt-EraseBytes-
#15411	REDUCE cov: 3194 ft: 3624 corp: 164/5427b lim: 56 exec/s: 15411 rss: 186Mb L: 9/56 MS: 1 EraseBytes-
#16320	REDUCE cov: 3194 ft: 3626 corp: 165/5467b lim: 61 exec/s: 16320 rss: 187Mb L: 40/56 MS: 4 InsertByte-ChangeBit-CopyPart-InsertRepeatedBytes-
#16452	REDUCE cov: 3194 ft: 3626 corp: 165/5459b lim: 61 exec/s: 16452 rss: 187Mb L: 37/56 MS: 2 CopyPart-EraseBytes-
#16859	NEW    cov: 3195 ft: 3627 corp: 166/5500b lim: 61 exec/s: 16859 rss: 188Mb L: 41/56 MS: 2 InsertByte-ChangeBit-
#16975	REDUCE cov: 3195 ft: 3627 corp: 166/5493b lim: 61 exec/s: 16975 rss: 188Mb L: 13/56 MS: 1 CrossOver-
#17261	REDUCE cov: 3195 ft: 3627 corp: 166/5492b lim: 61 exec/s: 17261 rss: 188Mb L: 2/56 MS: 1 EraseBytes-
#17263	NEW    cov: 3195 ft: 3629 corp: 167/5526b lim: 61 exec/s: 17263 rss: 188Mb L: 34/56 MS: 2 EraseBytes-PersAutoDict- DE: "\010\000\000\000\000\000\000\000"-
#17484	NEW    cov: 3195 ft: 3631 corp: 168/5580b lim: 61 exec/s: 17484 rss: 188Mb L: 54/56 MS: 1 InsertRepeatedBytes-
#17680	REDUCE cov: 3196 ft: 3632 corp: 169/5596b lim: 61 exec/s: 17680 rss: 188Mb L: 16/56 MS: 1 ChangeBit-
#17702	NEW    cov: 3196 ft: 3634 corp: 170/5650b lim: 61 exec/s: 17702 rss: 188Mb L: 54/56 MS: 2 ShuffleBytes-ChangeBit-
#17703	REDUCE cov: 3196 ft: 3634 corp: 170/5646b lim: 61 exec/s: 17703 rss: 188Mb L: 28/56 MS: 1 EraseBytes-
#18009	NEW    cov: 3196 ft: 3636 corp: 171/5698b lim: 61 exec/s: 18009 rss: 188Mb L: 52/56 MS: 1 InsertRepeatedBytes-
#18033	REDUCE cov: 3196 ft: 3636 corp: 171/5696b lim: 61 exec/s: 18033 rss: 188Mb L: 42/56 MS: 4 CopyPart-ChangeByte-CopyPart-EraseBytes-
#18121	NEW    cov: 3196 ft: 3638 corp: 172/5754b lim: 61 exec/s: 18121 rss: 188Mb L: 58/58 MS: 3 ChangeBinInt-ShuffleBytes-InsertRepeatedBytes-
#18220	NEW    cov: 3196 ft: 3640 corp: 173/5813b lim: 61 exec/s: 18220 rss: 188Mb L: 59/59 MS: 4 CrossOver-ChangeBinInt-CopyPart-CrossOver-
#18266	REDUCE cov: 3196 ft: 3640 corp: 173/5812b lim: 61 exec/s: 18266 rss: 188Mb L: 38/59 MS: 1 EraseBytes-
#18452	REDUCE cov: 3196 ft: 3640 corp: 173/5811b lim: 61 exec/s: 18452 rss: 188Mb L: 9/59 MS: 1 EraseBytes-
#18825	NEW    cov: 3197 ft: 3641 corp: 174/5826b lim: 61 exec/s: 18825 rss: 188Mb L: 15/59 MS: 3 InsertRepeatedBytes-PersAutoDict-EraseBytes- DE: "\001\000\000\000"-
#19267	NEW    cov: 3197 ft: 3643 corp: 175/5868b lim: 61 exec/s: 19267 rss: 188Mb L: 42/59 MS: 2 CrossOver-CopyPart-
#19303	REDUCE cov: 3197 ft: 3643 corp: 175/5866b lim: 61 exec/s: 19303 rss: 188Mb L: 15/59 MS: 1 EraseBytes-
#19364	REDUCE cov: 3197 ft: 3643 corp: 175/5862b lim: 61 exec/s: 19364 rss: 188Mb L: 17/59 MS: 1 EraseBytes-
#19698	REDUCE cov: 3197 ft: 3643 corp: 175/5861b lim: 61 exec/s: 19698 rss: 188Mb L: 30/59 MS: 4 CrossOver-ChangeByte-InsertRepeatedBytes-EraseBytes-
#20091	NEW    cov: 3197 ft: 3648 corp: 176/5921b lim: 61 exec/s: 20091 rss: 188Mb L: 60/60 MS: 3 ChangeBinInt-ShuffleBytes-InsertByte-
#20142	NEW    cov: 3197 ft: 3650 corp: 177/5950b lim: 61 exec/s: 20142 rss: 188Mb L: 29/60 MS: 1 CopyPart-
#20283	REDUCE cov: 3197 ft: 3650 corp: 177/5944b lim: 61 exec/s: 20283 rss: 188Mb L: 32/60 MS: 1 EraseBytes-
#20367	REDUCE cov: 3197 ft: 3650 corp: 177/5941b lim: 61 exec/s: 20367 rss: 188Mb L: 18/60 MS: 4 ShuffleBytes-ChangeBit-ChangeBit-EraseBytes-
#20469	NEW    cov: 3197 ft: 3652 corp: 178/5966b lim: 61 exec/s: 20469 rss: 189Mb L: 25/60 MS: 2 EraseBytes-CopyPart-
#20907	REDUCE cov: 3197 ft: 3652 corp: 178/5947b lim: 61 exec/s: 20907 rss: 189Mb L: 22/60 MS: 3 InsertByte-ShuffleBytes-EraseBytes-
#21094	NEW    cov: 3197 ft: 3669 corp: 179/6008b lim: 61 exec/s: 21094 rss: 189Mb L: 61/61 MS: 2 ShuffleBytes-InsertRepeatedBytes-
#21271	NEW    cov: 3197 ft: 3671 corp: 180/6048b lim: 61 exec/s: 21271 rss: 189Mb L: 40/61 MS: 2 PersAutoDict-CopyPart- DE: "#\000\000\000\000\000\000\000"-
#21434	REDUCE cov: 3197 ft: 3671 corp: 180/6046b lim: 61 exec/s: 21434 rss: 189Mb L: 50/61 MS: 3 ShuffleBytes-PersAutoDict-EraseBytes- DE: "\003\000\000\000\000\000\000\000"-
#21435	REDUCE cov: 3197 ft: 3671 corp: 180/6045b lim: 61 exec/s: 21435 rss: 189Mb L: 12/61 MS: 1 EraseBytes-
#21764	REDUCE cov: 3197 ft: 3671 corp: 180/6042b lim: 61 exec/s: 21764 rss: 189Mb L: 14/61 MS: 4 ChangeBinInt-ChangeByte-ChangeByte-EraseBytes-
#22060	REDUCE cov: 3197 ft: 3671 corp: 180/6035b lim: 61 exec/s: 22060 rss: 189Mb L: 11/61 MS: 1 EraseBytes-
#22266	REDUCE cov: 3197 ft: 3671 corp: 180/6031b lim: 61 exec/s: 22266 rss: 189Mb L: 25/61 MS: 1 EraseBytes-
#22358	NEW    cov: 3197 ft: 3673 corp: 181/6039b lim: 61 exec/s: 22358 rss: 189Mb L: 8/61 MS: 2 ChangeByte-CopyPart-
#22364	NEW    cov: 3197 ft: 3697 corp: 182/6098b lim: 61 exec/s: 22364 rss: 189Mb L: 59/61 MS: 1 InsertRepeatedBytes-
#22474	REDUCE cov: 3197 ft: 3697 corp: 182/6084b lim: 61 exec/s: 22474 rss: 189Mb L: 32/61 MS: 5 CopyPart-ChangeBinInt-ChangeByte-CopyPart-EraseBytes-
#22550	REDUCE cov: 3198 ft: 3698 corp: 183/6099b lim: 61 exec/s: 22550 rss: 189Mb L: 15/61 MS: 1 CopyPart-
#22573	REDUCE cov: 3198 ft: 3698 corp: 183/6097b lim: 61 exec/s: 22573 rss: 189Mb L: 3/61 MS: 3 ShuffleBytes-EraseBytes-ShuffleBytes-
#23089	REDUCE cov: 3198 ft: 3698 corp: 183/6094b lim: 66 exec/s: 23089 rss: 189Mb L: 12/61 MS: 1 EraseBytes-
#23601	NEW    cov: 3198 ft: 3706 corp: 184/6143b lim: 66 exec/s: 23601 rss: 189Mb L: 49/61 MS: 2 CrossOver-EraseBytes-
#23759	REDUCE cov: 3198 ft: 3706 corp: 184/6140b lim: 66 exec/s: 23759 rss: 189Mb L: 47/61 MS: 3 ChangeBit-ChangeByte-EraseBytes-
#23992	NEW    cov: 3198 ft: 3708 corp: 185/6169b lim: 66 exec/s: 23992 rss: 189Mb L: 29/61 MS: 3 ChangeByte-CrossOver-PersAutoDict- DE: "\022\000\000\000\000\000\000\000"-
#24133	REDUCE cov: 3198 ft: 3708 corp: 185/6165b lim: 66 exec/s: 24133 rss: 189Mb L: 4/61 MS: 1 EraseBytes-
#24171	NEW    cov: 3198 ft: 3709 corp: 186/6230b lim: 66 exec/s: 24171 rss: 190Mb L: 65/65 MS: 3 CrossOver-PersAutoDict-InsertRepeatedBytes- DE: "\010\000\000\000\000\000\000\000"-
#24334	NEW    cov: 3198 ft: 3710 corp: 187/6278b lim: 66 exec/s: 24334 rss: 190Mb L: 48/65 MS: 3 ChangeBit-ChangeBinInt-CopyPart-
#24344	REDUCE cov: 3198 ft: 3710 corp: 187/6277b lim: 66 exec/s: 24344 rss: 192Mb L: 30/65 MS: 5 EraseBytes-ChangeBinInt-CMP-ShuffleBytes-CMP- DE: "\001\014"-"\001\000\000\000\000\000\000\017"-
#24746	NEW    cov: 3198 ft: 3711 corp: 188/6343b lim: 66 exec/s: 24746 rss: 192Mb L: 66/66 MS: 2 ChangeASCIIInt-CrossOver-
#24800	NEW    cov: 3199 ft: 3712 corp: 189/6385b lim: 66 exec/s: 24800 rss: 192Mb L: 42/66 MS: 4 InsertRepeatedBytes-EraseBytes-ChangeBinInt-CrossOver-
#25432	NEW    cov: 3199 ft: 3729 corp: 190/6453b lim: 72 exec/s: 25432 rss: 192Mb L: 68/68 MS: 2 EraseBytes-CopyPart-
#25660	NEW    cov: 3199 ft: 3731 corp: 191/6519b lim: 72 exec/s: 25660 rss: 192Mb L: 66/68 MS: 3 PersAutoDict-CrossOver-ChangeBit- DE: "\001\014"-
#25666	REDUCE cov: 3199 ft: 3731 corp: 191/6518b lim: 72 exec/s: 25666 rss: 192Mb L: 28/68 MS: 1 EraseBytes-
#25677	REDUCE cov: 3199 ft: 3731 corp: 191/6512b lim: 72 exec/s: 25677 rss: 192Mb L: 36/68 MS: 1 EraseBytes-
#26039	REDUCE cov: 3200 ft: 3732 corp: 192/6571b lim: 72 exec/s: 26039 rss: 192Mb L: 59/68 MS: 2 CopyPart-InsertRepeatedBytes-
#26159	REDUCE cov: 3201 ft: 3733 corp: 193/6639b lim: 72 exec/s: 26159 rss: 192Mb L: 68/68 MS: 5 CopyPart-InsertRepeatedBytes-ChangeBit-PersAutoDict-PersAutoDict- DE: "\000\000\000\000\000\000\000\011"-"q\000\000\000\000\000\000\000"-
#26331	REDUCE cov: 3201 ft: 3733 corp: 193/6638b lim: 72 exec/s: 26331 rss: 192Mb L: 10/68 MS: 2 CMP-EraseBytes- DE: "\015\000"-
#26763	REDUCE cov: 3201 ft: 3733 corp: 193/6613b lim: 72 exec/s: 26763 rss: 192Mb L: 41/68 MS: 2 ShuffleBytes-CrossOver-
#27030	REDUCE cov: 3201 ft: 3733 corp: 193/6612b lim: 72 exec/s: 27030 rss: 192Mb L: 9/68 MS: 2 ChangeBinInt-EraseBytes-
#27321	REDUCE cov: 3201 ft: 3733 corp: 193/6611b lim: 72 exec/s: 27321 rss: 192Mb L: 24/68 MS: 1 EraseBytes-
#27370	REDUCE cov: 3201 ft: 3733 corp: 193/6602b lim: 72 exec/s: 27370 rss: 192Mb L: 50/68 MS: 4 ShuffleBytes-ChangeByte-ChangeBit-EraseBytes-
#27479	REDUCE cov: 3201 ft: 3733 corp: 193/6593b lim: 72 exec/s: 27479 rss: 192Mb L: 27/68 MS: 4 ShuffleBytes-EraseBytes-EraseBytes-ChangeByte-
#27546	NEW    cov: 3201 ft: 3734 corp: 194/6655b lim: 72 exec/s: 27546 rss: 192Mb L: 62/68 MS: 2 InsertRepeatedBytes-CopyPart-
#27602	NEW    cov: 3201 ft: 3747 corp: 195/6725b lim: 72 exec/s: 27602 rss: 192Mb L: 70/70 MS: 1 CMP- DE: "\034\000\000\000\000\000\000\000"-
#28313	NEW    cov: 3201 ft: 3749 corp: 196/6780b lim: 78 exec/s: 28313 rss: 194Mb L: 55/70 MS: 1 CopyPart-
#28540	NEW    cov: 3201 ft: 3753 corp: 197/6853b lim: 78 exec/s: 14270 rss: 194Mb L: 73/73 MS: 2 ChangeByte-CopyPart-
#28876	REDUCE cov: 3201 ft: 3753 corp: 197/6852b lim: 78 exec/s: 14438 rss: 194Mb L: 1/73 MS: 1 EraseBytes-
#28907	NEW    cov: 3201 ft: 3754 corp: 198/6930b lim: 78 exec/s: 14453 rss: 194Mb L: 78/78 MS: 1 CMP- DE: "\016\000\000\000\000\000\000\000"-
#28908	REDUCE cov: 3201 ft: 3754 corp: 198/6926b lim: 78 exec/s: 14454 rss: 194Mb L: 36/78 MS: 1 CrossOver-
#29579	REDUCE cov: 3201 ft: 3754 corp: 198/6924b lim: 84 exec/s: 14789 rss: 194Mb L: 39/78 MS: 2 ShuffleBytes-EraseBytes-
#29857	REDUCE cov: 3201 ft: 3754 corp: 198/6911b lim: 84 exec/s: 14928 rss: 194Mb L: 37/78 MS: 3 InsertByte-ChangeBit-EraseBytes-
#30314	REDUCE cov: 3201 ft: 3754 corp: 198/6902b lim: 84 exec/s: 15157 rss: 194Mb L: 32/78 MS: 2 ChangeBinInt-EraseBytes-
#30529	REDUCE cov: 3201 ft: 3754 corp: 198/6888b lim: 84 exec/s: 15264 rss: 194Mb L: 22/78 MS: 5 InsertByte-ShuffleBytes-PersAutoDict-InsertRepeatedBytes-CrossOver- DE: "\022\000\000\000\000\000\000\000"-
#30925	REDUCE cov: 3201 ft: 3754 corp: 198/6881b lim: 84 exec/s: 15462 rss: 194Mb L: 30/78 MS: 1 EraseBytes-
#31033	REDUCE cov: 3201 ft: 3754 corp: 198/6860b lim: 84 exec/s: 15516 rss: 194Mb L: 34/78 MS: 3 PersAutoDict-CMP-EraseBytes- DE: "#\000\000\000\000\000\000\000"-"\017\000\000\000\000\000\000\000"-
#31545	REDUCE cov: 3201 ft: 3754 corp: 198/6857b lim: 84 exec/s: 15772 rss: 195Mb L: 38/78 MS: 2 CMP-EraseBytes- DE: "\007\000\000\000\000\000\000\000"-
#31598	REDUCE cov: 3201 ft: 3754 corp: 198/6837b lim: 84 exec/s: 15799 rss: 195Mb L: 10/78 MS: 3 ChangeByte-CrossOver-CrossOver-
#31901	REDUCE cov: 3201 ft: 3756 corp: 199/6921b lim: 84 exec/s: 15950 rss: 195Mb L: 84/84 MS: 3 CrossOver-CrossOver-InsertRepeatedBytes-
#32046	NEW    cov: 3201 ft: 3780 corp: 200/7005b lim: 84 exec/s: 16023 rss: 195Mb L: 84/84 MS: 5 CrossOver-CopyPart-InsertRepeatedBytes-ChangeBit-CrossOver-
#32231	REDUCE cov: 3201 ft: 3780 corp: 200/6996b lim: 84 exec/s: 16115 rss: 195Mb L: 26/84 MS: 5 PersAutoDict-EraseBytes-ShuffleBytes-CrossOver-CMP- DE: "\016\000\000\000\000\000\000\000"-"\001\000\000\000\000\000\000\000"-
	NEW_FUNC[1/1]: 0x000100eab1f4 in _RINvXs2J_NtNtCshp0yawdIVN9_4core5slice4iterINtB7_4IterNtNtCshXWMyVWtKnM_14herdr_protocol7surface15PaneSurfacePaneENtNtNtNtBb_4iter6traits8iterator8Iterator4findNCNvMNtNtNtCshRpDQhzqXcB_17herdr_client_core6client5shell13surface_patchNtB2F_16ClientShellState24apply_pane_surface_patch0EB2J_+0x0 (patch_apply:arm64+0x10016f1f4)
#32277	NEW    cov: 3206 ft: 3785 corp: 201/7039b lim: 84 exec/s: 16138 rss: 195Mb L: 43/84 MS: 1 CopyPart-
#32716	REDUCE cov: 3206 ft: 3785 corp: 201/7033b lim: 84 exec/s: 16358 rss: 195Mb L: 18/84 MS: 4 CopyPart-InsertByte-InsertByte-EraseBytes-
#32768	pulse  cov: 3206 ft: 3785 corp: 201/7033b lim: 84 exec/s: 16384 rss: 195Mb
#33307	REDUCE cov: 3206 ft: 3785 corp: 201/7019b lim: 84 exec/s: 16653 rss: 195Mb L: 26/84 MS: 1 EraseBytes-
#33374	REDUCE cov: 3206 ft: 3785 corp: 201/7018b lim: 84 exec/s: 16687 rss: 195Mb L: 37/84 MS: 2 ChangeBinInt-EraseBytes-
#33450	REDUCE cov: 3206 ft: 3785 corp: 201/7017b lim: 84 exec/s: 16725 rss: 195Mb L: 3/84 MS: 1 EraseBytes-
#33456	REDUCE cov: 3206 ft: 3785 corp: 201/7015b lim: 84 exec/s: 16728 rss: 195Mb L: 44/84 MS: 1 EraseBytes-
#33759	REDUCE cov: 3206 ft: 3785 corp: 201/7014b lim: 84 exec/s: 16879 rss: 195Mb L: 77/84 MS: 3 InsertRepeatedBytes-ChangeASCIIInt-EraseBytes-
#33795	REDUCE cov: 3206 ft: 3785 corp: 201/7011b lim: 84 exec/s: 16897 rss: 195Mb L: 37/84 MS: 1 EraseBytes-
#34356	REDUCE cov: 3206 ft: 3785 corp: 201/7005b lim: 84 exec/s: 17178 rss: 196Mb L: 26/84 MS: 1 EraseBytes-
#34582	NEW    cov: 3206 ft: 3793 corp: 202/7078b lim: 84 exec/s: 17291 rss: 196Mb L: 73/84 MS: 1 CopyPart-
#34601	REDUCE cov: 3206 ft: 3795 corp: 203/7119b lim: 84 exec/s: 17300 rss: 196Mb L: 41/84 MS: 4 ChangeBit-CopyPart-ChangeBinInt-InsertRepeatedBytes-
#34760	REDUCE cov: 3206 ft: 3797 corp: 204/7199b lim: 84 exec/s: 17380 rss: 196Mb L: 80/84 MS: 4 EraseBytes-EraseBytes-CrossOver-InsertRepeatedBytes-
#34922	REDUCE cov: 3206 ft: 3797 corp: 204/7198b lim: 84 exec/s: 17461 rss: 196Mb L: 8/84 MS: 2 ChangeBit-EraseBytes-
#34927	REDUCE cov: 3206 ft: 3797 corp: 204/7195b lim: 84 exec/s: 17463 rss: 196Mb L: 43/84 MS: 5 ChangeBit-ChangeBinInt-CopyPart-CopyPart-EraseBytes-
#35136	REDUCE cov: 3206 ft: 3797 corp: 204/7188b lim: 84 exec/s: 17568 rss: 196Mb L: 73/84 MS: 4 ShuffleBytes-ChangeBinInt-ChangeByte-EraseBytes-
#35757	NEW    cov: 3208 ft: 3799 corp: 205/7240b lim: 90 exec/s: 17878 rss: 196Mb L: 52/84 MS: 1 CopyPart-
#36169	REDUCE cov: 3208 ft: 3799 corp: 205/7239b lim: 90 exec/s: 18084 rss: 196Mb L: 44/84 MS: 2 ChangeBit-EraseBytes-
#36492	REDUCE cov: 3208 ft: 3800 corp: 206/7325b lim: 90 exec/s: 18246 rss: 196Mb L: 86/86 MS: 3 ChangeBinInt-ShuffleBytes-InsertRepeatedBytes-
#37406	REDUCE cov: 3208 ft: 3800 corp: 206/7324b lim: 96 exec/s: 18703 rss: 196Mb L: 2/86 MS: 4 CopyPart-ShuffleBytes-ChangeByte-EraseBytes-
#37657	REDUCE cov: 3208 ft: 3800 corp: 206/7318b lim: 96 exec/s: 18828 rss: 196Mb L: 67/86 MS: 1 EraseBytes-
#38258	REDUCE cov: 3208 ft: 3800 corp: 206/7312b lim: 96 exec/s: 19129 rss: 198Mb L: 28/86 MS: 1 EraseBytes-
#38494	NEW    cov: 3208 ft: 3801 corp: 207/7403b lim: 96 exec/s: 19247 rss: 198Mb L: 91/91 MS: 1 InsertRepeatedBytes-
#38645	REDUCE cov: 3208 ft: 3801 corp: 207/7402b lim: 96 exec/s: 19322 rss: 198Mb L: 25/91 MS: 1 EraseBytes-
	NEW_FUNC[1/1]: 0x000100eaa040 in _RINvXs2J_NtNtCshp0yawdIVN9_4core5slice4iterINtB7_4IterNtNtCshXWMyVWtKnM_14herdr_protocol7surface15PaneSurfacePaneENtNtNtNtBb_4iter6traits8iterator8Iterator3anyNCNvMNtNtNtCshRpDQhzqXcB_17herdr_client_core6client5shell13surface_patchNtB2E_16ClientShellState24apply_pane_surface_patchs_0EB2I_+0x0 (patch_apply:arm64+0x10016e040)
#39283	NEW    cov: 3216 ft: 3809 corp: 208/7432b lim: 102 exec/s: 19641 rss: 198Mb L: 30/91 MS: 3 InsertByte-ChangeBinInt-EraseBytes-
#39369	REDUCE cov: 3216 ft: 3809 corp: 208/7421b lim: 102 exec/s: 19684 rss: 198Mb L: 62/91 MS: 1 EraseBytes-
#39455	REDUCE cov: 3216 ft: 3809 corp: 208/7420b lim: 102 exec/s: 19727 rss: 198Mb L: 17/91 MS: 1 EraseBytes-
#39542	NEW    cov: 3216 ft: 3810 corp: 209/7520b lim: 102 exec/s: 19771 rss: 198Mb L: 100/100 MS: 2 CrossOver-CopyPart-
#40068	REDUCE cov: 3216 ft: 3810 corp: 209/7518b lim: 102 exec/s: 20034 rss: 198Mb L: 44/100 MS: 1 EraseBytes-
#40233	REDUCE cov: 3216 ft: 3810 corp: 209/7512b lim: 102 exec/s: 20116 rss: 198Mb L: 56/100 MS: 5 ChangeBinInt-ChangeByte-ChangeBit-InsertByte-EraseBytes-
#40334	REDUCE cov: 3216 ft: 3810 corp: 209/7508b lim: 102 exec/s: 20167 rss: 198Mb L: 33/100 MS: 1 EraseBytes-
#40415	REDUCE cov: 3216 ft: 3810 corp: 209/7506b lim: 102 exec/s: 20207 rss: 198Mb L: 27/100 MS: 1 EraseBytes-
#40791	NEW    cov: 3217 ft: 3811 corp: 210/7557b lim: 102 exec/s: 20395 rss: 198Mb L: 51/100 MS: 1 PersAutoDict- DE: "\022\000\000\000\000\000\000\000"-
#40975	REDUCE cov: 3217 ft: 3811 corp: 210/7542b lim: 102 exec/s: 20487 rss: 198Mb L: 37/100 MS: 4 InsertByte-InsertByte-ChangeByte-EraseBytes-
#41317	NEW    cov: 3218 ft: 3812 corp: 211/7574b lim: 102 exec/s: 13772 rss: 198Mb L: 32/100 MS: 2 PersAutoDict-CrossOver- DE: "\001\014"-
#41481	NEW    cov: 3218 ft: 3815 corp: 212/7672b lim: 102 exec/s: 13827 rss: 198Mb L: 98/100 MS: 4 ShuffleBytes-ChangeBinInt-CopyPart-InsertByte-
#41752	REDUCE cov: 3218 ft: 3815 corp: 212/7666b lim: 102 exec/s: 13917 rss: 198Mb L: 32/100 MS: 1 CrossOver-
#42017	NEW    cov: 3218 ft: 3817 corp: 213/7768b lim: 102 exec/s: 14005 rss: 198Mb L: 102/102 MS: 5 CrossOver-ShuffleBytes-ChangeASCIIInt-ChangeByte-InsertRepeatedBytes-
#42140	REDUCE cov: 3218 ft: 3817 corp: 213/7766b lim: 102 exec/s: 14046 rss: 198Mb L: 12/102 MS: 3 InsertByte-PersAutoDict-EraseBytes- DE: "#\000\000\000\000\000\000\000"-
#42170	REDUCE cov: 3218 ft: 3819 corp: 214/7865b lim: 102 exec/s: 14056 rss: 198Mb L: 99/102 MS: 5 InsertRepeatedBytes-ShuffleBytes-ChangeBit-CopyPart-PersAutoDict- DE: "\022\000\000\000\000\000\000\000"-
#42299	REDUCE cov: 3218 ft: 3819 corp: 214/7864b lim: 102 exec/s: 14099 rss: 198Mb L: 97/102 MS: 4 ChangeByte-CMP-CrossOver-EraseBytes- DE: "\000\000\000m"-
#42330	REDUCE cov: 3218 ft: 3819 corp: 214/7863b lim: 102 exec/s: 14110 rss: 198Mb L: 64/102 MS: 1 EraseBytes-
#42411	REDUCE cov: 3218 ft: 3819 corp: 214/7860b lim: 102 exec/s: 14137 rss: 198Mb L: 39/102 MS: 1 EraseBytes-
#44642	REDUCE cov: 3218 ft: 3819 corp: 214/7854b lim: 120 exec/s: 14880 rss: 198Mb L: 50/102 MS: 1 EraseBytes-
#44808	NEW    cov: 3218 ft: 3821 corp: 215/7965b lim: 120 exec/s: 14936 rss: 198Mb L: 111/111 MS: 1 InsertRepeatedBytes-
#44919	NEW    cov: 3218 ft: 3823 corp: 216/8076b lim: 120 exec/s: 14973 rss: 198Mb L: 111/111 MS: 1 ChangeByte-
#45315	REDUCE cov: 3218 ft: 3823 corp: 216/8067b lim: 120 exec/s: 15105 rss: 198Mb L: 36/111 MS: 1 EraseBytes-
#45546	REDUCE cov: 3218 ft: 3823 corp: 216/8066b lim: 120 exec/s: 15182 rss: 198Mb L: 34/111 MS: 1 CrossOver-
#45557	REDUCE cov: 3218 ft: 3823 corp: 216/8065b lim: 120 exec/s: 15185 rss: 198Mb L: 49/111 MS: 1 EraseBytes-
#45956	NEW    cov: 3218 ft: 3824 corp: 217/8130b lim: 120 exec/s: 15318 rss: 198Mb L: 65/111 MS: 4 PersAutoDict-CopyPart-InsertByte-CrossOver- DE: "#\000\000\000\000\000\000\000"-
#46440	REDUCE cov: 3218 ft: 3824 corp: 217/8123b lim: 120 exec/s: 15480 rss: 198Mb L: 23/111 MS: 4 ChangeBit-CMP-ChangeBinInt-EraseBytes- DE: "\001\000\000\000\000\000\000\000"-
#46508	NEW    cov: 3219 ft: 3825 corp: 218/8173b lim: 120 exec/s: 15502 rss: 198Mb L: 50/111 MS: 3 ChangeBinInt-ChangeByte-InsertRepeatedBytes-
#46585	NEW    cov: 3219 ft: 3842 corp: 219/8289b lim: 120 exec/s: 15528 rss: 198Mb L: 116/116 MS: 2 ChangeByte-InsertRepeatedBytes-
#46741	REDUCE cov: 3219 ft: 3842 corp: 219/8286b lim: 120 exec/s: 15580 rss: 198Mb L: 23/116 MS: 1 EraseBytes-
#47069	REDUCE cov: 3219 ft: 3842 corp: 219/8263b lim: 120 exec/s: 15689 rss: 198Mb L: 42/116 MS: 3 ChangeByte-ChangeBit-EraseBytes-
#47150	REDUCE cov: 3219 ft: 3842 corp: 219/8254b lim: 120 exec/s: 15716 rss: 198Mb L: 21/116 MS: 1 EraseBytes-
#47306	REDUCE cov: 3219 ft: 3842 corp: 219/8253b lim: 120 exec/s: 15768 rss: 198Mb L: 50/116 MS: 1 EraseBytes-
#47416	NEW    cov: 3219 ft: 3846 corp: 220/8370b lim: 120 exec/s: 15805 rss: 198Mb L: 117/117 MS: 5 EraseBytes-CrossOver-CopyPart-PersAutoDict-PersAutoDict- DE: "\015\000"-"\015\000"-
#47451	REDUCE cov: 3219 ft: 3846 corp: 220/8368b lim: 120 exec/s: 15817 rss: 198Mb L: 13/117 MS: 5 CrossOver-EraseBytes-ChangeBit-EraseBytes-CopyPart-
#47631	REDUCE cov: 3219 ft: 3846 corp: 220/8350b lim: 120 exec/s: 15877 rss: 198Mb L: 32/117 MS: 5 PersAutoDict-ChangeBinInt-ChangeByte-ShuffleBytes-EraseBytes- DE: "\001\000\000\000"-
#47992	REDUCE cov: 3219 ft: 3846 corp: 220/8347b lim: 120 exec/s: 15997 rss: 198Mb L: 19/117 MS: 1 EraseBytes-
#48014	NEW    cov: 3219 ft: 3848 corp: 221/8386b lim: 120 exec/s: 16004 rss: 198Mb L: 39/117 MS: 2 ChangeBit-CrossOver-
#48945	REDUCE cov: 3219 ft: 3848 corp: 221/8363b lim: 126 exec/s: 16315 rss: 199Mb L: 27/117 MS: 1 EraseBytes-
#49256	REDUCE cov: 3219 ft: 3848 corp: 221/8347b lim: 126 exec/s: 16418 rss: 199Mb L: 16/117 MS: 1 EraseBytes-
#50403	NEW    cov: 3219 ft: 3850 corp: 222/8470b lim: 132 exec/s: 16801 rss: 199Mb L: 123/123 MS: 2 ShuffleBytes-InsertRepeatedBytes-
#50505	REDUCE cov: 3219 ft: 3850 corp: 222/8423b lim: 132 exec/s: 16835 rss: 199Mb L: 76/117 MS: 2 PersAutoDict-EraseBytes- DE: "\377\377\377\377"-
#50661	REDUCE cov: 3219 ft: 3850 corp: 222/8421b lim: 132 exec/s: 16887 rss: 199Mb L: 56/117 MS: 1 EraseBytes-
	NEW_FUNC[1/2]: 0x000100e69ac8 in _RINvNtCshp0yawdIVN9_4core3ptr9drop_glueINtNtB4_6result6ResultuNtNtCsbh2zXgJ3HuP_5alloc6string6StringEECshRpDQhzqXcB_17herdr_client_core+0x0 (patch_apply:arm64+0x10012dac8)
	NEW_FUNC[2/2]: 0x000100f40b40 in _RNvNtNtNtCshRpDQhzqXcB_17herdr_client_core6client5shell13surface_patch22apply_patch_to_surface+0x0 (patch_apply:arm64+0x100204b40)
#51189	REDUCE cov: 3241 ft: 3972 corp: 223/8446b lim: 132 exec/s: 17063 rss: 199Mb L: 25/117 MS: 3 ShuffleBytes-InsertByte-InsertByte-
#51220	NEW    cov: 3241 ft: 3978 corp: 224/8562b lim: 132 exec/s: 17073 rss: 199Mb L: 116/117 MS: 1 ChangeByte-
#51254	NEW    cov: 3241 ft: 4002 corp: 225/8667b lim: 132 exec/s: 17084 rss: 199Mb L: 105/117 MS: 4 InsertRepeatedBytes-ChangeByte-ChangeByte-PersAutoDict- DE: "\001\000\000\000\000\000\000\017"-
	NEW_FUNC[1/1]: 0x000100e85750 in _RINvNtCshp0yawdIVN9_4core3ptr9drop_glueNtNtCshXWMyVWtKnM_14herdr_protocol7surface16PaneSurfacePatchECshRpDQhzqXcB_17herdr_client_core+0x0 (patch_apply:arm64+0x100149750)
#51371	NEW    cov: 3250 ft: 4042 corp: 226/8700b lim: 132 exec/s: 17123 rss: 199Mb L: 33/117 MS: 2 PersAutoDict-ChangeBinInt- DE: "\007\000\000\000\000\000\000\000"-
#51387	REDUCE cov: 3250 ft: 4042 corp: 226/8697b lim: 132 exec/s: 17129 rss: 199Mb L: 22/117 MS: 1 EraseBytes-
#51943	NEW    cov: 3250 ft: 4044 corp: 227/8799b lim: 132 exec/s: 17314 rss: 199Mb L: 102/117 MS: 1 CopyPart-
#51964	REDUCE cov: 3250 ft: 4044 corp: 227/8798b lim: 132 exec/s: 17321 rss: 199Mb L: 45/117 MS: 1 EraseBytes-
#52517	REDUCE cov: 3250 ft: 4044 corp: 227/8776b lim: 132 exec/s: 17505 rss: 199Mb L: 54/117 MS: 3 ChangeBit-InsertByte-EraseBytes-
#52534	REDUCE cov: 3250 ft: 4044 corp: 227/8774b lim: 132 exec/s: 17511 rss: 199Mb L: 40/117 MS: 2 ChangeBinInt-EraseBytes-
#52592	NEW    cov: 3250 ft: 4047 corp: 228/8900b lim: 132 exec/s: 17530 rss: 199Mb L: 126/126 MS: 3 ChangeBit-ChangeASCIIInt-InsertRepeatedBytes-
#52745	NEW    cov: 3250 ft: 4048 corp: 229/8982b lim: 132 exec/s: 17581 rss: 199Mb L: 82/126 MS: 3 ChangeByte-PersAutoDict-CrossOver- DE: "q\000\000\000\000\000\000\000"-
#52751	REDUCE cov: 3250 ft: 4048 corp: 229/8981b lim: 132 exec/s: 17583 rss: 199Mb L: 9/126 MS: 1 EraseBytes-
#53212	NEW    cov: 3250 ft: 4051 corp: 230/9086b lim: 132 exec/s: 17737 rss: 199Mb L: 105/126 MS: 1 CrossOver-
#54613	NEW    cov: 3251 ft: 4054 corp: 231/9210b lim: 139 exec/s: 18204 rss: 200Mb L: 124/126 MS: 1 InsertRepeatedBytes-
#54714	REDUCE cov: 3251 ft: 4055 corp: 232/9226b lim: 139 exec/s: 18238 rss: 200Mb L: 16/126 MS: 1 CopyPart-
#54821	REDUCE cov: 3251 ft: 4055 corp: 232/9225b lim: 139 exec/s: 18273 rss: 200Mb L: 38/126 MS: 2 ChangeBinInt-EraseBytes-
#54854	REDUCE cov: 3251 ft: 4055 corp: 232/9211b lim: 139 exec/s: 18284 rss: 200Mb L: 26/126 MS: 3 CMP-InsertByte-EraseBytes- DE: "\000\000\000\000\000\000\0005"-
#55011	REDUCE cov: 3251 ft: 4055 corp: 232/9210b lim: 139 exec/s: 18337 rss: 200Mb L: 25/126 MS: 2 ChangeByte-EraseBytes-
#55026	NEW    cov: 3251 ft: 4056 corp: 233/9330b lim: 139 exec/s: 18342 rss: 200Mb L: 120/126 MS: 5 InsertByte-CopyPart-EraseBytes-ChangeBinInt-InsertRepeatedBytes-
#55213	REDUCE cov: 3251 ft: 4056 corp: 233/9329b lim: 139 exec/s: 18404 rss: 200Mb L: 43/126 MS: 2 ChangeBinInt-EraseBytes-
#55513	REDUCE cov: 3251 ft: 4056 corp: 233/9269b lim: 139 exec/s: 13878 rss: 200Mb L: 22/126 MS: 5 ShuffleBytes-EraseBytes-CrossOver-CMP-EraseBytes- DE: "\377l"-
#55542	REDUCE cov: 3251 ft: 4056 corp: 233/9250b lim: 139 exec/s: 13885 rss: 200Mb L: 83/126 MS: 4 ChangeBinInt-ShuffleBytes-PersAutoDict-EraseBytes- DE: "\001\000\000\000\000\000\000\017"-
#56176	NEW    cov: 3251 ft: 4058 corp: 234/9288b lim: 139 exec/s: 14044 rss: 200Mb L: 38/126 MS: 4 PersAutoDict-ChangeBit-ChangeByte-EraseBytes- DE: "\003\000\000\000\000\000\000\000"-
#57284	REDUCE cov: 3251 ft: 4058 corp: 234/9280b lim: 146 exec/s: 14321 rss: 200Mb L: 16/126 MS: 2 EraseBytes-InsertByte-
#58018	NEW    cov: 3251 ft: 4060 corp: 235/9348b lim: 153 exec/s: 14504 rss: 200Mb L: 68/126 MS: 4 InsertByte-InsertRepeatedBytes-CMP-InsertByte- DE: "\000\000\000\000\000\000\000\023"-
#58074	REDUCE cov: 3251 ft: 4060 corp: 235/9342b lim: 153 exec/s: 14518 rss: 200Mb L: 31/126 MS: 1 EraseBytes-
#58825	REDUCE cov: 3251 ft: 4060 corp: 235/9338b lim: 160 exec/s: 14706 rss: 200Mb L: 18/126 MS: 1 EraseBytes-
#58837	NEW    cov: 3251 ft: 4064 corp: 236/9381b lim: 160 exec/s: 14709 rss: 200Mb L: 43/126 MS: 2 EraseBytes-ChangeBit-
#59069	REDUCE cov: 3251 ft: 4064 corp: 236/9378b lim: 160 exec/s: 14767 rss: 200Mb L: 31/126 MS: 2 PersAutoDict-EraseBytes- DE: "\377l"-
#59190	REDUCE cov: 3251 ft: 4064 corp: 236/9369b lim: 160 exec/s: 14797 rss: 200Mb L: 18/126 MS: 1 EraseBytes-
#59621	REDUCE cov: 3251 ft: 4064 corp: 236/9368b lim: 160 exec/s: 14905 rss: 200Mb L: 110/126 MS: 1 EraseBytes-
#60035	REDUCE cov: 3251 ft: 4064 corp: 236/9365b lim: 160 exec/s: 15008 rss: 200Mb L: 37/126 MS: 4 ChangeBinInt-PersAutoDict-PersAutoDict-EraseBytes- DE: "#\000\000\000\000\000\000\000"-"\007\000\000\000\000\000\000\000"-
#60893	REDUCE cov: 3251 ft: 4064 corp: 236/9359b lim: 167 exec/s: 15223 rss: 200Mb L: 15/126 MS: 3 CopyPart-EraseBytes-CopyPart-
#61030	NEW    cov: 3251 ft: 4066 corp: 237/9465b lim: 167 exec/s: 15257 rss: 200Mb L: 106/126 MS: 2 ShuffleBytes-InsertByte-
#61137	REDUCE cov: 3251 ft: 4066 corp: 237/9461b lim: 167 exec/s: 15284 rss: 200Mb L: 23/126 MS: 2 InsertByte-EraseBytes-
#61580	REDUCE cov: 3251 ft: 4066 corp: 237/9450b lim: 167 exec/s: 15395 rss: 200Mb L: 100/126 MS: 3 PersAutoDict-ChangeBinInt-EraseBytes- DE: "\001\014"-
#62258	REDUCE cov: 3251 ft: 4066 corp: 237/9440b lim: 167 exec/s: 15564 rss: 200Mb L: 25/126 MS: 3 CMP-EraseBytes-CMP- DE: "\365\377\377\377"-"\000\000\000\000\000\000\000\000"-
#63164	REDUCE cov: 3251 ft: 4066 corp: 237/9439b lim: 174 exec/s: 15791 rss: 200Mb L: 15/126 MS: 1 EraseBytes-
#63252	REDUCE cov: 3251 ft: 4067 corp: 238/9499b lim: 174 exec/s: 15813 rss: 200Mb L: 60/126 MS: 3 ChangeByte-CopyPart-ShuffleBytes-
#63878	REDUCE cov: 3251 ft: 4067 corp: 238/9497b lim: 174 exec/s: 15969 rss: 200Mb L: 42/126 MS: 1 EraseBytes-
#64400	REDUCE cov: 3251 ft: 4067 corp: 238/9493b lim: 174 exec/s: 16100 rss: 200Mb L: 38/126 MS: 2 ShuffleBytes-EraseBytes-
#64487	REDUCE cov: 3251 ft: 4067 corp: 238/9469b lim: 174 exec/s: 16121 rss: 200Mb L: 44/126 MS: 2 EraseBytes-ChangeByte-
#64951	REDUCE cov: 3251 ft: 4069 corp: 239/9504b lim: 174 exec/s: 16237 rss: 200Mb L: 35/126 MS: 4 EraseBytes-CopyPart-ChangeBit-InsertRepeatedBytes-
#65536	pulse  cov: 3251 ft: 4069 corp: 239/9504b lim: 174 exec/s: 16384 rss: 200Mb
#65672	REDUCE cov: 3251 ft: 4069 corp: 239/9487b lim: 181 exec/s: 16418 rss: 200Mb L: 32/126 MS: 1 EraseBytes-
#65705	REDUCE cov: 3251 ft: 4069 corp: 239/9472b lim: 181 exec/s: 16426 rss: 200Mb L: 18/126 MS: 3 CMP-EraseBytes-EraseBytes- DE: "\003v'bv'bv"-
#65971	REDUCE cov: 3251 ft: 4069 corp: 239/9471b lim: 181 exec/s: 16492 rss: 200Mb L: 11/126 MS: 1 EraseBytes-
#66132	REDUCE cov: 3251 ft: 4069 corp: 239/9458b lim: 181 exec/s: 16533 rss: 200Mb L: 36/126 MS: 1 EraseBytes-
#66175	REDUCE cov: 3251 ft: 4069 corp: 239/9455b lim: 181 exec/s: 16543 rss: 200Mb L: 35/126 MS: 3 ChangeByte-EraseBytes-CMP- DE: "\001\000\000\000"-
#66261	REDUCE cov: 3251 ft: 4069 corp: 239/9439b lim: 181 exec/s: 16565 rss: 200Mb L: 89/126 MS: 1 EraseBytes-
#66296	REDUCE cov: 3252 ft: 4073 corp: 240/9471b lim: 181 exec/s: 16574 rss: 200Mb L: 32/126 MS: 5 CrossOver-CrossOver-EraseBytes-CrossOver-CopyPart-
#67808	REDUCE cov: 3252 ft: 4073 corp: 240/9447b lim: 195 exec/s: 16952 rss: 200Mb L: 75/126 MS: 2 ChangeByte-EraseBytes-
#67829	REDUCE cov: 3252 ft: 4073 corp: 240/9441b lim: 195 exec/s: 16957 rss: 200Mb L: 48/126 MS: 1 EraseBytes-
#67885	REDUCE cov: 3252 ft: 4073 corp: 240/9440b lim: 195 exec/s: 16971 rss: 200Mb L: 15/126 MS: 1 EraseBytes-
#68496	REDUCE cov: 3252 ft: 4073 corp: 240/9439b lim: 195 exec/s: 17124 rss: 200Mb L: 34/126 MS: 1 EraseBytes-
#68632	REDUCE cov: 3252 ft: 4073 corp: 240/9438b lim: 195 exec/s: 17158 rss: 200Mb L: 29/126 MS: 1 EraseBytes-
#69324	REDUCE cov: 3252 ft: 4073 corp: 240/9434b lim: 195 exec/s: 17331 rss: 201Mb L: 30/126 MS: 2 EraseBytes-ChangeBit-
#69527	REDUCE cov: 3252 ft: 4073 corp: 240/9425b lim: 195 exec/s: 17381 rss: 202Mb L: 13/126 MS: 3 ChangeByte-ChangeByte-EraseBytes-
#69800	REDUCE cov: 3252 ft: 4073 corp: 240/9424b lim: 195 exec/s: 13960 rss: 204Mb L: 27/126 MS: 3 ChangeBinInt-ShuffleBytes-EraseBytes-
#70143	REDUCE cov: 3252 ft: 4073 corp: 240/9422b lim: 195 exec/s: 14028 rss: 204Mb L: 114/126 MS: 3 ChangeByte-ChangeBit-EraseBytes-
#70229	REDUCE cov: 3252 ft: 4073 corp: 240/9421b lim: 195 exec/s: 14045 rss: 204Mb L: 17/126 MS: 1 EraseBytes-
#70290	REDUCE cov: 3252 ft: 4073 corp: 240/9417b lim: 195 exec/s: 14058 rss: 204Mb L: 14/126 MS: 1 EraseBytes-
#70606	REDUCE cov: 3252 ft: 4073 corp: 240/9398b lim: 195 exec/s: 14121 rss: 204Mb L: 98/126 MS: 1 EraseBytes-
#70833	REDUCE cov: 3252 ft: 4073 corp: 240/9392b lim: 195 exec/s: 14166 rss: 204Mb L: 110/126 MS: 2 EraseBytes-CopyPart-
#71558	REDUCE cov: 3252 ft: 4073 corp: 240/9389b lim: 202 exec/s: 14311 rss: 204Mb L: 24/126 MS: 5 ChangeBinInt-ChangeByte-EraseBytes-ChangeBit-InsertByte-
#72046	NEW    cov: 3252 ft: 4116 corp: 241/9543b lim: 202 exec/s: 14409 rss: 204Mb L: 154/154 MS: 3 ChangeByte-ChangeByte-InsertRepeatedBytes-
#72917	NEW    cov: 3252 ft: 4117 corp: 242/9730b lim: 209 exec/s: 14583 rss: 204Mb L: 187/187 MS: 1 CopyPart-
#74139	REDUCE cov: 3252 ft: 4117 corp: 242/9728b lim: 216 exec/s: 14827 rss: 204Mb L: 19/187 MS: 2 ChangeBit-EraseBytes-
#74356	REDUCE cov: 3252 ft: 4117 corp: 242/9727b lim: 216 exec/s: 14871 rss: 204Mb L: 1/187 MS: 2 ChangeBit-EraseBytes-
#74813	REDUCE cov: 3252 ft: 4117 corp: 242/9723b lim: 216 exec/s: 14962 rss: 204Mb L: 14/187 MS: 2 ChangeBit-EraseBytes-
#74896	REDUCE cov: 3252 ft: 4117 corp: 242/9722b lim: 216 exec/s: 14979 rss: 204Mb L: 30/187 MS: 3 CopyPart-ChangeBinInt-EraseBytes-
#75042	REDUCE cov: 3252 ft: 4117 corp: 242/9715b lim: 216 exec/s: 15008 rss: 204Mb L: 26/187 MS: 1 EraseBytes-
#75259	REDUCE cov: 3252 ft: 4117 corp: 242/9714b lim: 216 exec/s: 15051 rss: 204Mb L: 83/187 MS: 2 EraseBytes-PersAutoDict- DE: "#\000\000\000\000\000\000\000"-
#75353	REDUCE cov: 3252 ft: 4117 corp: 242/9709b lim: 216 exec/s: 15070 rss: 204Mb L: 115/187 MS: 4 ChangeByte-ChangeByte-ShuffleBytes-EraseBytes-
#75658	REDUCE cov: 3252 ft: 4117 corp: 242/9693b lim: 216 exec/s: 15131 rss: 204Mb L: 16/187 MS: 5 EraseBytes-CopyPart-InsertByte-ChangeBit-EraseBytes-
#77024	REDUCE cov: 3252 ft: 4117 corp: 242/9676b lim: 223 exec/s: 15404 rss: 204Mb L: 23/187 MS: 1 EraseBytes-
#77461	REDUCE cov: 3252 ft: 4117 corp: 242/9664b lim: 223 exec/s: 15492 rss: 204Mb L: 16/187 MS: 2 InsertByte-EraseBytes-
#77732	REDUCE cov: 3252 ft: 4118 corp: 243/9789b lim: 223 exec/s: 15546 rss: 204Mb L: 125/187 MS: 1 InsertRepeatedBytes-
#77738	REDUCE cov: 3252 ft: 4118 corp: 243/9788b lim: 223 exec/s: 15547 rss: 204Mb L: 26/187 MS: 1 EraseBytes-
#77754	REDUCE cov: 3252 ft: 4118 corp: 243/9745b lim: 223 exec/s: 15550 rss: 204Mb L: 82/187 MS: 1 CrossOver-
#77895	REDUCE cov: 3252 ft: 4118 corp: 243/9739b lim: 223 exec/s: 15579 rss: 204Mb L: 24/187 MS: 1 EraseBytes-
#77943	REDUCE cov: 3252 ft: 4118 corp: 243/9723b lim: 223 exec/s: 15588 rss: 204Mb L: 171/171 MS: 3 EraseBytes-InsertRepeatedBytes-InsertByte-
#78454	REDUCE cov: 3252 ft: 4118 corp: 243/9716b lim: 223 exec/s: 15690 rss: 204Mb L: 41/171 MS: 1 EraseBytes-
#78530	REDUCE cov: 3265 ft: 4132 corp: 244/9737b lim: 223 exec/s: 15706 rss: 204Mb L: 21/171 MS: 1 PersAutoDict- DE: "\001\000\000\000"-
#78589	REDUCE cov: 3265 ft: 4132 corp: 244/9736b lim: 223 exec/s: 15717 rss: 204Mb L: 37/171 MS: 4 ChangeByte-EraseBytes-EraseBytes-PersAutoDict- DE: "\001\000\000\000\000\000\000\017"-
#78802	REDUCE cov: 3265 ft: 4132 corp: 244/9735b lim: 223 exec/s: 15760 rss: 204Mb L: 16/171 MS: 3 ChangeBinInt-CopyPart-EraseBytes-
#78894	REDUCE cov: 3265 ft: 4132 corp: 244/9715b lim: 223 exec/s: 15778 rss: 204Mb L: 78/171 MS: 2 ChangeASCIIInt-EraseBytes-
#79325	REDUCE cov: 3265 ft: 4132 corp: 244/9714b lim: 223 exec/s: 15865 rss: 204Mb L: 14/171 MS: 1 EraseBytes-
#79651	REDUCE cov: 3265 ft: 4132 corp: 244/9710b lim: 223 exec/s: 15930 rss: 204Mb L: 12/171 MS: 1 EraseBytes-
#80093	REDUCE cov: 3265 ft: 4132 corp: 244/9709b lim: 223 exec/s: 16018 rss: 204Mb L: 123/171 MS: 2 EraseBytes-PersAutoDict- DE: "\022\000\000\000\000\000\000\000"-
#81419	REDUCE cov: 3265 ft: 4132 corp: 244/9707b lim: 230 exec/s: 16283 rss: 204Mb L: 66/171 MS: 1 EraseBytes-
#81755	REDUCE cov: 3265 ft: 4132 corp: 244/9705b lim: 230 exec/s: 16351 rss: 204Mb L: 21/171 MS: 1 EraseBytes-
#81774	REDUCE cov: 3265 ft: 4132 corp: 244/9702b lim: 230 exec/s: 16354 rss: 204Mb L: 10/171 MS: 4 InsertByte-InsertByte-EraseBytes-EraseBytes-
#82108	REDUCE cov: 3265 ft: 4135 corp: 245/9839b lim: 230 exec/s: 16421 rss: 204Mb L: 137/171 MS: 4 ChangeBinInt-ShuffleBytes-InsertRepeatedBytes-InsertRepeatedBytes-
#82384	REDUCE cov: 3265 ft: 4135 corp: 245/9832b lim: 230 exec/s: 16476 rss: 204Mb L: 99/171 MS: 1 EraseBytes-
#83110	REDUCE cov: 3265 ft: 4135 corp: 245/9827b lim: 237 exec/s: 16622 rss: 204Mb L: 105/171 MS: 1 EraseBytes-
#83656	REDUCE cov: 3265 ft: 4135 corp: 245/9823b lim: 237 exec/s: 16731 rss: 204Mb L: 18/171 MS: 1 EraseBytes-
#84093	REDUCE cov: 3265 ft: 4142 corp: 246/10052b lim: 237 exec/s: 14015 rss: 204Mb L: 229/229 MS: 2 InsertRepeatedBytes-InsertRepeatedBytes-
#84192	REDUCE cov: 3265 ft: 4142 corp: 246/10038b lim: 237 exec/s: 14032 rss: 204Mb L: 18/229 MS: 4 EraseBytes-CopyPart-EraseBytes-ShuffleBytes-
#84410	REDUCE cov: 3265 ft: 4142 corp: 246/10036b lim: 237 exec/s: 14068 rss: 204Mb L: 11/229 MS: 3 CMP-EraseBytes-ChangeBit- DE: "\000\000\000\000\000\000\000\000"-
#84573	NEW    cov: 3265 ft: 4150 corp: 247/10185b lim: 237 exec/s: 14095 rss: 204Mb L: 149/229 MS: 3 ChangeByte-InsertByte-InsertRepeatedBytes-
#85409	REDUCE cov: 3265 ft: 4150 corp: 247/10184b lim: 244 exec/s: 14234 rss: 204Mb L: 32/229 MS: 1 EraseBytes-
#85545	REDUCE cov: 3265 ft: 4150 corp: 247/10174b lim: 244 exec/s: 14257 rss: 204Mb L: 73/229 MS: 1 EraseBytes-
#85717	REDUCE cov: 3265 ft: 4154 corp: 248/10353b lim: 244 exec/s: 14286 rss: 204Mb L: 179/229 MS: 2 InsertByte-InsertRepeatedBytes-
#85793	REDUCE cov: 3265 ft: 4154 corp: 248/10352b lim: 244 exec/s: 14298 rss: 204Mb L: 36/229 MS: 1 EraseBytes-
#85985	REDUCE cov: 3265 ft: 4154 corp: 248/10348b lim: 244 exec/s: 14330 rss: 204Mb L: 25/229 MS: 2 EraseBytes-ChangeBinInt-
#86276	REDUCE cov: 3265 ft: 4156 corp: 249/10513b lim: 244 exec/s: 14379 rss: 204Mb L: 165/229 MS: 1 InsertRepeatedBytes-
#86554	REDUCE cov: 3265 ft: 4157 corp: 250/10680b lim: 244 exec/s: 14425 rss: 204Mb L: 167/229 MS: 3 CopyPart-ShuffleBytes-ChangeBit-
#87525	REDUCE cov: 3265 ft: 4157 corp: 250/10679b lim: 251 exec/s: 14587 rss: 204Mb L: 22/229 MS: 1 EraseBytes-
#88881	REDUCE cov: 3265 ft: 4157 corp: 250/10677b lim: 258 exec/s: 14813 rss: 204Mb L: 98/229 MS: 1 EraseBytes-
#89448	REDUCE cov: 3265 ft: 4157 corp: 250/10662b lim: 258 exec/s: 14908 rss: 204Mb L: 150/229 MS: 2 ChangeByte-EraseBytes-
#89594	REDUCE cov: 3265 ft: 4157 corp: 250/10606b lim: 258 exec/s: 14932 rss: 204Mb L: 94/229 MS: 1 EraseBytes-
#89727	REDUCE cov: 3265 ft: 4157 corp: 250/10601b lim: 258 exec/s: 14954 rss: 204Mb L: 24/229 MS: 3 ShuffleBytes-ChangeBinInt-EraseBytes-
#90024	REDUCE cov: 3265 ft: 4157 corp: 250/10594b lim: 258 exec/s: 15004 rss: 204Mb L: 18/229 MS: 2 EraseBytes-EraseBytes-
#90061	REDUCE cov: 3265 ft: 4157 corp: 250/10591b lim: 258 exec/s: 15010 rss: 204Mb L: 33/229 MS: 2 ChangeBit-EraseBytes-
#90764	REDUCE cov: 3265 ft: 4157 corp: 250/10571b lim: 258 exec/s: 15127 rss: 204Mb L: 63/229 MS: 3 ChangeBit-EraseBytes-EraseBytes-
#91975	REDUCE cov: 3265 ft: 4157 corp: 250/10569b lim: 266 exec/s: 15329 rss: 204Mb L: 17/229 MS: 1 EraseBytes-
#92281	REDUCE cov: 3265 ft: 4157 corp: 250/10561b lim: 266 exec/s: 15380 rss: 204Mb L: 38/229 MS: 1 EraseBytes-
#94562	REDUCE cov: 3265 ft: 4158 corp: 251/10591b lim: 282 exec/s: 15760 rss: 204Mb L: 30/229 MS: 1 PersAutoDict- DE: "\365\377\377\377"-
#94765	REDUCE cov: 3265 ft: 4177 corp: 252/10821b lim: 282 exec/s: 15794 rss: 205Mb L: 230/230 MS: 3 ChangeBit-ChangeBit-InsertRepeatedBytes-
#94816	REDUCE cov: 3265 ft: 4177 corp: 252/10817b lim: 282 exec/s: 15802 rss: 205Mb L: 78/230 MS: 1 EraseBytes-
#94958	REDUCE cov: 3265 ft: 4177 corp: 252/10806b lim: 282 exec/s: 15826 rss: 205Mb L: 126/230 MS: 2 ChangeBit-EraseBytes-
#95379	REDUCE cov: 3265 ft: 4177 corp: 252/10789b lim: 282 exec/s: 15896 rss: 206Mb L: 77/230 MS: 1 EraseBytes-
#95646	REDUCE cov: 3265 ft: 4177 corp: 252/10786b lim: 282 exec/s: 15941 rss: 206Mb L: 43/230 MS: 2 ChangeBinInt-EraseBytes-
#96042	REDUCE cov: 3265 ft: 4177 corp: 252/10785b lim: 282 exec/s: 16007 rss: 206Mb L: 52/230 MS: 1 EraseBytes-
#96453	REDUCE cov: 3265 ft: 4177 corp: 252/10784b lim: 282 exec/s: 16075 rss: 206Mb L: 35/230 MS: 1 EraseBytes-
#97126	REDUCE cov: 3265 ft: 4177 corp: 252/10781b lim: 282 exec/s: 16187 rss: 206Mb L: 40/230 MS: 3 ChangeByte-EraseBytes-InsertByte-
#97969	REDUCE cov: 3265 ft: 4177 corp: 252/10777b lim: 290 exec/s: 16328 rss: 206Mb L: 40/230 MS: 3 CrossOver-EraseBytes-CopyPart-
#98048	REDUCE cov: 3265 ft: 4177 corp: 252/10770b lim: 290 exec/s: 16341 rss: 206Mb L: 32/230 MS: 4 PersAutoDict-CopyPart-CMP-EraseBytes- DE: "\003\000\000\000\000\000\000\000"-"\344\377\377\377"-
#98199	REDUCE cov: 3265 ft: 4177 corp: 252/10757b lim: 290 exec/s: 14028 rss: 206Mb L: 50/230 MS: 1 EraseBytes-
#99089	NEW    cov: 3265 ft: 4180 corp: 253/10928b lim: 298 exec/s: 14155 rss: 206Mb L: 171/230 MS: 5 InsertByte-InsertRepeatedBytes-CopyPart-CrossOver-PersAutoDict- DE: "\003\000\000\000\000\000\000\000"-
#99596	REDUCE cov: 3265 ft: 4180 corp: 253/10917b lim: 298 exec/s: 14228 rss: 206Mb L: 115/230 MS: 1 EraseBytes-
#100437	REDUCE cov: 3265 ft: 4180 corp: 253/10913b lim: 306 exec/s: 14348 rss: 206Mb L: 62/230 MS: 1 EraseBytes-
#100825	REDUCE cov: 3265 ft: 4180 corp: 253/10900b lim: 306 exec/s: 14403 rss: 206Mb L: 216/230 MS: 3 ChangeBit-CMP-EraseBytes- DE: "\002\000\000\000\000\000\000\000"-
#103057	REDUCE cov: 3265 ft: 4180 corp: 253/10899b lim: 322 exec/s: 14722 rss: 206Mb L: 58/230 MS: 2 ChangeBit-EraseBytes-
#103384	REDUCE cov: 3265 ft: 4180 corp: 253/10817b lim: 322 exec/s: 14769 rss: 206Mb L: 89/230 MS: 2 CopyPart-EraseBytes-
#104748	REDUCE cov: 3265 ft: 4180 corp: 253/10814b lim: 330 exec/s: 14964 rss: 206Mb L: 72/230 MS: 4 ShuffleBytes-ChangeByte-EraseBytes-InsertByte-
#104964	REDUCE cov: 3265 ft: 4180 corp: 253/10807b lim: 330 exec/s: 14994 rss: 206Mb L: 82/230 MS: 1 EraseBytes-
#104965	REDUCE cov: 3265 ft: 4180 corp: 253/10806b lim: 330 exec/s: 14995 rss: 206Mb L: 10/230 MS: 1 EraseBytes-
#104978	REDUCE cov: 3265 ft: 4180 corp: 253/10801b lim: 330 exec/s: 14996 rss: 206Mb L: 21/230 MS: 3 InsertByte-CrossOver-EraseBytes-
#105769	REDUCE cov: 3265 ft: 4180 corp: 253/10800b lim: 330 exec/s: 15109 rss: 206Mb L: 14/230 MS: 1 EraseBytes-
#106438	REDUCE cov: 3265 ft: 4180 corp: 253/10798b lim: 330 exec/s: 15205 rss: 206Mb L: 41/230 MS: 4 ChangeBinInt-ChangeBinInt-ChangeBinInt-EraseBytes-
#106949	REDUCE cov: 3265 ft: 4223 corp: 254/11095b lim: 330 exec/s: 15278 rss: 206Mb L: 297/297 MS: 1 CopyPart-
#109507	REDUCE cov: 3265 ft: 4223 corp: 254/11084b lim: 354 exec/s: 15643 rss: 206Mb L: 67/297 MS: 3 CrossOver-CMP-EraseBytes- DE: "\000\023"-
#109513	REDUCE cov: 3265 ft: 4223 corp: 254/11083b lim: 354 exec/s: 15644 rss: 206Mb L: 60/297 MS: 1 EraseBytes-
#110507	REDUCE cov: 3265 ft: 4223 corp: 254/11074b lim: 362 exec/s: 15786 rss: 206Mb L: 32/297 MS: 4 EraseBytes-ChangeBinInt-PersAutoDict-EraseBytes- DE: "\010\000\000\000\000\000\000\000"-
#110548	REDUCE cov: 3265 ft: 4231 corp: 255/11272b lim: 362 exec/s: 15792 rss: 206Mb L: 198/297 MS: 1 InsertRepeatedBytes-
#110771	NEW    cov: 3265 ft: 4237 corp: 256/11487b lim: 362 exec/s: 15824 rss: 206Mb L: 215/297 MS: 3 ChangeBit-InsertRepeatedBytes-ChangeBinInt-
#112127	REDUCE cov: 3265 ft: 4237 corp: 256/11471b lim: 370 exec/s: 16018 rss: 206Mb L: 82/297 MS: 1 EraseBytes-
#112138	REDUCE cov: 3265 ft: 4237 corp: 256/11469b lim: 370 exec/s: 16019 rss: 206Mb L: 19/297 MS: 1 EraseBytes-
#112549	REDUCE cov: 3265 ft: 4237 corp: 256/11411b lim: 370 exec/s: 16078 rss: 206Mb L: 157/297 MS: 1 EraseBytes-
#113366	REDUCE cov: 3265 ft: 4237 corp: 256/11407b lim: 378 exec/s: 14170 rss: 206Mb L: 87/297 MS: 2 ShuffleBytes-EraseBytes-
#113493	NEW    cov: 3265 ft: 4239 corp: 257/11546b lim: 378 exec/s: 14186 rss: 206Mb L: 139/297 MS: 2 ShuffleBytes-InsertRepeatedBytes-
#114384	REDUCE cov: 3265 ft: 4239 corp: 257/11542b lim: 386 exec/s: 14298 rss: 206Mb L: 17/297 MS: 1 EraseBytes-
#114503	REDUCE cov: 3265 ft: 4239 corp: 257/11538b lim: 386 exec/s: 14312 rss: 206Mb L: 14/297 MS: 4 ShuffleBytes-ChangeBit-ChangeBinInt-EraseBytes-
#114629	NEW    cov: 3265 ft: 4241 corp: 258/11705b lim: 386 exec/s: 14328 rss: 206Mb L: 167/297 MS: 1 CopyPart-
#115210	REDUCE cov: 3265 ft: 4241 corp: 258/11661b lim: 386 exec/s: 14401 rss: 206Mb L: 95/297 MS: 1 EraseBytes-
#115632	NEW    cov: 3265 ft: 4243 corp: 259/11790b lim: 386 exec/s: 14454 rss: 206Mb L: 129/297 MS: 2 EraseBytes-PersAutoDict- DE: "\001\000\000\000\000\000\000\000"-
#116836	NEW    cov: 3265 ft: 4245 corp: 260/11920b lim: 394 exec/s: 14604 rss: 206Mb L: 130/297 MS: 4 EraseBytes-CrossOver-ShuffleBytes-ChangeBinInt-
#117392	REDUCE cov: 3265 ft: 4245 corp: 260/11918b lim: 394 exec/s: 14674 rss: 206Mb L: 20/297 MS: 1 EraseBytes-
#118134	REDUCE cov: 3265 ft: 4245 corp: 260/11915b lim: 394 exec/s: 14766 rss: 206Mb L: 15/297 MS: 2 EraseBytes-InsertByte-
#118600	REDUCE cov: 3265 ft: 4245 corp: 260/11904b lim: 394 exec/s: 14825 rss: 206Mb L: 78/297 MS: 1 EraseBytes-
#119474	REDUCE cov: 3265 ft: 4245 corp: 260/11888b lim: 402 exec/s: 14934 rss: 206Mb L: 89/297 MS: 4 InsertByte-ChangeBit-ChangeASCIIInt-EraseBytes-
#119851	REDUCE cov: 3265 ft: 4245 corp: 260/11887b lim: 402 exec/s: 14981 rss: 206Mb L: 17/297 MS: 2 ChangeBinInt-EraseBytes-
#120349	REDUCE cov: 3265 ft: 4245 corp: 260/11878b lim: 402 exec/s: 15043 rss: 206Mb L: 16/297 MS: 3 ChangeByte-CopyPart-EraseBytes-
#120551	REDUCE cov: 3265 ft: 4245 corp: 260/11876b lim: 402 exec/s: 15068 rss: 206Mb L: 21/297 MS: 2 ChangeBit-EraseBytes-
#121852	REDUCE cov: 3265 ft: 4245 corp: 260/11875b lim: 410 exec/s: 15231 rss: 206Mb L: 15/297 MS: 1 EraseBytes-
#121907	REDUCE cov: 3265 ft: 4245 corp: 260/11872b lim: 410 exec/s: 15238 rss: 206Mb L: 14/297 MS: 5 PersAutoDict-ChangeByte-ChangeByte-ShuffleBytes-EraseBytes- DE: "q\000\000\000\000\000\000\000"-
#124500	REDUCE cov: 3265 ft: 4245 corp: 260/11864b lim: 434 exec/s: 15562 rss: 206Mb L: 59/297 MS: 3 InsertByte-InsertByte-EraseBytes-
#124733	REDUCE cov: 3265 ft: 4245 corp: 260/11861b lim: 434 exec/s: 15591 rss: 206Mb L: 27/297 MS: 3 ChangeByte-ChangeBit-EraseBytes-
#124840	NEW    cov: 3266 ft: 4246 corp: 261/11882b lim: 434 exec/s: 15605 rss: 206Mb L: 21/297 MS: 2 ShuffleBytes-ChangeBinInt-
#125291	REDUCE cov: 3266 ft: 4246 corp: 261/11876b lim: 434 exec/s: 15661 rss: 206Mb L: 31/297 MS: 1 EraseBytes-
#125557	REDUCE cov: 3266 ft: 4246 corp: 261/11825b lim: 434 exec/s: 15694 rss: 206Mb L: 116/297 MS: 1 CrossOver-
#125594	REDUCE cov: 3266 ft: 4246 corp: 261/11824b lim: 434 exec/s: 15699 rss: 206Mb L: 13/297 MS: 2 CopyPart-EraseBytes-
#126251	REDUCE cov: 3266 ft: 4246 corp: 261/11821b lim: 434 exec/s: 15781 rss: 206Mb L: 16/297 MS: 2 ShuffleBytes-EraseBytes-
#126668	REDUCE cov: 3266 ft: 4246 corp: 261/11800b lim: 434 exec/s: 15833 rss: 206Mb L: 74/297 MS: 2 CrossOver-EraseBytes-
#128819	REDUCE cov: 3266 ft: 4246 corp: 261/11797b lim: 450 exec/s: 14313 rss: 206Mb L: 13/297 MS: 1 EraseBytes-
#129130	REDUCE cov: 3266 ft: 4246 corp: 261/11778b lim: 450 exec/s: 14347 rss: 206Mb L: 211/297 MS: 1 EraseBytes-
#129271	REDUCE cov: 3266 ft: 4246 corp: 261/11776b lim: 450 exec/s: 14363 rss: 206Mb L: 35/297 MS: 1 EraseBytes-
#129408	REDUCE cov: 3266 ft: 4249 corp: 262/11999b lim: 450 exec/s: 14378 rss: 206Mb L: 223/297 MS: 2 PersAutoDict-CrossOver- DE: "\016\000\000\000\000\000\000\000"-
#129565	REDUCE cov: 3266 ft: 4251 corp: 263/12213b lim: 450 exec/s: 14396 rss: 206Mb L: 214/297 MS: 2 InsertRepeatedBytes-InsertRepeatedBytes-
#130115	NEW    cov: 3266 ft: 4256 corp: 264/12412b lim: 450 exec/s: 14457 rss: 206Mb L: 199/297 MS: 5 ShuffleBytes-InsertByte-ChangeByte-ShuffleBytes-ChangeBit-
#130573	REDUCE cov: 3266 ft: 4256 corp: 264/12409b lim: 450 exec/s: 14508 rss: 206Mb L: 64/297 MS: 3 ShuffleBytes-ShuffleBytes-EraseBytes-
#130925	REDUCE cov: 3266 ft: 4256 corp: 264/12407b lim: 450 exec/s: 14547 rss: 206Mb L: 36/297 MS: 2 ShuffleBytes-EraseBytes-
#130941	REDUCE cov: 3266 ft: 4256 corp: 264/12358b lim: 450 exec/s: 14549 rss: 206Mb L: 174/297 MS: 1 EraseBytes-
#131072	pulse  cov: 3266 ft: 4256 corp: 264/12358b lim: 450 exec/s: 14563 rss: 206Mb
#131187	REDUCE cov: 3266 ft: 4256 corp: 264/12356b lim: 450 exec/s: 14576 rss: 206Mb L: 18/297 MS: 1 EraseBytes-
#131348	REDUCE cov: 3266 ft: 4256 corp: 264/12345b lim: 450 exec/s: 14594 rss: 206Mb L: 78/297 MS: 1 EraseBytes-
#131469	REDUCE cov: 3266 ft: 4256 corp: 264/12331b lim: 450 exec/s: 14607 rss: 206Mb L: 200/297 MS: 1 EraseBytes-
#132299	REDUCE cov: 3266 ft: 4256 corp: 264/12329b lim: 458 exec/s: 14699 rss: 206Mb L: 26/297 MS: 5 ChangeByte-ShuffleBytes-ChangeBinInt-EraseBytes-CopyPart-
#132582	REDUCE cov: 3266 ft: 4256 corp: 264/12328b lim: 458 exec/s: 14731 rss: 206Mb L: 83/297 MS: 3 EraseBytes-InsertRepeatedBytes-InsertByte-
#132664	REDUCE cov: 3266 ft: 4256 corp: 264/12327b lim: 458 exec/s: 14740 rss: 206Mb L: 16/297 MS: 2 ChangeByte-EraseBytes-
#132892	REDUCE cov: 3266 ft: 4256 corp: 264/12322b lim: 458 exec/s: 14765 rss: 206Mb L: 110/297 MS: 3 PersAutoDict-EraseBytes-CopyPart- DE: "\017\000\000\000\000\000\000\000"-
#133340	REDUCE cov: 3266 ft: 4256 corp: 264/12321b lim: 458 exec/s: 14815 rss: 206Mb L: 17/297 MS: 3 ChangeBinInt-PersAutoDict-EraseBytes- DE: "\015\000"-
#133817	REDUCE cov: 3266 ft: 4256 corp: 264/12305b lim: 458 exec/s: 14868 rss: 207Mb L: 16/297 MS: 2 EraseBytes-CopyPart-
#134233	REDUCE cov: 3266 ft: 4256 corp: 264/12304b lim: 458 exec/s: 14914 rss: 207Mb L: 45/297 MS: 1 EraseBytes-
#134921	REDUCE cov: 3266 ft: 4258 corp: 265/12363b lim: 458 exec/s: 14991 rss: 207Mb L: 59/297 MS: 3 ChangeByte-ChangeBinInt-CopyPart-
#135693	REDUCE cov: 3266 ft: 4258 corp: 265/12362b lim: 458 exec/s: 15077 rss: 207Mb L: 85/297 MS: 2 ChangeBinInt-EraseBytes-
#136185	REDUCE cov: 3266 ft: 4258 corp: 265/12356b lim: 458 exec/s: 15131 rss: 207Mb L: 120/297 MS: 2 ShuffleBytes-EraseBytes-
#137796	REDUCE cov: 3266 ft: 4264 corp: 266/12618b lim: 474 exec/s: 15310 rss: 207Mb L: 262/297 MS: 1 InsertRepeatedBytes-
#138443	REDUCE cov: 3266 ft: 4265 corp: 267/12711b lim: 474 exec/s: 15382 rss: 207Mb L: 93/297 MS: 2 PersAutoDict-EraseBytes- DE: "\377\377\377\377"-
#139513	REDUCE cov: 3266 ft: 4267 corp: 268/12829b lim: 482 exec/s: 15501 rss: 207Mb L: 118/297 MS: 5 CopyPart-InsertRepeatedBytes-CMP-ShuffleBytes-InsertRepeatedBytes- DE: "p\000"-
#140754	REDUCE cov: 3266 ft: 4267 corp: 268/12814b lim: 490 exec/s: 15639 rss: 207Mb L: 62/297 MS: 1 EraseBytes-
#140791	REDUCE cov: 3266 ft: 4267 corp: 268/12776b lim: 490 exec/s: 15643 rss: 207Mb L: 80/297 MS: 2 CopyPart-EraseBytes-
#142332	REDUCE cov: 3266 ft: 4267 corp: 268/12774b lim: 498 exec/s: 14233 rss: 207Mb L: 15/297 MS: 1 EraseBytes-
#142718	REDUCE cov: 3266 ft: 4267 corp: 268/12763b lim: 498 exec/s: 14271 rss: 207Mb L: 67/297 MS: 1 EraseBytes-
#142732	REDUCE cov: 3266 ft: 4267 corp: 268/12723b lim: 498 exec/s: 14273 rss: 207Mb L: 160/297 MS: 4 ShuffleBytes-InsertByte-ChangeByte-EraseBytes-
#143258	REDUCE cov: 3266 ft: 4267 corp: 268/12719b lim: 498 exec/s: 14325 rss: 207Mb L: 8/297 MS: 1 EraseBytes-
#143541	REDUCE cov: 3266 ft: 4267 corp: 268/12713b lim: 498 exec/s: 14354 rss: 207Mb L: 74/297 MS: 3 ShuffleBytes-ChangeBit-EraseBytes-
#143577	REDUCE cov: 3266 ft: 4267 corp: 268/12711b lim: 498 exec/s: 14357 rss: 207Mb L: 33/297 MS: 1 EraseBytes-
#144368	REDUCE cov: 3266 ft: 4267 corp: 268/12708b lim: 498 exec/s: 14436 rss: 207Mb L: 18/297 MS: 1 EraseBytes-
#144799	REDUCE cov: 3266 ft: 4267 corp: 268/12692b lim: 498 exec/s: 14479 rss: 207Mb L: 62/297 MS: 1 EraseBytes-
#145062	REDUCE cov: 3266 ft: 4267 corp: 268/12685b lim: 498 exec/s: 14506 rss: 207Mb L: 153/297 MS: 3 CopyPart-ChangeByte-EraseBytes-
#145723	REDUCE cov: 3266 ft: 4267 corp: 268/12666b lim: 498 exec/s: 14572 rss: 207Mb L: 179/297 MS: 1 EraseBytes-
#145860	REDUCE cov: 3266 ft: 4267 corp: 268/12665b lim: 498 exec/s: 14586 rss: 208Mb L: 14/297 MS: 2 CrossOver-EraseBytes-
#146561	REDUCE cov: 3266 ft: 4269 corp: 269/12739b lim: 498 exec/s: 14656 rss: 208Mb L: 74/297 MS: 1 ChangeBinInt-
#147095	REDUCE cov: 3266 ft: 4269 corp: 269/12709b lim: 498 exec/s: 14709 rss: 208Mb L: 44/297 MS: 4 ChangeBinInt-CrossOver-ChangeByte-EraseBytes-
#148164	REDUCE cov: 3266 ft: 4269 corp: 269/12705b lim: 506 exec/s: 14816 rss: 208Mb L: 40/297 MS: 4 ChangeByte-ChangeByte-ShuffleBytes-EraseBytes-
#150232	REDUCE cov: 3266 ft: 4269 corp: 269/12702b lim: 523 exec/s: 15023 rss: 208Mb L: 71/297 MS: 3 ShuffleBytes-InsertByte-EraseBytes-
#150266	REDUCE cov: 3266 ft: 4269 corp: 269/12671b lim: 523 exec/s: 15026 rss: 208Mb L: 40/297 MS: 4 CMP-CopyPart-CopyPart-EraseBytes- DE: "\016\000"-
#151443	REDUCE cov: 3266 ft: 4269 corp: 269/12670b lim: 532 exec/s: 15144 rss: 208Mb L: 129/297 MS: 2 ChangeBit-EraseBytes-
#151746	REDUCE cov: 3266 ft: 4269 corp: 269/12650b lim: 532 exec/s: 15174 rss: 208Mb L: 159/297 MS: 3 PersAutoDict-InsertByte-EraseBytes- DE: "\001\000\000\000\000\000\000\017"-
#152073	REDUCE cov: 3266 ft: 4269 corp: 269/12649b lim: 532 exec/s: 15207 rss: 208Mb L: 37/297 MS: 2 ShuffleBytes-EraseBytes-
#152179	REDUCE cov: 3266 ft: 4269 corp: 269/12632b lim: 532 exec/s: 15217 rss: 208Mb L: 23/297 MS: 1 EraseBytes-
#152866	REDUCE cov: 3266 ft: 4269 corp: 269/12624b lim: 532 exec/s: 15286 rss: 208Mb L: 54/297 MS: 2 ChangeBit-EraseBytes-
#153992	REDUCE cov: 3266 ft: 4270 corp: 270/12827b lim: 541 exec/s: 15399 rss: 208Mb L: 203/297 MS: 1 CopyPart-
#154093	REDUCE cov: 3266 ft: 4270 corp: 270/12823b lim: 541 exec/s: 15409 rss: 208Mb L: 56/297 MS: 1 EraseBytes-
#156611	REDUCE cov: 3266 ft: 4270 corp: 270/12821b lim: 559 exec/s: 14237 rss: 208Mb L: 38/297 MS: 3 InsertByte-ChangeBinInt-EraseBytes-
#156830	REDUCE cov: 3266 ft: 4270 corp: 270/12807b lim: 559 exec/s: 14257 rss: 208Mb L: 30/297 MS: 4 EraseBytes-CopyPart-ChangeBit-InsertByte-
#156982	NEW    cov: 3266 ft: 4276 corp: 271/13315b lim: 559 exec/s: 14271 rss: 208Mb L: 508/508 MS: 2 InsertRepeatedBytes-CopyPart-
#157858	REDUCE cov: 3266 ft: 4276 corp: 271/13313b lim: 559 exec/s: 14350 rss: 208Mb L: 19/508 MS: 1 EraseBytes-
#159204	REDUCE cov: 3266 ft: 4276 corp: 271/13310b lim: 568 exec/s: 14473 rss: 208Mb L: 33/508 MS: 1 EraseBytes-
#159382	REDUCE cov: 3266 ft: 4276 corp: 271/13305b lim: 568 exec/s: 14489 rss: 208Mb L: 31/508 MS: 3 PersAutoDict-ChangeASCIIInt-EraseBytes- DE: "\000\000\000\000\000\000\000\011"-
#159593	REDUCE cov: 3266 ft: 4276 corp: 271/13301b lim: 568 exec/s: 14508 rss: 208Mb L: 26/508 MS: 1 EraseBytes-
#159829	REDUCE cov: 3266 ft: 4276 corp: 271/13300b lim: 568 exec/s: 14529 rss: 208Mb L: 22/508 MS: 1 EraseBytes-
#160160	REDUCE cov: 3266 ft: 4276 corp: 271/13294b lim: 568 exec/s: 14560 rss: 208Mb L: 31/508 MS: 1 EraseBytes-
#161403	REDUCE cov: 3266 ft: 4276 corp: 271/13291b lim: 577 exec/s: 14673 rss: 208Mb L: 31/508 MS: 3 PersAutoDict-ChangeByte-EraseBytes- DE: "\001\000\000\000\000\000\000\017"-
#163029	REDUCE cov: 3266 ft: 4293 corp: 272/13700b lim: 586 exec/s: 14820 rss: 208Mb L: 409/508 MS: 1 CopyPart-
#163363	REDUCE cov: 3266 ft: 4293 corp: 272/13697b lim: 586 exec/s: 14851 rss: 208Mb L: 34/508 MS: 4 ChangeBit-PersAutoDict-ShuffleBytes-EraseBytes- DE: "\001\000\000\000\000\000\000\000"-
#163499	REDUCE cov: 3266 ft: 4293 corp: 272/13670b lim: 586 exec/s: 14863 rss: 208Mb L: 481/481 MS: 1 EraseBytes-
#163810	NEW    cov: 3266 ft: 4294 corp: 273/14093b lim: 586 exec/s: 14891 rss: 208Mb L: 423/481 MS: 1 CopyPart-
#164660	REDUCE cov: 3266 ft: 4296 corp: 274/14333b lim: 586 exec/s: 14969 rss: 208Mb L: 240/481 MS: 5 ChangeBit-ShuffleBytes-CopyPart-CopyPart-EraseBytes-
#165547	NEW    cov: 3267 ft: 4297 corp: 275/14377b lim: 586 exec/s: 15049 rss: 208Mb L: 44/481 MS: 2 InsertByte-PersAutoDict- DE: "\001\000\000\000\000\000\000\017"-
#165653	REDUCE cov: 3267 ft: 4297 corp: 275/14370b lim: 586 exec/s: 15059 rss: 208Mb L: 92/481 MS: 1 EraseBytes-
#167242	REDUCE cov: 3267 ft: 4297 corp: 275/14367b lim: 595 exec/s: 15203 rss: 208Mb L: 27/481 MS: 4 ShuffleBytes-ChangeBinInt-EraseBytes-PersAutoDict- DE: "p\000"-
#167563	REDUCE cov: 3267 ft: 4297 corp: 275/14362b lim: 595 exec/s: 15233 rss: 208Mb L: 148/481 MS: 1 EraseBytes-
#167579	REDUCE cov: 3267 ft: 4297 corp: 275/14361b lim: 595 exec/s: 15234 rss: 208Mb L: 16/481 MS: 1 EraseBytes-
#167711	REDUCE cov: 3267 ft: 4297 corp: 275/14347b lim: 595 exec/s: 15246 rss: 208Mb L: 15/481 MS: 2 EraseBytes-ShuffleBytes-
#167739	REDUCE cov: 3267 ft: 4297 corp: 275/14342b lim: 595 exec/s: 15249 rss: 208Mb L: 69/481 MS: 3 CopyPart-ChangeByte-EraseBytes-
#167815	REDUCE cov: 3267 ft: 4297 corp: 275/14339b lim: 595 exec/s: 15255 rss: 208Mb L: 28/481 MS: 1 EraseBytes-
#167905	REDUCE cov: 3267 ft: 4297 corp: 275/14297b lim: 595 exec/s: 15264 rss: 208Mb L: 439/439 MS: 5 ShuffleBytes-ShuffleBytes-CrossOver-ShuffleBytes-EraseBytes-
#171905	REDUCE cov: 3267 ft: 4297 corp: 275/14225b lim: 631 exec/s: 14325 rss: 209Mb L: 351/439 MS: 4 ShuffleBytes-ShuffleBytes-ChangeBit-EraseBytes-
#172286	REDUCE cov: 3267 ft: 4297 corp: 275/14221b lim: 631 exec/s: 14357 rss: 209Mb L: 15/439 MS: 1 EraseBytes-
#173113	REDUCE cov: 3267 ft: 4297 corp: 275/14207b lim: 631 exec/s: 14426 rss: 209Mb L: 32/439 MS: 2 PersAutoDict-EraseBytes- DE: "\002\000\000\000\000\000\000\000"-
#173250	NEW    cov: 3267 ft: 4303 corp: 276/14576b lim: 631 exec/s: 14437 rss: 209Mb L: 369/439 MS: 2 ChangeBinInt-CopyPart-
#173296	REDUCE cov: 3267 ft: 4303 corp: 276/14566b lim: 631 exec/s: 14441 rss: 209Mb L: 399/439 MS: 1 EraseBytes-
#173443	REDUCE cov: 3267 ft: 4303 corp: 276/14563b lim: 631 exec/s: 14453 rss: 209Mb L: 39/439 MS: 2 CopyPart-EraseBytes-
#173462	REDUCE cov: 3267 ft: 4303 corp: 276/14561b lim: 631 exec/s: 14455 rss: 209Mb L: 80/439 MS: 4 InsertByte-EraseBytes-ChangeBinInt-InsertRepeatedBytes-
#174620	REDUCE cov: 3267 ft: 4303 corp: 276/14559b lim: 640 exec/s: 14551 rss: 209Mb L: 20/439 MS: 3 ChangeByte-CrossOver-EraseBytes-
#174878	REDUCE cov: 3267 ft: 4303 corp: 276/14554b lim: 640 exec/s: 14573 rss: 209Mb L: 143/439 MS: 3 ChangeBinInt-CopyPart-EraseBytes-
#175425	REDUCE cov: 3267 ft: 4303 corp: 276/14541b lim: 640 exec/s: 14618 rss: 209Mb L: 203/439 MS: 2 ChangeBit-EraseBytes-
#175802	REDUCE cov: 3267 ft: 4303 corp: 276/14537b lim: 640 exec/s: 14650 rss: 209Mb L: 33/439 MS: 2 InsertByte-EraseBytes-
#175848	REDUCE cov: 3267 ft: 4311 corp: 277/15176b lim: 640 exec/s: 14654 rss: 209Mb L: 639/639 MS: 1 CopyPart-
#177681	REDUCE cov: 3267 ft: 4311 corp: 277/15105b lim: 658 exec/s: 14806 rss: 209Mb L: 298/639 MS: 3 ChangeBinInt-EraseBytes-CopyPart-
#179732	REDUCE cov: 3267 ft: 4311 corp: 277/15088b lim: 676 exec/s: 14977 rss: 209Mb L: 622/622 MS: 1 EraseBytes-
#180369	REDUCE cov: 3267 ft: 4311 corp: 277/15077b lim: 676 exec/s: 15030 rss: 209Mb L: 48/622 MS: 2 CopyPart-EraseBytes-
#181200	REDUCE cov: 3267 ft: 4311 corp: 277/15069b lim: 676 exec/s: 15100 rss: 209Mb L: 8/622 MS: 1 EraseBytes-
#181453	REDUCE cov: 3267 ft: 4311 corp: 277/15064b lim: 676 exec/s: 15121 rss: 209Mb L: 111/622 MS: 3 EraseBytes-ShuffleBytes-CopyPart-
#182614	REDUCE cov: 3267 ft: 4311 corp: 277/15062b lim: 685 exec/s: 15217 rss: 209Mb L: 39/622 MS: 1 EraseBytes-
#183297	REDUCE cov: 3267 ft: 4311 corp: 277/15060b lim: 685 exec/s: 15274 rss: 209Mb L: 13/622 MS: 3 EraseBytes-CMP-CopyPart- DE: "!\000"-
#183823	REDUCE cov: 3267 ft: 4311 corp: 277/15058b lim: 685 exec/s: 15318 rss: 209Mb L: 11/622 MS: 1 EraseBytes-
#184379	REDUCE cov: 3267 ft: 4315 corp: 278/15360b lim: 685 exec/s: 14183 rss: 209Mb L: 302/622 MS: 1 CMP- DE: "\000\000\000\331"-
#186280	REDUCE cov: 3267 ft: 4315 corp: 278/15353b lim: 703 exec/s: 14329 rss: 209Mb L: 150/622 MS: 1 EraseBytes-
#186506	REDUCE cov: 3267 ft: 4315 corp: 278/15350b lim: 703 exec/s: 14346 rss: 209Mb L: 41/622 MS: 1 EraseBytes-
#188089	REDUCE cov: 3267 ft: 4315 corp: 278/15337b lim: 712 exec/s: 14468 rss: 209Mb L: 24/622 MS: 3 CMP-EraseBytes-InsertByte- DE: "\014\000\000\000"-
#191336	REDUCE cov: 3267 ft: 4315 corp: 278/15335b lim: 739 exec/s: 14718 rss: 209Mb L: 16/622 MS: 2 PersAutoDict-EraseBytes- DE: "\022\000\000\000\000\000\000\000"-
#191777	REDUCE cov: 3267 ft: 4315 corp: 278/15319b lim: 739 exec/s: 14752 rss: 209Mb L: 127/622 MS: 1 EraseBytes-
#191884	REDUCE cov: 3267 ft: 4315 corp: 278/15317b lim: 739 exec/s: 14760 rss: 209Mb L: 127/622 MS: 2 ShuffleBytes-EraseBytes-
#192125	REDUCE cov: 3267 ft: 4315 corp: 278/15316b lim: 739 exec/s: 14778 rss: 209Mb L: 43/622 MS: 1 EraseBytes-
#192452	REDUCE cov: 3267 ft: 4315 corp: 278/15313b lim: 739 exec/s: 14804 rss: 209Mb L: 12/622 MS: 2 EraseBytes-CopyPart-
#192804	REDUCE cov: 3267 ft: 4315 corp: 278/15310b lim: 739 exec/s: 14831 rss: 209Mb L: 5/622 MS: 2 ChangeByte-EraseBytes-
#192884	REDUCE cov: 3267 ft: 4315 corp: 278/15309b lim: 739 exec/s: 14837 rss: 209Mb L: 58/622 MS: 5 ChangeByte-ChangeByte-ShuffleBytes-ShuffleBytes-EraseBytes-
#193996	REDUCE cov: 3267 ft: 4315 corp: 278/15298b lim: 748 exec/s: 14922 rss: 209Mb L: 291/622 MS: 2 ChangeBit-EraseBytes-
#194070	REDUCE cov: 3267 ft: 4315 corp: 278/15297b lim: 748 exec/s: 14928 rss: 209Mb L: 7/622 MS: 4 CopyPart-CrossOver-InsertByte-EraseBytes-
#194362	NEW    cov: 3267 ft: 4320 corp: 279/15483b lim: 748 exec/s: 14950 rss: 209Mb L: 186/622 MS: 2 ChangeBit-CrossOver-
#196376	REDUCE cov: 3267 ft: 4320 corp: 279/15482b lim: 766 exec/s: 15105 rss: 209Mb L: 16/622 MS: 4 InsertRepeatedBytes-CMP-ShuffleBytes-EraseBytes- DE: "\000\000\000\371"-
#197742	REDUCE cov: 3267 ft: 4322 corp: 280/15551b lim: 775 exec/s: 15210 rss: 209Mb L: 69/622 MS: 1 CopyPart-
#198000	REDUCE cov: 3267 ft: 4322 corp: 280/15549b lim: 775 exec/s: 15230 rss: 209Mb L: 33/622 MS: 3 ChangeByte-ChangeBinInt-EraseBytes-
#198591	REDUCE cov: 3267 ft: 4322 corp: 280/15544b lim: 775 exec/s: 15276 rss: 209Mb L: 11/622 MS: 1 EraseBytes-
#198960	REDUCE cov: 3267 ft: 4322 corp: 280/15539b lim: 775 exec/s: 14211 rss: 209Mb L: 53/622 MS: 4 InsertRepeatedBytes-CMP-ChangeBinInt-EraseBytes- DE: "!\000"-
#199812	REDUCE cov: 3267 ft: 4322 corp: 280/15517b lim: 775 exec/s: 14272 rss: 209Mb L: 164/622 MS: 2 CopyPart-CrossOver-
#199909	REDUCE cov: 3267 ft: 4322 corp: 280/15516b lim: 775 exec/s: 14279 rss: 209Mb L: 4/622 MS: 2 ShuffleBytes-EraseBytes-
#200652	REDUCE cov: 3267 ft: 4322 corp: 280/15506b lim: 775 exec/s: 14332 rss: 209Mb L: 59/622 MS: 1 EraseBytes-
#202083	REDUCE cov: 3267 ft: 4322 corp: 280/15483b lim: 784 exec/s: 14434 rss: 209Mb L: 180/622 MS: 1 EraseBytes-
#202101	REDUCE cov: 3267 ft: 4322 corp: 280/15482b lim: 784 exec/s: 14435 rss: 209Mb L: 3/622 MS: 3 CMP-EraseBytes-EraseBytes- DE: "0\000\000\000\000\000\000\000"-
#202602	REDUCE cov: 3267 ft: 4322 corp: 280/15469b lim: 784 exec/s: 14471 rss: 209Mb L: 285/622 MS: 1 EraseBytes-
#206188	REDUCE cov: 3267 ft: 4322 corp: 280/15466b lim: 811 exec/s: 14727 rss: 210Mb L: 29/622 MS: 1 EraseBytes-
#206509	REDUCE cov: 3267 ft: 4322 corp: 280/15458b lim: 811 exec/s: 14750 rss: 210Mb L: 166/622 MS: 1 EraseBytes-
#209737	NEW    cov: 3267 ft: 4325 corp: 281/15867b lim: 838 exec/s: 14981 rss: 210Mb L: 409/622 MS: 3 ChangeBit-CrossOver-PersAutoDict- DE: "\001\014"-
#210093	REDUCE cov: 3267 ft: 4325 corp: 281/15860b lim: 838 exec/s: 15006 rss: 210Mb L: 7/622 MS: 1 EraseBytes-
#210444	REDUCE cov: 3267 ft: 4325 corp: 281/15856b lim: 838 exec/s: 15031 rss: 210Mb L: 123/622 MS: 1 EraseBytes-
#210803	REDUCE cov: 3267 ft: 4325 corp: 281/15819b lim: 838 exec/s: 15057 rss: 210Mb L: 372/622 MS: 4 ShuffleBytes-ShuffleBytes-InsertRepeatedBytes-EraseBytes-
#210964	REDUCE cov: 3267 ft: 4325 corp: 281/15816b lim: 838 exec/s: 15068 rss: 210Mb L: 107/622 MS: 1 EraseBytes-
#212063	REDUCE cov: 3267 ft: 4325 corp: 281/15799b lim: 847 exec/s: 15147 rss: 210Mb L: 133/622 MS: 4 ShuffleBytes-ChangeByte-ChangeBit-EraseBytes-
#212384	REDUCE cov: 3267 ft: 4325 corp: 281/15787b lim: 847 exec/s: 15170 rss: 210Mb L: 28/622 MS: 1 EraseBytes-
#212950	REDUCE cov: 3267 ft: 4325 corp: 281/15784b lim: 847 exec/s: 14196 rss: 210Mb L: 34/622 MS: 1 EraseBytes-
#213281	REDUCE cov: 3267 ft: 4325 corp: 281/15783b lim: 847 exec/s: 14218 rss: 210Mb L: 9/622 MS: 1 EraseBytes-
#213529	REDUCE cov: 3267 ft: 4325 corp: 281/15782b lim: 847 exec/s: 14235 rss: 210Mb L: 13/622 MS: 3 ShuffleBytes-CopyPart-EraseBytes-
#213793	REDUCE cov: 3267 ft: 4325 corp: 281/15778b lim: 847 exec/s: 14252 rss: 210Mb L: 281/622 MS: 4 ChangeBinInt-EraseBytes-ChangeByte-CopyPart-
#214249	REDUCE cov: 3267 ft: 4325 corp: 281/15754b lim: 847 exec/s: 14283 rss: 210Mb L: 415/622 MS: 4 InsertByte-PersAutoDict-ChangeByte-EraseBytes- DE: "\000\000\000\000\000\000\000\023"-
#214280	REDUCE cov: 3267 ft: 4325 corp: 281/15752b lim: 847 exec/s: 14285 rss: 210Mb L: 34/622 MS: 1 EraseBytes-
#214541	REDUCE cov: 3267 ft: 4325 corp: 281/15749b lim: 847 exec/s: 14302 rss: 210Mb L: 13/622 MS: 1 EraseBytes-
#214766	REDUCE cov: 3267 ft: 4325 corp: 281/15730b lim: 847 exec/s: 14317 rss: 210Mb L: 8/622 MS: 5 ChangeBinInt-CMP-EraseBytes-EraseBytes-CMP- DE: "\000\000\000\300"-"\377\377\377\377"-
#215013	REDUCE cov: 3267 ft: 4325 corp: 281/15729b lim: 847 exec/s: 14334 rss: 210Mb L: 10/622 MS: 2 EraseBytes-ChangeBinInt-
#216499	REDUCE cov: 3267 ft: 4325 corp: 281/15726b lim: 856 exec/s: 14433 rss: 210Mb L: 23/622 MS: 1 EraseBytes-
#217385	REDUCE cov: 3267 ft: 4325 corp: 281/15719b lim: 856 exec/s: 14492 rss: 210Mb L: 33/622 MS: 1 EraseBytes-
#217774	REDUCE cov: 3267 ft: 4327 corp: 282/15794b lim: 856 exec/s: 14518 rss: 211Mb L: 75/622 MS: 4 ChangeByte-CopyPart-CrossOver-CrossOver-
#217827	REDUCE cov: 3267 ft: 4327 corp: 282/15792b lim: 856 exec/s: 14521 rss: 211Mb L: 11/622 MS: 3 PersAutoDict-ChangeByte-EraseBytes- DE: "\001\000\000\000\000\000\000\000"-
#218231	REDUCE cov: 3267 ft: 4327 corp: 282/15746b lim: 856 exec/s: 14548 rss: 211Mb L: 118/622 MS: 4 ChangeByte-InsertByte-EraseBytes-CopyPart-
#218564	NEW    cov: 3267 ft: 4329 corp: 283/15924b lim: 856 exec/s: 14570 rss: 211Mb L: 178/622 MS: 3 CrossOver-ChangeByte-CopyPart-
#219780	REDUCE cov: 3267 ft: 4329 corp: 283/15921b lim: 865 exec/s: 14652 rss: 211Mb L: 35/622 MS: 1 EraseBytes-
#222006	NEW    cov: 3267 ft: 4364 corp: 284/16Kb lim: 883 exec/s: 14800 rss: 211Mb L: 624/624 MS: 1 CrossOver-
#223577	REDUCE cov: 3267 ft: 4364 corp: 284/16Kb lim: 892 exec/s: 14905 rss: 211Mb L: 223/624 MS: 1 EraseBytes-
#224725	REDUCE cov: 3267 ft: 4364 corp: 284/16Kb lim: 901 exec/s: 14981 rss: 211Mb L: 53/624 MS: 3 ShuffleBytes-EraseBytes-InsertByte-
#226256	REDUCE cov: 3267 ft: 4364 corp: 284/16Kb lim: 910 exec/s: 15083 rss: 211Mb L: 43/624 MS: 1 EraseBytes-
#226370	REDUCE cov: 3267 ft: 4364 corp: 284/16Kb lim: 910 exec/s: 15091 rss: 211Mb L: 19/624 MS: 4 ChangeByte-PersAutoDict-ShuffleBytes-EraseBytes- DE: "\370\377\377\377\377\377\377\377"-
#227627	REDUCE cov: 3267 ft: 4364 corp: 284/16Kb lim: 919 exec/s: 14226 rss: 211Mb L: 196/624 MS: 2 ShuffleBytes-EraseBytes-
#227663	REDUCE cov: 3267 ft: 4364 corp: 284/16Kb lim: 919 exec/s: 14228 rss: 211Mb L: 9/624 MS: 1 EraseBytes-
#227870	REDUCE cov: 3267 ft: 4364 corp: 284/16Kb lim: 919 exec/s: 14241 rss: 211Mb L: 2/624 MS: 2 CopyPart-EraseBytes-
#227926	REDUCE cov: 3267 ft: 4364 corp: 284/16Kb lim: 919 exec/s: 14245 rss: 211Mb L: 152/624 MS: 1 EraseBytes-
#229102	REDUCE cov: 3267 ft: 4364 corp: 284/16Kb lim: 928 exec/s: 14318 rss: 211Mb L: 11/624 MS: 1 EraseBytes-
#230213	REDUCE cov: 3267 ft: 4364 corp: 284/16Kb lim: 937 exec/s: 14388 rss: 211Mb L: 132/624 MS: 1 EraseBytes-
#230286	REDUCE cov: 3267 ft: 4364 corp: 284/16Kb lim: 937 exec/s: 14392 rss: 211Mb L: 104/624 MS: 3 CMP-PersAutoDict-EraseBytes- DE: "\000\000\000\375"-"\000\000\000\300"-
#232892	REDUCE cov: 3267 ft: 4364 corp: 284/16Kb lim: 955 exec/s: 14555 rss: 211Mb L: 280/624 MS: 1 EraseBytes-
#233304	REDUCE cov: 3267 ft: 4364 corp: 284/16Kb lim: 955 exec/s: 14581 rss: 211Mb L: 24/624 MS: 2 EraseBytes-InsertByte-
#234390	REDUCE cov: 3267 ft: 4364 corp: 284/16Kb lim: 964 exec/s: 14649 rss: 211Mb L: 74/624 MS: 1 EraseBytes-
#234716	REDUCE cov: 3267 ft: 4369 corp: 285/16Kb lim: 964 exec/s: 14669 rss: 211Mb L: 491/624 MS: 1 CopyPart-
#234782	REDUCE cov: 3267 ft: 4369 corp: 285/16Kb lim: 964 exec/s: 14673 rss: 211Mb L: 474/624 MS: 1 EraseBytes-
#234828	REDUCE cov: 3267 ft: 4369 corp: 285/16Kb lim: 964 exec/s: 14676 rss: 211Mb L: 5/624 MS: 1 EraseBytes-
#236164	REDUCE cov: 3267 ft: 4369 corp: 285/16Kb lim: 973 exec/s: 14760 rss: 211Mb L: 431/624 MS: 1 EraseBytes-
#237352	REDUCE cov: 3267 ft: 4369 corp: 285/16Kb lim: 982 exec/s: 14834 rss: 211Mb L: 12/624 MS: 3 ChangeByte-ChangeBinInt-EraseBytes-
#237448	NEW    cov: 3267 ft: 4374 corp: 286/16Kb lim: 982 exec/s: 14840 rss: 211Mb L: 456/624 MS: 1 CrossOver-
#237509	REDUCE cov: 3267 ft: 4374 corp: 286/16Kb lim: 982 exec/s: 14844 rss: 211Mb L: 67/624 MS: 1 EraseBytes-
#238035	REDUCE cov: 3267 ft: 4374 corp: 286/16Kb lim: 982 exec/s: 14877 rss: 211Mb L: 154/624 MS: 1 EraseBytes-
#238834	REDUCE cov: 3267 ft: 4374 corp: 286/16Kb lim: 982 exec/s: 14927 rss: 211Mb L: 21/624 MS: 4 PersAutoDict-EraseBytes-ChangeByte-ShuffleBytes- DE: "q\000\000\000\000\000\000\000"-
#239050	REDUCE cov: 3267 ft: 4374 corp: 286/16Kb lim: 982 exec/s: 14940 rss: 211Mb L: 606/622 MS: 1 EraseBytes-
#243473	REDUCE cov: 3267 ft: 4374 corp: 286/16Kb lim: 1018 exec/s: 14321 rss: 211Mb L: 5/622 MS: 3 EraseBytes-ShuffleBytes-ChangeBinInt-
#244185	REDUCE cov: 3267 ft: 4374 corp: 286/16Kb lim: 1018 exec/s: 14363 rss: 211Mb L: 6/622 MS: 2 ShuffleBytes-EraseBytes-
#244398	REDUCE cov: 3267 ft: 4374 corp: 286/16Kb lim: 1018 exec/s: 14376 rss: 211Mb L: 40/622 MS: 3 ShuffleBytes-InsertByte-EraseBytes-
#244537	REDUCE cov: 3267 ft: 4378 corp: 287/17Kb lim: 1018 exec/s: 14384 rss: 211Mb L: 431/622 MS: 4 CrossOver-ChangeByte-CrossOver-CopyPart-
#244974	REDUCE cov: 3267 ft: 4378 corp: 287/17Kb lim: 1018 exec/s: 14410 rss: 211Mb L: 4/622 MS: 2 CopyPart-EraseBytes-
#245625	REDUCE cov: 3267 ft: 4378 corp: 287/17Kb lim: 1018 exec/s: 14448 rss: 211Mb L: 1/622 MS: 1 EraseBytes-
#246407	REDUCE cov: 3267 ft: 4378 corp: 287/17Kb lim: 1018 exec/s: 14494 rss: 211Mb L: 4/622 MS: 2 PersAutoDict-EraseBytes- DE: "\015\000"-
#246479	REDUCE cov: 3267 ft: 4378 corp: 287/17Kb lim: 1018 exec/s: 14498 rss: 211Mb L: 3/622 MS: 2 ShuffleBytes-EraseBytes-
#246598	REDUCE cov: 3267 ft: 4378 corp: 287/17Kb lim: 1018 exec/s: 14505 rss: 211Mb L: 389/622 MS: 4 ChangeBinInt-ChangeByte-CMP-EraseBytes- DE: "\000\001"-
#246739	REDUCE cov: 3267 ft: 4378 corp: 287/17Kb lim: 1018 exec/s: 14514 rss: 211Mb L: 78/622 MS: 1 EraseBytes-
#248019	REDUCE cov: 3267 ft: 4378 corp: 287/17Kb lim: 1027 exec/s: 14589 rss: 211Mb L: 359/622 MS: 5 ChangeBinInt-ChangeBit-CrossOver-ChangeASCIIInt-EraseBytes-
#253406	REDUCE cov: 3267 ft: 4378 corp: 287/17Kb lim: 1077 exec/s: 14906 rss: 211Mb L: 20/622 MS: 2 ShuffleBytes-EraseBytes-
#253832	REDUCE cov: 3267 ft: 4378 corp: 287/17Kb lim: 1077 exec/s: 14931 rss: 211Mb L: 17/622 MS: 1 EraseBytes-
#254553	REDUCE cov: 3267 ft: 4378 corp: 287/17Kb lim: 1077 exec/s: 14973 rss: 211Mb L: 19/622 MS: 1 EraseBytes-
#254935	REDUCE cov: 3267 ft: 4378 corp: 287/17Kb lim: 1077 exec/s: 14996 rss: 211Mb L: 152/622 MS: 2 EraseBytes-EraseBytes-
#256596	REDUCE cov: 3267 ft: 4378 corp: 287/17Kb lim: 1087 exec/s: 14255 rss: 211Mb L: 3/622 MS: 1 EraseBytes-
#256757	REDUCE cov: 3267 ft: 4378 corp: 287/17Kb lim: 1087 exec/s: 14264 rss: 211Mb L: 289/622 MS: 1 EraseBytes-
#257612	REDUCE cov: 3267 ft: 4378 corp: 287/17Kb lim: 1087 exec/s: 14311 rss: 211Mb L: 14/622 MS: 2 ShuffleBytes-EraseBytes-
#258176	REDUCE cov: 3267 ft: 4378 corp: 287/17Kb lim: 1087 exec/s: 14343 rss: 211Mb L: 10/622 MS: 4 ChangeASCIIInt-EraseBytes-EraseBytes-EraseBytes-
#258692	REDUCE cov: 3267 ft: 4378 corp: 287/17Kb lim: 1087 exec/s: 14371 rss: 211Mb L: 51/622 MS: 1 EraseBytes-
#258738	REDUCE cov: 3267 ft: 4378 corp: 287/17Kb lim: 1087 exec/s: 14374 rss: 211Mb L: 55/622 MS: 1 EraseBytes-
#259362	REDUCE cov: 3267 ft: 4378 corp: 287/17Kb lim: 1087 exec/s: 14409 rss: 212Mb L: 2/622 MS: 4 ChangeBit-ChangeBinInt-CopyPart-EraseBytes-
#260904	REDUCE cov: 3267 ft: 4378 corp: 287/17Kb lim: 1097 exec/s: 14494 rss: 213Mb L: 41/622 MS: 2 ShuffleBytes-EraseBytes-
#261961	REDUCE cov: 3267 ft: 4378 corp: 287/16Kb lim: 1107 exec/s: 14553 rss: 213Mb L: 222/622 MS: 2 ChangeBinInt-EraseBytes-
#262144	pulse  cov: 3267 ft: 4378 corp: 287/16Kb lim: 1107 exec/s: 14563 rss: 213Mb
#263990	REDUCE cov: 3267 ft: 4378 corp: 287/16Kb lim: 1127 exec/s: 14666 rss: 213Mb L: 6/622 MS: 4 CMP-EraseBytes-ChangeByte-CopyPart- DE: "\000\000\000\312"-
#264301	REDUCE cov: 3267 ft: 4378 corp: 287/16Kb lim: 1127 exec/s: 14683 rss: 213Mb L: 85/622 MS: 1 EraseBytes-
#264768	REDUCE cov: 3267 ft: 4378 corp: 287/16Kb lim: 1127 exec/s: 14709 rss: 213Mb L: 41/622 MS: 2 EraseBytes-CopyPart-
#267258	REDUCE cov: 3267 ft: 4378 corp: 287/16Kb lim: 1147 exec/s: 14847 rss: 213Mb L: 611/611 MS: 5 CopyPart-ShuffleBytes-ChangeByte-EraseBytes-PersAutoDict- DE: "\002\000\000\000\000\000\000\000"-
#268225	REDUCE cov: 3267 ft: 4378 corp: 287/16Kb lim: 1147 exec/s: 14901 rss: 213Mb L: 398/611 MS: 2 CopyPart-EraseBytes-
#269620	REDUCE cov: 3267 ft: 4378 corp: 287/16Kb lim: 1157 exec/s: 14190 rss: 213Mb L: 51/611 MS: 5 EraseBytes-EraseBytes-ChangeBit-ChangeByte-InsertByte-
#271080	REDUCE cov: 3267 ft: 4378 corp: 287/16Kb lim: 1167 exec/s: 14267 rss: 213Mb L: 57/611 MS: 5 CopyPart-ShuffleBytes-CopyPart-EraseBytes-PersAutoDict- DE: "\003v'bv'bv"-
#274038	REDUCE cov: 3267 ft: 4378 corp: 287/16Kb lim: 1187 exec/s: 14423 rss: 213Mb L: 9/611 MS: 1 EraseBytes-
#277006	NEW    cov: 3267 ft: 4380 corp: 288/17Kb lim: 1207 exec/s: 14579 rss: 213Mb L: 318/611 MS: 3 InsertRepeatedBytes-ChangeBinInt-CrossOver-
#277517	REDUCE cov: 3267 ft: 4380 corp: 288/17Kb lim: 1207 exec/s: 14606 rss: 213Mb L: 11/611 MS: 1 EraseBytes-
#278524	REDUCE cov: 3267 ft: 4380 corp: 288/17Kb lim: 1217 exec/s: 14659 rss: 213Mb L: 259/611 MS: 2 ChangeBit-EraseBytes-
#280339	REDUCE cov: 3267 ft: 4380 corp: 288/17Kb lim: 1227 exec/s: 14754 rss: 213Mb L: 237/611 MS: 5 PersAutoDict-PersAutoDict-InsertByte-CopyPart-EraseBytes- DE: "\016\000"-"\017\000\000\000\000\000\000\000"-
#280356	REDUCE cov: 3267 ft: 4380 corp: 288/17Kb lim: 1227 exec/s: 14755 rss: 213Mb L: 9/611 MS: 2 EraseBytes-PersAutoDict- DE: "\000\023"-
#280472	REDUCE cov: 3267 ft: 4380 corp: 288/17Kb lim: 1227 exec/s: 14761 rss: 213Mb L: 1/611 MS: 1 EraseBytes-
#281450	REDUCE cov: 3267 ft: 4380 corp: 288/17Kb lim: 1227 exec/s: 14813 rss: 213Mb L: 348/611 MS: 3 EraseBytes-InsertByte-InsertRepeatedBytes-
#282067	REDUCE cov: 3267 ft: 4380 corp: 288/17Kb lim: 1227 exec/s: 14845 rss: 213Mb L: 28/611 MS: 2 InsertByte-EraseBytes-
#282382	REDUCE cov: 3267 ft: 4380 corp: 288/17Kb lim: 1227 exec/s: 14862 rss: 213Mb L: 46/611 MS: 5 ChangeBit-ShuffleBytes-ChangeBit-EraseBytes-CopyPart-
#282428	REDUCE cov: 3267 ft: 4380 corp: 288/17Kb lim: 1227 exec/s: 14864 rss: 213Mb L: 66/611 MS: 1 EraseBytes-
#282674	REDUCE cov: 3267 ft: 4380 corp: 288/17Kb lim: 1227 exec/s: 14877 rss: 213Mb L: 45/611 MS: 1 EraseBytes-
#282738	REDUCE cov: 3267 ft: 4380 corp: 288/17Kb lim: 1227 exec/s: 14880 rss: 213Mb L: 318/611 MS: 4 ChangeByte-EraseBytes-ChangeByte-CMP- DE: "\001\000\000\000\000\000\000\000"-
#283049	REDUCE cov: 3267 ft: 4380 corp: 288/17Kb lim: 1227 exec/s: 14897 rss: 213Mb L: 396/611 MS: 1 EraseBytes-
#284302	REDUCE cov: 3267 ft: 4380 corp: 288/17Kb lim: 1237 exec/s: 14963 rss: 213Mb L: 67/611 MS: 3 ChangeByte-CopyPart-EraseBytes-
#285511	REDUCE cov: 3267 ft: 4380 corp: 288/17Kb lim: 1247 exec/s: 14275 rss: 213Mb L: 266/611 MS: 4 ChangeBit-ShuffleBytes-CMP-EraseBytes- DE: "\355\003\000\000\000\000\000\000"-
#286165	REDUCE cov: 3267 ft: 4382 corp: 289/17Kb lim: 1247 exec/s: 14308 rss: 213Mb L: 135/611 MS: 4 ChangeBit-ChangeBit-InsertRepeatedBytes-InsertRepeatedBytes-
#286446	REDUCE cov: 3267 ft: 4382 corp: 289/17Kb lim: 1247 exec/s: 14322 rss: 213Mb L: 13/611 MS: 1 EraseBytes-
#286516	REDUCE cov: 3267 ft: 4382 corp: 289/17Kb lim: 1247 exec/s: 14325 rss: 213Mb L: 19/611 MS: 5 CMP-ChangeBinInt-CMP-ChangeBit-EraseBytes- DE: "\001\000\000\000\000\000\000\220"-"\376\377\377\377"-
#287091	REDUCE cov: 3267 ft: 4382 corp: 289/17Kb lim: 1247 exec/s: 14354 rss: 213Mb L: 26/611 MS: 5 EraseBytes-CrossOver-ChangeBit-ChangeBinInt-ChangeBit-
#287697	REDUCE cov: 3267 ft: 4382 corp: 289/17Kb lim: 1247 exec/s: 14384 rss: 213Mb L: 73/611 MS: 1 EraseBytes-
#287948	REDUCE cov: 3267 ft: 4382 corp: 289/17Kb lim: 1247 exec/s: 14397 rss: 213Mb L: 4/611 MS: 1 EraseBytes-
#288016	REDUCE cov: 3267 ft: 4382 corp: 289/17Kb lim: 1247 exec/s: 14400 rss: 213Mb L: 107/611 MS: 3 PersAutoDict-ShuffleBytes-EraseBytes- DE: "\010\000\000\000\000\000\000\000"-
#288574	REDUCE cov: 3267 ft: 4382 corp: 289/17Kb lim: 1247 exec/s: 14428 rss: 213Mb L: 203/611 MS: 3 CMP-ShuffleBytes-EraseBytes- DE: "\377\377\377\377\377\377\377\007"-
#289175	REDUCE cov: 3267 ft: 4382 corp: 289/17Kb lim: 1247 exec/s: 14458 rss: 213Mb L: 221/611 MS: 1 EraseBytes-
#289908	REDUCE cov: 3267 ft: 4382 corp: 289/17Kb lim: 1247 exec/s: 14495 rss: 214Mb L: 24/611 MS: 3 CrossOver-CMP-EraseBytes- DE: "\000\000\000\000"-
#290315	REDUCE cov: 3267 ft: 4382 corp: 289/17Kb lim: 1247 exec/s: 14515 rss: 214Mb L: 198/611 MS: 2 ShuffleBytes-EraseBytes-
#291126	REDUCE cov: 3267 ft: 4382 corp: 289/17Kb lim: 1247 exec/s: 14556 rss: 214Mb L: 126/611 MS: 1 EraseBytes-
#292098	REDUCE cov: 3267 ft: 4382 corp: 289/17Kb lim: 1247 exec/s: 14604 rss: 214Mb L: 120/611 MS: 2 ChangeBit-EraseBytes-
#293960	REDUCE cov: 3267 ft: 4382 corp: 289/17Kb lim: 1257 exec/s: 14698 rss: 214Mb L: 7/611 MS: 2 ShuffleBytes-EraseBytes-
#295282	REDUCE cov: 3267 ft: 4382 corp: 289/17Kb lim: 1267 exec/s: 14764 rss: 214Mb L: 83/611 MS: 2 CrossOver-EraseBytes-
#297013	REDUCE cov: 3267 ft: 4382 corp: 289/17Kb lim: 1277 exec/s: 14850 rss: 214Mb L: 10/611 MS: 1 EraseBytes-
#299609	REDUCE cov: 3267 ft: 4382 corp: 289/17Kb lim: 1297 exec/s: 14267 rss: 214Mb L: 17/611 MS: 1 EraseBytes-
#299805	REDUCE cov: 3267 ft: 4382 corp: 289/17Kb lim: 1297 exec/s: 14276 rss: 214Mb L: 220/611 MS: 1 EraseBytes-
#300058	REDUCE cov: 3267 ft: 4382 corp: 289/17Kb lim: 1297 exec/s: 14288 rss: 214Mb L: 317/611 MS: 3 CopyPart-ChangeBinInt-EraseBytes-
#300319	REDUCE cov: 3267 ft: 4382 corp: 289/17Kb lim: 1297 exec/s: 14300 rss: 214Mb L: 74/611 MS: 1 EraseBytes-
#301378	REDUCE cov: 3267 ft: 4382 corp: 289/17Kb lim: 1307 exec/s: 14351 rss: 214Mb L: 65/611 MS: 4 ChangeBit-ShuffleBytes-CrossOver-EraseBytes-
#302039	REDUCE cov: 3267 ft: 4382 corp: 289/17Kb lim: 1307 exec/s: 14382 rss: 214Mb L: 9/611 MS: 1 EraseBytes-
#303100	REDUCE cov: 3267 ft: 4382 corp: 289/16Kb lim: 1317 exec/s: 14433 rss: 214Mb L: 28/611 MS: 1 EraseBytes-
#308653	REDUCE cov: 3267 ft: 4382 corp: 289/16Kb lim: 1367 exec/s: 14697 rss: 214Mb L: 17/611 MS: 3 ChangeByte-ShuffleBytes-EraseBytes-
#308802	REDUCE cov: 3267 ft: 4382 corp: 289/16Kb lim: 1367 exec/s: 14704 rss: 214Mb L: 15/611 MS: 4 CrossOver-EraseBytes-ChangeByte-EraseBytes-
#309273	REDUCE cov: 3267 ft: 4382 corp: 289/16Kb lim: 1367 exec/s: 14727 rss: 214Mb L: 61/611 MS: 1 EraseBytes-
#309309	REDUCE cov: 3267 ft: 4382 corp: 289/16Kb lim: 1367 exec/s: 14729 rss: 214Mb L: 40/611 MS: 1 EraseBytes-
#309716	REDUCE cov: 3267 ft: 4382 corp: 289/16Kb lim: 1367 exec/s: 14748 rss: 214Mb L: 43/611 MS: 2 ShuffleBytes-EraseBytes-
#309933	REDUCE cov: 3267 ft: 4382 corp: 289/16Kb lim: 1367 exec/s: 14758 rss: 214Mb L: 64/611 MS: 2 CMP-EraseBytes- DE: "\376\377\377\230"-
#311204	REDUCE cov: 3267 ft: 4382 corp: 289/16Kb lim: 1377 exec/s: 14819 rss: 214Mb L: 220/611 MS: 1 EraseBytes-
#311942	REDUCE cov: 3267 ft: 4382 corp: 289/16Kb lim: 1377 exec/s: 14854 rss: 214Mb L: 6/611 MS: 3 ChangeByte-InsertByte-EraseBytes-
#312040	REDUCE cov: 3267 ft: 4382 corp: 289/16Kb lim: 1377 exec/s: 14859 rss: 214Mb L: 12/611 MS: 3 ChangeBit-ChangeBit-EraseBytes-
#312046	REDUCE cov: 3267 ft: 4382 corp: 289/16Kb lim: 1377 exec/s: 14859 rss: 214Mb L: 113/611 MS: 1 EraseBytes-
#313319	REDUCE cov: 3267 ft: 4382 corp: 289/16Kb lim: 1387 exec/s: 14919 rss: 214Mb L: 171/611 MS: 3 InsertByte-EraseBytes-CrossOver-
#313718	REDUCE cov: 3267 ft: 4382 corp: 289/16Kb lim: 1387 exec/s: 14938 rss: 214Mb L: 28/611 MS: 4 ChangeBit-ChangeBit-ShuffleBytes-EraseBytes-
#314736	REDUCE cov: 3267 ft: 4382 corp: 289/16Kb lim: 1397 exec/s: 14306 rss: 214Mb L: 68/611 MS: 3 PersAutoDict-CMP-EraseBytes- DE: "\001\000\000\000"-"\000\000\000m"-
#317324	REDUCE cov: 3267 ft: 4382 corp: 289/16Kb lim: 1417 exec/s: 14423 rss: 214Mb L: 35/611 MS: 2 ChangeBinInt-EraseBytes-
#317358	REDUCE cov: 3267 ft: 4382 corp: 289/16Kb lim: 1417 exec/s: 14425 rss: 214Mb L: 40/611 MS: 4 ChangeByte-ShuffleBytes-ChangeBinInt-EraseBytes-
#317547	REDUCE cov: 3267 ft: 4384 corp: 290/17Kb lim: 1417 exec/s: 14433 rss: 214Mb L: 196/611 MS: 4 CopyPart-CrossOver-ChangeByte-CrossOver-
#318677	REDUCE cov: 3267 ft: 4384 corp: 290/17Kb lim: 1427 exec/s: 14485 rss: 214Mb L: 14/611 MS: 5 ChangeByte-ShuffleBytes-EraseBytes-ShuffleBytes-ShuffleBytes-
#320608	REDUCE cov: 3267 ft: 4384 corp: 290/17Kb lim: 1437 exec/s: 14573 rss: 214Mb L: 39/611 MS: 1 EraseBytes-
#320684	NEW    cov: 3267 ft: 4386 corp: 291/17Kb lim: 1437 exec/s: 14576 rss: 214Mb L: 196/611 MS: 1 ChangeBinInt-
#321815	REDUCE cov: 3267 ft: 4386 corp: 291/17Kb lim: 1447 exec/s: 14627 rss: 214Mb L: 119/611 MS: 1 EraseBytes-
#323813	REDUCE cov: 3267 ft: 4386 corp: 291/17Kb lim: 1457 exec/s: 14718 rss: 214Mb L: 36/611 MS: 3 ChangeBit-ChangeBinInt-EraseBytes-
#324305	REDUCE cov: 3267 ft: 4386 corp: 291/17Kb lim: 1457 exec/s: 14741 rss: 214Mb L: 171/611 MS: 2 CopyPart-EraseBytes-
#324372	REDUCE cov: 3267 ft: 4386 corp: 291/17Kb lim: 1457 exec/s: 14744 rss: 214Mb L: 9/611 MS: 2 EraseBytes-ShuffleBytes-
#324640	REDUCE cov: 3267 ft: 4399 corp: 292/18Kb lim: 1457 exec/s: 14756 rss: 214Mb L: 1186/1186 MS: 3 CrossOver-PersAutoDict-CopyPart- DE: "\000\000\000\000\000\000\000\000"-
#325632	REDUCE cov: 3267 ft: 4399 corp: 292/18Kb lim: 1457 exec/s: 14801 rss: 214Mb L: 31/1186 MS: 2 ShuffleBytes-EraseBytes-
#326915	REDUCE cov: 3267 ft: 4399 corp: 292/18Kb lim: 1467 exec/s: 14859 rss: 214Mb L: 12/1186 MS: 3 CopyPart-CrossOver-EraseBytes-
#328642	REDUCE cov: 3267 ft: 4399 corp: 292/18Kb lim: 1477 exec/s: 14938 rss: 214Mb L: 42/1186 MS: 2 ChangeByte-EraseBytes-
#329314	REDUCE cov: 3267 ft: 4399 corp: 292/18Kb lim: 1477 exec/s: 14318 rss: 214Mb L: 25/1186 MS: 2 EraseBytes-InsertByte-
#330787	REDUCE cov: 3267 ft: 4399 corp: 292/18Kb lim: 1487 exec/s: 14382 rss: 214Mb L: 32/1186 MS: 3 CMP-EraseBytes-EraseBytes- DE: "\006\000\000\000\000\000\000\000"-
#333151	REDUCE cov: 3267 ft: 4399 corp: 292/18Kb lim: 1507 exec/s: 14484 rss: 214Mb L: 149/1186 MS: 3 ChangeByte-CopyPart-EraseBytes-
#333213	REDUCE cov: 3267 ft: 4399 corp: 292/18Kb lim: 1507 exec/s: 14487 rss: 214Mb L: 190/1186 MS: 2 CMP-EraseBytes- DE: "\011\000\000\000\000\000\000\000"-
#333250	REDUCE cov: 3267 ft: 4399 corp: 292/18Kb lim: 1507 exec/s: 14489 rss: 214Mb L: 35/1186 MS: 2 ShuffleBytes-EraseBytes-
#334361	REDUCE cov: 3267 ft: 4399 corp: 292/18Kb lim: 1517 exec/s: 14537 rss: 214Mb L: 129/1186 MS: 1 EraseBytes-
#336082	REDUCE cov: 3267 ft: 4399 corp: 292/18Kb lim: 1527 exec/s: 14612 rss: 214Mb L: 20/1186 MS: 1 EraseBytes-
#337898	REDUCE cov: 3267 ft: 4399 corp: 292/18Kb lim: 1537 exec/s: 14691 rss: 214Mb L: 66/1186 MS: 1 EraseBytes-
#339991	REDUCE cov: 3267 ft: 4399 corp: 292/18Kb lim: 1557 exec/s: 14782 rss: 215Mb L: 6/1186 MS: 3 CopyPart-ShuffleBytes-EraseBytes-
#341644	REDUCE cov: 3267 ft: 4399 corp: 292/18Kb lim: 1567 exec/s: 14854 rss: 215Mb L: 158/1186 MS: 3 CopyPart-InsertRepeatedBytes-EraseBytes-
#343550	REDUCE cov: 3267 ft: 4399 corp: 292/18Kb lim: 1577 exec/s: 14936 rss: 215Mb L: 81/1186 MS: 1 EraseBytes-
#343651	REDUCE cov: 3267 ft: 4399 corp: 292/18Kb lim: 1577 exec/s: 14941 rss: 215Mb L: 65/1186 MS: 1 EraseBytes-
#344846	REDUCE cov: 3267 ft: 4399 corp: 292/18Kb lim: 1587 exec/s: 14368 rss: 215Mb L: 31/1186 MS: 5 CopyPart-EraseBytes-CopyPart-ChangeBinInt-EraseBytes-
#347134	NEW    cov: 3267 ft: 4402 corp: 293/18Kb lim: 1607 exec/s: 14463 rss: 215Mb L: 571/1186 MS: 3 PersAutoDict-EraseBytes-CrossOver- DE: "\010\000\000\000\000\000\000\000"-
#347250	REDUCE cov: 3267 ft: 4402 corp: 293/18Kb lim: 1607 exec/s: 14468 rss: 215Mb L: 441/1186 MS: 1 EraseBytes-
#347607	REDUCE cov: 3267 ft: 4402 corp: 293/18Kb lim: 1607 exec/s: 14483 rss: 215Mb L: 304/1186 MS: 2 ChangeByte-EraseBytes-
#347850	REDUCE cov: 3267 ft: 4402 corp: 293/18Kb lim: 1607 exec/s: 14493 rss: 215Mb L: 372/1186 MS: 3 ChangeBit-ChangeBinInt-EraseBytes-
#348643	REDUCE cov: 3267 ft: 4402 corp: 293/18Kb lim: 1607 exec/s: 14526 rss: 215Mb L: 6/1186 MS: 3 EraseBytes-ChangeByte-ChangeByte-
#348771	REDUCE cov: 3267 ft: 4402 corp: 293/18Kb lim: 1607 exec/s: 14532 rss: 215Mb L: 4/1186 MS: 3 EraseBytes-EraseBytes-EraseBytes-
#352449	REDUCE cov: 3267 ft: 4402 corp: 293/18Kb lim: 1637 exec/s: 14685 rss: 215Mb L: 18/1186 MS: 3 ShuffleBytes-ChangeBinInt-EraseBytes-
#353706	REDUCE cov: 3267 ft: 4402 corp: 293/18Kb lim: 1647 exec/s: 14737 rss: 215Mb L: 66/1186 MS: 2 PersAutoDict-EraseBytes- DE: "\000\023"-
#355878	REDUCE cov: 3267 ft: 4402 corp: 293/18Kb lim: 1667 exec/s: 14828 rss: 215Mb L: 31/1186 MS: 2 InsertByte-EraseBytes-
#357564	REDUCE cov: 3267 ft: 4402 corp: 293/18Kb lim: 1677 exec/s: 14898 rss: 215Mb L: 131/1186 MS: 1 EraseBytes-
#360875	REDUCE cov: 3267 ft: 4402 corp: 293/18Kb lim: 1707 exec/s: 14435 rss: 215Mb L: 169/1186 MS: 1 EraseBytes-
#361936	REDUCE cov: 3267 ft: 4402 corp: 293/18Kb lim: 1717 exec/s: 14477 rss: 215Mb L: 51/1186 MS: 1 EraseBytes-
#362832	REDUCE cov: 3267 ft: 4402 corp: 293/18Kb lim: 1717 exec/s: 14513 rss: 215Mb L: 214/1186 MS: 1 EraseBytes-
#364217	REDUCE cov: 3267 ft: 4402 corp: 293/18Kb lim: 1727 exec/s: 14568 rss: 215Mb L: 126/1186 MS: 5 CrossOver-ChangeByte-ChangeByte-EraseBytes-InsertByte-
#365223	REDUCE cov: 3267 ft: 4402 corp: 293/18Kb lim: 1737 exec/s: 14608 rss: 215Mb L: 113/1186 MS: 1 EraseBytes-
#365514	REDUCE cov: 3267 ft: 4402 corp: 293/18Kb lim: 1737 exec/s: 14620 rss: 215Mb L: 126/1186 MS: 1 EraseBytes-
#366439	REDUCE cov: 3267 ft: 4402 corp: 293/18Kb lim: 1737 exec/s: 14657 rss: 215Mb L: 82/1186 MS: 5 InsertRepeatedBytes-ShuffleBytes-EraseBytes-CopyPart-CrossOver-
#368003	REDUCE cov: 3267 ft: 4403 corp: 294/18Kb lim: 1747 exec/s: 14720 rss: 216Mb L: 18/1186 MS: 4 ChangeBit-ChangeBit-ChangeBit-EraseBytes-
#369869	REDUCE cov: 3267 ft: 4403 corp: 294/18Kb lim: 1757 exec/s: 14794 rss: 216Mb L: 65/1186 MS: 1 EraseBytes-
#370312	REDUCE cov: 3267 ft: 4403 corp: 294/18Kb lim: 1757 exec/s: 14812 rss: 216Mb L: 49/1186 MS: 3 EraseBytes-InsertByte-CrossOver-
#371673	REDUCE cov: 3267 ft: 4403 corp: 294/18Kb lim: 1767 exec/s: 14866 rss: 218Mb L: 23/1186 MS: 1 EraseBytes-
#375194	REDUCE cov: 3267 ft: 4403 corp: 294/18Kb lim: 1797 exec/s: 14430 rss: 218Mb L: 110/1186 MS: 1 EraseBytes-
#375367	REDUCE cov: 3267 ft: 4403 corp: 294/18Kb lim: 1797 exec/s: 14437 rss: 218Mb L: 25/1186 MS: 3 CrossOver-ChangeByte-EraseBytes-
#380386	REDUCE cov: 3267 ft: 4403 corp: 294/18Kb lim: 1837 exec/s: 14630 rss: 218Mb L: 94/1186 MS: 4 CrossOver-ShuffleBytes-ChangeBit-EraseBytes-
#381367	REDUCE cov: 3267 ft: 4418 corp: 295/19Kb lim: 1837 exec/s: 14667 rss: 218Mb L: 1177/1186 MS: 1 CrossOver-
#382628	REDUCE cov: 3267 ft: 4418 corp: 295/19Kb lim: 1847 exec/s: 14716 rss: 218Mb L: 105/1186 MS: 1 EraseBytes-
#382723	REDUCE cov: 3267 ft: 4418 corp: 295/19Kb lim: 1847 exec/s: 14720 rss: 218Mb L: 1173/1177 MS: 5 CopyPart-ChangeBinInt-ChangeByte-ShuffleBytes-EraseBytes-
#382864	REDUCE cov: 3267 ft: 4418 corp: 295/19Kb lim: 1847 exec/s: 14725 rss: 218Mb L: 3/1177 MS: 1 EraseBytes-
#382940	REDUCE cov: 3267 ft: 4418 corp: 295/19Kb lim: 1847 exec/s: 14728 rss: 218Mb L: 16/1177 MS: 1 EraseBytes-
#383372	REDUCE cov: 3267 ft: 4418 corp: 295/19Kb lim: 1847 exec/s: 14745 rss: 218Mb L: 9/1177 MS: 2 EraseBytes-CopyPart-
#383883	REDUCE cov: 3267 ft: 4418 corp: 295/19Kb lim: 1847 exec/s: 14764 rss: 218Mb L: 8/1177 MS: 1 EraseBytes-
#383984	NEW    cov: 3267 ft: 4419 corp: 296/20Kb lim: 1847 exec/s: 14768 rss: 218Mb L: 1435/1435 MS: 1 CopyPart-
#384750	REDUCE cov: 3267 ft: 4419 corp: 296/20Kb lim: 1847 exec/s: 14798 rss: 218Mb L: 58/1435 MS: 1 EraseBytes-
#386366	REDUCE cov: 3267 ft: 4419 corp: 296/20Kb lim: 1857 exec/s: 14860 rss: 218Mb L: 104/1435 MS: 1 EraseBytes-
#386378	NEW    cov: 3267 ft: 4423 corp: 297/22Kb lim: 1857 exec/s: 14860 rss: 218Mb L: 1435/1435 MS: 2 ShuffleBytes-ChangeByte-
#386501	NEW    cov: 3267 ft: 4425 corp: 298/23Kb lim: 1857 exec/s: 14865 rss: 218Mb L: 1570/1570 MS: 3 PersAutoDict-ShuffleBytes-CopyPart- DE: "\001\014"-
#386977	REDUCE cov: 3267 ft: 4425 corp: 298/23Kb lim: 1857 exec/s: 14332 rss: 218Mb L: 1004/1570 MS: 1 EraseBytes-
#387139	REDUCE cov: 3267 ft: 4425 corp: 298/23Kb lim: 1857 exec/s: 14338 rss: 218Mb L: 11/1570 MS: 2 ChangeBinInt-EraseBytes-
#387586	REDUCE cov: 3267 ft: 4425 corp: 298/23Kb lim: 1857 exec/s: 14355 rss: 218Mb L: 105/1570 MS: 2 EraseBytes-PersAutoDict- DE: "\014\000\000\000"-
#390243	REDUCE cov: 3267 ft: 4425 corp: 298/23Kb lim: 1877 exec/s: 14453 rss: 218Mb L: 365/1570 MS: 2 CopyPart-EraseBytes-
#390531	REDUCE cov: 3267 ft: 4425 corp: 298/23Kb lim: 1877 exec/s: 14464 rss: 218Mb L: 107/1570 MS: 3 CopyPart-ChangeBinInt-EraseBytes-
#390670	REDUCE cov: 3267 ft: 4425 corp: 298/23Kb lim: 1877 exec/s: 14469 rss: 218Mb L: 25/1570 MS: 4 CopyPart-CopyPart-ChangeBit-EraseBytes-
#391716	REDUCE cov: 3267 ft: 4425 corp: 298/23Kb lim: 1887 exec/s: 14508 rss: 218Mb L: 102/1570 MS: 1 EraseBytes-
#392758	REDUCE cov: 3267 ft: 4425 corp: 298/23Kb lim: 1897 exec/s: 14546 rss: 218Mb L: 1431/1570 MS: 2 ChangeBinInt-EraseBytes-
#393555	REDUCE cov: 3267 ft: 4425 corp: 298/23Kb lim: 1897 exec/s: 14576 rss: 218Mb L: 104/1570 MS: 2 ShuffleBytes-EraseBytes-
#393855	REDUCE cov: 3267 ft: 4425 corp: 298/23Kb lim: 1897 exec/s: 14587 rss: 218Mb L: 192/1570 MS: 5 CopyPart-PersAutoDict-ShuffleBytes-ChangeByte-EraseBytes- DE: "\010\000\000\000\000\000\000\000"-
#394516	REDUCE cov: 3267 ft: 4425 corp: 298/23Kb lim: 1897 exec/s: 14611 rss: 218Mb L: 210/1570 MS: 1 EraseBytes-
#395966	REDUCE cov: 3267 ft: 4425 corp: 298/23Kb lim: 1907 exec/s: 14665 rss: 218Mb L: 397/1570 MS: 5 ChangeByte-InsertRepeatedBytes-ChangeByte-ChangeBinInt-EraseBytes-
#396068	REDUCE cov: 3267 ft: 4425 corp: 298/23Kb lim: 1907 exec/s: 14669 rss: 218Mb L: 981/1570 MS: 2 CopyPart-EraseBytes-
#397409	REDUCE cov: 3267 ft: 4425 corp: 298/23Kb lim: 1917 exec/s: 14718 rss: 218Mb L: 1115/1570 MS: 1 EraseBytes-
#398452	REDUCE cov: 3267 ft: 4428 corp: 299/24Kb lim: 1927 exec/s: 14757 rss: 218Mb L: 1240/1570 MS: 3 PersAutoDict-InsertByte-CrossOver- DE: "\000\000\000\375"-
#398799	REDUCE cov: 3267 ft: 4428 corp: 299/24Kb lim: 1927 exec/s: 14770 rss: 218Mb L: 33/1570 MS: 2 EraseBytes-CopyPart-
#398900	REDUCE cov: 3267 ft: 4428 corp: 299/24Kb lim: 1927 exec/s: 14774 rss: 218Mb L: 57/1570 MS: 1 EraseBytes-
#398991	REDUCE cov: 3267 ft: 4428 corp: 299/24Kb lim: 1927 exec/s: 14777 rss: 218Mb L: 19/1570 MS: 1 EraseBytes-
#399362	REDUCE cov: 3267 ft: 4428 corp: 299/24Kb lim: 1927 exec/s: 14791 rss: 218Mb L: 44/1570 MS: 1 EraseBytes-
#401178	REDUCE cov: 3267 ft: 4428 corp: 299/24Kb lim: 1937 exec/s: 14327 rss: 218Mb L: 101/1570 MS: 1 EraseBytes-
#404369	REDUCE cov: 3267 ft: 4428 corp: 299/24Kb lim: 1967 exec/s: 14441 rss: 218Mb L: 82/1570 MS: 1 EraseBytes-
#405315	REDUCE cov: 3267 ft: 4428 corp: 299/24Kb lim: 1967 exec/s: 14475 rss: 218Mb L: 387/1570 MS: 1 EraseBytes-
#405867	REDUCE cov: 3267 ft: 4428 corp: 299/24Kb lim: 1967 exec/s: 14495 rss: 218Mb L: 1424/1570 MS: 2 ShuffleBytes-EraseBytes-
#406487	REDUCE cov: 3267 ft: 4428 corp: 299/24Kb lim: 1967 exec/s: 14517 rss: 219Mb L: 57/1570 MS: 5 ChangeASCIIInt-ChangeBinInt-ChangeBinInt-PersAutoDict-EraseBytes- DE: "\377l"-
#406598	REDUCE cov: 3267 ft: 4428 corp: 299/24Kb lim: 1967 exec/s: 14521 rss: 219Mb L: 24/1570 MS: 1 EraseBytes-
#407669	REDUCE cov: 3267 ft: 4428 corp: 299/24Kb lim: 1977 exec/s: 14559 rss: 219Mb L: 32/1570 MS: 1 EraseBytes-
#411932	REDUCE cov: 3267 ft: 4428 corp: 299/24Kb lim: 2017 exec/s: 14711 rss: 219Mb L: 1067/1570 MS: 3 ShuffleBytes-CopyPart-EraseBytes-
#412173	REDUCE cov: 3267 ft: 4428 corp: 299/24Kb lim: 2017 exec/s: 14720 rss: 219Mb L: 15/1570 MS: 1 EraseBytes-
#415111	REDUCE cov: 3267 ft: 4428 corp: 299/24Kb lim: 2037 exec/s: 14825 rss: 219Mb L: 968/1570 MS: 3 ShuffleBytes-CopyPart-EraseBytes-
#415707	REDUCE cov: 3267 ft: 4428 corp: 299/24Kb lim: 2037 exec/s: 14334 rss: 219Mb L: 260/1570 MS: 1 EraseBytes-
#416349	REDUCE cov: 3267 ft: 4428 corp: 299/24Kb lim: 2037 exec/s: 14356 rss: 219Mb L: 49/1570 MS: 2 ChangeByte-EraseBytes-
#416971	NEW    cov: 3267 ft: 4430 corp: 300/24Kb lim: 2037 exec/s: 14378 rss: 219Mb L: 16/1570 MS: 2 CopyPart-EraseBytes-
#419223	REDUCE cov: 3267 ft: 4430 corp: 300/24Kb lim: 2057 exec/s: 14455 rss: 219Mb L: 22/1570 MS: 2 ChangeBit-EraseBytes-
#420689	REDUCE cov: 3267 ft: 4430 corp: 300/24Kb lim: 2068 exec/s: 14506 rss: 219Mb L: 54/1570 MS: 1 EraseBytes-
#420981	REDUCE cov: 3267 ft: 4430 corp: 300/24Kb lim: 2068 exec/s: 14516 rss: 219Mb L: 8/1570 MS: 2 ChangeBit-EraseBytes-
#423647	REDUCE cov: 3267 ft: 4430 corp: 300/24Kb lim: 2090 exec/s: 14608 rss: 219Mb L: 92/1570 MS: 1 EraseBytes-
#423768	REDUCE cov: 3267 ft: 4430 corp: 300/24Kb lim: 2090 exec/s: 14612 rss: 219Mb L: 955/1570 MS: 1 EraseBytes-
#423799	REDUCE cov: 3267 ft: 4430 corp: 300/24Kb lim: 2090 exec/s: 14613 rss: 219Mb L: 95/1570 MS: 1 EraseBytes-
#426201	REDUCE cov: 3267 ft: 4430 corp: 300/24Kb lim: 2112 exec/s: 14696 rss: 219Mb L: 1144/1570 MS: 2 PersAutoDict-EraseBytes- DE: "\001\000\000\000"-
#426462	REDUCE cov: 3267 ft: 4430 corp: 300/24Kb lim: 2112 exec/s: 14705 rss: 219Mb L: 37/1570 MS: 1 EraseBytes-
#426713	REDUCE cov: 3267 ft: 4430 corp: 300/24Kb lim: 2112 exec/s: 14714 rss: 219Mb L: 40/1570 MS: 1 EraseBytes-
#427835	REDUCE cov: 3267 ft: 4430 corp: 300/24Kb lim: 2123 exec/s: 14752 rss: 219Mb L: 27/1570 MS: 2 ShuffleBytes-EraseBytes-
#429501	REDUCE cov: 3267 ft: 4430 corp: 300/24Kb lim: 2134 exec/s: 14316 rss: 219Mb L: 1353/1570 MS: 1 EraseBytes-
#431047	REDUCE cov: 3267 ft: 4432 corp: 301/24Kb lim: 2145 exec/s: 14368 rss: 220Mb L: 94/1570 MS: 1 InsertRepeatedBytes-
#431091	REDUCE cov: 3267 ft: 4432 corp: 301/24Kb lim: 2145 exec/s: 14369 rss: 220Mb L: 1306/1570 MS: 4 PersAutoDict-ChangeByte-InsertRepeatedBytes-EraseBytes- DE: "!\000"-
#431912	REDUCE cov: 3267 ft: 4432 corp: 301/24Kb lim: 2145 exec/s: 14397 rss: 220Mb L: 1078/1570 MS: 1 EraseBytes-
#433733	REDUCE cov: 3267 ft: 4432 corp: 301/24Kb lim: 2156 exec/s: 14457 rss: 220Mb L: 254/1570 MS: 1 EraseBytes-
#434008	REDUCE cov: 3267 ft: 4432 corp: 301/24Kb lim: 2156 exec/s: 14466 rss: 220Mb L: 22/1570 MS: 5 CopyPart-CopyPart-InsertByte-ChangeBinInt-EraseBytes-
#434417	REDUCE cov: 3267 ft: 4432 corp: 301/24Kb lim: 2156 exec/s: 14480 rss: 220Mb L: 42/1570 MS: 4 ChangeBit-PersAutoDict-CrossOver-EraseBytes- DE: "\022\000\000\000\000\000\000\000"-
#436258	REDUCE cov: 3267 ft: 4432 corp: 301/24Kb lim: 2167 exec/s: 14541 rss: 220Mb L: 1288/1570 MS: 1 EraseBytes-
#437799	REDUCE cov: 3267 ft: 4432 corp: 301/24Kb lim: 2178 exec/s: 14593 rss: 220Mb L: 79/1570 MS: 1 EraseBytes-
#440661	REDUCE cov: 3267 ft: 4432 corp: 301/24Kb lim: 2200 exec/s: 14688 rss: 220Mb L: 155/1570 MS: 2 PersAutoDict-EraseBytes- DE: "\000\000\000\000\000\000\000\000"-
#440933	REDUCE cov: 3267 ft: 4434 corp: 302/24Kb lim: 2200 exec/s: 14697 rss: 220Mb L: 217/1570 MS: 2 PersAutoDict-CopyPart- DE: "\001\014"-
#446939	REDUCE cov: 3267 ft: 4434 corp: 302/24Kb lim: 2255 exec/s: 14417 rss: 220Mb L: 19/1570 MS: 1 EraseBytes-
#450466	REDUCE cov: 3267 ft: 4434 corp: 302/24Kb lim: 2288 exec/s: 14531 rss: 220Mb L: 222/1570 MS: 2 CopyPart-EraseBytes-
#453432	REDUCE cov: 3267 ft: 4434 corp: 302/24Kb lim: 2310 exec/s: 14626 rss: 220Mb L: 69/1570 MS: 1 EraseBytes-
#456563	REDUCE cov: 3267 ft: 4434 corp: 302/24Kb lim: 2332 exec/s: 14267 rss: 220Mb L: 10/1570 MS: 1 EraseBytes-
#457814	REDUCE cov: 3267 ft: 4434 corp: 302/24Kb lim: 2343 exec/s: 14306 rss: 220Mb L: 64/1570 MS: 1 EraseBytes-
#458781	REDUCE cov: 3267 ft: 4434 corp: 302/24Kb lim: 2343 exec/s: 14336 rss: 220Mb L: 41/1570 MS: 2 CrossOver-EraseBytes-
#461435	REDUCE cov: 3267 ft: 4434 corp: 302/24Kb lim: 2365 exec/s: 14419 rss: 220Mb L: 925/1570 MS: 4 ShuffleBytes-CopyPart-ShuffleBytes-EraseBytes-
#461591	REDUCE cov: 3267 ft: 4434 corp: 302/24Kb lim: 2365 exec/s: 14424 rss: 220Mb L: 89/1570 MS: 1 EraseBytes-
#462737	REDUCE cov: 3267 ft: 4434 corp: 302/24Kb lim: 2376 exec/s: 14460 rss: 220Mb L: 19/1570 MS: 1 EraseBytes-
#464126	REDUCE cov: 3267 ft: 4434 corp: 302/24Kb lim: 2387 exec/s: 14503 rss: 220Mb L: 16/1570 MS: 4 EraseBytes-ChangeBit-ChangeByte-EraseBytes-
#465062	REDUCE cov: 3267 ft: 4434 corp: 302/24Kb lim: 2387 exec/s: 14533 rss: 220Mb L: 17/1570 MS: 1 EraseBytes-
#465238	REDUCE cov: 3267 ft: 4434 corp: 302/24Kb lim: 2387 exec/s: 14538 rss: 220Mb L: 353/1570 MS: 1 EraseBytes-
#466141	REDUCE cov: 3267 ft: 4434 corp: 302/24Kb lim: 2387 exec/s: 14566 rss: 220Mb L: 9/1570 MS: 3 ChangeBit-CopyPart-EraseBytes-
#466247	REDUCE cov: 3267 ft: 4434 corp: 302/24Kb lim: 2387 exec/s: 14570 rss: 220Mb L: 31/1570 MS: 1 EraseBytes-
#466483	REDUCE cov: 3267 ft: 4434 corp: 302/24Kb lim: 2387 exec/s: 14577 rss: 220Mb L: 32/1570 MS: 1 EraseBytes-
#466501	REDUCE cov: 3267 ft: 4434 corp: 302/24Kb lim: 2387 exec/s: 14578 rss: 220Mb L: 37/1570 MS: 3 ChangeBit-InsertByte-EraseBytes-
#468889	REDUCE cov: 3267 ft: 4434 corp: 302/24Kb lim: 2409 exec/s: 14652 rss: 220Mb L: 137/1570 MS: 3 ChangeBinInt-EraseBytes-PersAutoDict- DE: "\000\000\000\000\000\000\0005"-
#470481	REDUCE cov: 3267 ft: 4434 corp: 302/24Kb lim: 2420 exec/s: 14257 rss: 220Mb L: 33/1570 MS: 2 ShuffleBytes-EraseBytes-
#470512	REDUCE cov: 3267 ft: 4434 corp: 302/24Kb lim: 2420 exec/s: 14257 rss: 220Mb L: 12/1570 MS: 1 EraseBytes-
#471738	REDUCE cov: 3267 ft: 4434 corp: 302/24Kb lim: 2431 exec/s: 14295 rss: 220Mb L: 1534/1534 MS: 1 EraseBytes-
#473214	REDUCE cov: 3267 ft: 4434 corp: 302/24Kb lim: 2442 exec/s: 14339 rss: 220Mb L: 1066/1534 MS: 1 EraseBytes-
#473334	REDUCE cov: 3267 ft: 4434 corp: 302/24Kb lim: 2442 exec/s: 14343 rss: 220Mb L: 39/1534 MS: 5 CMP-CrossOver-ChangeBinInt-ChangeByte-EraseBytes- DE: "\001\000\000\000\000\000\000\022"-
#475281	REDUCE cov: 3267 ft: 4434 corp: 302/24Kb lim: 2453 exec/s: 14402 rss: 220Mb L: 92/1534 MS: 2 CrossOver-EraseBytes-
#476452	REDUCE cov: 3267 ft: 4434 corp: 302/24Kb lim: 2464 exec/s: 14437 rss: 220Mb L: 77/1534 MS: 1 EraseBytes-
#486183	REDUCE cov: 3267 ft: 4434 corp: 302/24Kb lim: 2552 exec/s: 14299 rss: 220Mb L: 18/1534 MS: 1 EraseBytes-
#486895	REDUCE cov: 3267 ft: 4434 corp: 302/24Kb lim: 2552 exec/s: 14320 rss: 220Mb L: 9/1534 MS: 2 EraseBytes-InsertByte-
#487101	REDUCE cov: 3267 ft: 4434 corp: 302/24Kb lim: 2552 exec/s: 14326 rss: 220Mb L: 917/1534 MS: 1 EraseBytes-
#488374	REDUCE cov: 3267 ft: 4434 corp: 302/24Kb lim: 2563 exec/s: 14363 rss: 220Mb L: 122/1534 MS: 3 EraseBytes-CopyPart-CrossOver-
#489171	REDUCE cov: 3267 ft: 4434 corp: 302/24Kb lim: 2563 exec/s: 14387 rss: 220Mb L: 351/1534 MS: 2 CMP-EraseBytes- DE: "!\000\000\000"-
#491091	REDUCE cov: 3267 ft: 4434 corp: 302/23Kb lim: 2574 exec/s: 14443 rss: 220Mb L: 1027/1534 MS: 5 ChangeBinInt-ChangeBit-ShuffleBytes-ChangeByte-EraseBytes-
#492407	REDUCE cov: 3267 ft: 4434 corp: 302/23Kb lim: 2585 exec/s: 14482 rss: 220Mb L: 81/1534 MS: 1 EraseBytes-
#492514	REDUCE cov: 3267 ft: 4434 corp: 302/23Kb lim: 2585 exec/s: 14485 rss: 220Mb L: 14/1534 MS: 2 PersAutoDict-EraseBytes- DE: "\002\000\000\000\000\000\000\000"-
#494050	REDUCE cov: 3267 ft: 4434 corp: 302/23Kb lim: 2596 exec/s: 14530 rss: 220Mb L: 18/1534 MS: 1 EraseBytes-
#496381	REDUCE cov: 3267 ft: 4434 corp: 302/23Kb lim: 2618 exec/s: 14599 rss: 220Mb L: 25/1534 MS: 1 EraseBytes-
#498932	REDUCE cov: 3267 ft: 4434 corp: 302/23Kb lim: 2640 exec/s: 14255 rss: 220Mb L: 9/1534 MS: 1 EraseBytes-
#499473	REDUCE cov: 3267 ft: 4434 corp: 302/23Kb lim: 2640 exec/s: 14270 rss: 220Mb L: 7/1534 MS: 1 EraseBytes-
#503577	REDUCE cov: 3267 ft: 4434 corp: 302/23Kb lim: 2673 exec/s: 14387 rss: 221Mb L: 53/1534 MS: 4 CopyPart-InsertByte-PersAutoDict-EraseBytes- DE: "\001\014"-
#509766	REDUCE cov: 3267 ft: 4434 corp: 302/23Kb lim: 2728 exec/s: 14564 rss: 221Mb L: 45/1534 MS: 4 InsertByte-ChangeASCIIInt-ChangeByte-EraseBytes-
#509967	REDUCE cov: 3267 ft: 4434 corp: 302/23Kb lim: 2728 exec/s: 14570 rss: 221Mb L: 32/1534 MS: 1 EraseBytes-
#511078	REDUCE cov: 3267 ft: 4434 corp: 302/23Kb lim: 2739 exec/s: 14602 rss: 221Mb L: 28/1534 MS: 1 EraseBytes-
#511784	REDUCE cov: 3267 ft: 4434 corp: 302/23Kb lim: 2739 exec/s: 14216 rss: 221Mb L: 23/1534 MS: 1 EraseBytes-
#512320	REDUCE cov: 3267 ft: 4434 corp: 302/23Kb lim: 2739 exec/s: 14231 rss: 221Mb L: 58/1534 MS: 1 EraseBytes-
#521066	REDUCE cov: 3267 ft: 4434 corp: 302/23Kb lim: 2816 exec/s: 14474 rss: 221Mb L: 55/1534 MS: 1 EraseBytes-
#522135	REDUCE cov: 3267 ft: 4434 corp: 302/23Kb lim: 2816 exec/s: 14503 rss: 221Mb L: 857/1534 MS: 4 PersAutoDict-CopyPart-EraseBytes-InsertRepeatedBytes- DE: "\000\000\000\000"-
#524288	pulse  cov: 3267 ft: 4434 corp: 302/23Kb lim: 2827 exec/s: 14563 rss: 221Mb
#525521	REDUCE cov: 3267 ft: 4434 corp: 302/23Kb lim: 2849 exec/s: 14203 rss: 221Mb L: 201/1534 MS: 1 EraseBytes-
#525833	REDUCE cov: 3267 ft: 4434 corp: 302/23Kb lim: 2849 exec/s: 14211 rss: 221Mb L: 394/1534 MS: 2 CopyPart-EraseBytes-
#526879	REDUCE cov: 3267 ft: 4434 corp: 302/23Kb lim: 2849 exec/s: 14239 rss: 221Mb L: 21/1534 MS: 1 EraseBytes-
#527867	REDUCE cov: 3267 ft: 4434 corp: 302/23Kb lim: 2849 exec/s: 14266 rss: 221Mb L: 384/1534 MS: 2 ChangeBit-EraseBytes-
#529614	REDUCE cov: 3267 ft: 4434 corp: 302/23Kb lim: 2860 exec/s: 14313 rss: 221Mb L: 234/1534 MS: 2 CopyPart-EraseBytes-
#530222	REDUCE cov: 3267 ft: 4434 corp: 302/23Kb lim: 2860 exec/s: 14330 rss: 221Mb L: 196/1534 MS: 3 CrossOver-ShuffleBytes-EraseBytes-
#531413	REDUCE cov: 3267 ft: 4434 corp: 302/23Kb lim: 2871 exec/s: 14362 rss: 221Mb L: 18/1534 MS: 1 EraseBytes-
#532275	REDUCE cov: 3267 ft: 4435 corp: 303/23Kb lim: 2871 exec/s: 14385 rss: 221Mb L: 23/1534 MS: 2 EraseBytes-CopyPart-
#533013	REDUCE cov: 3267 ft: 4435 corp: 303/23Kb lim: 2871 exec/s: 14405 rss: 221Mb L: 1044/1534 MS: 3 PersAutoDict-CMP-EraseBytes- DE: "\000\000\000\000\000\000\000\011"-"\037\000"-
#535514	REDUCE cov: 3267 ft: 4435 corp: 303/23Kb lim: 2893 exec/s: 14473 rss: 221Mb L: 14/1534 MS: 1 EraseBytes-
#535701	REDUCE cov: 3267 ft: 4435 corp: 303/23Kb lim: 2893 exec/s: 14478 rss: 221Mb L: 126/1534 MS: 2 ChangeBit-EraseBytes-
#538012	REDUCE cov: 3267 ft: 4435 corp: 303/23Kb lim: 2915 exec/s: 14540 rss: 221Mb L: 19/1534 MS: 1 EraseBytes-
#539578	REDUCE cov: 3267 ft: 4435 corp: 303/23Kb lim: 2926 exec/s: 14199 rss: 221Mb L: 333/1534 MS: 1 EraseBytes-
#539613	REDUCE cov: 3267 ft: 4435 corp: 303/23Kb lim: 2926 exec/s: 14200 rss: 221Mb L: 14/1534 MS: 5 ShuffleBytes-CrossOver-EraseBytes-ShuffleBytes-InsertByte-
#540900	REDUCE cov: 3267 ft: 4470 corp: 304/26Kb lim: 2937 exec/s: 14234 rss: 221Mb L: 2574/2574 MS: 2 CopyPart-CopyPart-
#541366	REDUCE cov: 3267 ft: 4470 corp: 304/26Kb lim: 2937 exec/s: 14246 rss: 221Mb L: 17/2574 MS: 1 EraseBytes-
#543274	REDUCE cov: 3267 ft: 4470 corp: 304/25Kb lim: 2948 exec/s: 14296 rss: 221Mb L: 2416/2416 MS: 3 ChangeBit-CrossOver-EraseBytes-
#546451	REDUCE cov: 3267 ft: 4470 corp: 304/25Kb lim: 2970 exec/s: 14380 rss: 221Mb L: 22/2416 MS: 2 ChangeBinInt-EraseBytes-
#546722	REDUCE cov: 3267 ft: 4470 corp: 304/25Kb lim: 2970 exec/s: 14387 rss: 221Mb L: 12/2416 MS: 1 EraseBytes-
#548783	REDUCE cov: 3267 ft: 4470 corp: 304/25Kb lim: 2981 exec/s: 14441 rss: 221Mb L: 298/2416 MS: 1 EraseBytes-
#550449	REDUCE cov: 3267 ft: 4470 corp: 304/25Kb lim: 2992 exec/s: 14485 rss: 221Mb L: 1022/2416 MS: 1 EraseBytes-
#552331	REDUCE cov: 3267 ft: 4472 corp: 305/26Kb lim: 3003 exec/s: 14535 rss: 221Mb L: 84/2416 MS: 2 ChangeASCIIInt-CopyPart-
#555022	REDUCE cov: 3267 ft: 4472 corp: 305/26Kb lim: 3025 exec/s: 14231 rss: 221Mb L: 38/2416 MS: 1 EraseBytes-
#555608	REDUCE cov: 3267 ft: 4472 corp: 305/25Kb lim: 3025 exec/s: 14246 rss: 221Mb L: 43/2416 MS: 1 EraseBytes-
#556226	REDUCE cov: 3267 ft: 4472 corp: 305/25Kb lim: 3025 exec/s: 14262 rss: 221Mb L: 2389/2389 MS: 3 EraseBytes-CopyPart-CopyPart-
#561415	REDUCE cov: 3267 ft: 4472 corp: 305/25Kb lim: 3069 exec/s: 14395 rss: 221Mb L: 51/2389 MS: 4 ChangeByte-ChangeByte-ShuffleBytes-EraseBytes-
#564907	REDUCE cov: 3267 ft: 4472 corp: 305/25Kb lim: 3102 exec/s: 14484 rss: 222Mb L: 13/2389 MS: 2 InsertByte-EraseBytes-
#565520	REDUCE cov: 3267 ft: 4472 corp: 305/25Kb lim: 3102 exec/s: 14500 rss: 222Mb L: 238/2389 MS: 3 CopyPart-ChangeByte-EraseBytes-
#568617	REDUCE cov: 3267 ft: 4472 corp: 305/25Kb lim: 3124 exec/s: 14215 rss: 223Mb L: 12/2389 MS: 2 ChangeBit-EraseBytes-
#573023	REDUCE cov: 3267 ft: 4472 corp: 305/25Kb lim: 3157 exec/s: 14325 rss: 224Mb L: 1007/2389 MS: 1 EraseBytes-
#574205	REDUCE cov: 3267 ft: 4472 corp: 305/25Kb lim: 3168 exec/s: 14355 rss: 224Mb L: 991/2389 MS: 2 ShuffleBytes-EraseBytes-
#577201	REDUCE cov: 3267 ft: 4472 corp: 305/25Kb lim: 3190 exec/s: 14430 rss: 224Mb L: 35/2389 MS: 1 EraseBytes-
#577657	REDUCE cov: 3267 ft: 4472 corp: 305/25Kb lim: 3190 exec/s: 14441 rss: 224Mb L: 978/2389 MS: 1 EraseBytes-
#577683	REDUCE cov: 3267 ft: 4472 corp: 305/25Kb lim: 3190 exec/s: 14442 rss: 224Mb L: 976/2389 MS: 1 EraseBytes-
#578443	REDUCE cov: 3267 ft: 4472 corp: 305/25Kb lim: 3190 exec/s: 14461 rss: 224Mb L: 1019/2389 MS: 5 InsertByte-ChangeBinInt-ShuffleBytes-CopyPart-EraseBytes-
#579949	REDUCE cov: 3267 ft: 4472 corp: 305/25Kb lim: 3201 exec/s: 14498 rss: 224Mb L: 54/2389 MS: 1 EraseBytes-
#580076	REDUCE cov: 3267 ft: 4472 corp: 305/25Kb lim: 3201 exec/s: 14501 rss: 224Mb L: 28/2389 MS: 2 ChangeBit-EraseBytes-
#580595	REDUCE cov: 3267 ft: 4472 corp: 305/25Kb lim: 3201 exec/s: 14514 rss: 224Mb L: 32/2389 MS: 4 EraseBytes-ChangeBinInt-CopyPart-InsertByte-
#587901	REDUCE cov: 3267 ft: 4472 corp: 305/25Kb lim: 3267 exec/s: 14339 rss: 224Mb L: 2374/2374 MS: 1 EraseBytes-
#589574	REDUCE cov: 3267 ft: 4472 corp: 305/25Kb lim: 3278 exec/s: 14379 rss: 224Mb L: 24/2374 MS: 3 CopyPart-ChangeByte-EraseBytes-
#589785	REDUCE cov: 3267 ft: 4472 corp: 305/25Kb lim: 3278 exec/s: 14385 rss: 224Mb L: 8/2374 MS: 1 EraseBytes-
#591467	REDUCE cov: 3267 ft: 4472 corp: 305/25Kb lim: 3289 exec/s: 14426 rss: 224Mb L: 23/2374 MS: 2 ChangeBit-EraseBytes-
#593079	REDUCE cov: 3267 ft: 4472 corp: 305/25Kb lim: 3300 exec/s: 14465 rss: 224Mb L: 117/2374 MS: 2 ChangeByte-EraseBytes-
#597362	REDUCE cov: 3267 ft: 4472 corp: 305/25Kb lim: 3333 exec/s: 14222 rss: 224Mb L: 121/2374 MS: 2 ShuffleBytes-EraseBytes-
#601215	REDUCE cov: 3267 ft: 4472 corp: 305/25Kb lim: 3366 exec/s: 14314 rss: 224Mb L: 6/2374 MS: 3 ChangeByte-ChangeBinInt-EraseBytes-
#607797	REDUCE cov: 3267 ft: 4472 corp: 305/25Kb lim: 3421 exec/s: 14471 rss: 225Mb L: 40/2374 MS: 2 EraseBytes-InsertByte-
#608118	REDUCE cov: 3267 ft: 4474 corp: 306/26Kb lim: 3421 exec/s: 14142 rss: 225Mb L: 368/2374 MS: 1 CrossOver-
#608339	REDUCE cov: 3267 ft: 4474 corp: 306/26Kb lim: 3421 exec/s: 14147 rss: 225Mb L: 26/2374 MS: 1 EraseBytes-
#608735	REDUCE cov: 3267 ft: 4474 corp: 306/26Kb lim: 3421 exec/s: 14156 rss: 225Mb L: 362/2374 MS: 1 EraseBytes-
#608848	REDUCE cov: 3267 ft: 4474 corp: 306/25Kb lim: 3421 exec/s: 14159 rss: 225Mb L: 226/2374 MS: 3 ShuffleBytes-CMP-EraseBytes- DE: "~\377\377\377\377\377\377\371"-
#610149	REDUCE cov: 3267 ft: 4474 corp: 306/25Kb lim: 3432 exec/s: 14189 rss: 225Mb L: 80/2374 MS: 1 EraseBytes-
#610441	REDUCE cov: 3267 ft: 4474 corp: 306/25Kb lim: 3432 exec/s: 14196 rss: 225Mb L: 68/2374 MS: 2 PersAutoDict-EraseBytes- DE: "\000\000\000\000\000\000\000\011"-
#613993	REDUCE cov: 3267 ft: 4474 corp: 306/25Kb lim: 3465 exec/s: 14278 rss: 225Mb L: 220/2374 MS: 2 PersAutoDict-EraseBytes- DE: "\377\377\377\377\377\377\377\007"-
#616700	REDUCE cov: 3267 ft: 4474 corp: 306/25Kb lim: 3487 exec/s: 14341 rss: 225Mb L: 219/2374 MS: 2 InsertRepeatedBytes-EraseBytes-
#619026	REDUCE cov: 3267 ft: 4474 corp: 306/25Kb lim: 3509 exec/s: 14395 rss: 225Mb L: 20/2374 MS: 1 EraseBytes-
#620347	REDUCE cov: 3267 ft: 4474 corp: 306/25Kb lim: 3520 exec/s: 14426 rss: 225Mb L: 184/2374 MS: 1 EraseBytes-
#621321	REDUCE cov: 3267 ft: 4474 corp: 306/25Kb lim: 3520 exec/s: 14449 rss: 225Mb L: 20/2374 MS: 4 PersAutoDict-ShuffleBytes-EraseBytes-EraseBytes- DE: "\000\023"-
#622411	REDUCE cov: 3267 ft: 4474 corp: 306/25Kb lim: 3520 exec/s: 14145 rss: 225Mb L: 92/2374 MS: 5 CopyPart-ChangeBit-ShuffleBytes-ChangeByte-EraseBytes-
#626503	REDUCE cov: 3267 ft: 4474 corp: 306/25Kb lim: 3553 exec/s: 14238 rss: 225Mb L: 25/2374 MS: 2 CopyPart-EraseBytes-
#631914	REDUCE cov: 3267 ft: 4474 corp: 306/25Kb lim: 3597 exec/s: 14361 rss: 225Mb L: 20/2374 MS: 1 EraseBytes-
#637575	REDUCE cov: 3267 ft: 4474 corp: 306/25Kb lim: 3652 exec/s: 14168 rss: 225Mb L: 1531/2374 MS: 1 EraseBytes-
#646017	REDUCE cov: 3267 ft: 4474 corp: 306/25Kb lim: 3729 exec/s: 14355 rss: 225Mb L: 232/2374 MS: 2 ShuffleBytes-EraseBytes-
#646513	REDUCE cov: 3267 ft: 4474 corp: 306/25Kb lim: 3729 exec/s: 14366 rss: 225Mb L: 34/2374 MS: 1 EraseBytes-
#656518	REDUCE cov: 3267 ft: 4474 corp: 306/25Kb lim: 3828 exec/s: 14272 rss: 225Mb L: 41/2374 MS: 5 ChangeBinInt-CopyPart-CopyPart-EraseBytes-InsertByte-
#656803	REDUCE cov: 3267 ft: 4474 corp: 306/25Kb lim: 3828 exec/s: 14278 rss: 225Mb L: 36/2374 MS: 5 ChangeByte-ShuffleBytes-ChangeByte-ShuffleBytes-EraseBytes-
#658320	REDUCE cov: 3267 ft: 4477 corp: 307/29Kb lim: 3839 exec/s: 14311 rss: 225Mb L: 3656/3656 MS: 2 ShuffleBytes-CopyPart-
#658690	REDUCE cov: 3267 ft: 4481 corp: 308/30Kb lim: 3839 exec/s: 14319 rss: 225Mb L: 1383/3656 MS: 5 InsertByte-PersAutoDict-InsertByte-ChangeByte-CrossOver- DE: "\376\377\377\230"-
#658991	REDUCE cov: 3267 ft: 4481 corp: 308/30Kb lim: 3839 exec/s: 14325 rss: 225Mb L: 1118/3656 MS: 1 EraseBytes-
#659368	REDUCE cov: 3267 ft: 4481 corp: 308/30Kb lim: 3839 exec/s: 14334 rss: 225Mb L: 1029/3656 MS: 2 ChangeBinInt-EraseBytes-
#659949	REDUCE cov: 3267 ft: 4481 corp: 308/30Kb lim: 3839 exec/s: 14346 rss: 225Mb L: 19/3656 MS: 1 EraseBytes-
#662412	REDUCE cov: 3267 ft: 4481 corp: 308/30Kb lim: 3861 exec/s: 14400 rss: 225Mb L: 806/3656 MS: 3 ChangeByte-ShuffleBytes-EraseBytes-
#662974	REDUCE cov: 3267 ft: 4481 corp: 308/30Kb lim: 3861 exec/s: 14105 rss: 225Mb L: 349/3656 MS: 2 EraseBytes-CMP- DE: "\000\000\000\000\000\000\000\021"-
#664131	REDUCE cov: 3267 ft: 4481 corp: 308/30Kb lim: 3872 exec/s: 14130 rss: 225Mb L: 147/3656 MS: 2 InsertByte-EraseBytes-
#664234	REDUCE cov: 3267 ft: 4481 corp: 308/30Kb lim: 3872 exec/s: 14132 rss: 225Mb L: 41/3656 MS: 3 ChangeByte-ChangeByte-EraseBytes-
#665320	REDUCE cov: 3267 ft: 4481 corp: 308/30Kb lim: 3872 exec/s: 14155 rss: 226Mb L: 183/3656 MS: 1 EraseBytes-
#672424	REDUCE cov: 3267 ft: 4481 corp: 308/30Kb lim: 3938 exec/s: 14306 rss: 226Mb L: 14/3656 MS: 4 ChangeByte-ChangeByte-ChangeBit-EraseBytes-
#676710	REDUCE cov: 3267 ft: 4481 corp: 308/30Kb lim: 3971 exec/s: 14098 rss: 227Mb L: 50/3656 MS: 1 EraseBytes-
#677796	REDUCE cov: 3267 ft: 4481 corp: 308/30Kb lim: 3971 exec/s: 14120 rss: 227Mb L: 2355/3656 MS: 1 EraseBytes-
#688044	REDUCE cov: 3267 ft: 4481 corp: 308/30Kb lim: 4070 exec/s: 14041 rss: 229Mb L: 152/3656 MS: 3 ShuffleBytes-EraseBytes-CrossOver-
#690533	REDUCE cov: 3267 ft: 4481 corp: 308/30Kb lim: 4092 exec/s: 14092 rss: 229Mb L: 11/3656 MS: 4 ShuffleBytes-ShuffleBytes-EraseBytes-PersAutoDict- DE: "0\000\000\000\000\000\000\000"-
#692754	REDUCE cov: 3267 ft: 4481 corp: 308/30Kb lim: 4096 exec/s: 14137 rss: 229Mb L: 49/3656 MS: 1 EraseBytes-
#704075	REDUCE cov: 3267 ft: 4481 corp: 308/30Kb lim: 4096 exec/s: 14081 rss: 229Mb L: 66/3656 MS: 1 EraseBytes-
#705733	REDUCE cov: 3267 ft: 4481 corp: 308/30Kb lim: 4096 exec/s: 14114 rss: 229Mb L: 115/3656 MS: 3 PersAutoDict-ChangeBit-EraseBytes- DE: "\000\000\000\312"-
#707517	REDUCE cov: 3267 ft: 4481 corp: 308/30Kb lim: 4096 exec/s: 14150 rss: 229Mb L: 19/3656 MS: 4 ChangeBit-ChangeBinInt-ChangeByte-EraseBytes-
#708295	REDUCE cov: 3267 ft: 4481 corp: 308/30Kb lim: 4096 exec/s: 14165 rss: 229Mb L: 15/3656 MS: 3 InsertByte-ChangeASCIIInt-EraseBytes-
#708991	REDUCE cov: 3267 ft: 4481 corp: 308/30Kb lim: 4096 exec/s: 14179 rss: 229Mb L: 32/3656 MS: 1 EraseBytes-
#710804	REDUCE cov: 3267 ft: 4481 corp: 308/30Kb lim: 4096 exec/s: 14216 rss: 229Mb L: 414/3656 MS: 3 CopyPart-ShuffleBytes-EraseBytes-
#715156	REDUCE cov: 3267 ft: 4481 corp: 308/30Kb lim: 4096 exec/s: 14022 rss: 229Mb L: 65/3656 MS: 2 ChangeBinInt-EraseBytes-
#715657	REDUCE cov: 3267 ft: 4481 corp: 308/30Kb lim: 4096 exec/s: 14032 rss: 229Mb L: 75/3656 MS: 1 EraseBytes-
#716753	REDUCE cov: 3267 ft: 4481 corp: 308/30Kb lim: 4096 exec/s: 14053 rss: 229Mb L: 33/3656 MS: 1 EraseBytes-
#716894	REDUCE cov: 3267 ft: 4481 corp: 308/30Kb lim: 4096 exec/s: 14056 rss: 229Mb L: 48/3656 MS: 1 EraseBytes-
#718895	REDUCE cov: 3267 ft: 4481 corp: 308/30Kb lim: 4096 exec/s: 14095 rss: 229Mb L: 8/3656 MS: 1 EraseBytes-
#718972	REDUCE cov: 3267 ft: 4481 corp: 308/30Kb lim: 4096 exec/s: 14097 rss: 229Mb L: 14/3656 MS: 2 PersAutoDict-EraseBytes- DE: "\001\000\000\000\000\000\000\000"-
#720468	REDUCE cov: 3267 ft: 4481 corp: 308/30Kb lim: 4096 exec/s: 14126 rss: 229Mb L: 188/3656 MS: 1 EraseBytes-
#721420	REDUCE cov: 3267 ft: 4481 corp: 308/30Kb lim: 4096 exec/s: 14145 rss: 229Mb L: 315/3656 MS: 2 ChangeByte-EraseBytes-
#723102	REDUCE cov: 3267 ft: 4481 corp: 308/30Kb lim: 4096 exec/s: 14178 rss: 229Mb L: 379/3656 MS: 2 ChangeByte-EraseBytes-
#725660	REDUCE cov: 3267 ft: 4481 corp: 308/30Kb lim: 4096 exec/s: 13955 rss: 229Mb L: 951/3656 MS: 3 EraseBytes-ShuffleBytes-InsertByte-
#729041	REDUCE cov: 3267 ft: 4481 corp: 308/30Kb lim: 4096 exec/s: 14020 rss: 229Mb L: 73/3656 MS: 1 EraseBytes-
#729658	REDUCE cov: 3267 ft: 4481 corp: 308/30Kb lim: 4096 exec/s: 14031 rss: 229Mb L: 13/3656 MS: 2 EraseBytes-EraseBytes-
#729959	REDUCE cov: 3267 ft: 4481 corp: 308/30Kb lim: 4096 exec/s: 14037 rss: 229Mb L: 112/3656 MS: 1 EraseBytes-
#738113	REDUCE cov: 3267 ft: 4481 corp: 308/30Kb lim: 4096 exec/s: 13926 rss: 229Mb L: 10/3656 MS: 4 ChangeBit-EraseBytes-ShuffleBytes-ChangeBit-
#739099	REDUCE cov: 3267 ft: 4481 corp: 308/30Kb lim: 4096 exec/s: 13945 rss: 229Mb L: 111/3656 MS: 1 EraseBytes-
#739450	REDUCE cov: 3267 ft: 4481 corp: 308/30Kb lim: 4096 exec/s: 13951 rss: 229Mb L: 96/3656 MS: 1 EraseBytes-
#741473	REDUCE cov: 3267 ft: 4481 corp: 308/30Kb lim: 4096 exec/s: 13990 rss: 229Mb L: 5/3656 MS: 3 EraseBytes-ShuffleBytes-InsertByte-
#742415	REDUCE cov: 3267 ft: 4481 corp: 308/30Kb lim: 4096 exec/s: 14007 rss: 229Mb L: 112/3656 MS: 2 ShuffleBytes-EraseBytes-
#746096	REDUCE cov: 3267 ft: 4481 corp: 308/30Kb lim: 4096 exec/s: 14077 rss: 230Mb L: 368/3656 MS: 1 EraseBytes-
#748008	REDUCE cov: 3267 ft: 4481 corp: 308/30Kb lim: 4096 exec/s: 14113 rss: 230Mb L: 966/3656 MS: 2 ChangeByte-EraseBytes-
#748199	REDUCE cov: 3267 ft: 4481 corp: 308/30Kb lim: 4096 exec/s: 14116 rss: 230Mb L: 26/3656 MS: 1 EraseBytes-
#752261	REDUCE cov: 3267 ft: 4481 corp: 308/30Kb lim: 4096 exec/s: 13930 rss: 230Mb L: 72/3656 MS: 2 CrossOver-EraseBytes-
#757026	REDUCE cov: 3267 ft: 4481 corp: 308/30Kb lim: 4096 exec/s: 14019 rss: 230Mb L: 76/3656 MS: 5 CrossOver-ChangeBinInt-CopyPart-EraseBytes-EraseBytes-
#759007	REDUCE cov: 3267 ft: 4481 corp: 308/30Kb lim: 4096 exec/s: 14055 rss: 230Mb L: 187/3656 MS: 1 EraseBytes-
#768094	REDUCE cov: 3267 ft: 4481 corp: 308/30Kb lim: 4096 exec/s: 13965 rss: 231Mb L: 11/3656 MS: 2 ShuffleBytes-EraseBytes-
#772052	REDUCE cov: 3267 ft: 4481 corp: 308/30Kb lim: 4096 exec/s: 14037 rss: 231Mb L: 81/3656 MS: 3 ChangeByte-CrossOver-EraseBytes-
#772748	REDUCE cov: 3267 ft: 4481 corp: 308/29Kb lim: 4096 exec/s: 14049 rss: 231Mb L: 356/3656 MS: 1 EraseBytes-
#778381	REDUCE cov: 3267 ft: 4481 corp: 308/29Kb lim: 4096 exec/s: 13899 rss: 231Mb L: 179/3656 MS: 3 ShuffleBytes-ChangeBit-EraseBytes-
#780851	REDUCE cov: 3267 ft: 4481 corp: 308/29Kb lim: 4096 exec/s: 13943 rss: 231Mb L: 30/3656 MS: 5 CopyPart-InsertByte-ShuffleBytes-EraseBytes-EraseBytes-
#781902	REDUCE cov: 3267 ft: 4481 corp: 308/29Kb lim: 4096 exec/s: 13962 rss: 231Mb L: 24/3656 MS: 1 EraseBytes-
#782934	REDUCE cov: 3267 ft: 4481 corp: 308/29Kb lim: 4096 exec/s: 13980 rss: 231Mb L: 40/3656 MS: 2 ChangeBinInt-EraseBytes-
#784229	REDUCE cov: 3267 ft: 4481 corp: 308/29Kb lim: 4096 exec/s: 14004 rss: 231Mb L: 141/3656 MS: 5 CrossOver-ChangeByte-InsertRepeatedBytes-ShuffleBytes-EraseBytes-
#785700	REDUCE cov: 3267 ft: 4481 corp: 308/29Kb lim: 4096 exec/s: 14030 rss: 231Mb L: 23/3656 MS: 1 EraseBytes-
#787841	REDUCE cov: 3267 ft: 4481 corp: 308/29Kb lim: 4096 exec/s: 13821 rss: 231Mb L: 165/3656 MS: 1 EraseBytes-
#788237	REDUCE cov: 3267 ft: 4481 corp: 308/29Kb lim: 4096 exec/s: 13828 rss: 231Mb L: 166/3656 MS: 1 EraseBytes-
#798707	REDUCE cov: 3267 ft: 4481 corp: 308/29Kb lim: 4096 exec/s: 13770 rss: 231Mb L: 24/3656 MS: 5 CrossOver-ShuffleBytes-ChangeBinInt-ShuffleBytes-EraseBytes-
#801558	REDUCE cov: 3267 ft: 4481 corp: 308/29Kb lim: 4096 exec/s: 13819 rss: 231Mb L: 154/3656 MS: 1 EraseBytes-
#806729	REDUCE cov: 3267 ft: 4487 corp: 309/30Kb lim: 4096 exec/s: 13909 rss: 231Mb L: 458/3656 MS: 1 CopyPart-
#807245	NEW    cov: 3267 ft: 4489 corp: 310/30Kb lim: 4096 exec/s: 13918 rss: 231Mb L: 554/3656 MS: 1 InsertRepeatedBytes-
#809778	REDUCE cov: 3267 ft: 4489 corp: 310/30Kb lim: 4096 exec/s: 13725 rss: 231Mb L: 19/3656 MS: 3 EraseBytes-ChangeBinInt-EraseBytes-
#812614	REDUCE cov: 3267 ft: 4489 corp: 310/30Kb lim: 4096 exec/s: 13773 rss: 231Mb L: 937/3656 MS: 1 EraseBytes-
#817020	REDUCE cov: 3267 ft: 4489 corp: 310/30Kb lim: 4096 exec/s: 13847 rss: 231Mb L: 528/3656 MS: 1 EraseBytes-
#818027	NEW    cov: 3267 ft: 4491 corp: 311/31Kb lim: 4096 exec/s: 13864 rss: 231Mb L: 877/3656 MS: 2 ChangeByte-CopyPart-
#820338	NEW    cov: 3267 ft: 4493 corp: 312/32Kb lim: 4096 exec/s: 13904 rss: 231Mb L: 881/3656 MS: 1 CMP- DE: "\001\000\000\000"-
#823711	NEW    cov: 3267 ft: 4497 corp: 313/33Kb lim: 4096 exec/s: 13728 rss: 231Mb L: 1289/3656 MS: 3 ChangeByte-ShuffleBytes-CopyPart-
#824612	REDUCE cov: 3267 ft: 4497 corp: 313/33Kb lim: 4096 exec/s: 13743 rss: 231Mb L: 1255/3656 MS: 1 EraseBytes-
#825338	REDUCE cov: 3267 ft: 4497 corp: 313/33Kb lim: 4096 exec/s: 13755 rss: 231Mb L: 948/3656 MS: 1 EraseBytes-
#827524	NEW    cov: 3267 ft: 4499 corp: 314/35Kb lim: 4096 exec/s: 13792 rss: 231Mb L: 1708/3656 MS: 1 CopyPart-
#828692	REDUCE cov: 3267 ft: 4499 corp: 314/35Kb lim: 4096 exec/s: 13811 rss: 231Mb L: 982/3656 MS: 3 InsertByte-ShuffleBytes-EraseBytes-
#828963	REDUCE cov: 3267 ft: 4499 corp: 314/35Kb lim: 4096 exec/s: 13816 rss: 231Mb L: 178/3656 MS: 1 EraseBytes-
#829162	REDUCE cov: 3267 ft: 4499 corp: 314/35Kb lim: 4096 exec/s: 13819 rss: 231Mb L: 26/3656 MS: 4 CMP-EraseBytes-PersAutoDict-EraseBytes- DE: "\000\000\000\022"-"\002\000\000\000\000\000\000\000"-
#831393	REDUCE cov: 3267 ft: 4499 corp: 314/35Kb lim: 4096 exec/s: 13856 rss: 231Mb L: 16/3656 MS: 1 EraseBytes-
#834282	REDUCE cov: 3267 ft: 4499 corp: 314/35Kb lim: 4096 exec/s: 13676 rss: 231Mb L: 851/3656 MS: 4 ChangeByte-EraseBytes-InsertByte-CopyPart-
#834793	REDUCE cov: 3267 ft: 4499 corp: 314/35Kb lim: 4096 exec/s: 13685 rss: 231Mb L: 110/3656 MS: 1 EraseBytes-
#839615	REDUCE cov: 3267 ft: 4499 corp: 314/35Kb lim: 4096 exec/s: 13764 rss: 231Mb L: 332/3656 MS: 2 CrossOver-EraseBytes-
#843204	REDUCE cov: 3267 ft: 4499 corp: 314/35Kb lim: 4096 exec/s: 13823 rss: 231Mb L: 109/3656 MS: 4 CopyPart-CrossOver-ShuffleBytes-EraseBytes-
#844155	REDUCE cov: 3267 ft: 4499 corp: 314/35Kb lim: 4096 exec/s: 13615 rss: 231Mb L: 62/3656 MS: 1 EraseBytes-
#844836	REDUCE cov: 3267 ft: 4499 corp: 314/35Kb lim: 4096 exec/s: 13626 rss: 231Mb L: 21/3656 MS: 1 EraseBytes-
#844958	REDUCE cov: 3267 ft: 4499 corp: 314/35Kb lim: 4096 exec/s: 13628 rss: 231Mb L: 107/3656 MS: 2 InsertByte-EraseBytes-
#845489	REDUCE cov: 3267 ft: 4499 corp: 314/35Kb lim: 4096 exec/s: 13636 rss: 231Mb L: 803/3656 MS: 1 EraseBytes-
#848105	REDUCE cov: 3267 ft: 4499 corp: 314/35Kb lim: 4096 exec/s: 13679 rss: 231Mb L: 524/3656 MS: 1 EraseBytes-
#849158	REDUCE cov: 3267 ft: 4499 corp: 314/35Kb lim: 4096 exec/s: 13696 rss: 231Mb L: 18/3656 MS: 3 EraseBytes-ShuffleBytes-EraseBytes-
	NEW_FUNC[1/1]: 0x000100f3fc34 in _RNvNtNtNtCshRpDQhzqXcB_17herdr_client_core6client5shell13surface_patch21pane_geometry_matches+0x0 (patch_apply:arm64+0x100203c34)
#849806	REDUCE cov: 3287 ft: 4519 corp: 315/35Kb lim: 4096 exec/s: 13706 rss: 231Mb L: 44/3656 MS: 3 ChangeBit-InsertByte-CrossOver-
#850337	NEW    cov: 3288 ft: 4520 corp: 316/35Kb lim: 4096 exec/s: 13715 rss: 231Mb L: 107/3656 MS: 1 CrossOver-
#850823	NEW    cov: 3289 ft: 4521 corp: 317/35Kb lim: 4096 exec/s: 13722 rss: 231Mb L: 44/3656 MS: 1 ChangeBit-
#851741	REDUCE cov: 3289 ft: 4523 corp: 318/36Kb lim: 4096 exec/s: 13737 rss: 231Mb L: 983/3656 MS: 3 PersAutoDict-InsertByte-CrossOver- DE: "\000\000\000\000\000\000\0005"-
#851954	REDUCE cov: 3289 ft: 4523 corp: 318/36Kb lim: 4096 exec/s: 13741 rss: 231Mb L: 1641/3656 MS: 3 CopyPart-ChangeBit-EraseBytes-
#852141	REDUCE cov: 3289 ft: 4523 corp: 318/36Kb lim: 4096 exec/s: 13744 rss: 231Mb L: 84/3656 MS: 2 ChangeByte-EraseBytes-
#852487	REDUCE cov: 3289 ft: 4523 corp: 318/36Kb lim: 4096 exec/s: 13749 rss: 231Mb L: 56/3656 MS: 1 EraseBytes-
#852519	NEW    cov: 3290 ft: 4524 corp: 319/36Kb lim: 4096 exec/s: 13750 rss: 231Mb L: 102/3656 MS: 2 CrossOver-PersAutoDict- DE: "\000\023"-
#852626	REDUCE cov: 3290 ft: 4524 corp: 319/35Kb lim: 4096 exec/s: 13752 rss: 231Mb L: 664/3656 MS: 2 ChangeBit-EraseBytes-
#853139	NEW    cov: 3295 ft: 4529 corp: 320/36Kb lim: 4096 exec/s: 13760 rss: 231Mb L: 128/3656 MS: 3 CrossOver-ChangeBinInt-CopyPart-
#853370	REDUCE cov: 3295 ft: 4529 corp: 320/36Kb lim: 4096 exec/s: 13764 rss: 231Mb L: 604/3656 MS: 1 EraseBytes-
#853644	REDUCE cov: 3295 ft: 4532 corp: 321/36Kb lim: 4096 exec/s: 13768 rss: 231Mb L: 588/3656 MS: 4 PersAutoDict-EraseBytes-ChangeBit-CMP- DE: "\037\000"-"\022\000"-
#853975	REDUCE cov: 3295 ft: 4532 corp: 321/36Kb lim: 4096 exec/s: 13773 rss: 231Mb L: 654/3656 MS: 1 EraseBytes-
#854431	REDUCE cov: 3295 ft: 4532 corp: 321/36Kb lim: 4096 exec/s: 13781 rss: 231Mb L: 97/3656 MS: 1 EraseBytes-
#854643	NEW    cov: 3296 ft: 4533 corp: 322/36Kb lim: 4096 exec/s: 13565 rss: 231Mb L: 44/3656 MS: 2 ChangeBit-CMP- DE: "q\000"-
#854871	REDUCE cov: 3296 ft: 4533 corp: 322/36Kb lim: 4096 exec/s: 13569 rss: 231Mb L: 61/3656 MS: 3 ChangeBit-ChangeByte-EraseBytes-
#854958	REDUCE cov: 3296 ft: 4533 corp: 322/36Kb lim: 4096 exec/s: 13570 rss: 231Mb L: 64/3656 MS: 2 ChangeBit-EraseBytes-
#855340	NEW    cov: 3297 ft: 4534 corp: 323/36Kb lim: 4096 exec/s: 13576 rss: 231Mb L: 208/3656 MS: 2 PersAutoDict-CopyPart- DE: "\002\000\000\000\000\000\000\000"-
#855571	NEW    cov: 3298 ft: 4535 corp: 324/36Kb lim: 4096 exec/s: 13580 rss: 231Mb L: 44/3656 MS: 1 ChangeBinInt-
#856087	NEW    cov: 3299 ft: 4536 corp: 325/36Kb lim: 4096 exec/s: 13588 rss: 231Mb L: 44/3656 MS: 1 ChangeBinInt-
#856147	REDUCE cov: 3299 ft: 4536 corp: 325/36Kb lim: 4096 exec/s: 13589 rss: 231Mb L: 154/3656 MS: 5 InsertByte-ChangeByte-ChangeBinInt-ChangeBit-EraseBytes-
#856327	REDUCE cov: 3299 ft: 4536 corp: 325/36Kb lim: 4096 exec/s: 13592 rss: 231Mb L: 84/3656 MS: 5 ShuffleBytes-PersAutoDict-ChangeBit-CMP-EraseBytes- DE: "#\000\000\000\000\000\000\000"-"\376\377\377\366"-
#856698	REDUCE cov: 3299 ft: 4536 corp: 325/36Kb lim: 4096 exec/s: 13598 rss: 231Mb L: 118/3656 MS: 1 EraseBytes-
#857894	REDUCE cov: 3299 ft: 4536 corp: 325/36Kb lim: 4096 exec/s: 13617 rss: 231Mb L: 101/3656 MS: 1 EraseBytes-
#858225	NEW    cov: 3300 ft: 4537 corp: 326/36Kb lim: 4096 exec/s: 13622 rss: 231Mb L: 44/3656 MS: 1 ChangeByte-
#858842	REDUCE cov: 3300 ft: 4537 corp: 326/36Kb lim: 4096 exec/s: 13632 rss: 231Mb L: 1548/3656 MS: 2 ChangeBinInt-EraseBytes-
#859698	REDUCE cov: 3300 ft: 4537 corp: 326/36Kb lim: 4096 exec/s: 13646 rss: 231Mb L: 98/3656 MS: 1 EraseBytes-
#860449	REDUCE cov: 3300 ft: 4537 corp: 326/36Kb lim: 4096 exec/s: 13657 rss: 231Mb L: 80/3656 MS: 1 EraseBytes-
#861070	REDUCE cov: 3300 ft: 4537 corp: 326/36Kb lim: 4096 exec/s: 13667 rss: 231Mb L: 61/3656 MS: 1 EraseBytes-
#861251	REDUCE cov: 3300 ft: 4537 corp: 326/36Kb lim: 4096 exec/s: 13670 rss: 231Mb L: 55/3656 MS: 1 EraseBytes-
#861602	REDUCE cov: 3300 ft: 4537 corp: 326/36Kb lim: 4096 exec/s: 13676 rss: 231Mb L: 65/3656 MS: 1 EraseBytes-
#861639	REDUCE cov: 3300 ft: 4537 corp: 326/36Kb lim: 4096 exec/s: 13676 rss: 231Mb L: 653/3656 MS: 2 EraseBytes-CopyPart-
#863710	REDUCE cov: 3300 ft: 4537 corp: 326/36Kb lim: 4096 exec/s: 13709 rss: 231Mb L: 946/3656 MS: 1 EraseBytes-
#864151	REDUCE cov: 3300 ft: 4537 corp: 326/36Kb lim: 4096 exec/s: 13716 rss: 231Mb L: 62/3656 MS: 1 EraseBytes-
#865537	REDUCE cov: 3300 ft: 4537 corp: 326/36Kb lim: 4096 exec/s: 13524 rss: 231Mb L: 43/3656 MS: 1 EraseBytes-
#865538	REDUCE cov: 3300 ft: 4537 corp: 326/36Kb lim: 4096 exec/s: 13524 rss: 231Mb L: 84/3656 MS: 1 EraseBytes-
#869014	REDUCE cov: 3300 ft: 4537 corp: 326/36Kb lim: 4096 exec/s: 13578 rss: 231Mb L: 53/3656 MS: 1 EraseBytes-
#869355	REDUCE cov: 3300 ft: 4537 corp: 326/36Kb lim: 4096 exec/s: 13583 rss: 231Mb L: 50/3656 MS: 1 EraseBytes-
#870096	REDUCE cov: 3300 ft: 4537 corp: 326/36Kb lim: 4096 exec/s: 13595 rss: 231Mb L: 11/3656 MS: 1 EraseBytes-
#870887	REDUCE cov: 3300 ft: 4537 corp: 326/36Kb lim: 4096 exec/s: 13607 rss: 231Mb L: 436/3656 MS: 1 EraseBytes-
#873092	REDUCE cov: 3300 ft: 4537 corp: 326/36Kb lim: 4096 exec/s: 13642 rss: 231Mb L: 24/3656 MS: 5 ChangeBinInt-CrossOver-ChangeBit-ChangeBit-EraseBytes-
#873473	REDUCE cov: 3300 ft: 4537 corp: 326/36Kb lim: 4096 exec/s: 13648 rss: 231Mb L: 95/3656 MS: 1 EraseBytes-
#873614	REDUCE cov: 3300 ft: 4537 corp: 326/36Kb lim: 4096 exec/s: 13650 rss: 231Mb L: 43/3656 MS: 1 EraseBytes-
#877766	REDUCE cov: 3300 ft: 4537 corp: 326/36Kb lim: 4096 exec/s: 13504 rss: 231Mb L: 65/3656 MS: 2 CMP-EraseBytes- DE: "\377\377\377\370"-
#877839	REDUCE cov: 3300 ft: 4537 corp: 326/36Kb lim: 4096 exec/s: 13505 rss: 231Mb L: 96/3656 MS: 3 EraseBytes-PersAutoDict-CopyPart- DE: "p\000"-
#881303	REDUCE cov: 3300 ft: 4537 corp: 326/36Kb lim: 4096 exec/s: 13558 rss: 231Mb L: 416/3656 MS: 4 ShuffleBytes-CopyPart-CopyPart-EraseBytes-
#882484	REDUCE cov: 3300 ft: 4537 corp: 326/36Kb lim: 4096 exec/s: 13576 rss: 231Mb L: 108/3656 MS: 1 EraseBytes-
#886310	REDUCE cov: 3302 ft: 4539 corp: 327/36Kb lim: 4096 exec/s: 13635 rss: 231Mb L: 69/3656 MS: 1 CopyPart-
#886671	REDUCE cov: 3302 ft: 4539 corp: 327/36Kb lim: 4096 exec/s: 13641 rss: 231Mb L: 36/3656 MS: 1 EraseBytes-
#891684	NEW    cov: 3348 ft: 4585 corp: 328/36Kb lim: 4096 exec/s: 13510 rss: 232Mb L: 70/3656 MS: 3 ChangeBit-ChangeBinInt-InsertByte-
#900541	REDUCE cov: 3348 ft: 4585 corp: 328/36Kb lim: 4096 exec/s: 13440 rss: 232Mb L: 645/3656 MS: 2 ShuffleBytes-EraseBytes-
#901835	REDUCE cov: 3348 ft: 4585 corp: 328/36Kb lim: 4096 exec/s: 13460 rss: 232Mb L: 79/3656 MS: 4 InsertRepeatedBytes-ShuffleBytes-CrossOver-EraseBytes-
#906806	REDUCE cov: 3351 ft: 4588 corp: 329/36Kb lim: 4096 exec/s: 13534 rss: 232Mb L: 65/3656 MS: 1 PersAutoDict- DE: "\001\000\000\000\000\000\000\017"-
#907737	REDUCE cov: 3351 ft: 4588 corp: 329/36Kb lim: 4096 exec/s: 13548 rss: 232Mb L: 25/3656 MS: 1 EraseBytes-
#909187	REDUCE cov: 3351 ft: 4588 corp: 329/36Kb lim: 4096 exec/s: 13569 rss: 233Mb L: 68/3656 MS: 5 CMP-EraseBytes-PersAutoDict-ChangeBit-EraseBytes- DE: "\000\000\000\000"-"\000\000\000m"-
#909269	REDUCE cov: 3351 ft: 4588 corp: 329/36Kb lim: 4096 exec/s: 13571 rss: 233Mb L: 430/3656 MS: 2 ChangeByte-EraseBytes-
#913931	REDUCE cov: 3351 ft: 4588 corp: 329/36Kb lim: 4096 exec/s: 13440 rss: 233Mb L: 149/3656 MS: 2 CopyPart-EraseBytes-
#916077	REDUCE cov: 3351 ft: 4588 corp: 329/36Kb lim: 4096 exec/s: 13471 rss: 233Mb L: 51/3656 MS: 1 EraseBytes-
#916113	REDUCE cov: 3351 ft: 4588 corp: 329/36Kb lim: 4096 exec/s: 13472 rss: 233Mb L: 47/3656 MS: 1 EraseBytes-
#917355	REDUCE cov: 3351 ft: 4588 corp: 329/36Kb lim: 4096 exec/s: 13490 rss: 233Mb L: 855/3656 MS: 2 EraseBytes-CrossOver-
#918176	REDUCE cov: 3351 ft: 4588 corp: 329/36Kb lim: 4096 exec/s: 13502 rss: 233Mb L: 54/3656 MS: 1 EraseBytes-
#918942	REDUCE cov: 3351 ft: 4588 corp: 329/36Kb lim: 4096 exec/s: 13513 rss: 233Mb L: 56/3656 MS: 1 EraseBytes-
#926374	REDUCE cov: 3351 ft: 4588 corp: 329/36Kb lim: 4096 exec/s: 13425 rss: 233Mb L: 37/3656 MS: 2 ChangeASCIIInt-EraseBytes-
#926598	REDUCE cov: 3351 ft: 4588 corp: 329/36Kb lim: 4096 exec/s: 13428 rss: 233Mb L: 1526/3656 MS: 4 EraseBytes-EraseBytes-CopyPart-CopyPart-
#926990	REDUCE cov: 3351 ft: 4588 corp: 329/36Kb lim: 4096 exec/s: 13434 rss: 233Mb L: 99/3656 MS: 2 ShuffleBytes-EraseBytes-
#929701	REDUCE cov: 3351 ft: 4588 corp: 329/36Kb lim: 4096 exec/s: 13473 rss: 233Mb L: 110/3656 MS: 1 EraseBytes-
#929702	REDUCE cov: 3351 ft: 4588 corp: 329/36Kb lim: 4096 exec/s: 13473 rss: 233Mb L: 64/3656 MS: 1 EraseBytes-
#931269	REDUCE cov: 3351 ft: 4588 corp: 329/36Kb lim: 4096 exec/s: 13303 rss: 233Mb L: 402/3656 MS: 2 PersAutoDict-EraseBytes- DE: "\007\000\000\000\000\000\000\000"-
#934562	REDUCE cov: 3351 ft: 4588 corp: 329/36Kb lim: 4096 exec/s: 13350 rss: 233Mb L: 14/3656 MS: 3 CopyPart-ChangeBit-EraseBytes-
#940974	REDUCE cov: 3351 ft: 4588 corp: 329/36Kb lim: 4096 exec/s: 13442 rss: 233Mb L: 60/3656 MS: 2 ShuffleBytes-EraseBytes-
#942135	REDUCE cov: 3351 ft: 4588 corp: 329/36Kb lim: 4096 exec/s: 13269 rss: 233Mb L: 55/3656 MS: 1 EraseBytes-
#946696	REDUCE cov: 3351 ft: 4588 corp: 329/36Kb lim: 4096 exec/s: 13333 rss: 233Mb L: 20/3656 MS: 1 EraseBytes-
#953118	REDUCE cov: 3351 ft: 4588 corp: 329/36Kb lim: 4096 exec/s: 13424 rss: 233Mb L: 24/3656 MS: 2 EraseBytes-CMP- DE: "\000\000\000\000\000\000\000\370"-
#954345	REDUCE cov: 3351 ft: 4588 corp: 329/36Kb lim: 4096 exec/s: 13254 rss: 233Mb L: 34/3656 MS: 2 ShuffleBytes-EraseBytes-
#962076	REDUCE cov: 3351 ft: 4588 corp: 329/36Kb lim: 4096 exec/s: 13362 rss: 233Mb L: 370/3656 MS: 1 EraseBytes-
#963428	REDUCE cov: 3351 ft: 4588 corp: 329/36Kb lim: 4096 exec/s: 13380 rss: 233Mb L: 1540/3656 MS: 2 CopyPart-EraseBytes-
#964774	REDUCE cov: 3351 ft: 4588 corp: 329/36Kb lim: 4096 exec/s: 13216 rss: 233Mb L: 37/3656 MS: 1 EraseBytes-
#967240	REDUCE cov: 3351 ft: 4588 corp: 329/36Kb lim: 4096 exec/s: 13249 rss: 233Mb L: 488/3656 MS: 1 EraseBytes-
#968569	REDUCE cov: 3351 ft: 4588 corp: 329/36Kb lim: 4096 exec/s: 13268 rss: 233Mb L: 42/3656 MS: 4 ShuffleBytes-ChangeBinInt-ChangeASCIIInt-EraseBytes-
#968700	REDUCE cov: 3351 ft: 4588 corp: 329/36Kb lim: 4096 exec/s: 13269 rss: 233Mb L: 105/3656 MS: 1 EraseBytes-
#969562	REDUCE cov: 3351 ft: 4588 corp: 329/36Kb lim: 4096 exec/s: 13281 rss: 233Mb L: 152/3656 MS: 2 ChangeBinInt-EraseBytes-
#969628	REDUCE cov: 3351 ft: 4588 corp: 329/36Kb lim: 4096 exec/s: 13282 rss: 233Mb L: 94/3656 MS: 1 EraseBytes-
#973284	REDUCE cov: 3351 ft: 4588 corp: 329/36Kb lim: 4096 exec/s: 13332 rss: 233Mb L: 54/3656 MS: 1 EraseBytes-
#985321	REDUCE cov: 3351 ft: 4588 corp: 329/36Kb lim: 4096 exec/s: 13315 rss: 236Mb L: 25/3656 MS: 2 EraseBytes-ShuffleBytes-
#989972	REDUCE cov: 3351 ft: 4588 corp: 329/36Kb lim: 4096 exec/s: 13199 rss: 240Mb L: 53/3656 MS: 1 EraseBytes-
#990138	REDUCE cov: 3351 ft: 4588 corp: 329/36Kb lim: 4096 exec/s: 13201 rss: 240Mb L: 887/3656 MS: 1 EraseBytes-
#990314	REDUCE cov: 3351 ft: 4588 corp: 329/36Kb lim: 4096 exec/s: 13204 rss: 240Mb L: 42/3656 MS: 1 EraseBytes-
#992115	REDUCE cov: 3351 ft: 4588 corp: 329/36Kb lim: 4096 exec/s: 13228 rss: 240Mb L: 50/3656 MS: 1 EraseBytes-
#994826	REDUCE cov: 3351 ft: 4588 corp: 329/36Kb lim: 4096 exec/s: 13264 rss: 240Mb L: 52/3656 MS: 1 EraseBytes-
#997692	REDUCE cov: 3351 ft: 4588 corp: 329/36Kb lim: 4096 exec/s: 13302 rss: 241Mb L: 170/3656 MS: 1 EraseBytes-
#1002618	REDUCE cov: 3354 ft: 4591 corp: 330/36Kb lim: 4096 exec/s: 13192 rss: 241Mb L: 54/3656 MS: 1 ShuffleBytes-
#1005130	REDUCE cov: 3354 ft: 4591 corp: 330/36Kb lim: 4096 exec/s: 13225 rss: 241Mb L: 12/3656 MS: 2 CopyPart-EraseBytes-
#1005254	REDUCE cov: 3354 ft: 4591 corp: 330/36Kb lim: 4096 exec/s: 13227 rss: 241Mb L: 8/3656 MS: 4 InsertByte-EraseBytes-ChangeBit-PersAutoDict- DE: "\000\023"-
#1009165	REDUCE cov: 3354 ft: 4591 corp: 330/36Kb lim: 4096 exec/s: 13106 rss: 241Mb L: 1496/3656 MS: 1 EraseBytes-
#1014352	REDUCE cov: 3354 ft: 4591 corp: 330/36Kb lim: 4096 exec/s: 13173 rss: 241Mb L: 18/3656 MS: 2 ChangeByte-EraseBytes-
#1019104	REDUCE cov: 3354 ft: 4591 corp: 330/36Kb lim: 4096 exec/s: 13235 rss: 241Mb L: 485/3656 MS: 2 InsertByte-EraseBytes-
#1022381	REDUCE cov: 3354 ft: 4591 corp: 330/36Kb lim: 4096 exec/s: 13107 rss: 241Mb L: 54/3656 MS: 2 CrossOver-EraseBytes-
#1026543	REDUCE cov: 3354 ft: 4591 corp: 330/36Kb lim: 4096 exec/s: 13160 rss: 241Mb L: 43/3656 MS: 2 ChangeBit-EraseBytes-
#1026814	REDUCE cov: 3354 ft: 4591 corp: 330/36Kb lim: 4096 exec/s: 13164 rss: 241Mb L: 73/3656 MS: 1 EraseBytes-
#1033470	REDUCE cov: 3354 ft: 4591 corp: 330/36Kb lim: 4096 exec/s: 13081 rss: 241Mb L: 65/3656 MS: 1 EraseBytes-
#1036132	REDUCE cov: 3356 ft: 4593 corp: 331/36Kb lim: 4096 exec/s: 13115 rss: 241Mb L: 53/3656 MS: 2 ChangeBinInt-ChangeBinInt-
#1040804	REDUCE cov: 3356 ft: 4593 corp: 331/36Kb lim: 4096 exec/s: 13174 rss: 241Mb L: 11/3656 MS: 2 CopyPart-EraseBytes-
#1043680	REDUCE cov: 3356 ft: 4594 corp: 332/36Kb lim: 4096 exec/s: 13046 rss: 241Mb L: 629/3656 MS: 1 CrossOver-
#1043826	REDUCE cov: 3356 ft: 4594 corp: 332/36Kb lim: 4096 exec/s: 13047 rss: 241Mb L: 589/3656 MS: 1 EraseBytes-
#1046973	REDUCE cov: 3356 ft: 4594 corp: 332/36Kb lim: 4096 exec/s: 13087 rss: 241Mb L: 147/3656 MS: 2 CopyPart-EraseBytes-
#1048576	pulse  cov: 3356 ft: 4594 corp: 332/36Kb lim: 4096 exec/s: 13107 rss: 241Mb
#1049183	REDUCE cov: 3356 ft: 4594 corp: 332/36Kb lim: 4096 exec/s: 13114 rss: 241Mb L: 7/3656 MS: 5 ChangeBit-EraseBytes-CopyPart-CopyPart-CopyPart-
#1049753	REDUCE cov: 3356 ft: 4594 corp: 332/36Kb lim: 4096 exec/s: 13121 rss: 241Mb L: 575/3656 MS: 5 ChangeByte-CMP-InsertByte-InsertRepeatedBytes-EraseBytes- DE: "\003v'bv'bv"-
#1049924	REDUCE cov: 3356 ft: 4594 corp: 332/36Kb lim: 4096 exec/s: 13124 rss: 241Mb L: 58/3656 MS: 1 EraseBytes-
#1050060	REDUCE cov: 3356 ft: 4594 corp: 332/36Kb lim: 4096 exec/s: 13125 rss: 241Mb L: 64/3656 MS: 1 EraseBytes-
#1051291	REDUCE cov: 3356 ft: 4594 corp: 332/36Kb lim: 4096 exec/s: 13141 rss: 241Mb L: 1460/3656 MS: 1 EraseBytes-
#1052088	REDUCE cov: 3356 ft: 4594 corp: 332/36Kb lim: 4096 exec/s: 13151 rss: 241Mb L: 49/3656 MS: 2 CMP-EraseBytes- DE: "\001\000\000\000\000\000\000\003"-
#1052656	REDUCE cov: 3356 ft: 4594 corp: 332/36Kb lim: 4096 exec/s: 13158 rss: 241Mb L: 473/3656 MS: 3 ChangeBit-CopyPart-EraseBytes-
#1054164	REDUCE cov: 3356 ft: 4594 corp: 332/36Kb lim: 4096 exec/s: 13014 rss: 241Mb L: 368/3656 MS: 3 CopyPart-CrossOver-EraseBytes-
#1055311	REDUCE cov: 3356 ft: 4594 corp: 332/36Kb lim: 4096 exec/s: 13028 rss: 241Mb L: 25/3656 MS: 2 PersAutoDict-EraseBytes- DE: "\000\023"-
#1057468	REDUCE cov: 3356 ft: 4594 corp: 332/36Kb lim: 4096 exec/s: 13055 rss: 241Mb L: 72/3656 MS: 2 ChangeBit-EraseBytes-
#1058879	REDUCE cov: 3356 ft: 4594 corp: 332/36Kb lim: 4096 exec/s: 13072 rss: 241Mb L: 344/3656 MS: 1 EraseBytes-
#1060315	REDUCE cov: 3356 ft: 4594 corp: 332/36Kb lim: 4096 exec/s: 13090 rss: 241Mb L: 76/3656 MS: 1 EraseBytes-
#1061546	REDUCE cov: 3356 ft: 4594 corp: 332/36Kb lim: 4096 exec/s: 13105 rss: 241Mb L: 10/3656 MS: 1 EraseBytes-
#1062420	NEW    cov: 3368 ft: 4618 corp: 333/36Kb lim: 4096 exec/s: 13116 rss: 241Mb L: 53/3656 MS: 4 ChangeBit-ChangeBit-ChangeBit-ShuffleBytes-
#1068548	REDUCE cov: 3368 ft: 4618 corp: 333/36Kb lim: 4096 exec/s: 13031 rss: 241Mb L: 19/3656 MS: 3 ChangeASCIIInt-ChangeBit-EraseBytes-
#1069805	NEW    cov: 3369 ft: 4619 corp: 334/36Kb lim: 4096 exec/s: 13046 rss: 241Mb L: 53/3656 MS: 2 ShuffleBytes-CrossOver-
#1081211	NEW    cov: 3372 ft: 4622 corp: 335/36Kb lim: 4096 exec/s: 13026 rss: 241Mb L: 49/3656 MS: 1 EraseBytes-
#1081852	REDUCE cov: 3372 ft: 4622 corp: 335/36Kb lim: 4096 exec/s: 13034 rss: 241Mb L: 52/3656 MS: 1 EraseBytes-
#1084478	REDUCE cov: 3372 ft: 4624 corp: 336/38Kb lim: 4096 exec/s: 13066 rss: 241Mb L: 1484/3656 MS: 1 CrossOver-
#1086176	REDUCE cov: 3372 ft: 4624 corp: 336/38Kb lim: 4096 exec/s: 12930 rss: 241Mb L: 1458/3656 MS: 3 PersAutoDict-InsertRepeatedBytes-EraseBytes- DE: "\376\377\377\366"-
#1086462	NEW    cov: 3373 ft: 4625 corp: 337/38Kb lim: 4096 exec/s: 12934 rss: 241Mb L: 53/3656 MS: 1 ChangeBinInt-
#1088988	REDUCE cov: 3373 ft: 4625 corp: 337/38Kb lim: 4096 exec/s: 12964 rss: 241Mb L: 41/3656 MS: 1 EraseBytes-
#1092154	REDUCE cov: 3373 ft: 4625 corp: 337/38Kb lim: 4096 exec/s: 13001 rss: 241Mb L: 47/3656 MS: 1 EraseBytes-
#1096435	REDUCE cov: 3373 ft: 4625 corp: 337/38Kb lim: 4096 exec/s: 13052 rss: 241Mb L: 1334/3656 MS: 1 EraseBytes-
#1098289	REDUCE cov: 3373 ft: 4625 corp: 337/37Kb lim: 4096 exec/s: 12921 rss: 241Mb L: 1243/3656 MS: 4 ChangeByte-ChangeByte-ChangeByte-EraseBytes-
#1106660	REDUCE cov: 3373 ft: 4625 corp: 337/37Kb lim: 4096 exec/s: 13019 rss: 241Mb L: 51/3656 MS: 1 EraseBytes-
#1115031	REDUCE cov: 3373 ft: 4625 corp: 337/37Kb lim: 4096 exec/s: 12965 rss: 241Mb L: 1230/3656 MS: 1 EraseBytes-
#1116482	REDUCE cov: 3373 ft: 4625 corp: 337/37Kb lim: 4096 exec/s: 12982 rss: 241Mb L: 18/3656 MS: 1 EraseBytes-
#1116578	REDUCE cov: 3373 ft: 4625 corp: 337/37Kb lim: 4096 exec/s: 12983 rss: 241Mb L: 80/3656 MS: 1 EraseBytes-
#1116836	REDUCE cov: 3373 ft: 4625 corp: 337/37Kb lim: 4096 exec/s: 12986 rss: 241Mb L: 44/3656 MS: 3 ChangeByte-ShuffleBytes-EraseBytes-
#1118264	REDUCE cov: 3373 ft: 4625 corp: 337/37Kb lim: 4096 exec/s: 12853 rss: 241Mb L: 10/3656 MS: 3 InsertByte-CopyPart-EraseBytes-
#1120290	REDUCE cov: 3373 ft: 4625 corp: 337/37Kb lim: 4096 exec/s: 12876 rss: 241Mb L: 67/3656 MS: 1 EraseBytes-
#1123911	REDUCE cov: 3373 ft: 4625 corp: 337/37Kb lim: 4096 exec/s: 12918 rss: 241Mb L: 108/3656 MS: 1 EraseBytes-
#1126117	REDUCE cov: 3373 ft: 4625 corp: 337/37Kb lim: 4096 exec/s: 12943 rss: 241Mb L: 53/3656 MS: 1 EraseBytes-
#1135588	REDUCE cov: 3373 ft: 4625 corp: 337/37Kb lim: 4096 exec/s: 12904 rss: 241Mb L: 139/3656 MS: 1 EraseBytes-
#1135804	REDUCE cov: 3373 ft: 4625 corp: 337/37Kb lim: 4096 exec/s: 12906 rss: 241Mb L: 103/3656 MS: 1 EraseBytes-
#1146485	REDUCE cov: 3373 ft: 4625 corp: 337/37Kb lim: 4096 exec/s: 12881 rss: 241Mb L: 74/3656 MS: 1 EraseBytes-
#1159861	REDUCE cov: 3373 ft: 4625 corp: 337/37Kb lim: 4096 exec/s: 12887 rss: 241Mb L: 369/3656 MS: 1 EraseBytes-
#1170117	REDUCE cov: 3373 ft: 4625 corp: 337/37Kb lim: 4096 exec/s: 12858 rss: 241Mb L: 52/3656 MS: 1 EraseBytes-
#1180540	REDUCE cov: 3373 ft: 4625 corp: 337/37Kb lim: 4096 exec/s: 12831 rss: 241Mb L: 15/3656 MS: 3 ChangeByte-ChangeByte-EraseBytes-
#1185726	REDUCE cov: 3373 ft: 4625 corp: 337/37Kb lim: 4096 exec/s: 12749 rss: 241Mb L: 53/3656 MS: 1 EraseBytes-
#1186047	REDUCE cov: 3373 ft: 4625 corp: 337/37Kb lim: 4096 exec/s: 12753 rss: 241Mb L: 37/3656 MS: 1 EraseBytes-
#1186091	REDUCE cov: 3373 ft: 4625 corp: 337/37Kb lim: 4096 exec/s: 12753 rss: 241Mb L: 58/3656 MS: 4 InsertByte-CopyPart-PersAutoDict-EraseBytes- DE: "\000\000\000m"-
#1188255	REDUCE cov: 3373 ft: 4625 corp: 337/37Kb lim: 4096 exec/s: 12776 rss: 241Mb L: 67/3656 MS: 4 CrossOver-CMP-CrossOver-EraseBytes- DE: "\001\000\000\000\001\377\377\377"-
#1191521	REDUCE cov: 3373 ft: 4625 corp: 337/37Kb lim: 4096 exec/s: 12812 rss: 241Mb L: 51/3656 MS: 1 EraseBytes-
#1192552	REDUCE cov: 3373 ft: 4625 corp: 337/37Kb lim: 4096 exec/s: 12823 rss: 241Mb L: 33/3656 MS: 1 EraseBytes-
#1192763	REDUCE cov: 3373 ft: 4625 corp: 337/37Kb lim: 4096 exec/s: 12825 rss: 241Mb L: 51/3656 MS: 1 EraseBytes-
#1195525	REDUCE cov: 3373 ft: 4625 corp: 337/37Kb lim: 4096 exec/s: 12718 rss: 241Mb L: 12/3656 MS: 2 EraseBytes-CopyPart-
#1198181	REDUCE cov: 3373 ft: 4625 corp: 337/37Kb lim: 4096 exec/s: 12746 rss: 241Mb L: 21/3656 MS: 1 EraseBytes-
#1200768	REDUCE cov: 3373 ft: 4625 corp: 337/37Kb lim: 4096 exec/s: 12774 rss: 241Mb L: 1391/3656 MS: 2 CopyPart-EraseBytes-
#1201219	REDUCE cov: 3373 ft: 4625 corp: 337/37Kb lim: 4096 exec/s: 12778 rss: 241Mb L: 53/3656 MS: 1 EraseBytes-
#1213148	REDUCE cov: 3373 ft: 4625 corp: 337/37Kb lim: 4096 exec/s: 12769 rss: 241Mb L: 1520/3656 MS: 4 InsertByte-InsertRepeatedBytes-CopyPart-EraseBytes-
#1213368	REDUCE cov: 3373 ft: 4625 corp: 337/37Kb lim: 4096 exec/s: 12772 rss: 241Mb L: 18/3656 MS: 5 EraseBytes-ChangeBinInt-CMP-ShuffleBytes-EraseBytes- DE: "\000\000\000\000\000\000\000\001"-
#1216627	REDUCE cov: 3373 ft: 4625 corp: 337/37Kb lim: 4096 exec/s: 12806 rss: 241Mb L: 9/3656 MS: 4 EraseBytes-ChangeByte-EraseBytes-PersAutoDict- DE: "\007\000\000\000\000\000\000\000"-
#1217559	REDUCE cov: 3373 ft: 4625 corp: 337/37Kb lim: 4096 exec/s: 12682 rss: 241Mb L: 167/3656 MS: 2 InsertByte-EraseBytes-
#1228405	REDUCE cov: 3373 ft: 4625 corp: 337/37Kb lim: 4096 exec/s: 12663 rss: 241Mb L: 7/3656 MS: 1 EraseBytes-
#1230551	REDUCE cov: 3373 ft: 4625 corp: 337/37Kb lim: 4096 exec/s: 12686 rss: 241Mb L: 43/3656 MS: 1 EraseBytes-
#1238122	REDUCE cov: 3373 ft: 4625 corp: 337/37Kb lim: 4096 exec/s: 12764 rss: 241Mb L: 860/3656 MS: 1 EraseBytes-
#1238253	REDUCE cov: 3373 ft: 4625 corp: 337/37Kb lim: 4096 exec/s: 12765 rss: 241Mb L: 107/3656 MS: 1 EraseBytes-
#1239175	REDUCE cov: 3373 ft: 4625 corp: 337/37Kb lim: 4096 exec/s: 12644 rss: 241Mb L: 481/3656 MS: 2 ShuffleBytes-EraseBytes-
#1240499	REDUCE cov: 3373 ft: 4625 corp: 337/37Kb lim: 4096 exec/s: 12658 rss: 241Mb L: 26/3656 MS: 4 ChangeASCIIInt-InsertByte-EraseBytes-CMP- DE: "\000\000\000\347"-
#1245395	REDUCE cov: 3373 ft: 4625 corp: 337/37Kb lim: 4096 exec/s: 12708 rss: 241Mb L: 49/3656 MS: 1 EraseBytes-
#1249246	REDUCE cov: 3373 ft: 4625 corp: 337/37Kb lim: 4096 exec/s: 12747 rss: 241Mb L: 942/3656 MS: 1 EraseBytes-
#1250602	REDUCE cov: 3373 ft: 4625 corp: 337/37Kb lim: 4096 exec/s: 12632 rss: 241Mb L: 49/3656 MS: 1 EraseBytes-
#1259438	REDUCE cov: 3373 ft: 4625 corp: 337/37Kb lim: 4096 exec/s: 12721 rss: 241Mb L: 50/3656 MS: 1 EraseBytes-
#1274339	REDUCE cov: 3373 ft: 4625 corp: 337/37Kb lim: 4096 exec/s: 12617 rss: 241Mb L: 34/3656 MS: 1 EraseBytes-
#1275330	REDUCE cov: 3373 ft: 4628 corp: 338/37Kb lim: 4096 exec/s: 12627 rss: 241Mb L: 51/3656 MS: 1 ShuffleBytes-
#1291661	REDUCE cov: 3373 ft: 4628 corp: 338/37Kb lim: 4096 exec/s: 12663 rss: 242Mb L: 49/3656 MS: 1 EraseBytes-
#1294487	REDUCE cov: 3373 ft: 4628 corp: 338/37Kb lim: 4096 exec/s: 12567 rss: 247Mb L: 65/3656 MS: 1 EraseBytes-
#1295913	REDUCE cov: 3373 ft: 4628 corp: 338/37Kb lim: 4096 exec/s: 12581 rss: 251Mb L: 43/3656 MS: 1 EraseBytes-
#1303824	REDUCE cov: 3373 ft: 4628 corp: 338/37Kb lim: 4096 exec/s: 12536 rss: 254Mb L: 74/3656 MS: 1 EraseBytes-
#1304060	REDUCE cov: 3373 ft: 4628 corp: 338/37Kb lim: 4096 exec/s: 12539 rss: 254Mb L: 47/3656 MS: 1 EraseBytes-
#1304248	REDUCE cov: 3373 ft: 4628 corp: 338/37Kb lim: 4096 exec/s: 12540 rss: 254Mb L: 97/3656 MS: 3 ChangeBit-PersAutoDict-EraseBytes- DE: "\001\000\000\000\000\000\000\003"-
#1314031	REDUCE cov: 3373 ft: 4628 corp: 338/37Kb lim: 4096 exec/s: 12514 rss: 257Mb L: 309/3656 MS: 3 InsertByte-EraseBytes-CrossOver-
#1314964	REDUCE cov: 3373 ft: 4628 corp: 338/37Kb lim: 4096 exec/s: 12523 rss: 257Mb L: 37/3656 MS: 3 CopyPart-EraseBytes-ShuffleBytes-
#1317750	REDUCE cov: 3373 ft: 4628 corp: 338/37Kb lim: 4096 exec/s: 12550 rss: 257Mb L: 78/3656 MS: 1 EraseBytes-
#1319016	REDUCE cov: 3373 ft: 4628 corp: 338/37Kb lim: 4096 exec/s: 12562 rss: 257Mb L: 50/3656 MS: 1 EraseBytes-
#1330898	REDUCE cov: 3373 ft: 4628 corp: 338/37Kb lim: 4096 exec/s: 12555 rss: 258Mb L: 112/3656 MS: 2 ChangeASCIIInt-EraseBytes-
#1338940	REDUCE cov: 3373 ft: 4628 corp: 338/37Kb lim: 4096 exec/s: 12513 rss: 258Mb L: 41/3656 MS: 2 PersAutoDict-EraseBytes- DE: "\000\000\000\022"-
#1345336	REDUCE cov: 3373 ft: 4628 corp: 338/37Kb lim: 4096 exec/s: 12456 rss: 260Mb L: 49/3656 MS: 1 EraseBytes-
#1345895	REDUCE cov: 3373 ft: 4628 corp: 338/37Kb lim: 4096 exec/s: 12461 rss: 260Mb L: 1506/3656 MS: 4 CopyPart-ChangeByte-ShuffleBytes-EraseBytes-
#1345997	REDUCE cov: 3373 ft: 4628 corp: 338/37Kb lim: 4096 exec/s: 12462 rss: 260Mb L: 41/3656 MS: 2 ChangeBit-EraseBytes-
#1351744	REDUCE cov: 3373 ft: 4628 corp: 338/37Kb lim: 4096 exec/s: 12516 rss: 260Mb L: 306/3656 MS: 2 CopyPart-EraseBytes-
#1352435	REDUCE cov: 3373 ft: 4628 corp: 338/37Kb lim: 4096 exec/s: 12407 rss: 260Mb L: 39/3656 MS: 1 EraseBytes-
#1353303	REDUCE cov: 3373 ft: 4628 corp: 338/37Kb lim: 4096 exec/s: 12415 rss: 260Mb L: 25/3656 MS: 3 CopyPart-PersAutoDict-EraseBytes- DE: "\001\000\000\000\000\000\000\017"-
#1355958	REDUCE cov: 3373 ft: 4628 corp: 338/37Kb lim: 4096 exec/s: 12439 rss: 260Mb L: 9/3656 MS: 5 InsertByte-PersAutoDict-EraseBytes-ChangeBinInt-EraseBytes- DE: "\014\000\000\000"-
#1364194	REDUCE cov: 3373 ft: 4628 corp: 338/37Kb lim: 4096 exec/s: 12401 rss: 262Mb L: 40/3656 MS: 1 EraseBytes-
#1369735	REDUCE cov: 3373 ft: 4628 corp: 338/37Kb lim: 4096 exec/s: 12452 rss: 264Mb L: 38/3656 MS: 1 EraseBytes-
#1376136	REDUCE cov: 3373 ft: 4628 corp: 338/37Kb lim: 4096 exec/s: 12397 rss: 266Mb L: 1414/3656 MS: 1 EraseBytes-
#1402218	REDUCE cov: 3373 ft: 4628 corp: 338/37Kb lim: 4096 exec/s: 12300 rss: 290Mb L: 40/3656 MS: 2 CopyPart-EraseBytes-
#1406349	REDUCE cov: 3373 ft: 4628 corp: 338/37Kb lim: 4096 exec/s: 12336 rss: 290Mb L: 36/3656 MS: 1 EraseBytes-
#1409023	REDUCE cov: 3373 ft: 4628 corp: 338/37Kb lim: 4096 exec/s: 12359 rss: 290Mb L: 11/3656 MS: 4 ChangeBit-EraseBytes-ChangeBit-EraseBytes-
#1420947	REDUCE cov: 3373 ft: 4628 corp: 338/37Kb lim: 4096 exec/s: 12356 rss: 292Mb L: 28/3656 MS: 4 CopyPart-EraseBytes-ChangeBinInt-ChangeBit-
#1430899	REDUCE cov: 3373 ft: 4628 corp: 338/37Kb lim: 4096 exec/s: 12335 rss: 293Mb L: 797/3656 MS: 2 EraseBytes-PersAutoDict- DE: "\000\000\000\000\000\000\000\370"-
#1433165	REDUCE cov: 3373 ft: 4628 corp: 338/37Kb lim: 4096 exec/s: 12249 rss: 299Mb L: 73/3656 MS: 1 EraseBytes-
#1443242	REDUCE cov: 3373 ft: 4628 corp: 338/37Kb lim: 4096 exec/s: 12230 rss: 303Mb L: 23/3656 MS: 2 EraseBytes-CopyPart-
#1452830	REDUCE cov: 3373 ft: 4628 corp: 338/37Kb lim: 4096 exec/s: 12208 rss: 303Mb L: 7/3656 MS: 3 PersAutoDict-EraseBytes-EraseBytes- DE: "!\000\000\000"-
#1465036	REDUCE cov: 3373 ft: 4628 corp: 338/37Kb lim: 4096 exec/s: 12208 rss: 303Mb L: 48/3656 MS: 1 EraseBytes-
#1472582	REDUCE cov: 3373 ft: 4628 corp: 338/37Kb lim: 4096 exec/s: 12170 rss: 303Mb L: 39/3656 MS: 1 EraseBytes-
#1474798	REDUCE cov: 3373 ft: 4628 corp: 338/37Kb lim: 4096 exec/s: 12188 rss: 303Mb L: 54/3656 MS: 1 EraseBytes-
#1475854	REDUCE cov: 3373 ft: 4628 corp: 338/37Kb lim: 4096 exec/s: 12197 rss: 303Mb L: 36/3656 MS: 1 EraseBytes-
#1476321	REDUCE cov: 3373 ft: 4628 corp: 338/37Kb lim: 4096 exec/s: 12201 rss: 303Mb L: 9/3656 MS: 2 ChangeBinInt-EraseBytes-
#1477272	REDUCE cov: 3373 ft: 4628 corp: 338/37Kb lim: 4096 exec/s: 12208 rss: 303Mb L: 21/3656 MS: 1 EraseBytes-
#1485863	REDUCE cov: 3373 ft: 4628 corp: 338/37Kb lim: 4096 exec/s: 12179 rss: 306Mb L: 1385/3656 MS: 1 EraseBytes-
#1487015	REDUCE cov: 3373 ft: 4628 corp: 338/37Kb lim: 4096 exec/s: 12188 rss: 306Mb L: 30/3656 MS: 2 ChangeByte-EraseBytes-
#1491292	REDUCE cov: 3373 ft: 4628 corp: 338/37Kb lim: 4096 exec/s: 12124 rss: 306Mb L: 34/3656 MS: 2 PersAutoDict-EraseBytes- DE: "\001\000\000\000"-
#1498973	REDUCE cov: 3373 ft: 4628 corp: 338/37Kb lim: 4096 exec/s: 12088 rss: 309Mb L: 32/3656 MS: 1 EraseBytes-
#1503402	REDUCE cov: 3373 ft: 4628 corp: 338/37Kb lim: 4096 exec/s: 12124 rss: 310Mb L: 163/3656 MS: 4 ChangeBit-CopyPart-PersAutoDict-EraseBytes- DE: "\000\000\000\000\000\000\000\370"-
#1509453	REDUCE cov: 3373 ft: 4628 corp: 338/37Kb lim: 4096 exec/s: 12075 rss: 313Mb L: 160/3656 MS: 1 EraseBytes-
#1515209	REDUCE cov: 3373 ft: 4628 corp: 338/37Kb lim: 4096 exec/s: 12121 rss: 314Mb L: 42/3656 MS: 1 EraseBytes-
#1541735	REDUCE cov: 3373 ft: 4628 corp: 338/37Kb lim: 4096 exec/s: 12044 rss: 318Mb L: 6/3656 MS: 1 EraseBytes-
#1543730	REDUCE cov: 3373 ft: 4628 corp: 338/37Kb lim: 4096 exec/s: 12060 rss: 318Mb L: 585/3656 MS: 5 EraseBytes-ShuffleBytes-PersAutoDict-ChangeByte-ShuffleBytes- DE: "\000\000\000\022"-
#1544976	REDUCE cov: 3373 ft: 4628 corp: 338/37Kb lim: 4096 exec/s: 12070 rss: 318Mb L: 19/3656 MS: 1 EraseBytes-
#1551649	REDUCE cov: 3373 ft: 4628 corp: 338/37Kb lim: 4096 exec/s: 12028 rss: 318Mb L: 158/3656 MS: 3 ShuffleBytes-CMP-EraseBytes- DE: "\021\000\000\000"-
#1572130	REDUCE cov: 3373 ft: 4628 corp: 338/37Kb lim: 4096 exec/s: 12000 rss: 318Mb L: 154/3656 MS: 1 EraseBytes-
#1583352	REDUCE cov: 3373 ft: 4628 corp: 338/37Kb lim: 4096 exec/s: 11995 rss: 318Mb L: 791/3656 MS: 2 CopyPart-EraseBytes-
#1588988	REDUCE cov: 3373 ft: 4628 corp: 338/37Kb lim: 4096 exec/s: 11947 rss: 318Mb L: 13/3656 MS: 1 EraseBytes-
#1612763	REDUCE cov: 3373 ft: 4628 corp: 338/37Kb lim: 4096 exec/s: 11858 rss: 318Mb L: 18/3656 MS: 5 ChangeBinInt-EraseBytes-ShuffleBytes-InsertByte-EraseBytes-
#1613029	REDUCE cov: 3373 ft: 4628 corp: 338/37Kb lim: 4096 exec/s: 11860 rss: 318Mb L: 45/3656 MS: 1 EraseBytes-
#1617812	REDUCE cov: 3373 ft: 4628 corp: 338/37Kb lim: 4096 exec/s: 11895 rss: 318Mb L: 1340/3656 MS: 3 ChangeBinInt-ChangeBit-EraseBytes-
#1624623	REDUCE cov: 3373 ft: 4628 corp: 338/37Kb lim: 4096 exec/s: 11858 rss: 318Mb L: 3654/3654 MS: 1 EraseBytes-
#1626384	REDUCE cov: 3373 ft: 4628 corp: 338/37Kb lim: 4096 exec/s: 11871 rss: 318Mb L: 3653/3653 MS: 1 EraseBytes-
#1627256	REDUCE cov: 3373 ft: 4628 corp: 338/37Kb lim: 4096 exec/s: 11877 rss: 318Mb L: 50/3653 MS: 2 ChangeBinInt-EraseBytes-
#1629742	REDUCE cov: 3373 ft: 4628 corp: 338/37Kb lim: 4096 exec/s: 11895 rss: 318Mb L: 51/3653 MS: 1 CrossOver-
#1630324	REDUCE cov: 3373 ft: 4628 corp: 338/37Kb lim: 4096 exec/s: 11900 rss: 318Mb L: 3650/3650 MS: 2 ShuffleBytes-EraseBytes-
#1640295	REDUCE cov: 3373 ft: 4628 corp: 338/37Kb lim: 4096 exec/s: 11800 rss: 318Mb L: 581/3650 MS: 1 EraseBytes-
#1644511	REDUCE cov: 3373 ft: 4628 corp: 338/37Kb lim: 4096 exec/s: 11831 rss: 318Mb L: 362/3650 MS: 1 EraseBytes-
#1649673	REDUCE cov: 3373 ft: 4630 corp: 339/40Kb lim: 4096 exec/s: 11783 rss: 318Mb L: 3650/3650 MS: 2 ShuffleBytes-ChangeBit-
#1651424	REDUCE cov: 3373 ft: 4630 corp: 339/40Kb lim: 4096 exec/s: 11795 rss: 318Mb L: 49/3650 MS: 1 EraseBytes-
#1666610	REDUCE cov: 3373 ft: 4630 corp: 339/40Kb lim: 4096 exec/s: 11736 rss: 318Mb L: 41/3650 MS: 1 EraseBytes-
#1667041	REDUCE cov: 3374 ft: 4632 corp: 340/40Kb lim: 4096 exec/s: 11739 rss: 318Mb L: 50/3650 MS: 1 CrossOver-
#1714287	REDUCE cov: 3374 ft: 4632 corp: 340/40Kb lim: 4096 exec/s: 11661 rss: 330Mb L: 24/3650 MS: 1 EraseBytes-
#1726534	REDUCE cov: 3374 ft: 4632 corp: 340/40Kb lim: 4096 exec/s: 11665 rss: 330Mb L: 17/3650 MS: 2 ChangeByte-EraseBytes-
#1729491	REDUCE cov: 3374 ft: 4632 corp: 340/40Kb lim: 4096 exec/s: 11607 rss: 330Mb L: 40/3650 MS: 2 ChangeByte-EraseBytes-
#1745885	REDUCE cov: 3374 ft: 4632 corp: 340/40Kb lim: 4096 exec/s: 11639 rss: 330Mb L: 1336/3650 MS: 4 CMP-ShuffleBytes-ShuffleBytes-EraseBytes- DE: "\013\000\000\000"-
#1754261	REDUCE cov: 3374 ft: 4632 corp: 340/40Kb lim: 4096 exec/s: 11617 rss: 330Mb L: 48/3650 MS: 1 EraseBytes-
#1757028	REDUCE cov: 3374 ft: 4632 corp: 340/40Kb lim: 4096 exec/s: 11559 rss: 330Mb L: 413/3650 MS: 2 ChangeBit-EraseBytes-
#1757495	REDUCE cov: 3374 ft: 4632 corp: 340/40Kb lim: 4096 exec/s: 11562 rss: 330Mb L: 49/3650 MS: 2 PersAutoDict-EraseBytes- DE: "\003\000\000\000\000\000\000\000"-
#1757717	REDUCE cov: 3374 ft: 4632 corp: 340/40Kb lim: 4096 exec/s: 11563 rss: 330Mb L: 446/3650 MS: 2 ChangeByte-EraseBytes-
#1776344	REDUCE cov: 3374 ft: 4632 corp: 340/40Kb lim: 4096 exec/s: 11534 rss: 330Mb L: 150/3650 MS: 2 EraseBytes-CrossOver-
#1801385	REDUCE cov: 3374 ft: 4632 corp: 340/40Kb lim: 4096 exec/s: 11547 rss: 330Mb L: 35/3650 MS: 1 EraseBytes-
#1811717	REDUCE cov: 3374 ft: 4632 corp: 340/40Kb lim: 4096 exec/s: 11466 rss: 330Mb L: 16/3650 MS: 2 ShuffleBytes-EraseBytes-
#1822148	REDUCE cov: 3375 ft: 4633 corp: 341/40Kb lim: 4096 exec/s: 11460 rss: 330Mb L: 45/3650 MS: 1 CopyPart-
#1822912	REDUCE cov: 3375 ft: 4633 corp: 341/40Kb lim: 4096 exec/s: 11464 rss: 330Mb L: 572/3650 MS: 4 CopyPart-ShuffleBytes-ShuffleBytes-EraseBytes-
#1825810	REDUCE cov: 3375 ft: 4633 corp: 341/40Kb lim: 4096 exec/s: 11483 rss: 330Mb L: 1226/3650 MS: 3 ChangeByte-ShuffleBytes-CrossOver-
#1845648	REDUCE cov: 3375 ft: 4633 corp: 341/40Kb lim: 4096 exec/s: 11463 rss: 330Mb L: 531/3650 MS: 3 ShuffleBytes-EraseBytes-EraseBytes-
#1857343	REDUCE cov: 3375 ft: 4637 corp: 342/41Kb lim: 4096 exec/s: 11394 rss: 330Mb L: 951/3650 MS: 5 CrossOver-EraseBytes-CopyPart-CrossOver-CrossOver-
#1869125	REDUCE cov: 3375 ft: 4637 corp: 342/41Kb lim: 4096 exec/s: 11397 rss: 330Mb L: 16/3650 MS: 2 CopyPart-EraseBytes-
#1901936	REDUCE cov: 3375 ft: 4637 corp: 342/41Kb lim: 4096 exec/s: 11321 rss: 330Mb L: 49/3650 MS: 1 EraseBytes-
#1929993	REDUCE cov: 3375 ft: 4637 corp: 342/41Kb lim: 4096 exec/s: 11286 rss: 330Mb L: 505/3650 MS: 2 InsertByte-EraseBytes-
#1930109	REDUCE cov: 3375 ft: 4637 corp: 342/41Kb lim: 4096 exec/s: 11287 rss: 330Mb L: 3648/3650 MS: 1 EraseBytes-
#1935965	REDUCE cov: 3375 ft: 4637 corp: 342/41Kb lim: 4096 exec/s: 11321 rss: 330Mb L: 1215/3650 MS: 1 EraseBytes-
#1940581	REDUCE cov: 3375 ft: 4637 corp: 342/41Kb lim: 4096 exec/s: 11282 rss: 330Mb L: 35/3650 MS: 1 EraseBytes-
#1944532	REDUCE cov: 3375 ft: 4637 corp: 342/41Kb lim: 4096 exec/s: 11305 rss: 330Mb L: 47/3650 MS: 1 EraseBytes-
#1950206	REDUCE cov: 3375 ft: 4637 corp: 342/41Kb lim: 4096 exec/s: 11272 rss: 330Mb L: 1359/3650 MS: 4 ChangeBinInt-InsertRepeatedBytes-CMP-EraseBytes- DE: "o\000"-
#1951442	REDUCE cov: 3382 ft: 4647 corp: 343/41Kb lim: 4096 exec/s: 11280 rss: 330Mb L: 51/3650 MS: 1 CMP- DE: "\374\377\377\377"-
#1973376	REDUCE cov: 3382 ft: 4647 corp: 343/41Kb lim: 4096 exec/s: 11212 rss: 330Mb L: 28/3650 MS: 4 CrossOver-InsertByte-CopyPart-EraseBytes-
#1977652	REDUCE cov: 3382 ft: 4647 corp: 343/41Kb lim: 4096 exec/s: 11236 rss: 330Mb L: 817/3650 MS: 1 EraseBytes-
#1997794	REDUCE cov: 3382 ft: 4647 corp: 343/41Kb lim: 4096 exec/s: 11223 rss: 330Mb L: 1240/3650 MS: 2 ChangeBinInt-EraseBytes-
#2001560	REDUCE cov: 3382 ft: 4647 corp: 343/41Kb lim: 4096 exec/s: 11181 rss: 330Mb L: 47/3650 MS: 1 EraseBytes-
#2003952	REDUCE cov: 3382 ft: 4647 corp: 343/41Kb lim: 4096 exec/s: 11195 rss: 331Mb L: 1211/3650 MS: 2 PersAutoDict-EraseBytes- DE: "\000\000\000\000\000\000\000\001"-
#2008103	REDUCE cov: 3382 ft: 4647 corp: 343/41Kb lim: 4096 exec/s: 11156 rss: 331Mb L: 35/3650 MS: 1 EraseBytes-
#2021667	REDUCE cov: 3382 ft: 4647 corp: 343/41Kb lim: 4096 exec/s: 11169 rss: 331Mb L: 52/3650 MS: 4 ChangeASCIIInt-ChangeASCIIInt-ChangeBinInt-EraseBytes-
#2044268	REDUCE cov: 3382 ft: 4647 corp: 343/41Kb lim: 4096 exec/s: 11110 rss: 331Mb L: 50/3650 MS: 1 EraseBytes-
#2050156	REDUCE cov: 3382 ft: 4647 corp: 343/41Kb lim: 4096 exec/s: 11142 rss: 331Mb L: 816/3650 MS: 3 ShuffleBytes-ChangeBinInt-EraseBytes-
#2097152	pulse  cov: 3382 ft: 4647 corp: 343/41Kb lim: 4096 exec/s: 11037 rss: 331Mb
#2100342	REDUCE cov: 3382 ft: 4647 corp: 343/41Kb lim: 4096 exec/s: 11054 rss: 331Mb L: 51/3650 MS: 1 EraseBytes-
#2101518	REDUCE cov: 3382 ft: 4647 corp: 343/41Kb lim: 4096 exec/s: 11060 rss: 331Mb L: 44/3650 MS: 1 EraseBytes-
#2101624	NEW    cov: 3388 ft: 4654 corp: 344/41Kb lim: 4096 exec/s: 11061 rss: 331Mb L: 51/3650 MS: 1 ChangeBinInt-
#2108055	REDUCE cov: 3388 ft: 4654 corp: 344/41Kb lim: 4096 exec/s: 11036 rss: 331Mb L: 14/3650 MS: 1 EraseBytes-
#2142405	REDUCE cov: 3388 ft: 4654 corp: 344/41Kb lim: 4096 exec/s: 10986 rss: 331Mb L: 9/3650 MS: 5 ShuffleBytes-ChangeBit-ChangeByte-EraseBytes-EraseBytes-
#2169166	REDUCE cov: 3388 ft: 4654 corp: 344/41Kb lim: 4096 exec/s: 10955 rss: 331Mb L: 39/3650 MS: 1 EraseBytes-
#2170977	REDUCE cov: 3388 ft: 4654 corp: 344/41Kb lim: 4096 exec/s: 10964 rss: 331Mb L: 50/3650 MS: 1 EraseBytes-
#2173564	REDUCE cov: 3388 ft: 4654 corp: 344/41Kb lim: 4096 exec/s: 10977 rss: 331Mb L: 12/3650 MS: 2 ChangeBit-EraseBytes-
#2175236	REDUCE cov: 3388 ft: 4654 corp: 344/41Kb lim: 4096 exec/s: 10986 rss: 331Mb L: 294/3650 MS: 2 CopyPart-EraseBytes-
#2180630	REDUCE cov: 3388 ft: 4654 corp: 344/41Kb lim: 4096 exec/s: 10957 rss: 331Mb L: 939/3650 MS: 4 ShuffleBytes-ChangeByte-CMP-EraseBytes- DE: "\001\000"-
#2218542	REDUCE cov: 3388 ft: 4654 corp: 344/41Kb lim: 4096 exec/s: 10928 rss: 331Mb L: 41/3650 MS: 2 ChangeByte-EraseBytes-
#2219791	REDUCE cov: 3388 ft: 4654 corp: 344/41Kb lim: 4096 exec/s: 10934 rss: 331Mb L: 22/3650 MS: 4 ChangeBinInt-CopyPart-ChangeBit-EraseBytes-
#2220569	REDUCE cov: 3394 ft: 4660 corp: 345/41Kb lim: 4096 exec/s: 10938 rss: 331Mb L: 127/3650 MS: 3 CrossOver-ChangeBinInt-CopyPart-
#2226220	REDUCE cov: 3394 ft: 4660 corp: 345/41Kb lim: 4096 exec/s: 10912 rss: 331Mb L: 94/3650 MS: 1 EraseBytes-
#2226386	REDUCE cov: 3394 ft: 4660 corp: 345/41Kb lim: 4096 exec/s: 10913 rss: 331Mb L: 46/3650 MS: 1 EraseBytes-
#2237807	REDUCE cov: 3394 ft: 4660 corp: 345/41Kb lim: 4096 exec/s: 10916 rss: 331Mb L: 93/3650 MS: 1 EraseBytes-
#2241732	REDUCE cov: 3396 ft: 4669 corp: 346/41Kb lim: 4096 exec/s: 10882 rss: 331Mb L: 94/3650 MS: 5 InsertRepeatedBytes-EraseBytes-ChangeByte-ShuffleBytes-CMP- DE: "\374\377\377\377"-
#2252548	REDUCE cov: 3396 ft: 4669 corp: 346/41Kb lim: 4096 exec/s: 10881 rss: 332Mb L: 92/3650 MS: 1 EraseBytes-
#2264494	REDUCE cov: 3396 ft: 4669 corp: 346/41Kb lim: 4096 exec/s: 10886 rss: 332Mb L: 25/3650 MS: 1 EraseBytes-
#2265272	REDUCE cov: 3396 ft: 4669 corp: 346/41Kb lim: 4096 exec/s: 10890 rss: 332Mb L: 1209/3650 MS: 3 ShuffleBytes-ChangeByte-CrossOver-
#2267389	REDUCE cov: 3396 ft: 4669 corp: 346/41Kb lim: 4096 exec/s: 10848 rss: 332Mb L: 58/3650 MS: 2 CopyPart-EraseBytes-
#2286351	REDUCE cov: 3396 ft: 4669 corp: 346/41Kb lim: 4096 exec/s: 10835 rss: 332Mb L: 63/3650 MS: 2 ShuffleBytes-EraseBytes-
#2288822	REDUCE cov: 3396 ft: 4669 corp: 346/41Kb lim: 4096 exec/s: 10847 rss: 332Mb L: 42/3650 MS: 1 EraseBytes-
#2300855	REDUCE cov: 3396 ft: 4669 corp: 346/41Kb lim: 4096 exec/s: 10853 rss: 332Mb L: 1208/3650 MS: 3 ChangeBit-InsertByte-EraseBytes-
#2312306	REDUCE cov: 3396 ft: 4669 corp: 346/41Kb lim: 4096 exec/s: 10805 rss: 332Mb L: 1206/3650 MS: 1 EraseBytes-
#2330054	REDUCE cov: 3396 ft: 4669 corp: 346/41Kb lim: 4096 exec/s: 10837 rss: 332Mb L: 9/3650 MS: 3 ChangeBit-InsertByte-EraseBytes-
#2341576	REDUCE cov: 3396 ft: 4669 corp: 346/41Kb lim: 4096 exec/s: 10790 rss: 332Mb L: 26/3650 MS: 2 InsertByte-EraseBytes-
#2371010	REDUCE cov: 3396 ft: 4669 corp: 346/41Kb lim: 4096 exec/s: 10777 rss: 332Mb L: 921/3650 MS: 4 ChangeBit-CrossOver-ChangeBit-EraseBytes-
#2376921	REDUCE cov: 3397 ft: 4670 corp: 347/41Kb lim: 4096 exec/s: 10755 rss: 332Mb L: 42/3650 MS: 1 CMP- DE: "\000\000\000\373"-
#2385827	REDUCE cov: 3397 ft: 4670 corp: 347/41Kb lim: 4096 exec/s: 10746 rss: 332Mb L: 72/3650 MS: 1 EraseBytes-
#2390193	REDUCE cov: 3397 ft: 4671 corp: 348/41Kb lim: 4096 exec/s: 10766 rss: 332Mb L: 58/3650 MS: 1 CMP- DE: "\001\000\000\000\000\000\000\000"-
#2399114	REDUCE cov: 3397 ft: 4671 corp: 348/41Kb lim: 4096 exec/s: 10758 rss: 332Mb L: 62/3650 MS: 1 EraseBytes-
#2406375	REDUCE cov: 3397 ft: 4671 corp: 348/41Kb lim: 4096 exec/s: 10742 rss: 332Mb L: 928/3650 MS: 1 EraseBytes-
#2428919	REDUCE cov: 3397 ft: 4671 corp: 348/41Kb lim: 4096 exec/s: 10747 rss: 332Mb L: 169/3650 MS: 4 EraseBytes-ChangeASCIIInt-CopyPart-InsertByte-
#2452918	REDUCE cov: 3397 ft: 4671 corp: 348/41Kb lim: 4096 exec/s: 10711 rss: 332Mb L: 17/3650 MS: 4 EraseBytes-CrossOver-ChangeBit-EraseBytes-
#2460701	REDUCE cov: 3397 ft: 4671 corp: 348/41Kb lim: 4096 exec/s: 10698 rss: 332Mb L: 1184/3650 MS: 3 ShuffleBytes-EraseBytes-CopyPart-
#2481847	REDUCE cov: 3397 ft: 4671 corp: 348/41Kb lim: 4096 exec/s: 10697 rss: 332Mb L: 46/3650 MS: 1 EraseBytes-
#2488350	REDUCE cov: 3397 ft: 4671 corp: 348/41Kb lim: 4096 exec/s: 10679 rss: 332Mb L: 5/3650 MS: 3 ChangeBit-ShuffleBytes-EraseBytes-
#2489413	REDUCE cov: 3397 ft: 4671 corp: 348/41Kb lim: 4096 exec/s: 10684 rss: 332Mb L: 779/3650 MS: 3 InsertByte-ChangeByte-EraseBytes-
#2536340	REDUCE cov: 3397 ft: 4671 corp: 348/41Kb lim: 4096 exec/s: 10656 rss: 332Mb L: 1182/3650 MS: 2 EraseBytes-CrossOver-
#2546301	REDUCE cov: 3397 ft: 4671 corp: 348/41Kb lim: 4096 exec/s: 10609 rss: 332Mb L: 88/3650 MS: 1 EraseBytes-
#2562113	REDUCE cov: 3397 ft: 4671 corp: 348/41Kb lim: 4096 exec/s: 10631 rss: 332Mb L: 1351/3650 MS: 2 EraseBytes-InsertRepeatedBytes-
#2564409	REDUCE cov: 3397 ft: 4671 corp: 348/41Kb lim: 4096 exec/s: 10596 rss: 332Mb L: 32/3650 MS: 1 EraseBytes-
#2572870	REDUCE cov: 3397 ft: 4671 corp: 348/41Kb lim: 4096 exec/s: 10631 rss: 332Mb L: 1178/3650 MS: 1 EraseBytes-
#2575226	REDUCE cov: 3397 ft: 4671 corp: 348/41Kb lim: 4096 exec/s: 10597 rss: 332Mb L: 45/3650 MS: 1 EraseBytes-
#2584538	REDUCE cov: 3397 ft: 4671 corp: 348/41Kb lim: 4096 exec/s: 10592 rss: 332Mb L: 1163/3650 MS: 2 PersAutoDict-EraseBytes- DE: "\014\000\000\000"-
#2591457	REDUCE cov: 3397 ft: 4671 corp: 348/41Kb lim: 4096 exec/s: 10577 rss: 332Mb L: 20/3650 MS: 4 InsertByte-ChangeBinInt-EraseBytes-CopyPart-
#2594193	REDUCE cov: 3397 ft: 4671 corp: 348/41Kb lim: 4096 exec/s: 10588 rss: 332Mb L: 2335/3650 MS: 1 EraseBytes-
#2623839	REDUCE cov: 3397 ft: 4671 corp: 348/41Kb lim: 4096 exec/s: 10579 rss: 333Mb L: 1159/3650 MS: 1 EraseBytes-
#2645006	REDUCE cov: 3398 ft: 4672 corp: 349/41Kb lim: 4096 exec/s: 10580 rss: 333Mb L: 48/3650 MS: 2 ShuffleBytes-CopyPart-
#2653237	REDUCE cov: 3398 ft: 4672 corp: 349/41Kb lim: 4096 exec/s: 10570 rss: 333Mb L: 48/3650 MS: 1 EraseBytes-
#2676994	REDUCE cov: 3398 ft: 4672 corp: 349/41Kb lim: 4096 exec/s: 10539 rss: 333Mb L: 149/3650 MS: 2 ChangeBit-EraseBytes-
#2677892	REDUCE cov: 3398 ft: 4672 corp: 349/41Kb lim: 4096 exec/s: 10542 rss: 333Mb L: 1307/3650 MS: 3 EraseBytes-InsertRepeatedBytes-PersAutoDict- DE: "\001\000\000\000\000\000\000\000"-
#2698408	REDUCE cov: 3398 ft: 4672 corp: 349/41Kb lim: 4096 exec/s: 10540 rss: 333Mb L: 1149/3650 MS: 1 EraseBytes-
#2704409	REDUCE cov: 3398 ft: 4672 corp: 349/41Kb lim: 4096 exec/s: 10522 rss: 333Mb L: 166/3650 MS: 1 EraseBytes-
#2721880	NEW    cov: 3399 ft: 4673 corp: 350/41Kb lim: 4096 exec/s: 10509 rss: 333Mb L: 48/3650 MS: 1 ChangeBinInt-
#2729769	REDUCE cov: 3400 ft: 4674 corp: 351/41Kb lim: 4096 exec/s: 10499 rss: 333Mb L: 59/3650 MS: 4 ChangeBit-InsertRepeatedBytes-ChangeBinInt-EraseBytes-
#2752602	REDUCE cov: 3400 ft: 4674 corp: 351/41Kb lim: 4096 exec/s: 10506 rss: 333Mb L: 1077/3650 MS: 3 ChangeByte-EraseBytes-PersAutoDict- DE: "\006\000\000\000\000\000\000\000"-
#2763884	REDUCE cov: 3400 ft: 4674 corp: 351/41Kb lim: 4096 exec/s: 10469 rss: 333Mb L: 1004/3650 MS: 2 InsertRepeatedBytes-EraseBytes-
#2769122	REDUCE cov: 3400 ft: 4674 corp: 351/41Kb lim: 4096 exec/s: 10489 rss: 333Mb L: 8/3650 MS: 3 InsertByte-ChangeByte-EraseBytes-
#2788399	REDUCE cov: 3400 ft: 4674 corp: 351/41Kb lim: 4096 exec/s: 10482 rss: 333Mb L: 16/3650 MS: 2 EraseBytes-ChangeBit-
#2789135	REDUCE cov: 3400 ft: 4674 corp: 351/41Kb lim: 4096 exec/s: 10446 rss: 333Mb L: 1000/3650 MS: 1 EraseBytes-
#2791337	REDUCE cov: 3400 ft: 4674 corp: 351/41Kb lim: 4096 exec/s: 10454 rss: 333Mb L: 1293/3650 MS: 2 CopyPart-EraseBytes-
#2792730	REDUCE cov: 3400 ft: 4674 corp: 351/41Kb lim: 4096 exec/s: 10459 rss: 333Mb L: 15/3650 MS: 3 EraseBytes-PersAutoDict-EraseBytes- DE: "!\000"-
#2807056	NEW    cov: 3406 ft: 4680 corp: 352/41Kb lim: 4096 exec/s: 10474 rss: 333Mb L: 42/3650 MS: 1 ChangeBit-
#2836429	REDUCE cov: 3406 ft: 4680 corp: 352/41Kb lim: 4096 exec/s: 10428 rss: 333Mb L: 806/3650 MS: 3 CrossOver-ChangeBinInt-EraseBytes-
#2845439	REDUCE cov: 3406 ft: 4680 corp: 352/41Kb lim: 4096 exec/s: 10422 rss: 333Mb L: 41/3650 MS: 5 EraseBytes-CMP-CMP-InsertByte-InsertByte- DE: "\000\000\000\000\000\000\000\000"-"\000\014"-
#2845841	REDUCE cov: 3406 ft: 4680 corp: 352/41Kb lim: 4096 exec/s: 10424 rss: 333Mb L: 40/3650 MS: 2 CrossOver-EraseBytes-
#2912467	REDUCE cov: 3406 ft: 4680 corp: 352/41Kb lim: 4096 exec/s: 10401 rss: 333Mb L: 35/3650 MS: 1 EraseBytes-
#2927433	REDUCE cov: 3406 ft: 4680 corp: 352/41Kb lim: 4096 exec/s: 10380 rss: 333Mb L: 25/3650 MS: 1 EraseBytes-
#2947736	REDUCE cov: 3406 ft: 4680 corp: 352/41Kb lim: 4096 exec/s: 10379 rss: 333Mb L: 21/3650 MS: 3 ChangeBinInt-CMP-EraseBytes- DE: "m\000"-
#2953723	REDUCE cov: 3406 ft: 4680 corp: 352/41Kb lim: 4096 exec/s: 10363 rss: 333Mb L: 219/3650 MS: 2 ShuffleBytes-EraseBytes-
#2989440	REDUCE cov: 3406 ft: 4680 corp: 352/41Kb lim: 4096 exec/s: 10344 rss: 333Mb L: 1281/3650 MS: 2 ChangeASCIIInt-EraseBytes-
#2989817	REDUCE cov: 3406 ft: 4680 corp: 352/41Kb lim: 4096 exec/s: 10345 rss: 333Mb L: 1205/3650 MS: 2 CrossOver-EraseBytes-
#3005743	NEW    cov: 3407 ft: 4681 corp: 353/41Kb lim: 4096 exec/s: 10364 rss: 333Mb L: 58/3650 MS: 1 PersAutoDict- DE: "o\000"-
#3031156	REDUCE cov: 3407 ft: 4681 corp: 353/41Kb lim: 4096 exec/s: 10345 rss: 333Mb L: 95/3650 MS: 3 ChangeBit-ChangeBit-EraseBytes-
#3034292	REDUCE cov: 3407 ft: 4681 corp: 353/41Kb lim: 4096 exec/s: 10320 rss: 333Mb L: 1238/3650 MS: 1 EraseBytes-
#3037504	REDUCE cov: 3407 ft: 4681 corp: 353/41Kb lim: 4096 exec/s: 10331 rss: 333Mb L: 1224/3650 MS: 2 ShuffleBytes-EraseBytes-
#3039296	REDUCE cov: 3407 ft: 4681 corp: 353/41Kb lim: 4096 exec/s: 10337 rss: 333Mb L: 492/3650 MS: 2 ChangeBinInt-CrossOver-
#3047102	REDUCE cov: 3407 ft: 4681 corp: 353/41Kb lim: 4096 exec/s: 10329 rss: 333Mb L: 58/3650 MS: 1 EraseBytes-
#3050153	REDUCE cov: 3407 ft: 4681 corp: 353/41Kb lim: 4096 exec/s: 10339 rss: 333Mb L: 797/3650 MS: 1 EraseBytes-
#3072869	REDUCE cov: 3407 ft: 4681 corp: 353/41Kb lim: 4096 exec/s: 10311 rss: 333Mb L: 42/3650 MS: 1 EraseBytes-
#3103356	REDUCE cov: 3407 ft: 4681 corp: 353/41Kb lim: 4096 exec/s: 10310 rss: 333Mb L: 20/3650 MS: 2 CMP-EraseBytes- DE: "\024\000"-
#3107377	REDUCE cov: 3413 ft: 4687 corp: 354/41Kb lim: 4096 exec/s: 10323 rss: 333Mb L: 51/3650 MS: 1 CMP- DE: "\373\000"-
#3125756	REDUCE cov: 3413 ft: 4687 corp: 354/41Kb lim: 4096 exec/s: 10316 rss: 333Mb L: 31/3650 MS: 4 InsertByte-ChangeBinInt-EraseBytes-InsertByte-
#3146733	REDUCE cov: 3413 ft: 4687 corp: 354/41Kb lim: 4096 exec/s: 10283 rss: 333Mb L: 106/3650 MS: 2 CopyPart-EraseBytes-
#3151269	REDUCE cov: 3413 ft: 4687 corp: 354/41Kb lim: 4096 exec/s: 10298 rss: 333Mb L: 990/3650 MS: 1 EraseBytes-
#3158232	REDUCE cov: 3413 ft: 4687 corp: 354/41Kb lim: 4096 exec/s: 10287 rss: 333Mb L: 47/3650 MS: 3 CopyPart-EraseBytes-EraseBytes-
#3158758	REDUCE cov: 3413 ft: 4687 corp: 354/41Kb lim: 4096 exec/s: 10289 rss: 333Mb L: 52/3650 MS: 1 EraseBytes-
#3176084	REDUCE cov: 3413 ft: 4687 corp: 354/41Kb lim: 4096 exec/s: 10278 rss: 333Mb L: 145/3650 MS: 1 EraseBytes-
#3187588	REDUCE cov: 3413 ft: 4687 corp: 354/41Kb lim: 4096 exec/s: 10282 rss: 333Mb L: 25/3650 MS: 4 ChangeByte-EraseBytes-ChangeBit-ChangeBit-
#3196315	REDUCE cov: 3413 ft: 4687 corp: 354/41Kb lim: 4096 exec/s: 10277 rss: 333Mb L: 52/3650 MS: 2 ChangeByte-EraseBytes-
#3219674	REDUCE cov: 3413 ft: 4687 corp: 354/41Kb lim: 4096 exec/s: 10286 rss: 333Mb L: 1216/3650 MS: 4 ChangeBinInt-ChangeBit-InsertRepeatedBytes-EraseBytes-
#3219861	REDUCE cov: 3413 ft: 4687 corp: 354/41Kb lim: 4096 exec/s: 10287 rss: 333Mb L: 1214/3650 MS: 2 InsertByte-EraseBytes-
#3225029	REDUCE cov: 3413 ft: 4687 corp: 354/41Kb lim: 4096 exec/s: 10270 rss: 333Mb L: 7/3650 MS: 3 CMP-ShuffleBytes-EraseBytes- DE: "\000\000\000\000\000\000\000\000"-
#3263471	REDUCE cov: 3413 ft: 4687 corp: 354/41Kb lim: 4096 exec/s: 10262 rss: 334Mb L: 14/3650 MS: 2 ChangeBit-EraseBytes-
#3305357	REDUCE cov: 3413 ft: 4687 corp: 354/41Kb lim: 4096 exec/s: 10233 rss: 334Mb L: 45/3650 MS: 1 EraseBytes-
#3329953	REDUCE cov: 3413 ft: 4687 corp: 354/41Kb lim: 4096 exec/s: 10214 rss: 334Mb L: 915/3650 MS: 1 EraseBytes-
#3349025	REDUCE cov: 3413 ft: 4687 corp: 354/41Kb lim: 4096 exec/s: 10210 rss: 334Mb L: 986/3650 MS: 2 ShuffleBytes-EraseBytes-
#3354356	REDUCE cov: 3413 ft: 4687 corp: 354/41Kb lim: 4096 exec/s: 10226 rss: 334Mb L: 38/3650 MS: 1 EraseBytes-
#3367553	REDUCE cov: 3413 ft: 4687 corp: 354/41Kb lim: 4096 exec/s: 10204 rss: 334Mb L: 1180/3650 MS: 2 ChangeByte-EraseBytes-
#3376262	REDUCE cov: 3413 ft: 4687 corp: 354/41Kb lim: 4096 exec/s: 10200 rss: 334Mb L: 63/3650 MS: 4 InsertByte-ShuffleBytes-EraseBytes-CMP- DE: "\001\010"-
#3387883	REDUCE cov: 3413 ft: 4687 corp: 354/41Kb lim: 4096 exec/s: 10204 rss: 334Mb L: 1177/3650 MS: 1 EraseBytes-
#3425164	REDUCE cov: 3413 ft: 4687 corp: 354/41Kb lim: 4096 exec/s: 10193 rss: 334Mb L: 60/3650 MS: 1 EraseBytes-
#3428720	REDUCE cov: 3413 ft: 4687 corp: 354/41Kb lim: 4096 exec/s: 10174 rss: 334Mb L: 49/3650 MS: 1 EraseBytes-
#3458623	REDUCE cov: 3413 ft: 4687 corp: 354/41Kb lim: 4096 exec/s: 10172 rss: 334Mb L: 981/3650 MS: 3 InsertByte-ChangeBit-EraseBytes-
#3472734	REDUCE cov: 3413 ft: 4687 corp: 354/41Kb lim: 4096 exec/s: 10183 rss: 334Mb L: 46/3650 MS: 1 EraseBytes-
#3499275	REDUCE cov: 3413 ft: 4687 corp: 354/41Kb lim: 4096 exec/s: 10172 rss: 334Mb L: 232/3650 MS: 1 EraseBytes-
#3520652	REDUCE cov: 3413 ft: 4687 corp: 354/41Kb lim: 4096 exec/s: 10145 rss: 334Mb L: 48/3650 MS: 2 ShuffleBytes-EraseBytes-
#3525545	REDUCE cov: 3413 ft: 4687 corp: 354/41Kb lim: 4096 exec/s: 10160 rss: 334Mb L: 558/3650 MS: 3 EraseBytes-InsertByte-ChangeByte-
#3535302	REDUCE cov: 3413 ft: 4687 corp: 354/41Kb lim: 4096 exec/s: 10158 rss: 334Mb L: 510/3650 MS: 2 ChangeByte-EraseBytes-
#3541593	REDUCE cov: 3413 ft: 4687 corp: 354/41Kb lim: 4096 exec/s: 10147 rss: 334Mb L: 3646/3650 MS: 1 EraseBytes-
#3559403	REDUCE cov: 3413 ft: 4687 corp: 354/41Kb lim: 4096 exec/s: 10140 rss: 334Mb L: 500/3650 MS: 5 CopyPart-ShuffleBytes-ChangeByte-ChangeByte-EraseBytes-
#3561549	REDUCE cov: 3413 ft: 4687 corp: 354/41Kb lim: 4096 exec/s: 10146 rss: 334Mb L: 8/3650 MS: 1 EraseBytes-
#3567661	REDUCE cov: 3413 ft: 4687 corp: 354/41Kb lim: 4096 exec/s: 10135 rss: 334Mb L: 360/3650 MS: 2 InsertByte-EraseBytes-
#3570987	REDUCE cov: 3413 ft: 4687 corp: 354/41Kb lim: 4096 exec/s: 10144 rss: 334Mb L: 497/3650 MS: 1 EraseBytes-
#3609763	REDUCE cov: 3413 ft: 4687 corp: 354/41Kb lim: 4096 exec/s: 10139 rss: 334Mb L: 486/3650 MS: 1 EraseBytes-
#3634204	REDUCE cov: 3413 ft: 4687 corp: 354/41Kb lim: 4096 exec/s: 10123 rss: 334Mb L: 1206/3650 MS: 1 EraseBytes-
#3636888	REDUCE cov: 3413 ft: 4687 corp: 354/41Kb lim: 4096 exec/s: 10130 rss: 334Mb L: 30/3650 MS: 4 InsertByte-EraseBytes-ChangeBit-CrossOver-
#3663359	REDUCE cov: 3413 ft: 4687 corp: 354/41Kb lim: 4096 exec/s: 10119 rss: 334Mb L: 3643/3650 MS: 1 EraseBytes-
#3663551	REDUCE cov: 3413 ft: 4687 corp: 354/41Kb lim: 4096 exec/s: 10120 rss: 334Mb L: 38/3650 MS: 2 ShuffleBytes-EraseBytes-
#3677697	REDUCE cov: 3413 ft: 4687 corp: 354/41Kb lim: 4096 exec/s: 10103 rss: 334Mb L: 56/3650 MS: 1 EraseBytes-
#3692839	REDUCE cov: 3413 ft: 4687 corp: 354/41Kb lim: 4096 exec/s: 10089 rss: 334Mb L: 1201/3650 MS: 2 ChangeASCIIInt-EraseBytes-
#3695791	REDUCE cov: 3413 ft: 4687 corp: 354/41Kb lim: 4096 exec/s: 10097 rss: 334Mb L: 3638/3650 MS: 2 ChangeBit-EraseBytes-
#3706382	REDUCE cov: 3413 ft: 4687 corp: 354/41Kb lim: 4096 exec/s: 10099 rss: 334Mb L: 494/3650 MS: 1 EraseBytes-
#3760763	REDUCE cov: 3413 ft: 4687 corp: 354/41Kb lim: 4096 exec/s: 10082 rss: 334Mb L: 16/3650 MS: 1 EraseBytes-
#3761429	REDUCE cov: 3413 ft: 4689 corp: 355/41Kb lim: 4096 exec/s: 10084 rss: 334Mb L: 137/3650 MS: 1 CopyPart-
#3769963	REDUCE cov: 3413 ft: 4689 corp: 355/41Kb lim: 4096 exec/s: 10080 rss: 334Mb L: 10/3650 MS: 4 ChangeByte-ChangeByte-EraseBytes-CrossOver-
#3773246	REDUCE cov: 3413 ft: 4689 corp: 355/41Kb lim: 4096 exec/s: 10061 rss: 334Mb L: 141/3650 MS: 3 ChangeBit-EraseBytes-InsertByte-
#3774503	REDUCE cov: 3413 ft: 4689 corp: 355/41Kb lim: 4096 exec/s: 10065 rss: 334Mb L: 1198/3650 MS: 2 ChangeByte-EraseBytes-
#3789257	REDUCE cov: 3413 ft: 4689 corp: 355/41Kb lim: 4096 exec/s: 10077 rss: 334Mb L: 1193/3650 MS: 4 ChangeByte-ChangeASCIIInt-InsertByte-EraseBytes-
#3799468	REDUCE cov: 3413 ft: 4689 corp: 355/41Kb lim: 4096 exec/s: 10078 rss: 334Mb L: 10/3650 MS: 1 EraseBytes-
#3802929	REDUCE cov: 3413 ft: 4689 corp: 355/41Kb lim: 4096 exec/s: 10060 rss: 334Mb L: 41/3650 MS: 1 EraseBytes-
#3806717	REDUCE cov: 3413 ft: 4689 corp: 355/41Kb lim: 4096 exec/s: 10070 rss: 334Mb L: 5/3650 MS: 3 ChangeBinInt-EraseBytes-CrossOver-
#3818168	REDUCE cov: 3419 ft: 4695 corp: 356/41Kb lim: 4096 exec/s: 10074 rss: 334Mb L: 53/3650 MS: 1 CMP- DE: "\375\377\377\001\000\000\000\000"-
#3836124	REDUCE cov: 3419 ft: 4695 corp: 356/41Kb lim: 4096 exec/s: 10068 rss: 334Mb L: 50/3650 MS: 1 EraseBytes-
#3845346	REDUCE cov: 3419 ft: 4695 corp: 356/41Kb lim: 4096 exec/s: 10066 rss: 334Mb L: 53/3650 MS: 2 EraseBytes-InsertByte-
#3868672	REDUCE cov: 3419 ft: 4695 corp: 356/41Kb lim: 4096 exec/s: 10048 rss: 334Mb L: 48/3650 MS: 1 EraseBytes-
#3879214	REDUCE cov: 3419 ft: 4695 corp: 356/41Kb lim: 4096 exec/s: 10049 rss: 334Mb L: 979/3650 MS: 2 EraseBytes-ShuffleBytes-
#3881085	REDUCE cov: 3419 ft: 4695 corp: 356/41Kb lim: 4096 exec/s: 10054 rss: 334Mb L: 43/3650 MS: 1 EraseBytes-
#3890977	REDUCE cov: 3419 ft: 4695 corp: 356/40Kb lim: 4096 exec/s: 10054 rss: 334Mb L: 824/3650 MS: 2 InsertRepeatedBytes-EraseBytes-
#3950704	REDUCE cov: 3419 ft: 4695 corp: 356/40Kb lim: 4096 exec/s: 10027 rss: 334Mb L: 10/3650 MS: 2 ChangeByte-EraseBytes-
#3952440	REDUCE cov: 3419 ft: 4695 corp: 356/40Kb lim: 4096 exec/s: 10031 rss: 334Mb L: 818/3650 MS: 1 EraseBytes-
#3955911	REDUCE cov: 3419 ft: 4695 corp: 356/40Kb lim: 4096 exec/s: 10040 rss: 334Mb L: 77/3650 MS: 1 EraseBytes-
#3964518	REDUCE cov: 3419 ft: 4695 corp: 356/40Kb lim: 4096 exec/s: 10036 rss: 334Mb L: 979/3650 MS: 2 EraseBytes-CrossOver-
#3977059	REDUCE cov: 3419 ft: 4695 corp: 356/40Kb lim: 4096 exec/s: 10017 rss: 334Mb L: 1187/3650 MS: 1 EraseBytes-
#4019345	REDUCE cov: 3419 ft: 4695 corp: 356/40Kb lim: 4096 exec/s: 10023 rss: 334Mb L: 975/3650 MS: 1 EraseBytes-
#4152836	REDUCE cov: 3419 ft: 4695 corp: 356/40Kb lim: 4096 exec/s: 9935 rss: 334Mb L: 19/3650 MS: 1 EraseBytes-
#4194304	pulse  cov: 3419 ft: 4695 corp: 356/40Kb lim: 4096 exec/s: 9939 rss: 334Mb
#4211678	REDUCE cov: 3419 ft: 4695 corp: 356/40Kb lim: 4096 exec/s: 9933 rss: 334Mb L: 22/3650 MS: 2 ChangeBinInt-EraseBytes-
#4269920	REDUCE cov: 3419 ft: 4695 corp: 356/40Kb lim: 4096 exec/s: 9907 rss: 334Mb L: 787/3650 MS: 2 ChangeByte-EraseBytes-
#4281681	REDUCE cov: 3419 ft: 4695 corp: 356/40Kb lim: 4096 exec/s: 9911 rss: 334Mb L: 367/3650 MS: 1 EraseBytes-
#4286192	REDUCE cov: 3419 ft: 4695 corp: 356/40Kb lim: 4096 exec/s: 9898 rss: 334Mb L: 204/3650 MS: 1 EraseBytes-
#4338774	REDUCE cov: 3419 ft: 4695 corp: 356/40Kb lim: 4096 exec/s: 9905 rss: 334Mb L: 871/3650 MS: 2 CopyPart-EraseBytes-
#4461025	REDUCE cov: 3419 ft: 4695 corp: 356/40Kb lim: 4096 exec/s: 9869 rss: 334Mb L: 359/3650 MS: 1 EraseBytes-
#4480965	REDUCE cov: 3419 ft: 4695 corp: 356/40Kb lim: 4096 exec/s: 9869 rss: 334Mb L: 9/3650 MS: 5 ChangeASCIIInt-PersAutoDict-ShuffleBytes-EraseBytes-InsertByte- DE: "!\000"-
#4492526	REDUCE cov: 3419 ft: 4695 corp: 356/40Kb lim: 4096 exec/s: 9873 rss: 334Mb L: 48/3650 MS: 1 EraseBytes-
#4504188	REDUCE cov: 3419 ft: 4695 corp: 356/40Kb lim: 4096 exec/s: 9877 rss: 334Mb L: 50/3650 MS: 2 CrossOver-EraseBytes-
#4604459	REDUCE cov: 3419 ft: 4695 corp: 356/40Kb lim: 4096 exec/s: 9859 rss: 334Mb L: 34/3650 MS: 1 EraseBytes-
#4622860	NEW    cov: 3420 ft: 4696 corp: 357/40Kb lim: 4096 exec/s: 9856 rss: 334Mb L: 46/3650 MS: 1 PersAutoDict- DE: "\374\377\377\377"-
#4643634	REDUCE cov: 3420 ft: 4696 corp: 357/40Kb lim: 4096 exec/s: 9859 rss: 334Mb L: 8/3650 MS: 4 PersAutoDict-ChangeByte-EraseBytes-EraseBytes- DE: "\000\000\000\000\000\000\0005"-
#4648751	REDUCE cov: 3420 ft: 4696 corp: 357/40Kb lim: 4096 exec/s: 9869 rss: 334Mb L: 3635/3650 MS: 2 ChangeBinInt-EraseBytes-
#4682213	REDUCE cov: 3420 ft: 4696 corp: 357/40Kb lim: 4096 exec/s: 9857 rss: 334Mb L: 1181/3650 MS: 2 InsertRepeatedBytes-EraseBytes-
#4718100	REDUCE cov: 3420 ft: 4696 corp: 357/40Kb lim: 4096 exec/s: 9849 rss: 334Mb L: 32/3650 MS: 2 ChangeBinInt-EraseBytes-
#4825057	REDUCE cov: 3420 ft: 4696 corp: 357/40Kb lim: 4096 exec/s: 9847 rss: 334Mb L: 45/3650 MS: 2 ChangeBinInt-EraseBytes-
#4888698	REDUCE cov: 3420 ft: 4696 corp: 357/40Kb lim: 4096 exec/s: 9836 rss: 334Mb L: 50/3650 MS: 1 EraseBytes-
#4919860	REDUCE cov: 3420 ft: 4696 corp: 357/40Kb lim: 4096 exec/s: 9839 rss: 334Mb L: 11/3650 MS: 2 EraseBytes-InsertByte-
#4940482	REDUCE cov: 3420 ft: 4696 corp: 357/40Kb lim: 4096 exec/s: 9822 rss: 334Mb L: 7/3650 MS: 2 InsertByte-EraseBytes-
#5012289	REDUCE cov: 3420 ft: 4696 corp: 357/40Kb lim: 4096 exec/s: 9828 rss: 334Mb L: 1173/3650 MS: 1 EraseBytes-
#5057041	REDUCE cov: 3420 ft: 4696 corp: 357/40Kb lim: 4096 exec/s: 9819 rss: 334Mb L: 19/3650 MS: 2 CopyPart-EraseBytes-
#5069887	REDUCE cov: 3420 ft: 4696 corp: 357/40Kb lim: 4096 exec/s: 9806 rss: 334Mb L: 850/3650 MS: 1 EraseBytes-
#5073171	REDUCE cov: 3420 ft: 4696 corp: 357/40Kb lim: 4096 exec/s: 9812 rss: 334Mb L: 29/3650 MS: 4 EraseBytes-PersAutoDict-CrossOver-CrossOver- DE: "p\000"-
#5094578	REDUCE cov: 3420 ft: 4696 corp: 357/40Kb lim: 4096 exec/s: 9816 rss: 334Mb L: 51/3650 MS: 2 ChangeBit-EraseBytes-
#5109295	REDUCE cov: 3420 ft: 4696 corp: 357/40Kb lim: 4096 exec/s: 9806 rss: 334Mb L: 165/3650 MS: 2 EraseBytes-CopyPart-
#5113957	REDUCE cov: 3420 ft: 4696 corp: 357/40Kb lim: 4096 exec/s: 9815 rss: 334Mb L: 1168/3650 MS: 2 EraseBytes-CrossOver-
#5121388	REDUCE cov: 3420 ft: 4696 corp: 357/40Kb lim: 4096 exec/s: 9811 rss: 334Mb L: 18/3650 MS: 1 EraseBytes-
#5239785	REDUCE cov: 3421 ft: 4699 corp: 358/40Kb lim: 4096 exec/s: 9793 rss: 334Mb L: 139/3650 MS: 2 ChangeBinInt-InsertRepeatedBytes-
#5303834	REDUCE cov: 3421 ft: 4699 corp: 358/40Kb lim: 4096 exec/s: 9785 rss: 335Mb L: 970/3650 MS: 4 ChangeByte-CopyPart-CrossOver-EraseBytes-
#5314465	REDUCE cov: 3421 ft: 4699 corp: 358/40Kb lim: 4096 exec/s: 9787 rss: 335Mb L: 961/3650 MS: 1 EraseBytes-
#5324036	REDUCE cov: 3421 ft: 4699 corp: 358/40Kb lim: 4096 exec/s: 9786 rss: 335Mb L: 859/3650 MS: 1 EraseBytes-
#5341275	REDUCE cov: 3421 ft: 4699 corp: 358/40Kb lim: 4096 exec/s: 9782 rss: 335Mb L: 917/3650 MS: 4 EraseBytes-ShuffleBytes-CopyPart-CrossOver-
#5360101	REDUCE cov: 3421 ft: 4699 corp: 358/40Kb lim: 4096 exec/s: 9781 rss: 335Mb L: 48/3650 MS: 1 EraseBytes-
#5380917	REDUCE cov: 3421 ft: 4699 corp: 358/40Kb lim: 4096 exec/s: 9783 rss: 335Mb L: 815/3650 MS: 1 EraseBytes-
#5393264	REDUCE cov: 3421 ft: 4699 corp: 358/40Kb lim: 4096 exec/s: 9770 rss: 335Mb L: 135/3650 MS: 2 PersAutoDict-EraseBytes- DE: "\000\000\000\312"-
#5409142	REDUCE cov: 3421 ft: 4699 corp: 358/40Kb lim: 4096 exec/s: 9781 rss: 335Mb L: 132/3650 MS: 3 CopyPart-PersAutoDict-EraseBytes- DE: "\001\000\000\000\000\000\000\220"-
#5441983	REDUCE cov: 3421 ft: 4699 corp: 358/40Kb lim: 4096 exec/s: 9770 rss: 335Mb L: 2331/3650 MS: 1 EraseBytes-
#5522100	REDUCE cov: 3421 ft: 4699 corp: 358/40Kb lim: 4096 exec/s: 9756 rss: 335Mb L: 126/3650 MS: 2 ShuffleBytes-EraseBytes-
#5590046	REDUCE cov: 3421 ft: 4699 corp: 358/40Kb lim: 4096 exec/s: 9755 rss: 336Mb L: 957/3650 MS: 1 EraseBytes-
#5594860	REDUCE cov: 3421 ft: 4699 corp: 358/40Kb lim: 4096 exec/s: 9764 rss: 336Mb L: 953/3650 MS: 4 CopyPart-CopyPart-EraseBytes-InsertByte-
#5638311	REDUCE cov: 3421 ft: 4699 corp: 358/40Kb lim: 4096 exec/s: 9754 rss: 336Mb L: 34/3650 MS: 1 EraseBytes-
#5643492	REDUCE cov: 3421 ft: 4699 corp: 358/40Kb lim: 4096 exec/s: 9746 rss: 336Mb L: 34/3650 MS: 1 EraseBytes-
#5658859	REDUCE cov: 3421 ft: 4699 corp: 358/40Kb lim: 4096 exec/s: 9756 rss: 336Mb L: 200/3650 MS: 2 ChangeByte-EraseBytes-
#5705435	REDUCE cov: 3421 ft: 4699 corp: 358/40Kb lim: 4096 exec/s: 9752 rss: 336Mb L: 1167/3650 MS: 1 EraseBytes-
#5735882	REDUCE cov: 3421 ft: 4699 corp: 358/40Kb lim: 4096 exec/s: 9754 rss: 336Mb L: 11/3650 MS: 2 ShuffleBytes-EraseBytes-
#5750348	REDUCE cov: 3421 ft: 4699 corp: 358/40Kb lim: 4096 exec/s: 9746 rss: 336Mb L: 14/3650 MS: 1 EraseBytes-
#5753952	REDUCE cov: 3421 ft: 4699 corp: 358/40Kb lim: 4096 exec/s: 9752 rss: 336Mb L: 43/3650 MS: 4 ShuffleBytes-ChangeByte-ShuffleBytes-EraseBytes-
#5788438	REDUCE cov: 3421 ft: 4699 corp: 358/40Kb lim: 4096 exec/s: 9744 rss: 336Mb L: 42/3650 MS: 1 EraseBytes-
#5854153	DONE   cov: 3421 ft: 4699 corp: 358/40Kb lim: 4096 exec/s: 9740 rss: 336Mb
###### Recommended dictionary. ######
"\000\000\000\000\000\000\000\011" # Uses: 8787
"\003\000\000\000\000\000\000\000" # Uses: 8787
"\022\000\000\000\000\000\000\000" # Uses: 8673
"\000\000\000\000" # Uses: 8794
"\001\000\000\000" # Uses: 8936
"q\000\000\000\000\000\000\000" # Uses: 8670
"\377\377\377\377" # Uses: 8674
"#\000\000\000\000\000\000\000" # Uses: 8812
"\010\000\000\000\000\000\000\000" # Uses: 8608
"\370\377\377\377\377\377\377\377" # Uses: 8725
"\367\377\377\377\377\377\377\377" # Uses: 8797
"\001\014" # Uses: 8626
"\001\000\000\000\000\000\000\017" # Uses: 8539
"\015\000" # Uses: 8525
"\034\000\000\000\000\000\000\000" # Uses: 8664
"\016\000\000\000\000\000\000\000" # Uses: 8706
"\017\000\000\000\000\000\000\000" # Uses: 8471
"\007\000\000\000\000\000\000\000" # Uses: 8609
"\001\000\000\000\000\000\000\000" # Uses: 8441
"\000\000\000m" # Uses: 8583
"\000\000\000\000\000\000\0005" # Uses: 8450
"\377l" # Uses: 8485
"\000\000\000\000\000\000\000\023" # Uses: 8411
"\365\377\377\377" # Uses: 8519
"\000\000\000\000\000\000\000\000" # Uses: 8504
"\003v'bv'bv" # Uses: 8346
"\344\377\377\377" # Uses: 8192
"\002\000\000\000\000\000\000\000" # Uses: 8154
"\000\023" # Uses: 8274
"p\000" # Uses: 8197
"\016\000" # Uses: 8085
"!\000" # Uses: 7972
"\000\000\000\331" # Uses: 7963
"\014\000\000\000" # Uses: 8029
"\000\000\000\371" # Uses: 8019
"0\000\000\000\000\000\000\000" # Uses: 7951
"\000\000\000\300" # Uses: 7859
"\000\000\000\375" # Uses: 7871
"\000\001" # Uses: 7909
"\000\000\000\312" # Uses: 7800
"\355\003\000\000\000\000\000\000" # Uses: 7767
"\001\000\000\000\000\000\000\220" # Uses: 7562
"\376\377\377\377" # Uses: 7905
"\377\377\377\377\377\377\377\007" # Uses: 7711
"\376\377\377\230" # Uses: 7714
"\006\000\000\000\000\000\000\000" # Uses: 7625
"\011\000\000\000\000\000\000\000" # Uses: 7593
"\001\000\000\000\000\000\000\022" # Uses: 7239
"!\000\000\000" # Uses: 7187
"\037\000" # Uses: 7318
"~\377\377\377\377\377\377\371" # Uses: 7003
"\000\000\000\000\000\000\000\021" # Uses: 7007
"\000\000\000\022" # Uses: 6923
"\022\000" # Uses: 6684
"q\000" # Uses: 6612
"\376\377\377\366" # Uses: 6653
"\377\377\377\370" # Uses: 6743
"\000\000\000\000\000\000\000\370" # Uses: 6378
"\001\000\000\000\000\000\000\003" # Uses: 6376
"\001\000\000\000\001\377\377\377" # Uses: 6195
"\000\000\000\000\000\000\000\001" # Uses: 6131
"\000\000\000\347" # Uses: 6066
"\021\000\000\000" # Uses: 5584
"\013\000\000\000" # Uses: 5231
"o\000" # Uses: 4933
"\374\377\377\377" # Uses: 5050
"\001\000" # Uses: 4580
"\000\000\000\373" # Uses: 4570
"\000\014" # Uses: 3898
"m\000" # Uses: 3668
"\024\000" # Uses: 3469
"\373\000" # Uses: 3422
"\001\010" # Uses: 3267
"\375\377\377\001\000\000\000\000" # Uses: 2565
###### End of recommended dictionary. ######
Done 5854153 runs in 601 second(s)
