Re-using provisioner tags from the active template version.
Tip: You can override these tags by passing --provisioner-tag="key=value".
     You can also clear all provisioner tags by passing --provisioner-tag="-".
Provisioner tags: <none>
WARN: No .terraform.lock.hcl file found
  | When provisioning, Coder will be unable to cache providers without a lockfile and must download them from the internet each time.
  | Create one by running terraform init in your template directory.
==> ⧗ Queued (next)
=== ✔ Queued [14ms]
==> ⧗ Setting up
=== ✔ Setting up [80ms]
==> ⧗ Initializing Terraform Directory
2026-09-09 17:13:52.630-06:00 Initializing the backend...
2026-09-09 17:13:52.630-06:00 Initializing provider plugins...
2026-09-09 17:13:52.631-06:00 Finding matching versions for provider: hashicorp/null, version_constraint: "~> 3.2"
2026-09-09 17:13:52.791-06:00 Finding matching versions for provider: coder/coder, version_constraint: "~> 2.18"
2026-09-09 17:13:53.167-06:00 Installing provider version: hashicorp/null v3.3.1...
2026-09-09 17:13:53.500-06:00 Installed provider version: hashicorp/null v3.3.1 (signed by HashiCorp)
2026-09-09 17:13:54.069-06:00 Installing provider version: coder/coder v2.18.0...
2026-09-09 17:13:54.876-06:00 Installed provider version: coder/coder v2.18.0 (signed by a HashiCorp partnerkey_id: 93C75807601AA0EC)
2026-09-09 17:13:54.876-06:00 Partner and community providers are signed by their developers.
If you'd like to know more about provider signing, you can read about it here:
https://developer.hashicorp.com/terraform/cli/plugins/signing
2026-09-09 17:13:54.876-06:00 Terraform has created a lock file .terraform.lock.hcl to record the provider
selections it made above. Include this file in your version control repository
so that Terraform can guarantee to make the same selections by default when
you run "terraform init" in the future.
2026-09-09 17:13:54.877-06:00 Terraform has been successfully initialized!
2026-09-09 17:13:54.877-06:00 You may now begin working with Terraform. Try running "terraform plan" to see
any changes that are required for your infrastructure. All Terraform commands
should now work.

If you ever set or change modules or backend configuration for Terraform,
rerun this command to reinitialize your working directory. If you forget, other
commands will detect it and remind you to do so if necessary.
=== ✔ Initializing Terraform Directory [2250ms]
==> ⧗ Parsing template parameters
=== ✔ Parsing template parameters [3ms]
==> ⧗ Detecting persistent resources
2026-09-09 17:13:54.931-06:00 Terraform 1.14.5
2026-09-09 17:13:55.836-06:00 data.coder_workspace.me: Refreshing...
2026-09-09 17:13:55.836-06:00 data.coder_provisioner.me: Refreshing...
2026-09-09 17:13:55.836-06:00 data.coder_parameter.start_blocks_login: Refreshing...
2026-09-09 17:13:55.836-06:00 data.coder_parameter.multi_agent: Refreshing...
2026-09-09 17:13:55.836-06:00 data.coder_parameter.script_mode: Refreshing...
2026-09-09 17:13:55.837-06:00 data.coder_provisioner.me: Refresh complete after 0s [id=6784e593-7266-43c6-8e6d-534e682f410e]
2026-09-09 17:13:55.838-06:00 data.coder_workspace.me: Refresh complete after 0s [id=9ff07e33-33a1-442d-9c24-7e32e0636e10]
2026-09-09 17:13:55.838-06:00 data.coder_parameter.start_blocks_login: Refresh complete after 0s [id=9de19609-fc77-4c0c-a938-01b2ce7469af]
2026-09-09 17:13:55.838-06:00 data.coder_parameter.multi_agent: Refresh complete after 0s [id=c0667b0e-7319-4340-add6-f4058c2ede8c]
2026-09-09 17:13:55.838-06:00 data.coder_parameter.script_mode: Refresh complete after 0s [id=6c58effb-4fed-477b-ae40-35df4c1d04d5]
2026-09-09 17:13:55.848-06:00 coder_agent.main[0]: Plan to create
2026-09-09 17:13:55.848-06:00 null_resource.main_script[0]: Plan to create
2026-09-09 17:13:55.848-06:00 coder_script.startup[0]: Plan to create
2026-09-09 17:13:55.848-06:00 Plan: 3 to add, 0 to change, 0 to destroy.
2026-09-09 17:13:55.849-06:00 Warning: "dir" is deprecated and will be removed in a future release.
2026-09-09 17:13:55.849-06:00 on main.tf line 71, in resource "coder_agent" "main":
2026-09-09 17:13:55.849-06:00   71:   dir   = "${local.base}/work"
2026-09-09 17:13:55.849-06:00 
2026-09-09 17:13:55.849-06:00 
2026-09-09 17:13:55.849-06:00 Warning: Setting "dir" to a value other than $HOME will break Coder Desktop file sync.
2026-09-09 17:13:55.850-06:00 on main.tf line 71, in resource "coder_agent" "main":
2026-09-09 17:13:55.850-06:00   71:   dir   = "${local.base}/work"
2026-09-09 17:13:55.850-06:00 
2026-09-09 17:13:55.850-06:00 
2026-09-09 17:13:55.851-06:00 Warning: Argument is deprecated
2026-09-09 17:13:55.851-06:00 on main.tf line 71, in resource "coder_agent" "main":
2026-09-09 17:13:55.851-06:00   71:   dir   = "${local.base}/work"
2026-09-09 17:13:55.851-06:00 
2026-09-09 17:13:55.851-06:00 dir has been deprecated and will be removed in a future release.
=== ✔ Detecting persistent resources [1336ms]
==> ⧗ Detecting ephemeral resources
2026-09-09 17:13:56.267-06:00 Terraform 1.14.5
2026-09-09 17:13:56.452-06:00 data.coder_workspace.me: Refreshing...
2026-09-09 17:13:56.452-06:00 data.coder_provisioner.me: Refreshing...
2026-09-09 17:13:56.452-06:00 data.coder_parameter.start_blocks_login: Refreshing...
2026-09-09 17:13:56.452-06:00 data.coder_parameter.script_mode: Refreshing...
2026-09-09 17:13:56.452-06:00 data.coder_parameter.multi_agent: Refreshing...
2026-09-09 17:13:56.453-06:00 data.coder_provisioner.me: Refresh complete after 0s [id=562a4a2b-6dc2-4063-b471-9a5096857192]
2026-09-09 17:13:56.453-06:00 data.coder_workspace.me: Refresh complete after 0s [id=919fc4a0-1369-4f5f-b21f-346d8501c7f5]
2026-09-09 17:13:56.453-06:00 data.coder_parameter.start_blocks_login: Refresh complete after 0s [id=45e713a6-2c89-4166-bf6a-c395e2b28536]
2026-09-09 17:13:56.453-06:00 data.coder_parameter.multi_agent: Refresh complete after 0s [id=30e1de48-4cf1-490c-8b49-13ed3d74c276]
2026-09-09 17:13:56.454-06:00 data.coder_parameter.script_mode: Refresh complete after 0s [id=fca6b521-887e-4992-a3aa-0a02cbda45e2]
2026-09-09 17:13:56.458-06:00 Plan: 0 to add, 0 to change, 0 to destroy.
=== ✔ Detecting ephemeral resources [601ms]
==> ⧗ Cleaning Up
=== ✔ Cleaning Up [8ms]
┌─────────────────────────────────┐
│ Template Preview                │
├─────────────────────────────────┤
│ RESOURCE                        │
├─────────────────────────────────┤
│ null_resource.main_script       │
│ └─ main (darwin, arm64)         │
└─────────────────────────────────┘
Updated version at Sep  9 17:13:56!
Planning workspace...
=== ✔ Queued [0ms]
==> ⧗ Running
==> ⧗ Running
=== ✔ Running [2ms]
==> ⧗ Setting up
=== ✔ Setting up [78ms]
==> ⧗ Initializing Terraform Directory
=== ✔ Initializing Terraform Directory [1810ms]
==> ⧗ Detecting persistent resources
=== ✔ Detecting persistent resources [1195ms]
==> ⧗ Cleaning Up
=== ✔ Cleaning Up [6ms]
┌─────────────────────────────────────────────────────────────┐
│ Workspace Preview                                           │
├─────────────────────────────────────────────────────────────┤
│ RESOURCE                   ACCESS                           │
├─────────────────────────────────────────────────────────────┤
│ null_resource.main_script                                   │
│ └─ main (darwin, arm64)    coder ssh g12-action-dormant     │
└─────────────────────────────────────────────────────────────┘
Output: 
Output: Terraform 1.14.5
Output: Initializing the backend...
Output: Initializing provider plugins...
Output: Finding matching versions for provider: coder/coder, version_constraint: "~> 2.18"
Output: Finding matching versions for provider: hashicorp/null, version_constraint: "~> 3.2"
Output: Installing provider version: coder/coder v2.18.0...
Output: Installed provider version: coder/coder v2.18.0 (signed by a HashiCorp partnerkey_id: 93C75807601AA0EC)
Output: Installing provider version: hashicorp/null v3.3.1...
Output: Installed provider version: hashicorp/null v3.3.1 (signed by HashiCorp)
Output: Partner and community providers are signed by their developers.
If you'd like to know more about provider signing, you can read about it here:
https://developer.hashicorp.com/terraform/cli/plugins/signing
Output: Terraform has created a lock file .terraform.lock.hcl to record the provider
selections it made above. Include this file in your version control repository
so that Terraform can guarantee to make the same selections by default when
you run "terraform init" in the future.
Output: Terraform has been successfully initialized!
Output: You may now begin working with Terraform. Try running "terraform plan" to see
any changes that are required for your infrastructure. All Terraform commands
should now work.

If you ever set or change modules or backend configuration for Terraform,
rerun this command to reinitialize your working directory. If you forget, other
commands will detect it and remind you to do so if necessary.
Output: Terraform 1.14.5
Output: data.coder_provisioner.me: Refreshing...
Output: data.coder_workspace.me: Refreshing...
Output: data.coder_parameter.script_mode: Refreshing...
Output: data.coder_parameter.start_blocks_login: Refreshing...
Output: data.coder_parameter.multi_agent: Refreshing...
Output: data.coder_provisioner.me: Refresh complete after 0s [id=634b417d-a455-434a-8a0a-0f11378c7b36]
Output: data.coder_workspace.me: Refresh complete after 0s [id=e7bd47d9-af8d-48d8-a5c6-e955bb2c34a4]
Output: data.coder_parameter.multi_agent: Refresh complete after 0s [id=d61e7663-a3b6-4f81-867f-107964550e21]
Output: data.coder_parameter.start_blocks_login: Refresh complete after 0s [id=0bbbf2e1-1a5a-4575-98dc-c41a041e6b02]
Output: data.coder_parameter.script_mode: Refresh complete after 0s [id=1095784a-df65-4dd3-a4eb-42a643c9db89]
Output: coder_agent.main[0]: Plan to create
Output: coder_script.startup[0]: Plan to create
Output: null_resource.main_script[0]: Plan to create
Output: Plan: 3 to add, 0 to change, 0 to destroy.
Output: Warning: "dir" is deprecated and will be removed in a future release.
Output: on main.tf line 71, in resource "coder_agent" "main":
Output:   71:   dir   = "${local.base}/work"
Output: 
Output: 
Output: Warning: Setting "dir" to a value other than $HOME will break Coder Desktop file sync.
Output: on main.tf line 71, in resource "coder_agent" "main":
Output:   71:   dir   = "${local.base}/work"
Output: 
Output: 
Output: Warning: Argument is deprecated
Output: on main.tf line 71, in resource "coder_agent" "main":
Output:   71:   dir   = "${local.base}/work"
Output: 
Output: dir has been deprecated and will be removed in a future release.
Output: 
Output: Terraform 1.14.5
Output: coder_agent.main[0]: Plan to create
Output: coder_script.startup[0]: Plan to create
Output: null_resource.main_script[0]: Plan to create
Output: coder_agent.main[0]: Creating...
Output: coder_agent.main[0]: Creation complete after 0s [id=aacd8817-712b-4443-b035-51d89eaa3a27]
Output: null_resource.main_script[0]: Creating...
Output: coder_script.startup[0]: Creating...
Output: null_resource.main_script[0]: Provisioning with 'local-exec'...
Output: null_resource.main_script[0]: (local-exec): (output suppressed due to sensitive value in config)
Output: coder_script.startup[0]: Creation complete after 0s [id=d75df344-2361-42ad-b857-1a504fc4c54b]
Output: null_resource.main_script[0]: (local-exec) Provisioning complete
Output: null_resource.main_script[0]: Creation complete after 0s [id=8893419784165230486]
Output: Warning: "dir" is deprecated and will be removed in a future release.
Output: on main.tf line 71, in resource "coder_agent" "main":
Output:   71:   dir   = "${local.base}/work"
Output: 
Output: 
Output: Warning: Setting "dir" to a value other than $HOME will break Coder Desktop file sync.
Output: on main.tf line 71, in resource "coder_agent" "main":
Output:   71:   dir   = "${local.base}/work"
Output: 
Output: 
Output: Warning: Argument is deprecated
Output: on main.tf line 71, in resource "coder_agent" "main":
Output:   71:   dir   = "${local.base}/work"
Output: 
Output: dir has been deprecated and will be removed in a future release.
Output: Apply complete! Resources: 3 added, 0 changed, 0 destroyed.
Output: Outputs: 0
Output: 
=== ✔ Queued [0ms]
==> ⧗ Running
==> ⧗ Running
=== ✔ Running [16ms]
==> ⧗ Setting up
=== ✔ Setting up [73ms]
==> ⧗ Initializing Terraform Directory
2026-09-09 17:14:03.829-06:00 Initializing the backend...
2026-09-09 17:14:03.829-06:00 Initializing provider plugins...
2026-09-09 17:14:03.829-06:00 Finding matching versions for provider: coder/coder, version_constraint: "~> 2.18"
2026-09-09 17:14:03.935-06:00 Finding matching versions for provider: hashicorp/null, version_constraint: "~> 3.2"
2026-09-09 17:14:04.484-06:00 Installing provider version: coder/coder v2.18.0...
2026-09-09 17:14:05.324-06:00 Installed provider version: coder/coder v2.18.0 (signed by a HashiCorp partnerkey_id: 93C75807601AA0EC)
2026-09-09 17:14:05.540-06:00 Installing provider version: hashicorp/null v3.3.1...
2026-09-09 17:14:05.875-06:00 Installed provider version: hashicorp/null v3.3.1 (signed by HashiCorp)
2026-09-09 17:14:05.875-06:00 Partner and community providers are signed by their developers.
If you'd like to know more about provider signing, you can read about it here:
https://developer.hashicorp.com/terraform/cli/plugins/signing
2026-09-09 17:14:05.875-06:00 Terraform has created a lock file .terraform.lock.hcl to record the provider
selections it made above. Include this file in your version control repository
so that Terraform can guarantee to make the same selections by default when
you run "terraform init" in the future.
2026-09-09 17:14:05.876-06:00 Terraform has been successfully initialized!
2026-09-09 17:14:05.876-06:00 You may now begin working with Terraform. Try running "terraform plan" to see
any changes that are required for your infrastructure. All Terraform commands
should now work.

If you ever set or change modules or backend configuration for Terraform,
rerun this command to reinitialize your working directory. If you forget, other
commands will detect it and remind you to do so if necessary.
=== ✔ Initializing Terraform Directory [2100ms]
==> ⧗ Planning Infrastructure
2026-09-09 17:14:06.709-06:00 data.coder_parameter.multi_agent: Refreshing...
2026-09-09 17:14:06.709-06:00 data.coder_parameter.start_blocks_login: Refreshing...
2026-09-09 17:14:06.709-06:00 data.coder_provisioner.me: Refreshing...
2026-09-09 17:14:06.709-06:00 data.coder_workspace.me: Refreshing...
2026-09-09 17:14:06.711-06:00 data.coder_parameter.script_mode: Refreshing...
2026-09-09 17:14:06.711-06:00 data.coder_workspace.me: Refresh complete after 0s [id=e7bd47d9-af8d-48d8-a5c6-e955bb2c34a4]
2026-09-09 17:14:06.711-06:00 data.coder_provisioner.me: Refresh complete after 0s [id=5532a04a-4635-4c88-8e0a-6c9ec5acf222]
2026-09-09 17:14:06.711-06:00 data.coder_parameter.start_blocks_login: Refresh complete after 0s [id=09f2a6bf-0f92-45b8-8477-475b0ab179a2]
2026-09-09 17:14:06.711-06:00 data.coder_parameter.multi_agent: Refresh complete after 0s [id=55d5e66a-3970-45e0-928d-6e57224ffe5d]
2026-09-09 17:14:06.712-06:00 data.coder_parameter.script_mode: Refresh complete after 0s [id=9fa3bc9d-84e9-4ab7-9453-26a444e67ea5]
2026-09-09 17:14:06.713-06:00 coder_agent.main[0]: Refreshing state... [id=aacd8817-712b-4443-b035-51d89eaa3a27]
2026-09-09 17:14:06.714-06:00 coder_agent.main[0]: Refresh complete [id=aacd8817-712b-4443-b035-51d89eaa3a27]
2026-09-09 17:14:06.716-06:00 null_resource.main_script[0]: Refreshing state... [id=8893419784165230486]
2026-09-09 17:14:06.716-06:00 coder_script.startup[0]: Refreshing state... [id=d75df344-2361-42ad-b857-1a504fc4c54b]
2026-09-09 17:14:06.717-06:00 null_resource.main_script[0]: Refresh complete [id=8893419784165230486]
2026-09-09 17:14:06.717-06:00 coder_script.startup[0]: Refresh complete [id=d75df344-2361-42ad-b857-1a504fc4c54b]
2026-09-09 17:14:06.723-06:00 coder_agent.main[0]: Drift detected (update)
2026-09-09 17:14:06.723-06:00 coder_agent.main[0]: Plan to delete
2026-09-09 17:14:06.723-06:00 coder_script.startup[0]: Plan to delete
2026-09-09 17:14:06.723-06:00 null_resource.main_script[0]: Plan to delete
2026-09-09 17:14:06.723-06:00 Plan: 0 to add, 0 to change, 3 to destroy.
=== ✔ Planning Infrastructure [913ms]
==> ⧗ Stopping workspace
2026-09-09 17:14:06.895-06:00 Terraform 1.14.5
2026-09-09 17:14:06.980-06:00 coder_agent.main[0]: Plan to delete
2026-09-09 17:14:06.980-06:00 coder_script.startup[0]: Plan to delete
2026-09-09 17:14:06.980-06:00 null_resource.main_script[0]: Plan to delete
2026-09-09 17:14:07.029-06:00 null_resource.main_script[0]: Destroying... [id=8893419784165230486]
2026-09-09 17:14:07.030-06:00 coder_script.startup[0]: Destroying... [id=d75df344-2361-42ad-b857-1a504fc4c54b]
2026-09-09 17:14:07.030-06:00 coder_script.startup[0]: Destruction complete after 0s
2026-09-09 17:14:07.043-06:00 null_resource.main_script[0]: Destruction complete after 0s
2026-09-09 17:14:07.052-06:00 coder_agent.main[0]: Destroying... [id=aacd8817-712b-4443-b035-51d89eaa3a27]
2026-09-09 17:14:07.053-06:00 coder_agent.main[0]: Destruction complete after 0s
2026-09-09 17:14:07.066-06:00 Apply complete! Resources: 0 added, 0 changed, 3 destroyed.
2026-09-09 17:14:07.066-06:00 Outputs: 0
=== ✔ Stopping workspace [509ms]
==> ⧗ Cleaning Up
=== ✔ Cleaning Up [7ms]

The g12-action-dormant workspace has been stopped at Sep  9 17:14:07!
Planning workspace...
=== ✔ Queued [0ms]
==> ⧗ Running
==> ⧗ Running
=== ✔ Running [3ms]
==> ⧗ Setting up
=== ✔ Setting up [79ms]
==> ⧗ Initializing Terraform Directory
=== ✔ Initializing Terraform Directory [1853ms]
==> ⧗ Detecting persistent resources
=== ✔ Detecting persistent resources [1153ms]
==> ⧗ Cleaning Up
=== ✔ Cleaning Up [6ms]
┌────────────────────────────────────────────────────────────────┐
│ Workspace Preview                                              │
├────────────────────────────────────────────────────────────────┤
│ RESOURCE                   ACCESS                              │
├────────────────────────────────────────────────────────────────┤
│ null_resource.main_script                                      │
│ └─ main (darwin, arm64)    coder ssh g12-action-parameters     │
└────────────────────────────────────────────────────────────────┘
Output: 
Output: Terraform 1.14.5
Output: Initializing the backend...
Output: Initializing provider plugins...
Output: Finding matching versions for provider: hashicorp/null, version_constraint: "~> 3.2"
Output: Finding matching versions for provider: coder/coder, version_constraint: "~> 2.18"
Output: Installing provider version: hashicorp/null v3.3.1...
Output: Installed provider version: hashicorp/null v3.3.1 (signed by HashiCorp)
Output: Installing provider version: coder/coder v2.18.0...
Output: Installed provider version: coder/coder v2.18.0 (signed by a HashiCorp partnerkey_id: 93C75807601AA0EC)
Output: Partner and community providers are signed by their developers.
If you'd like to know more about provider signing, you can read about it here:
https://developer.hashicorp.com/terraform/cli/plugins/signing
Output: Terraform has created a lock file .terraform.lock.hcl to record the provider
selections it made above. Include this file in your version control repository
so that Terraform can guarantee to make the same selections by default when
you run "terraform init" in the future.
Output: Terraform has been successfully initialized!
Output: You may now begin working with Terraform. Try running "terraform plan" to see
any changes that are required for your infrastructure. All Terraform commands
should now work.

If you ever set or change modules or backend configuration for Terraform,
rerun this command to reinitialize your working directory. If you forget, other
commands will detect it and remind you to do so if necessary.
Output: Terraform 1.14.5
Output: data.coder_parameter.multi_agent: Refreshing...
Output: data.coder_parameter.start_blocks_login: Refreshing...
Output: data.coder_workspace.me: Refreshing...
Output: data.coder_provisioner.me: Refreshing...
Output: data.coder_parameter.script_mode: Refreshing...
Output: data.coder_provisioner.me: Refresh complete after 0s [id=74e32372-9850-401a-be7a-f9bedc445058]
Output: data.coder_workspace.me: Refresh complete after 0s [id=ccb27042-6906-4290-a940-f68c355fc5a6]
Output: data.coder_parameter.start_blocks_login: Refresh complete after 0s [id=843f7cc6-b66b-4074-a2eb-f0402c1d7c67]
Output: data.coder_parameter.multi_agent: Refresh complete after 0s [id=252eb3e4-c570-4c4c-b7dc-8fcc5d455c10]
Output: data.coder_parameter.script_mode: Refresh complete after 0s [id=a8628272-e0f2-428a-8a79-9cda27937f53]
Output: coder_agent.main[0]: Plan to create
Output: coder_script.startup[0]: Plan to create
Output: null_resource.main_script[0]: Plan to create
Output: Plan: 3 to add, 0 to change, 0 to destroy.
Output: Warning: "dir" is deprecated and will be removed in a future release.
Output: on main.tf line 71, in resource "coder_agent" "main":
Output:   71:   dir   = "${local.base}/work"
Output: 
Output: 
Output: Warning: Setting "dir" to a value other than $HOME will break Coder Desktop file sync.
Output: on main.tf line 71, in resource "coder_agent" "main":
Output:   71:   dir   = "${local.base}/work"
Output: 
Output: 
Output: Warning: Argument is deprecated
Output: on main.tf line 71, in resource "coder_agent" "main":
Output:   71:   dir   = "${local.base}/work"
Output: 
Output: dir has been deprecated and will be removed in a future release.
Output: 
Output: Terraform 1.14.5
Output: coder_agent.main[0]: Plan to create
Output: coder_script.startup[0]: Plan to create
Output: null_resource.main_script[0]: Plan to create
Output: coder_agent.main[0]: Creating...
Output: coder_agent.main[0]: Creation complete after 0s [id=49493a93-e2fe-48c2-b6ae-872fc1c7d224]
Output: null_resource.main_script[0]: Creating...
Output: coder_script.startup[0]: Creating...
Output: null_resource.main_script[0]: Provisioning with 'local-exec'...
Output: null_resource.main_script[0]: (local-exec): (output suppressed due to sensitive value in config)
Output: coder_script.startup[0]: Creation complete after 0s [id=5fe1b692-6c5e-4231-874f-6c8f622736ec]
Output: null_resource.main_script[0]: (local-exec) Provisioning complete
Output: null_resource.main_script[0]: Creation complete after 0s [id=5920302191940339961]
Output: Warning: "dir" is deprecated and will be removed in a future release.
Output: on main.tf line 71, in resource "coder_agent" "main":
Output:   71:   dir   = "${local.base}/work"
Output: 
Output: 
Output: Warning: Setting "dir" to a value other than $HOME will break Coder Desktop file sync.
Output: on main.tf line 71, in resource "coder_agent" "main":
Output:   71:   dir   = "${local.base}/work"
Output: 
Output: 
Output: Warning: Argument is deprecated
Output: on main.tf line 71, in resource "coder_agent" "main":
Output:   71:   dir   = "${local.base}/work"
Output: 
Output: dir has been deprecated and will be removed in a future release.
Output: Apply complete! Resources: 3 added, 0 changed, 0 destroyed.
Output: Outputs: 0
Output: 
=== ✔ Queued [0ms]
==> ⧗ Running
==> ⧗ Running
=== ✔ Running [17ms]
==> ⧗ Setting up
=== ✔ Setting up [72ms]
==> ⧗ Initializing Terraform Directory
2026-09-09 17:14:14.349-06:00 Initializing the backend...
2026-09-09 17:14:14.350-06:00 Initializing provider plugins...
2026-09-09 17:14:14.350-06:00 Finding matching versions for provider: coder/coder, version_constraint: "~> 2.18"
2026-09-09 17:14:14.452-06:00 Finding matching versions for provider: hashicorp/null, version_constraint: "~> 3.2"
2026-09-09 17:14:14.949-06:00 Installing provider version: coder/coder v2.18.0...
2026-09-09 17:14:15.575-06:00 Installed provider version: coder/coder v2.18.0 (signed by a HashiCorp partnerkey_id: 93C75807601AA0EC)
2026-09-09 17:14:15.773-06:00 Installing provider version: hashicorp/null v3.3.1...
2026-09-09 17:14:16.143-06:00 Installed provider version: hashicorp/null v3.3.1 (signed by HashiCorp)
2026-09-09 17:14:16.143-06:00 Partner and community providers are signed by their developers.
If you'd like to know more about provider signing, you can read about it here:
https://developer.hashicorp.com/terraform/cli/plugins/signing
2026-09-09 17:14:16.143-06:00 Terraform has created a lock file .terraform.lock.hcl to record the provider
selections it made above. Include this file in your version control repository
so that Terraform can guarantee to make the same selections by default when
you run "terraform init" in the future.
2026-09-09 17:14:16.143-06:00 Terraform has been successfully initialized!
2026-09-09 17:14:16.143-06:00 You may now begin working with Terraform. Try running "terraform plan" to see
any changes that are required for your infrastructure. All Terraform commands
should now work.

If you ever set or change modules or backend configuration for Terraform,
rerun this command to reinitialize your working directory. If you forget, other
commands will detect it and remind you to do so if necessary.
=== ✔ Initializing Terraform Directory [1849ms]
==> ⧗ Planning Infrastructure
2026-09-09 17:14:16.989-06:00 data.coder_workspace.me: Refreshing...
2026-09-09 17:14:16.989-06:00 data.coder_parameter.start_blocks_login: Refreshing...
2026-09-09 17:14:16.989-06:00 data.coder_provisioner.me: Refreshing...
2026-09-09 17:14:16.989-06:00 data.coder_parameter.multi_agent: Refreshing...
2026-09-09 17:14:16.989-06:00 data.coder_parameter.script_mode: Refreshing...
2026-09-09 17:14:16.990-06:00 data.coder_provisioner.me: Refresh complete after 0s [id=8e5a25b8-1ddc-4839-af23-4229c11fdb97]
2026-09-09 17:14:16.990-06:00 data.coder_parameter.start_blocks_login: Refresh complete after 0s [id=beca31fc-84da-4d4a-ad66-6819e4f0b9ac]
2026-09-09 17:14:16.990-06:00 data.coder_workspace.me: Refresh complete after 0s [id=ccb27042-6906-4290-a940-f68c355fc5a6]
2026-09-09 17:14:16.990-06:00 data.coder_parameter.multi_agent: Refresh complete after 0s [id=1f1b72f7-15f0-49a8-bf3c-781cf3acf007]
2026-09-09 17:14:16.991-06:00 data.coder_parameter.script_mode: Refresh complete after 0s [id=1c37dc08-6c02-47fa-bd07-2f759941b4b0]
2026-09-09 17:14:16.993-06:00 coder_agent.main[0]: Refreshing state... [id=49493a93-e2fe-48c2-b6ae-872fc1c7d224]
2026-09-09 17:14:16.994-06:00 coder_agent.main[0]: Refresh complete [id=49493a93-e2fe-48c2-b6ae-872fc1c7d224]
2026-09-09 17:14:16.995-06:00 coder_script.startup[0]: Refreshing state... [id=5fe1b692-6c5e-4231-874f-6c8f622736ec]
2026-09-09 17:14:16.995-06:00 null_resource.main_script[0]: Refreshing state... [id=5920302191940339961]
2026-09-09 17:14:16.996-06:00 coder_script.startup[0]: Refresh complete [id=5fe1b692-6c5e-4231-874f-6c8f622736ec]
2026-09-09 17:14:16.997-06:00 null_resource.main_script[0]: Refresh complete [id=5920302191940339961]
2026-09-09 17:14:17.002-06:00 coder_agent.main[0]: Drift detected (update)
2026-09-09 17:14:17.002-06:00 coder_agent.main[0]: Plan to delete
2026-09-09 17:14:17.002-06:00 coder_script.startup[0]: Plan to delete
2026-09-09 17:14:17.002-06:00 null_resource.main_script[0]: Plan to delete
2026-09-09 17:14:17.002-06:00 Plan: 0 to add, 0 to change, 3 to destroy.
=== ✔ Planning Infrastructure [924ms]
==> ⧗ Stopping workspace
2026-09-09 17:14:17.173-06:00 Terraform 1.14.5
2026-09-09 17:14:17.256-06:00 coder_agent.main[0]: Plan to delete
2026-09-09 17:14:17.256-06:00 coder_script.startup[0]: Plan to delete
2026-09-09 17:14:17.256-06:00 null_resource.main_script[0]: Plan to delete
2026-09-09 17:14:17.305-06:00 null_resource.main_script[0]: Destroying... [id=5920302191940339961]
2026-09-09 17:14:17.306-06:00 null_resource.main_script[0]: Destruction complete after 0s
2026-09-09 17:14:17.306-06:00 coder_script.startup[0]: Destroying... [id=5fe1b692-6c5e-4231-874f-6c8f622736ec]
2026-09-09 17:14:17.315-06:00 coder_script.startup[0]: Destruction complete after 0s
2026-09-09 17:14:17.321-06:00 coder_agent.main[0]: Destroying... [id=49493a93-e2fe-48c2-b6ae-872fc1c7d224]
2026-09-09 17:14:17.323-06:00 coder_agent.main[0]: Destruction complete after 0s
2026-09-09 17:14:17.336-06:00 Apply complete! Resources: 0 added, 0 changed, 3 destroyed.
2026-09-09 17:14:17.336-06:00 Outputs: 0
=== ✔ Stopping workspace [495ms]
==> ⧗ Cleaning Up
=== ✔ Cleaning Up [8ms]

The g12-action-parameters workspace has been stopped at Sep  9 17:14:17!
Re-using provisioner tags from the active template version.
Tip: You can override these tags by passing --provisioner-tag="key=value".
     You can also clear all provisioner tags by passing --provisioner-tag="-".
Provisioner tags: <none>
WARN: No .terraform.lock.hcl file found
  | When provisioning, Coder will be unable to cache providers without a lockfile and must download them from the internet each time.
  | Create one by running terraform init in your template directory.
=== ✔ Queued [0ms]
==> ⧗ Running
==> ⧗ Running
=== ✔ Running [4ms]
==> ⧗ Setting up
=== ✔ Setting up [75ms]
==> ⧗ Initializing Terraform Directory
2026-09-09 17:14:17.857-06:00 Initializing the backend...
2026-09-09 17:14:17.857-06:00 Initializing provider plugins...
2026-09-09 17:14:17.857-06:00 Finding matching versions for provider: coder/coder, version_constraint: "~> 2.18"
2026-09-09 17:14:17.963-06:00 Finding matching versions for provider: hashicorp/null, version_constraint: "~> 3.2"
2026-09-09 17:14:18.488-06:00 Installing provider version: coder/coder v2.18.0...
2026-09-09 17:14:19.087-06:00 Installed provider version: coder/coder v2.18.0 (signed by a HashiCorp partnerkey_id: 93C75807601AA0EC)
2026-09-09 17:14:19.272-06:00 Installing provider version: hashicorp/null v3.3.1...
2026-09-09 17:14:19.624-06:00 Installed provider version: hashicorp/null v3.3.1 (signed by HashiCorp)
2026-09-09 17:14:19.624-06:00 Partner and community providers are signed by their developers.
If you'd like to know more about provider signing, you can read about it here:
https://developer.hashicorp.com/terraform/cli/plugins/signing
2026-09-09 17:14:19.624-06:00 Terraform has created a lock file .terraform.lock.hcl to record the provider
selections it made above. Include this file in your version control repository
so that Terraform can guarantee to make the same selections by default when
you run "terraform init" in the future.
2026-09-09 17:14:19.625-06:00 Terraform has been successfully initialized!
2026-09-09 17:14:19.625-06:00 You may now begin working with Terraform. Try running "terraform plan" to see
any changes that are required for your infrastructure. All Terraform commands
should now work.

If you ever set or change modules or backend configuration for Terraform,
rerun this command to reinitialize your working directory. If you forget, other
commands will detect it and remind you to do so if necessary.
=== ✔ Initializing Terraform Directory [1771ms]
==> ⧗ Parsing template parameters
=== ✔ Parsing template parameters [2ms]
==> ⧗ Detecting persistent resources
2026-09-09 17:14:19.679-06:00 Terraform 1.14.5
2026-09-09 17:14:20.475-06:00 data.coder_parameter.start_blocks_login: Refreshing...
2026-09-09 17:14:20.475-06:00 data.coder_parameter.multi_agent: Refreshing...
2026-09-09 17:14:20.475-06:00 data.coder_provisioner.me: Refreshing...
2026-09-09 17:14:20.475-06:00 data.coder_parameter.confirmation: Refreshing...
2026-09-09 17:14:20.475-06:00 data.coder_workspace.me: Refreshing...
2026-09-09 17:14:20.476-06:00 data.coder_parameter.script_mode: Refreshing...
2026-09-09 17:14:20.476-06:00 data.coder_parameter.start_blocks_login: Refresh complete after 0s [id=cc13fd27-a188-4a43-bd95-75b594fcc9b5]
2026-09-09 17:14:20.476-06:00 data.coder_parameter.confirmation: Refresh complete after 0s [id=54aefcfd-06d7-4ba6-bcbb-50e7d2e17c7b]
2026-09-09 17:14:20.476-06:00 data.coder_provisioner.me: Refresh complete after 0s [id=109ec1a6-69d4-4a9a-bd4d-9bd727d496ab]
2026-09-09 17:14:20.477-06:00 data.coder_workspace.me: Refresh complete after 0s [id=39e1f5cc-2a00-4c2d-b60c-dfb2c6b1c676]
2026-09-09 17:14:20.477-06:00 data.coder_parameter.multi_agent: Refresh complete after 0s [id=38322e4b-6e30-4e9f-b1dd-668d048e3b5d]
2026-09-09 17:14:20.478-06:00 data.coder_parameter.script_mode: Refresh complete after 0s [id=6d4d9a66-2b73-42c7-b54c-235cf0e7870b]
2026-09-09 17:14:20.487-06:00 coder_agent.main[0]: Plan to create
2026-09-09 17:14:20.487-06:00 coder_script.startup[0]: Plan to create
2026-09-09 17:14:20.487-06:00 null_resource.main_script[0]: Plan to create
2026-09-09 17:14:20.487-06:00 Plan: 3 to add, 0 to change, 0 to destroy.
2026-09-09 17:14:20.487-06:00 Warning: "dir" is deprecated and will be removed in a future release.
2026-09-09 17:14:20.488-06:00 on main.tf line 71, in resource "coder_agent" "main":
2026-09-09 17:14:20.488-06:00   71:   dir   = "${local.base}/work"
2026-09-09 17:14:20.488-06:00 
2026-09-09 17:14:20.488-06:00 
2026-09-09 17:14:20.489-06:00 Warning: Setting "dir" to a value other than $HOME will break Coder Desktop file sync.
2026-09-09 17:14:20.489-06:00 on main.tf line 71, in resource "coder_agent" "main":
2026-09-09 17:14:20.489-06:00   71:   dir   = "${local.base}/work"
2026-09-09 17:14:20.489-06:00 
2026-09-09 17:14:20.489-06:00 
2026-09-09 17:14:20.490-06:00 Warning: Argument is deprecated
2026-09-09 17:14:20.490-06:00 on main.tf line 71, in resource "coder_agent" "main":
2026-09-09 17:14:20.490-06:00   71:   dir   = "${local.base}/work"
2026-09-09 17:14:20.490-06:00 
2026-09-09 17:14:20.490-06:00 dir has been deprecated and will be removed in a future release.
=== ✔ Detecting persistent resources [1231ms]
==> ⧗ Detecting ephemeral resources
2026-09-09 17:14:20.908-06:00 Terraform 1.14.5
2026-09-09 17:14:21.086-06:00 data.coder_parameter.multi_agent: Refreshing...
2026-09-09 17:14:21.086-06:00 data.coder_parameter.confirmation: Refreshing...
2026-09-09 17:14:21.086-06:00 data.coder_parameter.start_blocks_login: Refreshing...
2026-09-09 17:14:21.087-06:00 data.coder_workspace.me: Refreshing...
2026-09-09 17:14:21.087-06:00 data.coder_provisioner.me: Refreshing...
2026-09-09 17:14:21.087-06:00 data.coder_parameter.script_mode: Refreshing...
2026-09-09 17:14:21.087-06:00 data.coder_parameter.multi_agent: Refresh complete after 0s [id=71cb069c-18c3-433f-a192-7a7697fc97c8]
2026-09-09 17:14:21.088-06:00 data.coder_provisioner.me: Refresh complete after 0s [id=3ac0b776-b582-4e86-9869-951f93340116]
2026-09-09 17:14:21.088-06:00 data.coder_parameter.start_blocks_login: Refresh complete after 0s [id=13443afc-a2fa-4a58-bb7f-b12451d847c5]
2026-09-09 17:14:21.088-06:00 data.coder_workspace.me: Refresh complete after 0s [id=a4a0bf3d-7337-4794-b8d8-2e457b5714e8]
2026-09-09 17:14:21.088-06:00 data.coder_parameter.confirmation: Refresh complete after 0s [id=484667ac-ae8f-483e-8bd8-7219164010b7]
2026-09-09 17:14:21.088-06:00 data.coder_parameter.script_mode: Refresh complete after 0s [id=940dfb5f-a57e-4017-8eca-425fbbe55a74]
2026-09-09 17:14:21.093-06:00 Plan: 0 to add, 0 to change, 0 to destroy.
=== ✔ Detecting ephemeral resources [593ms]
==> ⧗ Cleaning Up
=== ✔ Cleaning Up [6ms]
┌─────────────────────────────────┐
│ Template Preview                │
├─────────────────────────────────┤
│ RESOURCE                        │
├─────────────────────────────────┤
│ null_resource.main_script       │
│ └─ main (darwin, arm64)         │
└─────────────────────────────────┘
Updated version at Sep  9 17:14:21!
READY: native dormant workspace and required-parameter mismatch; no agents launched
⚙️  Generating plists...
⚙️  Generating project...
⚙️  Writing project...
Created project at /Users/richard/code/BicTerm/BicTerm.xcodeproj
Command line invocation:
    /Applications/Xcode.app/Contents/Developer/usr/bin/xcodebuild test -scheme BicTerm -destination "platform=iOS Simulator,id=732CE8E1-F9EF-4020-BF93-5BA1AA365B0E" -derivedDataPath /Users/richard/code/BicTerm/.build-artifacts/DerivedData/g12-app -parallel-testing-enabled NO "-only-testing:BicTermTests/CoderNativeLifecycleActionTests"

Resolve Package Graph


Resolved source packages:
  SwiftTerm: /Users/richard/code/BicTerm/Vendor/SwiftTerm
  swift-atomics: https://github.com/apple/swift-atomics.git @ 1.3.1
  swift-nio: https://github.com/apple/swift-nio.git @ 2.102.0
  swift-crypto: https://github.com/apple/swift-crypto.git @ 4.5.2
  swift-collections: https://github.com/apple/swift-collections.git @ 1.6.0
  SymbolKit: https://github.com/swiftlang/swift-docc-symbolkit @ 1.0.0
  swift-argument-parser: https://github.com/apple/swift-argument-parser @ 1.8.2
  SwiftDocCPlugin: https://github.com/apple/swift-docc-plugin @ 1.5.0
  swift-asn1: https://github.com/apple/swift-asn1.git @ 1.7.2
  swift-nio-ssh: /Users/richard/code/BicTerm/Vendor/swift-nio-ssh @ local
  swift-system: https://github.com/apple/swift-system.git @ 1.8.1
  BicTermCore: /Users/richard/code/BicTerm/BicTermCore

ComputePackagePrebuildTargetDependencyGraph

Prepare packages

Compile plug-in “SwiftTermBuildInfoPlugin” in package “swiftterm”
[debug]: Compiling plugin to executable at /Users/richard/code/BicTerm/.build-artifacts/DerivedData/g12-app/Build/Products/PluginExecutables/SwiftTermBuildInfoPlugin
[debug]: Using compiler /Applications/Xcode.app/Contents/Developer/Toolchains/XcodeDefault.xctoolchain/usr/bin/swiftc
[debug]: Plugin compilation output directory '/Users/richard/code/BicTerm/.build-artifacts/DerivedData/g12-app/Build/Products/PluginExecutables'
[debug]: Computed hash of plugin compilation inputs: a89582677f16616d3ae07a046f0d81e39cf426cc338b7a282fc0e8a9a3a779ee


Apply build tool plug-in “SwiftTermBuildInfoPlugin” to target “SwiftTerm” in package “swiftterm”

Process build tool plug-in results
package: <IDESwiftPackageCore.IDESwiftPackage:0xb676ac600 path:'/Users/richard/code/BicTerm/Vendor/SwiftTerm'>
    target: SwiftTerm
        prebuildCommandOutputPaths: []
        buildCommands: [SwiftPM.SPMCustomBuildCommand(displayName: Optional("Generate SwiftTerm build information"), executable: "/${BUILD_DIR}/${CONFIGURATION}/SwiftTermBuildInfoGenerator", arguments: ["/Users/richard/code/BicTerm/Vendor/SwiftTerm", "/Users/richard/code/BicTerm/.build-artifacts/DerivedData/g12-app/Build/Intermediates.noindex/BuildToolPluginIntermediates/swiftterm.output/SwiftTerm/SwiftTermBuildInfoPlugin/Generated/SwiftTermBuildInfo.swift"], environment: [:], workingDir: nil, inputPaths: [SwiftPM.SPMAbsolutePath(absolutePath: <AbsolutePath:"/Users/richard/code/BicTerm/.build-artifacts/DerivedData/g12-app/Build/Intermediates.noindex/BuildToolPluginIntermediates/swiftterm.output/SwiftTerm/SwiftTermBuildInfoPlugin/build-info-trigger">)], pluginOutputDir: SwiftPM.SPMAbsolutePath(absolutePath: <AbsolutePath:"/Users/richard/code/BicTerm/.build-artifacts/DerivedData/g12-app/Build/Intermediates.noindex/BuildToolPluginIntermediates/swiftterm.output/SwiftTerm/SwiftTermBuildInfoPlugin">), outputPaths: ["/Users/richard/code/BicTerm/.build-artifacts/DerivedData/g12-app/Build/Intermediates.noindex/BuildToolPluginIntermediates/swiftterm.output/SwiftTerm/SwiftTermBuildInfoPlugin/Generated/SwiftTermBuildInfo.swift"], sandboxProfile: Optional(SwiftPM.SPMSandboxProfile(strictness: Basics.Sandbox.Strictness.writableTemporaryDirectory, writableDirectories: [<AbsolutePath:"/Users/richard/code/BicTerm/.build-artifacts/DerivedData/g12-app/Build/Intermediates.noindex/BuildToolPluginIntermediates/swiftterm.output/SwiftTerm/SwiftTermBuildInfoPlugin">], readOnlyDirectories: [<AbsolutePath:"/Users/richard/code/BicTerm/Vendor/SwiftTerm">])))]
        allDerivedOutputPaths: [SwiftPM.SPMAbsolutePath(absolutePath: <AbsolutePath:"/Users/richard/code/BicTerm/.build-artifacts/DerivedData/g12-app/Build/Intermediates.noindex/BuildToolPluginIntermediates/swiftterm.output/SwiftTerm/SwiftTermBuildInfoPlugin/Generated/SwiftTermBuildInfo.swift">)]

CreateBuildRequest

SendProjectDescription

CreateBuildOperation

ComputeTargetDependencyGraph
note: Building targets in dependency order
note: Target dependency graph (47 targets)
    Target 'BicTermUITests' in project 'BicTerm'
        ➜ Explicit dependency on target 'BicTerm' in project 'BicTerm'
    Target 'BicTermTests' in project 'BicTerm'
        ➜ Explicit dependency on target 'BicTerm' in project 'BicTerm'
    Target 'BicTerm' in project 'BicTerm'
        ➜ Implicit dependency on target 'CoderTunnel' in project 'BicTerm' via options '-framework CoderTunnel' in build setting 'OTHER_LDFLAGS'
        ➜ Explicit dependency on target 'BicTermCore' in project 'BicTermCore'
        ➜ Explicit dependency on target 'SwiftTerm' in project 'SwiftTerm'
    Target 'SwiftTerm' in project 'SwiftTerm'
        ➜ Explicit dependency on target 'SwiftTerm' in project 'SwiftTerm'
        ➜ Explicit dependency on target 'SwiftTerm_SwiftTerm' in project 'SwiftTerm'
        ➜ Explicit dependency on target 'SwiftTermBuildInfoGenerator' in project 'SwiftTerm'
        ➜ Explicit dependency on target 'SwiftTermBuildInfoPlugin' in project 'SwiftTerm'
    Target 'SwiftTerm' in project 'SwiftTerm'
        ➜ Explicit dependency on target 'SwiftTerm_SwiftTerm' in project 'SwiftTerm'
        ➜ Explicit dependency on target 'SwiftTermBuildInfoGenerator' in project 'SwiftTerm'
        ➜ Explicit dependency on target 'SwiftTermBuildInfoPlugin' in project 'SwiftTerm'
    Target 'SwiftTermBuildInfoGenerator' in project 'SwiftTerm' (no dependencies)
    Target 'SwiftTerm_SwiftTerm' in project 'SwiftTerm'
        ➜ Explicit dependency on target 'SwiftTermBuildInfoPlugin' in project 'SwiftTerm'
    Target 'SwiftTermBuildInfoPlugin' in project 'SwiftTerm'
        ➜ Explicit dependency on target 'SwiftTermBuildInfoGenerator' in project 'SwiftTerm'
    Target 'SwiftTermBuildInfoGenerator' in project 'SwiftTerm' (no dependencies)
    Target 'CoderTunnel' in project 'BicTerm'
        ➜ Explicit dependency on target 'BicTermCore' in project 'BicTermCore'
    Target 'BicTermCore' in project 'BicTermCore'
        ➜ Explicit dependency on target 'BicTermCore' in project 'BicTermCore'
        ➜ Explicit dependency on target 'CBcryptPBKDF' in project 'BicTermCore'
        ➜ Explicit dependency on target 'NIOSSH' in project 'swift-nio-ssh'
        ➜ Explicit dependency on target 'NIOCore' in project 'swift-nio'
        ➜ Explicit dependency on target 'NIOPosix' in project 'swift-nio'
    Target 'BicTermCore' in project 'BicTermCore'
        ➜ Explicit dependency on target 'CBcryptPBKDF' in project 'BicTermCore'
        ➜ Explicit dependency on target 'NIOSSH' in project 'swift-nio-ssh'
        ➜ Explicit dependency on target 'NIOCore' in project 'swift-nio'
        ➜ Explicit dependency on target 'NIOPosix' in project 'swift-nio'
    Target 'NIOPosix' in project 'swift-nio'
        ➜ Explicit dependency on target 'NIOPosix' in project 'swift-nio'
        ➜ Explicit dependency on target 'swift-nio_NIOPosix' in project 'swift-nio'
        ➜ Explicit dependency on target 'CNIOOpenBSD' in project 'swift-nio'
        ➜ Explicit dependency on target 'CNIOLinux' in project 'swift-nio'
        ➜ Explicit dependency on target 'CNIODarwin' in project 'swift-nio'
        ➜ Explicit dependency on target 'CNIOWindows' in project 'swift-nio'
        ➜ Explicit dependency on target 'CNIOAtomics' in project 'swift-nio'
        ➜ Explicit dependency on target 'NIOConcurrencyHelpers' in project 'swift-nio'
        ➜ Explicit dependency on target '_NIOBase64' in project 'swift-nio'
        ➜ Explicit dependency on target 'CNIOFreeBSD' in project 'swift-nio'
        ➜ Explicit dependency on target 'CNIOWASI' in project 'swift-nio'
        ➜ Explicit dependency on target '_NIODataStructures' in project 'swift-nio'
        ➜ Explicit dependency on target 'NIOCore' in project 'swift-nio'
        ➜ Explicit dependency on target 'CNIOPosix' in project 'swift-nio'
        ➜ Explicit dependency on target 'DequeModule' in project 'swift-collections'
        ➜ Explicit dependency on target 'Atomics' in project 'swift-atomics'
    Target 'NIOSSH' in project 'swift-nio-ssh'
        ➜ Explicit dependency on target 'NIOSSH' in project 'swift-nio-ssh'
        ➜ Explicit dependency on target 'NIOCore' in project 'swift-nio'
        ➜ Explicit dependency on target 'NIOConcurrencyHelpers' in project 'swift-nio'
        ➜ Explicit dependency on target 'NIOFoundationCompat' in project 'swift-nio'
        ➜ Explicit dependency on target 'Crypto' in project 'swift-crypto'
        ➜ Explicit dependency on target 'Atomics' in project 'swift-atomics'
    Target 'NIOSSH' in project 'swift-nio-ssh'
        ➜ Explicit dependency on target 'NIOCore' in project 'swift-nio'
        ➜ Explicit dependency on target 'NIOConcurrencyHelpers' in project 'swift-nio'
        ➜ Explicit dependency on target 'NIOFoundationCompat' in project 'swift-nio'
        ➜ Explicit dependency on target 'Crypto' in project 'swift-crypto'
        ➜ Explicit dependency on target 'Atomics' in project 'swift-atomics'
    Target 'Crypto' in project 'swift-crypto'
        ➜ Explicit dependency on target 'Crypto' in project 'swift-crypto'
        ➜ Explicit dependency on target 'swift-crypto_Crypto' in project 'swift-crypto'
    Target 'Crypto' in project 'swift-crypto'
        ➜ Explicit dependency on target 'swift-crypto_Crypto' in project 'swift-crypto'
    Target 'swift-crypto_Crypto' in project 'swift-crypto' (no dependencies)
    Target 'NIOFoundationCompat' in project 'swift-nio'
        ➜ Explicit dependency on target 'NIOFoundationCompat' in project 'swift-nio'
        ➜ Explicit dependency on target 'CNIOAtomics' in project 'swift-nio'
        ➜ Explicit dependency on target 'NIOConcurrencyHelpers' in project 'swift-nio'
        ➜ Explicit dependency on target '_NIOBase64' in project 'swift-nio'
        ➜ Explicit dependency on target 'CNIOOpenBSD' in project 'swift-nio'
        ➜ Explicit dependency on target 'CNIOFreeBSD' in project 'swift-nio'
        ➜ Explicit dependency on target 'CNIODarwin' in project 'swift-nio'
        ➜ Explicit dependency on target 'CNIOLinux' in project 'swift-nio'
        ➜ Explicit dependency on target 'CNIOWindows' in project 'swift-nio'
        ➜ Explicit dependency on target 'CNIOWASI' in project 'swift-nio'
        ➜ Explicit dependency on target '_NIODataStructures' in project 'swift-nio'
        ➜ Explicit dependency on target 'NIOCore' in project 'swift-nio'
        ➜ Explicit dependency on target 'NIOEmbedded' in project 'swift-nio'
        ➜ Explicit dependency on target 'CNIOPosix' in project 'swift-nio'
        ➜ Explicit dependency on target 'NIOPosix' in project 'swift-nio'
        ➜ Explicit dependency on target 'NIO' in project 'swift-nio'
        ➜ Explicit dependency on target 'NIOFoundationEssentialsCompat' in project 'swift-nio'
        ➜ Explicit dependency on target 'DequeModule' in project 'swift-collections'
        ➜ Explicit dependency on target 'Atomics' in project 'swift-atomics'
    Target 'NIOFoundationCompat' in project 'swift-nio'
        ➜ Explicit dependency on target 'CNIOAtomics' in project 'swift-nio'
        ➜ Explicit dependency on target 'NIOConcurrencyHelpers' in project 'swift-nio'
        ➜ Explicit dependency on target '_NIOBase64' in project 'swift-nio'
        ➜ Explicit dependency on target 'CNIOOpenBSD' in project 'swift-nio'
        ➜ Explicit dependency on target 'CNIOFreeBSD' in project 'swift-nio'
        ➜ Explicit dependency on target 'CNIODarwin' in project 'swift-nio'
        ➜ Explicit dependency on target 'CNIOLinux' in project 'swift-nio'
        ➜ Explicit dependency on target 'CNIOWindows' in project 'swift-nio'
        ➜ Explicit dependency on target 'CNIOWASI' in project 'swift-nio'
        ➜ Explicit dependency on target '_NIODataStructures' in project 'swift-nio'
        ➜ Explicit dependency on target 'NIOCore' in project 'swift-nio'
        ➜ Explicit dependency on target 'NIOEmbedded' in project 'swift-nio'
        ➜ Explicit dependency on target 'CNIOPosix' in project 'swift-nio'
        ➜ Explicit dependency on target 'NIOPosix' in project 'swift-nio'
        ➜ Explicit dependency on target 'NIO' in project 'swift-nio'
        ➜ Explicit dependency on target 'NIOFoundationEssentialsCompat' in project 'swift-nio'
        ➜ Explicit dependency on target 'DequeModule' in project 'swift-collections'
        ➜ Explicit dependency on target 'Atomics' in project 'swift-atomics'
    Target 'NIOFoundationEssentialsCompat' in project 'swift-nio'
        ➜ Explicit dependency on target 'CNIOAtomics' in project 'swift-nio'
        ➜ Explicit dependency on target 'NIOConcurrencyHelpers' in project 'swift-nio'
        ➜ Explicit dependency on target '_NIOBase64' in project 'swift-nio'
        ➜ Explicit dependency on target 'CNIOOpenBSD' in project 'swift-nio'
        ➜ Explicit dependency on target 'CNIOFreeBSD' in project 'swift-nio'
        ➜ Explicit dependency on target 'CNIODarwin' in project 'swift-nio'
        ➜ Explicit dependency on target 'CNIOLinux' in project 'swift-nio'
        ➜ Explicit dependency on target 'CNIOWindows' in project 'swift-nio'
        ➜ Explicit dependency on target 'CNIOWASI' in project 'swift-nio'
        ➜ Explicit dependency on target '_NIODataStructures' in project 'swift-nio'
        ➜ Explicit dependency on target 'NIOCore' in project 'swift-nio'
        ➜ Explicit dependency on target 'DequeModule' in project 'swift-collections'
        ➜ Explicit dependency on target 'Atomics' in project 'swift-atomics'
    Target 'NIO' in project 'swift-nio'
        ➜ Explicit dependency on target 'CNIOAtomics' in project 'swift-nio'
        ➜ Explicit dependency on target 'NIOConcurrencyHelpers' in project 'swift-nio'
        ➜ Explicit dependency on target '_NIOBase64' in project 'swift-nio'
        ➜ Explicit dependency on target 'CNIOOpenBSD' in project 'swift-nio'
        ➜ Explicit dependency on target 'CNIOFreeBSD' in project 'swift-nio'
        ➜ Explicit dependency on target 'CNIODarwin' in project 'swift-nio'
        ➜ Explicit dependency on target 'CNIOLinux' in project 'swift-nio'
        ➜ Explicit dependency on target 'CNIOWindows' in project 'swift-nio'
        ➜ Explicit dependency on target 'CNIOWASI' in project 'swift-nio'
        ➜ Explicit dependency on target '_NIODataStructures' in project 'swift-nio'
        ➜ Explicit dependency on target 'NIOCore' in project 'swift-nio'
        ➜ Explicit dependency on target 'NIOEmbedded' in project 'swift-nio'
        ➜ Explicit dependency on target 'CNIOPosix' in project 'swift-nio'
        ➜ Explicit dependency on target 'NIOPosix' in project 'swift-nio'
        ➜ Explicit dependency on target 'DequeModule' in project 'swift-collections'
        ➜ Explicit dependency on target 'Atomics' in project 'swift-atomics'
    Target 'NIOPosix' in project 'swift-nio'
        ➜ Explicit dependency on target 'swift-nio_NIOPosix' in project 'swift-nio'
        ➜ Explicit dependency on target 'CNIOOpenBSD' in project 'swift-nio'
        ➜ Explicit dependency on target 'CNIOLinux' in project 'swift-nio'
        ➜ Explicit dependency on target 'CNIODarwin' in project 'swift-nio'
        ➜ Explicit dependency on target 'CNIOWindows' in project 'swift-nio'
        ➜ Explicit dependency on target 'CNIOAtomics' in project 'swift-nio'
        ➜ Explicit dependency on target 'NIOConcurrencyHelpers' in project 'swift-nio'
        ➜ Explicit dependency on target '_NIOBase64' in project 'swift-nio'
        ➜ Explicit dependency on target 'CNIOFreeBSD' in project 'swift-nio'
        ➜ Explicit dependency on target 'CNIOWASI' in project 'swift-nio'
        ➜ Explicit dependency on target '_NIODataStructures' in project 'swift-nio'
        ➜ Explicit dependency on target 'NIOCore' in project 'swift-nio'
        ➜ Explicit dependency on target 'CNIOPosix' in project 'swift-nio'
        ➜ Explicit dependency on target 'DequeModule' in project 'swift-collections'
        ➜ Explicit dependency on target 'Atomics' in project 'swift-atomics'
    Target 'swift-nio_NIOPosix' in project 'swift-nio' (no dependencies)
    Target 'CNIOPosix' in project 'swift-nio' (no dependencies)
    Target 'NIOEmbedded' in project 'swift-nio'
        ➜ Explicit dependency on target 'CNIOAtomics' in project 'swift-nio'
        ➜ Explicit dependency on target 'NIOConcurrencyHelpers' in project 'swift-nio'
        ➜ Explicit dependency on target '_NIOBase64' in project 'swift-nio'
        ➜ Explicit dependency on target 'CNIOOpenBSD' in project 'swift-nio'
        ➜ Explicit dependency on target 'CNIOFreeBSD' in project 'swift-nio'
        ➜ Explicit dependency on target 'CNIODarwin' in project 'swift-nio'
        ➜ Explicit dependency on target 'CNIOLinux' in project 'swift-nio'
        ➜ Explicit dependency on target 'CNIOWindows' in project 'swift-nio'
        ➜ Explicit dependency on target 'CNIOWASI' in project 'swift-nio'
        ➜ Explicit dependency on target '_NIODataStructures' in project 'swift-nio'
        ➜ Explicit dependency on target 'NIOCore' in project 'swift-nio'
        ➜ Explicit dependency on target 'DequeModule' in project 'swift-collections'
        ➜ Explicit dependency on target 'Atomics' in project 'swift-atomics'
    Target 'NIOConcurrencyHelpers' in project 'swift-nio'
        ➜ Explicit dependency on target 'NIOConcurrencyHelpers' in project 'swift-nio'
        ➜ Explicit dependency on target 'CNIOAtomics' in project 'swift-nio'
    Target 'NIOCore' in project 'swift-nio'
        ➜ Explicit dependency on target 'NIOCore' in project 'swift-nio'
        ➜ Explicit dependency on target 'CNIOAtomics' in project 'swift-nio'
        ➜ Explicit dependency on target 'NIOConcurrencyHelpers' in project 'swift-nio'
        ➜ Explicit dependency on target '_NIOBase64' in project 'swift-nio'
        ➜ Explicit dependency on target 'CNIOOpenBSD' in project 'swift-nio'
        ➜ Explicit dependency on target 'CNIOFreeBSD' in project 'swift-nio'
        ➜ Explicit dependency on target 'CNIODarwin' in project 'swift-nio'
        ➜ Explicit dependency on target 'CNIOLinux' in project 'swift-nio'
        ➜ Explicit dependency on target 'CNIOWindows' in project 'swift-nio'
        ➜ Explicit dependency on target 'CNIOWASI' in project 'swift-nio'
        ➜ Explicit dependency on target '_NIODataStructures' in project 'swift-nio'
        ➜ Explicit dependency on target 'DequeModule' in project 'swift-collections'
        ➜ Explicit dependency on target 'Atomics' in project 'swift-atomics'
    Target 'NIOCore' in project 'swift-nio'
        ➜ Explicit dependency on target 'CNIOAtomics' in project 'swift-nio'
        ➜ Explicit dependency on target 'NIOConcurrencyHelpers' in project 'swift-nio'
        ➜ Explicit dependency on target '_NIOBase64' in project 'swift-nio'
        ➜ Explicit dependency on target 'CNIOOpenBSD' in project 'swift-nio'
        ➜ Explicit dependency on target 'CNIOFreeBSD' in project 'swift-nio'
        ➜ Explicit dependency on target 'CNIODarwin' in project 'swift-nio'
        ➜ Explicit dependency on target 'CNIOLinux' in project 'swift-nio'
        ➜ Explicit dependency on target 'CNIOWindows' in project 'swift-nio'
        ➜ Explicit dependency on target 'CNIOWASI' in project 'swift-nio'
        ➜ Explicit dependency on target '_NIODataStructures' in project 'swift-nio'
        ➜ Explicit dependency on target 'DequeModule' in project 'swift-collections'
        ➜ Explicit dependency on target 'Atomics' in project 'swift-atomics'
    Target 'Atomics' in project 'swift-atomics'
        ➜ Explicit dependency on target 'Atomics' in project 'swift-atomics'
        ➜ Explicit dependency on target '_AtomicsShims' in project 'swift-atomics'
    Target 'Atomics' in project 'swift-atomics'
        ➜ Explicit dependency on target '_AtomicsShims' in project 'swift-atomics'
    Target '_AtomicsShims' in project 'swift-atomics' (no dependencies)
    Target 'DequeModule' in project 'swift-collections'
        ➜ Explicit dependency on target 'DequeModule' in project 'swift-collections'
        ➜ Explicit dependency on target 'InternalCollectionsUtilities' in project 'swift-collections'
        ➜ Explicit dependency on target 'ContainersPreview' in project 'swift-collections'
    Target 'DequeModule' in project 'swift-collections'
        ➜ Explicit dependency on target 'InternalCollectionsUtilities' in project 'swift-collections'
        ➜ Explicit dependency on target 'ContainersPreview' in project 'swift-collections'
    Target 'ContainersPreview' in project 'swift-collections'
        ➜ Explicit dependency on target 'InternalCollectionsUtilities' in project 'swift-collections'
    Target 'InternalCollectionsUtilities' in project 'swift-collections' (no dependencies)
    Target '_NIODataStructures' in project 'swift-nio' (no dependencies)
    Target 'CNIOWASI' in project 'swift-nio' (no dependencies)
    Target 'CNIOWindows' in project 'swift-nio' (no dependencies)
    Target 'CNIOLinux' in project 'swift-nio' (no dependencies)
    Target 'CNIODarwin' in project 'swift-nio' (no dependencies)
    Target 'CNIOFreeBSD' in project 'swift-nio' (no dependencies)
    Target 'CNIOOpenBSD' in project 'swift-nio' (no dependencies)
    Target '_NIOBase64' in project 'swift-nio' (no dependencies)
    Target 'NIOConcurrencyHelpers' in project 'swift-nio'
        ➜ Explicit dependency on target 'CNIOAtomics' in project 'swift-nio'
    Target 'CNIOAtomics' in project 'swift-nio' (no dependencies)
    Target 'CBcryptPBKDF' in project 'BicTermCore' (no dependencies)

GatherProvisioningInputs

CreateBuildDescription

ExecuteExternalTool /Applications/Xcode.app/Contents/Developer/Toolchains/XcodeDefault.xctoolchain/usr/bin/clang -v -E -dM -arch arm64 -isysroot /Applications/Xcode.app/Contents/Developer/Platforms/iPhoneSimulator.platform/Developer/SDKs/iPhoneSimulator26.5.sdk -x c -c /dev/null

ExecuteExternalTool /Applications/Xcode.app/Contents/Developer/Toolchains/XcodeDefault.xctoolchain/usr/bin/swiftc --version

ExecuteExternalTool /Applications/Xcode.app/Contents/Developer/Toolchains/XcodeDefault.xctoolchain/usr/bin/clang -v -E -dM -isysroot /Applications/Xcode.app/Contents/Developer/Platforms/iPhoneSimulator.platform/Developer/SDKs/iPhoneSimulator26.5.sdk -x c -c /dev/null

ExecuteExternalTool /Applications/Xcode.app/Contents/Developer/Toolchains/XcodeDefault.xctoolchain/usr/bin/ld -version_details

ExecuteExternalTool /Applications/Xcode.app/Contents/Developer/usr/bin/actool --print-asset-tag-combinations --output-format xml1 /Users/richard/code/BicTerm/BicTerm/Resources/Assets.xcassets

ExecuteExternalTool /Applications/Xcode.app/Contents/Developer/Toolchains/XcodeDefault.xctoolchain/usr/bin/clang -v -E -dM -isysroot /Applications/Xcode.app/Contents/Developer/Platforms/MacOSX.platform/Developer/SDKs/MacOSX26.5.sdk -x c -c /dev/null

ReadFileContents /Applications/Xcode.app/Contents/Developer/Toolchains/XcodeDefault.xctoolchain/usr/share/docc/features.json

ExecuteExternalTool /Applications/Xcode.app/Contents/Developer/Toolchains/XcodeDefault.xctoolchain/usr/bin/libtool -V

ExecuteExternalTool /Applications/Xcode.app/Contents/Developer/usr/bin/actool --version --output-format xml1

Build description signature: 5310f3c1e686ae97a7a82faace42b424
Build description path: /Users/richard/code/BicTerm/.build-artifacts/DerivedData/g12-app/Build/Intermediates.noindex/XCBuildData/5310f3c1e686ae97a7a82faace42b424.xcbuilddata
ClangStatCache /Applications/Xcode.app/Contents/Developer/Toolchains/XcodeDefault.xctoolchain/usr/bin/clang-stat-cache /Applications/Xcode.app/Contents/Developer/Platforms/iPhoneSimulator.platform/Developer/SDKs/iPhoneSimulator26.5.sdk /Users/richard/code/BicTerm/.build-artifacts/DerivedData/g12-app/SDKStatCaches.noindex/iphonesimulator26.5-23F81a-688ef53f1462e2c8f657fdc38a81448f6cfe768891a92b912361537c460fe42b.sdkstatcache
    cd /Users/richard/code/BicTerm/BicTerm.xcodeproj
    /Applications/Xcode.app/Contents/Developer/Toolchains/XcodeDefault.xctoolchain/usr/bin/clang-stat-cache /Applications/Xcode.app/Contents/Developer/Platforms/iPhoneSimulator.platform/Developer/SDKs/iPhoneSimulator26.5.sdk -o /Users/richard/code/BicTerm/.build-artifacts/DerivedData/g12-app/SDKStatCaches.noindex/iphonesimulator26.5-23F81a-688ef53f1462e2c8f657fdc38a81448f6cfe768891a92b912361537c460fe42b.sdkstatcache

ProcessInfoPlistFile /Users/richard/code/BicTerm/.build-artifacts/DerivedData/g12-app/Build/Products/Debug-iphonesimulator/swift-nio_NIOPosix.bundle/Info.plist /Users/richard/code/BicTerm/.build-artifacts/DerivedData/g12-app/Build/Intermediates.noindex/swift-nio.build/Debug-iphonesimulator/swift-nio_NIOPosix.build/empty-swift-nio_NIOPosix.plist (in target 'swift-nio_NIOPosix' from project 'swift-nio')
    cd /Users/richard/code/BicTerm/.build-artifacts/DerivedData/g12-app/SourcePackages/checkouts/swift-nio
    builtin-infoPlistUtility /Users/richard/code/BicTerm/.build-artifacts/DerivedData/g12-app/Build/Intermediates.noindex/swift-nio.build/Debug-iphonesimulator/swift-nio_NIOPosix.build/empty-swift-nio_NIOPosix.plist -producttype com.apple.product-type.bundle -expandbuildsettings -format binary -platform iphonesimulator -o /Users/richard/code/BicTerm/.build-artifacts/DerivedData/g12-app/Build/Products/Debug-iphonesimulator/swift-nio_NIOPosix.bundle/Info.plist

ProcessInfoPlistFile /Users/richard/code/BicTerm/.build-artifacts/DerivedData/g12-app/Build/Products/Debug-iphonesimulator/swift-crypto_Crypto.bundle/Info.plist /Users/richard/code/BicTerm/.build-artifacts/DerivedData/g12-app/Build/Intermediates.noindex/swift-crypto.build/Debug-iphonesimulator/swift-crypto_Crypto.build/empty-swift-crypto_Crypto.plist (in target 'swift-crypto_Crypto' from project 'swift-crypto')
    cd /Users/richard/code/BicTerm/.build-artifacts/DerivedData/g12-app/SourcePackages/checkouts/swift-crypto
    builtin-infoPlistUtility /Users/richard/code/BicTerm/.build-artifacts/DerivedData/g12-app/Build/Intermediates.noindex/swift-crypto.build/Debug-iphonesimulator/swift-crypto_Crypto.build/empty-swift-crypto_Crypto.plist -producttype com.apple.product-type.bundle -expandbuildsettings -format binary -platform iphonesimulator -o /Users/richard/code/BicTerm/.build-artifacts/DerivedData/g12-app/Build/Products/Debug-iphonesimulator/swift-crypto_Crypto.bundle/Info.plist

ProcessInfoPlistFile /Users/richard/code/BicTerm/.build-artifacts/DerivedData/g12-app/Build/Products/Debug-iphonesimulator/CoderTunnel.framework/Info.plist /Users/richard/code/BicTerm/.build-artifacts/DerivedData/g12-app/Build/Intermediates.noindex/BicTerm.build/Debug-iphonesimulator/CoderTunnel.build/empty-CoderTunnel.plist (in target 'CoderTunnel' from project 'BicTerm')
    cd /Users/richard/code/BicTerm
    builtin-infoPlistUtility /Users/richard/code/BicTerm/.build-artifacts/DerivedData/g12-app/Build/Intermediates.noindex/BicTerm.build/Debug-iphonesimulator/CoderTunnel.build/empty-CoderTunnel.plist -producttype com.apple.product-type.framework -expandbuildsettings -format binary -platform iphonesimulator -o /Users/richard/code/BicTerm/.build-artifacts/DerivedData/g12-app/Build/Products/Debug-iphonesimulator/CoderTunnel.framework/Info.plist

ClangStatCache /Applications/Xcode.app/Contents/Developer/Toolchains/XcodeDefault.xctoolchain/usr/bin/clang-stat-cache /Applications/Xcode.app/Contents/Developer/Platforms/MacOSX.platform/Developer/SDKs/MacOSX26.5.sdk /Users/richard/code/BicTerm/.build-artifacts/DerivedData/g12-app/SDKStatCaches.noindex/macosx26.5-25F70-688ef53f1462e2c8f657fdc38a81448fe082c4a02f00227109f4ed75e425c832.sdkstatcache
    cd /Users/richard/code/BicTerm/BicTerm.xcodeproj
    /Applications/Xcode.app/Contents/Developer/Toolchains/XcodeDefault.xctoolchain/usr/bin/clang-stat-cache /Applications/Xcode.app/Contents/Developer/Platforms/MacOSX.platform/Developer/SDKs/MacOSX26.5.sdk -o /Users/richard/code/BicTerm/.build-artifacts/DerivedData/g12-app/SDKStatCaches.noindex/macosx26.5-25F70-688ef53f1462e2c8f657fdc38a81448fe082c4a02f00227109f4ed75e425c832.sdkstatcache

ProcessInfoPlistFile /Users/richard/code/BicTerm/.build-artifacts/DerivedData/g12-app/Build/Products/Debug-iphonesimulator/SwiftTerm_SwiftTerm.bundle/Info.plist /Users/richard/code/BicTerm/.build-artifacts/DerivedData/g12-app/Build/Intermediates.noindex/SwiftTerm.build/Debug-iphonesimulator/SwiftTerm_SwiftTerm.build/empty-SwiftTerm_SwiftTerm.plist (in target 'SwiftTerm_SwiftTerm' from project 'SwiftTerm')
    cd /Users/richard/code/BicTerm/Vendor/SwiftTerm
    builtin-infoPlistUtility /Users/richard/code/BicTerm/.build-artifacts/DerivedData/g12-app/Build/Intermediates.noindex/SwiftTerm.build/Debug-iphonesimulator/SwiftTerm_SwiftTerm.build/empty-SwiftTerm_SwiftTerm.plist -producttype com.apple.product-type.bundle -expandbuildsettings -format binary -platform iphonesimulator -o /Users/richard/code/BicTerm/.build-artifacts/DerivedData/g12-app/Build/Products/Debug-iphonesimulator/SwiftTerm_SwiftTerm.bundle/Info.plist

CustomTask Generate\ SwiftTerm\ build\ information b9238825b2877f8177681954382d014a (in target 'SwiftTerm' from project 'SwiftTerm')
    cd /Users/richard/code/BicTerm/Vendor/SwiftTerm
    export ACTION\=build
    export AD_HOC_CODE_SIGNING_ALLOWED\=YES
    export ALLOW_BUILD_REQUEST_OVERRIDES\=NO
    export ALLOW_TARGET_PLATFORM_SPECIALIZATION\=NO
    export ALTERNATE_GROUP\=staff
    export ALTERNATE_MODE\=u+w,go-w,a+rX
    export ALTERNATE_OWNER\=richard
    export ALTERNATIVE_DISTRIBUTION_WEB\=NO
    export ALWAYS_EMBED_SWIFT_STANDARD_LIBRARIES\=NO
    export ALWAYS_SEARCH_USER_PATHS\=YES
    export ALWAYS_USE_SEPARATE_HEADERMAPS\=NO
    export APPLICATION_EXTENSION_API_ONLY\=NO
    export APPLY_RULES_IN_COPY_FILES\=NO
    export APPLY_RULES_IN_COPY_HEADERS\=NO
    export APP_SHORTCUTS_ENABLE_FLEXIBLE_MATCHING\=YES
    export ARCHS\=arm64
    export ARCHS_BASE\=arm64
    export ARCHS_STANDARD\=arm64\ x86_64
    export ARCHS_STANDARD_32_64_BIT\=arm64\ x86_64
    export ARCHS_STANDARD_64_BIT\=arm64\ x86_64
    export ARCHS_STANDARD_INCLUDING_64_BIT\=arm64\ x86_64
    export ARCHS_UNIVERSAL_IPHONE_OS\=arm64\ x86_64
    export ASSETCATALOG_FILTER_FOR_DEVICE_MODEL\=iPhone18,1
    export ASSETCATALOG_FILTER_FOR_DEVICE_OS_VERSION\=26.5
    export ASSETCATALOG_FILTER_FOR_THINNING_DEVICE_CONFIGURATION\=iPhone18,1
    export AUTOMATICALLY_MERGE_DEPENDENCIES\=NO
    export AUTOMATION_APPLE_EVENTS\=NO
    export AVAILABLE_PLATFORMS\=android\ appletvos\ appletvsimulator\ driverkit\ freebsd\ iphoneos\ iphonesimulator\ linux\ macosx\ none\ openbsd\ qnx\ watchos\ watchsimulator\ webassembly\ xros\ xrsimulator
    export BUILD_ACTIVE_RESOURCES_ONLY\=YES
    export BUILD_COMPONENTS\=headers\ build
    export BUILD_DIR\=/Users/richard/code/BicTerm/.build-artifacts/DerivedData/g12-app/Build/Products
    export BUILD_LIBRARY_FOR_DISTRIBUTION\=NO
    export BUILD_ONLY_KNOWN_LOCALIZATIONS\=NO
    export BUILD_ROOT\=/Users/richard/code/BicTerm/.build-artifacts/DerivedData/g12-app/Build/Products
    export BUILD_STYLE\=
    export BUILD_VARIANTS\=normal
    export BUILT_PRODUCTS_DIR\=/Users/richard/code/BicTerm/.build-artifacts/DerivedData/g12-app/Build/Products/Debug-iphonesimulator
    export BUNDLE_CONTENTS_FOLDER_PATH_deep\=Contents/
    export BUNDLE_EXECUTABLE_FOLDER_NAME_deep\=MacOS
    export BUNDLE_EXTENSIONS_FOLDER_PATH\=Extensions
    export BUNDLE_FORMAT\=shallow
    export BUNDLE_FRAMEWORKS_FOLDER_PATH\=Frameworks
    export BUNDLE_PLUGINS_FOLDER_PATH\=PlugIns
    export BUNDLE_PRIVATE_HEADERS_FOLDER_PATH\=PrivateHeaders
    export BUNDLE_PUBLIC_HEADERS_FOLDER_PATH\=Headers
    export CACHE_ROOT\=/var/folders/hy/m79bdqfj21g6ndt8hbtf0c6w0000gn/C/com.apple.DeveloperTools/26.6-17F113/Xcode
    export CCHROOT\=/var/folders/hy/m79bdqfj21g6ndt8hbtf0c6w0000gn/C/com.apple.DeveloperTools/26.6-17F113/Xcode
    export CHMOD\=/bin/chmod
    export CHOWN\=chown
    export CLANG_CACHE_FINE_GRAINED_OUTPUTS\=YES
    export CLANG_COVERAGE_MAPPING_LINKER_ARGS\=NO
    export CLANG_ENABLE_EXPLICIT_MODULES\=YES
    export CLANG_ENABLE_MODULES\=YES
    export CLANG_ENABLE_OBJC_ARC\=YES
    export CLANG_MODULES_BUILD_SESSION_FILE\=/Users/richard/code/BicTerm/.build-artifacts/DerivedData/g12-app/ModuleCache.noindex/Session.modulevalidation
    export CLASS_FILE_DIR\=/Users/richard/code/BicTerm/.build-artifacts/DerivedData/g12-app/Build/Intermediates.noindex/SwiftTerm.build/Debug-iphonesimulator/SwiftTerm.build/JavaClasses
    export CLEAN_PRECOMPS\=YES
    export CLONE_HEADERS\=NO
    export CODESIGNING_FOLDER_PATH\=/Users/richard/code/BicTerm/.build-artifacts/DerivedData/g12-app/Build/Products/Debug-iphonesimulator/SwiftTerm.o
    export CODE_SIGNING_ALLOWED\=NO
    export CODE_SIGNING_REQUIRED\=NO
    export CODE_SIGN_CONTEXT_CLASS\=XCiPhoneSimulatorCodeSignContext
    export CODE_SIGN_INJECT_BASE_ENTITLEMENTS\=YES
    export COLOR_DIAGNOSTICS\=NO
    export COMBINE_HIDPI_IMAGES\=NO
    export COMPILATION_CACHE_CAS_PATH\=/Users/richard/code/BicTerm/.build-artifacts/DerivedData/g12-app/CompilationCache.noindex
    export COMPILATION_CACHE_KEEP_CAS_DIRECTORY\=YES
    export COMPILER_INDEX_STORE_ENABLE\=Default
    export COMPILER_WORKING_DIRECTORY\=/Users/richard/code/BicTerm/BicTerm.xcodeproj
    export COMPOSITE_SDK_DIRS\=/Users/richard/code/BicTerm/.build-artifacts/DerivedData/g12-app/Build/Intermediates.noindex/CompositeSDKs
    export COMPRESS_PNG_FILES\=YES
    export CONFIGURATION\=Debug
    export CONFIGURATION_BUILD_DIR\=/Users/richard/code/BicTerm/.build-artifacts/DerivedData/g12-app/Build/Products/Debug-iphonesimulator
    export CONFIGURATION_TEMP_DIR\=/Users/richard/code/BicTerm/.build-artifacts/DerivedData/g12-app/Build/Intermediates.noindex/SwiftTerm.build/Debug-iphonesimulator
    export COPYING_PRESERVES_HFS_DATA\=NO
    export COPY_HEADERS_RUN_UNIFDEF\=NO
    export COPY_PHASE_STRIP\=NO
    export COREML_CODEGEN_LANGUAGE\=Swift
    export COREML_COMPILER_CONTAINER\=swift-package
    export CORRESPONDING_DEVICE_PLATFORM_DIR\=/Applications/Xcode.app/Contents/Developer/Platforms/iPhoneOS.platform
    export CORRESPONDING_DEVICE_PLATFORM_NAME\=iphoneos
    export CORRESPONDING_DEVICE_SDK_DIR\=/Applications/Xcode.app/Contents/Developer/Platforms/iPhoneOS.platform/Developer/SDKs/iPhoneOS26.5.sdk
    export CORRESPONDING_DEVICE_SDK_NAME\=iphoneos26.5
    export CP\=/bin/cp
    export CREATE_INFOPLIST_SECTION_IN_BINARY\=NO
    export CURRENT_ARCH\=undefined_arch
    export CURRENT_VARIANT\=normal
    export DEAD_CODE_STRIPPING\=NO
    export DEBUGGING_SYMBOLS\=YES
    export DEBUG_INFORMATION_FORMAT\=dwarf
    export DEBUG_INFORMATION_VERSION\=compiler-default
    export DEFAULT_COMPILER\=com.apple.compilers.llvm.clang.1_0
    export DEFAULT_DEXT_INSTALL_PATH\=/System/Library/DriverExtensions
    export DEFAULT_KEXT_INSTALL_PATH\=/System/Library/Extensions
    export DEFINES_MODULE\=YES
    export DEPLOYMENT_LOCATION\=NO
    export DEPLOYMENT_POSTPROCESSING\=NO
    export DEPLOYMENT_TARGET_SETTING_NAME\=IPHONEOS_DEPLOYMENT_TARGET
    export DEPLOYMENT_TARGET_SUGGESTED_VALUES\=12.0\ 12.1\ 12.2\ 12.3\ 12.4\ 13.0\ 13.1\ 13.2\ 13.3\ 13.4\ 13.5\ 13.6\ 14.0\ 14.1\ 14.2\ 14.3\ 14.4\ 14.5\ 14.6\ 14.7\ 15.0\ 15.1\ 15.2\ 15.3\ 15.4\ 15.5\ 15.6\ 16.0\ 16.1\ 16.2\ 16.3\ 16.4\ 16.5\ 16.6\ 17.0\ 17.1\ 17.2\ 17.3\ 17.4\ 17.5\ 17.6\ 18.0\ 18.1\ 18.2\ 18.3\ 18.4\ 18.5\ 18.6\ 26.0\ 26.2\ 26.3\ 26.4\ 26.5
    export DERIVED_FILES_DIR\=/Users/richard/code/BicTerm/.build-artifacts/DerivedData/g12-app/Build/Intermediates.noindex/SwiftTerm.build/Debug-iphonesimulator/SwiftTerm.build/DerivedSources
    export DERIVED_FILE_DIR\=/Users/richard/code/BicTerm/.build-artifacts/DerivedData/g12-app/Build/Intermediates.noindex/SwiftTerm.build/Debug-iphonesimulator/SwiftTerm.build/DerivedSources
    export DERIVED_SOURCES_DIR\=/Users/richard/code/BicTerm/.build-artifacts/DerivedData/g12-app/Build/Intermediates.noindex/SwiftTerm.build/Debug-iphonesimulator/SwiftTerm.build/DerivedSources
    export DEVELOPER_APPLICATIONS_DIR\=/Applications/Xcode.app/Contents/Developer/Applications
    export DEVELOPER_BIN_DIR\=/Applications/Xcode.app/Contents/Developer/usr/bin
    export DEVELOPER_DIR\=/Applications/Xcode.app/Contents/Developer
    export DEVELOPER_FRAMEWORKS_DIR\=/Applications/Xcode.app/Contents/Developer/Library/Frameworks
    export DEVELOPER_FRAMEWORKS_DIR_QUOTED\=/Applications/Xcode.app/Contents/Developer/Library/Frameworks
    export DEVELOPER_LIBRARY_DIR\=/Applications/Xcode.app/Contents/Developer/Library
    export DEVELOPER_SDK_DIR\=/Applications/Xcode.app/Contents/Developer/Platforms/MacOSX.platform/Developer/SDKs
    export DEVELOPER_TOOLS_DIR\=/Applications/Xcode.app/Contents/Developer/Tools
    export DEVELOPER_USR_DIR\=/Applications/Xcode.app/Contents/Developer/usr
    export DEVELOPMENT_LANGUAGE\=en
    export DIAGNOSE_MISSING_TARGET_DEPENDENCIES\=YES
    export DIFF\=/usr/bin/diff
    export DONT_GENERATE_INFOPLIST_FILE\=NO
    export DSTROOT\=/tmp/SwiftTerm.dst
    export DT_TOOLCHAIN_DIR\=/Applications/Xcode.app/Contents/Developer/Toolchains/XcodeDefault.xctoolchain
    export DUMP_DEPENDENCIES\=NO
    export DUMP_DEPENDENCIES_OUTPUT_PATH\=/Users/richard/code/BicTerm/.build-artifacts/DerivedData/g12-app/Build/Intermediates.noindex/SwiftTerm.build/Debug-iphonesimulator/SwiftTerm.build/SwiftTerm-BuildDependencyInfo.json
    export DWARF_DSYM_FILE_NAME\=SwiftTerm.o.dSYM
    export DWARF_DSYM_FILE_SHOULD_ACCOMPANY_PRODUCT\=NO
    export DWARF_DSYM_FOLDER_PATH\=/Users/richard/code/BicTerm/.build-artifacts/DerivedData/g12-app/Build/Products/Debug-iphonesimulator
    export DYLIB_INSTALL_NAME_BASE\=@rpath
    export DYNAMIC_LIBRARY_EXTENSION\=dylib
    export EAGER_COMPILATION_ALLOW_SCRIPTS\=NO
    export EAGER_LINKING\=NO
    export EFFECTIVE_PLATFORM_NAME\=-iphonesimulator
    export EFFECTIVE_SWIFT_VERSION\=5
    export EMBEDDED_CONTENT_CONTAINS_SWIFT\=NO
    export EMBED_ASSET_PACKS_IN_PRODUCT_BUNDLE\=NO
    export ENABLE_APP_SANDBOX\=NO
    export ENABLE_CODE_COVERAGE\=YES
    export ENABLE_COHORT_ARCHS\=NO
    export ENABLE_CPLUSPLUS_BOUNDS_SAFE_BUFFERS\=NO
    export ENABLE_C_BOUNDS_SAFETY\=NO
    export ENABLE_DEFAULT_HEADER_SEARCH_PATHS\=YES
    export ENABLE_DEFAULT_SEARCH_PATHS\=YES
    export ENABLE_ENHANCED_SECURITY\=NO
    export ENABLE_HARDENED_RUNTIME\=NO
    export ENABLE_HEADER_DEPENDENCIES\=YES
    export ENABLE_INCOMING_NETWORK_CONNECTIONS\=NO
    export ENABLE_NS_ASSERTIONS\=YES
    export ENABLE_ON_DEMAND_RESOURCES\=NO
    export ENABLE_OUTGOING_NETWORK_CONNECTIONS\=NO
    export ENABLE_POINTER_AUTHENTICATION\=NO
    export ENABLE_PREVIEWS\=NO
    export ENABLE_RESOURCE_ACCESS_AUDIO_INPUT\=NO
    export ENABLE_RESOURCE_ACCESS_BLUETOOTH\=NO
    export ENABLE_RESOURCE_ACCESS_CALENDARS\=NO
    export ENABLE_RESOURCE_ACCESS_CAMERA\=NO
    export ENABLE_RESOURCE_ACCESS_CONTACTS\=NO
    export ENABLE_RESOURCE_ACCESS_LOCATION\=NO
    export ENABLE_RESOURCE_ACCESS_PHOTO_LIBRARY\=NO
    export ENABLE_RESOURCE_ACCESS_PRINTING\=NO
    export ENABLE_RESOURCE_ACCESS_USB\=NO
    export ENABLE_SDK_IMPORTS\=NO
    export ENABLE_SECURITY_COMPILER_WARNINGS\=NO
    export ENABLE_TESTABILITY\=YES
    export ENABLE_TESTING_SEARCH_PATHS\=YES
    export ENABLE_USER_SCRIPT_SANDBOXING\=NO
    export ENABLE_XOJIT_PREVIEWS\=YES
    export ENFORCE_VALID_ARCHS\=YES
    export ENTITLEMENTS_DESTINATION\=__entitlements
    export ENTITLEMENTS_REQUIRED\=NO
    export EXCLUDED_INSTALLSRC_SUBDIRECTORY_PATTERNS\=.DS_Store\ .svn\ .git\ .hg\ CVS
    export EXCLUDED_RECURSIVE_SEARCH_PATH_SUBDIRECTORIES\=\*.nib\ \*.lproj\ \*.framework\ \*.gch\ \*.xcode\*\ \*.xcassets\ \*.icon\ \(\*\)\ .DS_Store\ CVS\ .svn\ .git\ .hg\ \*.pbproj\ \*.pbxproj
    export EXECUTABLE_EXTENSION\=o
    export EXECUTABLE_NAME\=SwiftTerm.o
    export EXECUTABLE_PATH\=SwiftTerm.o
    export EXECUTABLE_SUFFIX\=.o
    export FILE_LIST\=/Users/richard/code/BicTerm/.build-artifacts/DerivedData/g12-app/Build/Intermediates.noindex/SwiftTerm.build/Debug-iphonesimulator/SwiftTerm.build/Objects/LinkFileList
    export FIXED_FILES_DIR\=/Users/richard/code/BicTerm/.build-artifacts/DerivedData/g12-app/Build/Intermediates.noindex/SwiftTerm.build/Debug-iphonesimulator/SwiftTerm.build/FixedFiles
    export FRAMEWORK_FLAG_PREFIX\=-framework
    export FRAMEWORK_SEARCH_PATHS\=/Users/richard/code/BicTerm/.build-artifacts/DerivedData/g12-app/Build/Products/Debug-iphonesimulator\ 
    export FRAMEWORK_VERSION\=A
    export FULL_PRODUCT_NAME\=SwiftTerm.o
    export FUSE_BUILD_PHASES\=YES
    export FUSE_BUILD_SCRIPT_PHASES\=NO
    export GCC3_VERSION\=3.3
    export GCC_INLINES_ARE_PRIVATE_EXTERN\=YES
    export GCC_OBJC_LEGACY_DISPATCH\=YES
    export GCC_OPTIMIZATION_LEVEL\=0
    export GCC_PFE_FILE_C_DIALECTS\=c\ objective-c\ c++\ objective-c++
    export GCC_PREPROCESSOR_DEFINITIONS\=\ SWIFT_PACKAGE\ DEBUG\=1
    export GCC_TREAT_WARNINGS_AS_ERRORS\=NO
    export GCC_VERSION\=com.apple.compilers.llvm.clang.1_0
    export GCC_VERSION_IDENTIFIER\=com_apple_compilers_llvm_clang_1_0
    export GCC_WARN_64_TO_32_BIT_CONVERSION\=NO
    export GENERATED_MODULEMAP_DIR\=/Users/richard/code/BicTerm/.build-artifacts/DerivedData/g12-app/Build/Intermediates.noindex/GeneratedModuleMaps-iphonesimulator
    export GENERATE_INFOPLIST_FILE\=NO
    export GENERATE_INTERMEDIATE_TEXT_BASED_STUBS\=YES
    export GENERATE_MASTER_OBJECT_FILE\=NO
    export GENERATE_PKGINFO_FILE\=NO
    export GENERATE_PRELINK_OBJECT_FILE\=NO
    export GENERATE_PROFILING_CODE\=NO
    export GENERATE_RESOURCE_ACCESSORS\=YES
    export GENERATE_TEXT_BASED_STUBS\=NO
    export GID\=20
    export GROUP\=staff
    export HEADERMAP_INCLUDES_FLAT_ENTRIES_FOR_TARGET_BEING_BUILT\=YES
    export HEADERMAP_INCLUDES_FRAMEWORK_ENTRIES_FOR_ALL_PRODUCT_TYPES\=YES
    export HEADERMAP_INCLUDES_FRAMEWORK_ENTRIES_FOR_TARGETS_NOT_BEING_BUILT\=YES
    export HEADERMAP_INCLUDES_NONPUBLIC_NONPRIVATE_HEADERS\=YES
    export HEADERMAP_INCLUDES_PROJECT_HEADERS\=YES
    export HEADERMAP_USES_FRAMEWORK_PREFIX_ENTRIES\=YES
    export HEADERMAP_USES_VFS\=YES
    export HEADER_SEARCH_PATHS\=/Users/richard/code/BicTerm/.build-artifacts/DerivedData/g12-app/Build/Products/Debug-iphonesimulator/include\ 
    export HOME\=/Users/richard
    export HOST_ARCH\=arm64
    export HOST_PLATFORM\=macosx
    export ICONV\=/usr/bin/iconv
    export IMPLICIT_DEPENDENCY_DOMAIN\=default
    export INDEX_STORE_COMPRESS\=NO
    export INDEX_STORE_ONLY_PROJECT_FILES\=NO
    export INFOPLIST_ENABLE_CFBUNDLEICONS_MERGE\=YES
    export INFOPLIST_EXPAND_BUILD_SETTINGS\=YES
    export INFOPLIST_OUTPUT_FORMAT\=binary
    export INFOPLIST_PREPROCESS\=NO
    export INLINE_PRIVATE_FRAMEWORKS\=NO
    export INSTALLAPI_IGNORE_SKIP_INSTALL\=YES
    export INSTALLHDRS_COPY_PHASE\=NO
    export INSTALLHDRS_SCRIPT_PHASE\=NO
    export INSTALL_DIR\=/tmp/SwiftTerm.dst/Users/richard/Objects
    export INSTALL_GROUP\=staff
    export INSTALL_MODE_FLAG\=u+w,go-w,a+rX
    export INSTALL_OWNER\=richard
    export INSTALL_PATH\=/Users/richard/Objects
    export INSTALL_ROOT\=/tmp/SwiftTerm.dst
    export IPHONEOS_DEPLOYMENT_TARGET\=14.0
    export IS_UNOPTIMIZED_BUILD\=YES
    export JAVAC_DEFAULT_FLAGS\=-J-Xms64m\ -J-XX:NewSize\=4M\ -J-Dfile.encoding\=UTF8
    export JAVA_APP_STUB\=/System/Library/Frameworks/JavaVM.framework/Resources/MacOS/JavaApplicationStub
    export JAVA_ARCHIVE_CLASSES\=YES
    export JAVA_ARCHIVE_TYPE\=JAR
    export JAVA_COMPILER\=/usr/bin/javac
    export JAVA_FRAMEWORK_RESOURCES_DIRS\=Resources
    export JAVA_JAR_FLAGS\=cv
    export JAVA_SOURCE_SUBDIR\=.
    export JAVA_USE_DEPENDENCIES\=YES
    export JAVA_ZIP_FLAGS\=-urg
    export JIKES_DEFAULT_FLAGS\=+E\ +OLDCSO
    export KEEP_PRIVATE_EXTERNS\=NO
    export LD_DEPENDENCY_INFO_FILE\=/Users/richard/code/BicTerm/.build-artifacts/DerivedData/g12-app/Build/Intermediates.noindex/SwiftTerm.build/Debug-iphonesimulator/SwiftTerm.build/Objects-normal/undefined_arch/SwiftTerm_dependency_info.dat
    export LD_EXPORT_SYMBOLS\=YES
    export LD_GENERATE_MAP_FILE\=NO
    export LD_MAP_FILE_PATH\=/Users/richard/code/BicTerm/.build-artifacts/DerivedData/g12-app/Build/Intermediates.noindex/SwiftTerm.build/Debug-iphonesimulator/SwiftTerm.build/SwiftTerm-LinkMap-normal-undefined_arch.txt
    export LD_NO_PIE\=NO
    export LD_QUOTE_LINKER_ARGUMENTS_FOR_COMPILER_DRIVER\=YES
    export LD_SHARED_CACHE_ELIGIBLE\=Automatic
    export LD_WARN_DUPLICATE_LIBRARIES\=NO
    export LD_WARN_UNUSED_DYLIBS\=NO
    export LEGACY_DEVELOPER_DIR\=/Applications/Xcode.app/Contents/PlugIns/Xcode3Core.ideplugin/Contents/SharedSupport/Developer
    export LEX\=lex
    export LIBRARY_DEXT_INSTALL_PATH\=/Library/DriverExtensions
    export LIBRARY_FLAG_NOSPACE\=YES
    export LIBRARY_FLAG_PREFIX\=-l
    export LIBRARY_KEXT_INSTALL_PATH\=/Library/Extensions
    export LIBRARY_SEARCH_PATHS\=/Users/richard/code/BicTerm/.build-artifacts/DerivedData/g12-app/Build/Products/Debug-iphonesimulator\ \ \ /Applications/Xcode.app/Contents/Developer/Platforms/iPhoneSimulator.platform/Developer/usr/lib
    export LINKER_DISPLAYS_MANGLED_NAMES\=NO
    export LINK_FILE_LIST_normal_arm64\=/Users/richard/code/BicTerm/.build-artifacts/DerivedData/g12-app/Build/Intermediates.noindex/SwiftTerm.build/Debug-iphonesimulator/SwiftTerm.build/Objects-normal/arm64/SwiftTerm.LinkFileList
    export LINK_OBJC_RUNTIME\=YES
    export LINK_WITH_STANDARD_LIBRARIES\=NO
    export LLVM_TARGET_TRIPLE_OS_VERSION\=ios14.0
    export LLVM_TARGET_TRIPLE_SUFFIX\=-simulator
    export LLVM_TARGET_TRIPLE_VENDOR\=apple
    export LM_AUX_CONST_METADATA_LIST_PATH_normal_arm64\=/Users/richard/code/BicTerm/.build-artifacts/DerivedData/g12-app/Build/Intermediates.noindex/SwiftTerm.build/Debug-iphonesimulator/SwiftTerm.build/Objects-normal/arm64/SwiftTerm.SwiftConstValuesFileList
    export LOCALIZATION_EXPORT_SUPPORTED\=YES
    export LOCALIZATION_PREFERS_STRING_CATALOGS\=NO
    export LOCALIZED_STRING_CODE_COMMENTS\=NO
    export LOCALIZED_STRING_MACRO_NAMES\=NSLocalizedString\ CFCopyLocalizedString
    export LOCALIZED_STRING_SWIFTUI_SUPPORT\=YES
    export LOCAL_ADMIN_APPS_DIR\=/Applications/Utilities
    export LOCAL_APPS_DIR\=/Applications
    export LOCAL_DEVELOPER_DIR\=/Library/Developer
    export LOCAL_LIBRARY_DIR\=/Library
    export LOCROOT\=/Users/richard/code/BicTerm/Vendor/SwiftTerm
    export LOCSYMROOT\=/Users/richard/code/BicTerm/Vendor/SwiftTerm
    export MACH_O_TYPE\=mh_object
    export MAC_OS_X_PRODUCT_BUILD_VERSION\=25G83
    export MAC_OS_X_VERSION_ACTUAL\=260602
    export MAC_OS_X_VERSION_MAJOR\=260000
    export MAC_OS_X_VERSION_MINOR\=260600
    export MAKE_MERGEABLE\=NO
    export MERGEABLE_LIBRARY\=NO
    export MERGED_BINARY_TYPE\=none
    export MERGE_LINKED_LIBRARIES\=NO
    export METAL_LIBRARY_FILE_BASE\=default
    export METAL_LIBRARY_OUTPUT_DIR\=/Users/richard/code/BicTerm/.build-artifacts/DerivedData/g12-app/Build/Products/Debug-iphonesimulator/
    export MODULEMAP_FILE_CONTENTS\=module\ SwiftTerm\ \{'
'header\ \"SwiftTerm-Swift.h\"'
'export\ \*'
'\}
    export MODULEMAP_PATH\=/Users/richard/code/BicTerm/.build-artifacts/DerivedData/g12-app/Build/Intermediates.noindex/GeneratedModuleMaps-iphonesimulator/SwiftTerm.modulemap
    export MODULE_CACHE_DIR\=/Users/richard/code/BicTerm/.build-artifacts/DerivedData/g12-app/ModuleCache.noindex
    export NATIVE_ARCH\=arm64
    export NATIVE_ARCH_32_BIT\=arm
    export NATIVE_ARCH_64_BIT\=arm64
    export NATIVE_ARCH_ACTUAL\=arm64
    export NO_COMMON\=YES
    export OBJC_ABI_VERSION\=2
    export OBJECT_FILE_DIR\=/Users/richard/code/BicTerm/.build-artifacts/DerivedData/g12-app/Build/Intermediates.noindex/SwiftTerm.build/Debug-iphonesimulator/SwiftTerm.build/Objects
    export OBJECT_FILE_DIR_normal\=/Users/richard/code/BicTerm/.build-artifacts/DerivedData/g12-app/Build/Intermediates.noindex/SwiftTerm.build/Debug-iphonesimulator/SwiftTerm.build/Objects-normal
    export OBJROOT\=/Users/richard/code/BicTerm/.build-artifacts/DerivedData/g12-app/Build/Intermediates.noindex
    export ONLY_ACTIVE_ARCH\=YES
    export OS\=MACOS
    export OSAC\=/usr/bin/osacompile
    export OTHER_CFLAGS\=\ -DXcode
    export OTHER_CPLUSPLUSFLAGS\=\ -DXcode
    export OTHER_SWIFT_FLAGS\=\ -DXcode\ -plugin-path\ /Applications/Xcode.app/Contents/Developer/Toolchains/XcodeDefault.xctoolchain/usr/lib/swift/host/plugins/testing
    export PACKAGE_RESOURCE_BUNDLE_NAME\=SwiftTerm_SwiftTerm
    export PACKAGE_RESOURCE_TARGET_KIND\=regular
    export PACKAGE_TYPE\=com.apple.package-type.mach-o-objfile
    export PASCAL_STRINGS\=YES
    export PATH\=/Applications/Xcode.app/Contents/SharedFrameworks/SwiftBuild.framework/Versions/A/PlugIns/SWBBuildService.bundle/Contents/PlugIns/SWBUniversalPlatformPlugin.bundle/Contents/Frameworks/SWBUniversalPlatform.framework/Resources:/var/run/com.apple.security.cryptexd/mnt/com.apple.MobileAsset.MetalToolchain-v17.6.109.0.ozHyXD/Metal.xctoolchain/usr/bin:/var/run/com.apple.security.cryptexd/mnt/com.apple.MobileAsset.MetalToolchain-v17.6.109.0.ozHyXD/Metal.xctoolchain/usr/local/bin:/var/run/com.apple.security.cryptexd/mnt/com.apple.MobileAsset.MetalToolchain-v17.6.109.0.ozHyXD/Metal.xctoolchain/usr/libexec:/Applications/Xcode.app/Contents/Developer/Toolchains/XcodeDefault.xctoolchain/usr/bin:/Applications/Xcode.app/Contents/Developer/Toolchains/XcodeDefault.xctoolchain/usr/local/bin:/Applications/Xcode.app/Contents/Developer/Toolchains/XcodeDefault.xctoolchain/usr/libexec:/Applications/Xcode.app/Contents/Developer/Platforms/iPhoneSimulator.platform/usr/bin:/Applications/Xcode.app/Contents/Developer/Platforms/iPhoneSimulator.platform/usr/local/bin:/Applications/Xcode.app/Contents/Developer/Platforms/iPhoneSimulator.platform/Developer/usr/bin:/Applications/Xcode.app/Contents/Developer/Platforms/iPhoneSimulator.platform/Developer/usr/local/bin:/Applications/Xcode.app/Contents/Developer/usr/bin:/Applications/Xcode.app/Contents/Developer/usr/local/bin:/Users/richard/.opencode/bin:/Users/richard/.bun/bin:/Users/richard/.local/bin:/opt/homebrew/opt/ruby/bin:/Users/richard/.pyenv/shims:/Users/richard/.krew/bin:/opt/homebrew/bin:/Users/richard/.nvm/versions/node/v22.22.0/bin:/usr/local/bin:/opt/local/bin:/opt/local/sbin:/System/Cryptexes/App/usr/bin:/usr/bin:/bin:/usr/sbin:/sbin:/var/run/com.apple.security.cryptexd/codex.system/bootstrap/usr/local/bin:/var/run/com.apple.security.cryptexd/codex.system/bootstrap/usr/bin:/var/run/com.apple.security.cryptexd/codex.system/bootstrap/usr/appleinternal/bin:/pkg/env/global/bin:/Library/Apple/usr/bin:/usr/local/MacGPG2/bin:/usr/local/share/dotnet:/Library/Frameworks/Mono.framework/Versions/Current/Commands:/Users/richard/.cargo/bin:/Users/richard/go/bin:/opt/homebrew/opt/go/libexec/bin:/Users/richard/.lmstudio/bin
    export PATH_PREFIXES_EXCLUDED_FROM_HEADER_DEPENDENCIES\=/usr/include\ /usr/local/include\ /System/Library/Frameworks\ /System/Library/PrivateFrameworks\ /Applications/Xcode.app/Contents/Developer/Headers\ /Applications/Xcode.app/Contents/Developer/SDKs\ /Applications/Xcode.app/Contents/Developer/Platforms
    export PER_ARCH_MODULE_FILE_DIR\=/Users/richard/code/BicTerm/.build-artifacts/DerivedData/g12-app/Build/Intermediates.noindex/SwiftTerm.build/Debug-iphonesimulator/SwiftTerm.build/Objects-normal/undefined_arch
    export PER_ARCH_OBJECT_FILE_DIR\=/Users/richard/code/BicTerm/.build-artifacts/DerivedData/g12-app/Build/Intermediates.noindex/SwiftTerm.build/Debug-iphonesimulator/SwiftTerm.build/Objects-normal/undefined_arch
    export PER_VARIANT_OBJECT_FILE_DIR\=/Users/richard/code/BicTerm/.build-artifacts/DerivedData/g12-app/Build/Intermediates.noindex/SwiftTerm.build/Debug-iphonesimulator/SwiftTerm.build/Objects-normal
    export PKGINFO_FILE_PATH\=/Users/richard/code/BicTerm/.build-artifacts/DerivedData/g12-app/Build/Intermediates.noindex/SwiftTerm.build/Debug-iphonesimulator/SwiftTerm.build/PkgInfo
    export PLATFORM_DEVELOPER_APPLICATIONS_DIR\=/Applications/Xcode.app/Contents/Developer/Platforms/iPhoneSimulator.platform/Developer/Applications
    export PLATFORM_DEVELOPER_BIN_DIR\=/Applications/Xcode.app/Contents/Developer/Platforms/iPhoneSimulator.platform/Developer/usr/bin
    export PLATFORM_DEVELOPER_LIBRARY_DIR\=/Applications/Xcode.app/Contents/Developer/Platforms/iPhoneSimulator.platform/Developer/Library
    export PLATFORM_DEVELOPER_SDK_DIR\=/Applications/Xcode.app/Contents/Developer/Platforms/iPhoneSimulator.platform/Developer/SDKs
    export PLATFORM_DEVELOPER_TOOLS_DIR\=/Applications/Xcode.app/Contents/Developer/Platforms/iPhoneSimulator.platform/Developer/Tools
    export PLATFORM_DEVELOPER_USR_DIR\=/Applications/Xcode.app/Contents/Developer/Platforms/iPhoneSimulator.platform/Developer/usr
    export PLATFORM_DIR\=/Applications/Xcode.app/Contents/Developer/Platforms/iPhoneSimulator.platform
    export PLATFORM_DISPLAY_NAME\=iOS\ Simulator
    export PLATFORM_FAMILY_NAME\=iOS
    export PLATFORM_NAME\=iphonesimulator
    export PLATFORM_PREFERRED_ARCH\=x86_64
    export PLATFORM_PRODUCT_BUILD_VERSION\=23F81a
    export PLATFORM_REQUIRES_SWIFT_AUTOLINK_EXTRACT\=NO
    export PLATFORM_REQUIRES_SWIFT_MODULEWRAP\=NO
    export PLATFORM_USES_DSYMS\=YES
    export PLIST_FILE_OUTPUT_FORMAT\=binary
    export PRECOMPS_INCLUDE_HEADERS_FROM_BUILT_PRODUCTS_DIR\=YES
    export PRECOMP_DESTINATION_DIR\=/Users/richard/code/BicTerm/.build-artifacts/DerivedData/g12-app/Build/Intermediates.noindex/SwiftTerm.build/Debug-iphonesimulator/SwiftTerm.build/PrefixHeaders
    export PRIVATE_HEADERS_FOLDER_PATH\=/usr/local/include
    export PROCESSED_INFOPLIST_PATH\=/Users/richard/code/BicTerm/.build-artifacts/DerivedData/g12-app/Build/Intermediates.noindex/SwiftTerm.build/Debug-iphonesimulator/SwiftTerm.build/Objects-normal/undefined_arch/Processed-Info.plist
    export PRODUCT_BUNDLE_IDENTIFIER\=swiftterm.SwiftTerm
    export PRODUCT_MODULE_NAME\=SwiftTerm
    export PRODUCT_NAME\=SwiftTerm
    export PRODUCT_SETTINGS_PATH\=
    export PRODUCT_TYPE\=com.apple.product-type.objfile
    export PROFILING_CODE\=NO
    export PROJECT\=SwiftTerm
    export PROJECT_DERIVED_FILE_DIR\=/Users/richard/code/BicTerm/.build-artifacts/DerivedData/g12-app/Build/Intermediates.noindex/SwiftTerm.build/DerivedSources
    export PROJECT_DIR\=/Users/richard/code/BicTerm/Vendor/SwiftTerm
    export PROJECT_FILE_PATH\=/Users/richard/code/BicTerm/Vendor/SwiftTerm/Package.swift
    export PROJECT_GUID\=PACKAGE:/Users/richard/code/BicTerm/Vendor/SwiftTerm
    export PROJECT_NAME\=SwiftTerm
    export PROJECT_TEMP_DIR\=/Users/richard/code/BicTerm/.build-artifacts/DerivedData/g12-app/Build/Intermediates.noindex/SwiftTerm.build
    export PROJECT_TEMP_ROOT\=/Users/richard/code/BicTerm/.build-artifacts/DerivedData/g12-app/Build/Intermediates.noindex
    export PUBLIC_HEADERS_FOLDER_PATH\=/usr/local/include
    export RECOMMENDED_IPHONEOS_DEPLOYMENT_TARGET\=15.0
    export RECURSIVE_SEARCH_PATHS_FOLLOW_SYMLINKS\=YES
    export REMOVE_CVS_FROM_RESOURCES\=YES
    export REMOVE_GIT_FROM_RESOURCES\=YES
    export REMOVE_HEADERS_FROM_EMBEDDED_BUNDLES\=YES
    export REMOVE_HG_FROM_RESOURCES\=YES
    export REMOVE_STATIC_EXECUTABLES_FROM_EMBEDDED_BUNDLES\=YES
    export REMOVE_SVN_FROM_RESOURCES\=YES
    export RESCHEDULE_INDEPENDENT_HEADERS_PHASES\=YES
    export REZ_COLLECTOR_DIR\=/Users/richard/code/BicTerm/.build-artifacts/DerivedData/g12-app/Build/Intermediates.noindex/SwiftTerm.build/Debug-iphonesimulator/SwiftTerm.build/ResourceManagerResources
    export REZ_EXECUTABLE\=YES
    export REZ_OBJECTS_DIR\=/Users/richard/code/BicTerm/.build-artifacts/DerivedData/g12-app/Build/Intermediates.noindex/SwiftTerm.build/Debug-iphonesimulator/SwiftTerm.build/ResourceManagerResources/Objects
    export REZ_SEARCH_PATHS\=/Users/richard/code/BicTerm/.build-artifacts/DerivedData/g12-app/Build/Products/Debug-iphonesimulator\ 
    export RPATH_ORIGIN\=@loader_path
    export RUNTIME_EXCEPTION_ALLOW_DYLD_ENVIRONMENT_VARIABLES\=NO
    export RUNTIME_EXCEPTION_ALLOW_JIT\=NO
    export RUNTIME_EXCEPTION_ALLOW_UNSIGNED_EXECUTABLE_MEMORY\=NO
    export RUNTIME_EXCEPTION_DEBUGGING_TOOL\=NO
    export RUNTIME_EXCEPTION_DISABLE_EXECUTABLE_PAGE_PROTECTION\=NO
    export RUNTIME_EXCEPTION_DISABLE_LIBRARY_VALIDATION\=NO
    export SCANNING_PCM_KEEP_CACHE_DIRECTORY\=YES
    export SCAN_ALL_SOURCE_FILES_FOR_INCLUDES\=NO
    export SDKROOT\=/Applications/Xcode.app/Contents/Developer/Platforms/iPhoneSimulator.platform/Developer/SDKs/iPhoneSimulator26.5.sdk
    export SDK_DIR\=/Applications/Xcode.app/Contents/Developer/Platforms/iPhoneSimulator.platform/Developer/SDKs/iPhoneSimulator26.5.sdk
    export SDK_DIR_iphonesimulator\=/Applications/Xcode.app/Contents/Developer/Platforms/iPhoneSimulator.platform/Developer/SDKs/iPhoneSimulator26.5.sdk
    export SDK_DIR_iphonesimulator26_5\=/Applications/Xcode.app/Contents/Developer/Platforms/iPhoneSimulator.platform/Developer/SDKs/iPhoneSimulator26.5.sdk
    export SDK_NAME\=iphonesimulator26.5
    export SDK_NAMES\=iphonesimulator26.5
    export SDK_PRODUCT_BUILD_VERSION\=23F81a
    export SDK_STAT_CACHE_DIR\=/Users/richard/code/BicTerm/.build-artifacts/DerivedData/g12-app
    export SDK_STAT_CACHE_ENABLE\=YES
    export SDK_STAT_CACHE_PATH\=/Users/richard/code/BicTerm/.build-artifacts/DerivedData/g12-app/SDKStatCaches.noindex/iphonesimulator26.5-23F81a-688ef53f1462e2c8f657fdc38a81448f6cfe768891a92b912361537c460fe42b.sdkstatcache
    export SDK_VERSION\=26.5
    export SDK_VERSION_ACTUAL\=260500
    export SDK_VERSION_MAJOR\=260000
    export SDK_VERSION_MINOR\=260500
    export SED\=/usr/bin/sed
    export SEPARATE_STRIP\=NO
    export SEPARATE_SYMBOL_EDIT\=NO
    export SET_DIR_MODE_OWNER_GROUP\=YES
    export SET_FILE_MODE_OWNER_GROUP\=NO
    export SHALLOW_BUNDLE\=NO
    export SHARED_DERIVED_FILE_DIR\=/Users/richard/code/BicTerm/.build-artifacts/DerivedData/g12-app/Build/Products/Debug-iphonesimulator/DerivedSources
    export SHARED_PRECOMPS_DIR\=/Users/richard/code/BicTerm/.build-artifacts/DerivedData/g12-app/Build/Intermediates.noindex/PrecompiledHeaders
    export SKIP_INSTALL\=YES
    export SKIP_MERGEABLE_LIBRARY_BUNDLE_HOOK\=NO
    export SOURCE_ROOT\=/Users/richard/code/BicTerm/Vendor/SwiftTerm
    export SRCROOT\=/Users/richard/code/BicTerm/Vendor/SwiftTerm
    export STRINGSDATA_DIR\=/Users/richard/code/BicTerm/.build-artifacts/DerivedData/g12-app/Build/Intermediates.noindex/SwiftTerm.build/Debug-iphonesimulator/SwiftTerm.build/Objects-normal/undefined_arch
    export STRINGSDATA_ROOT\=/Users/richard/code/BicTerm/.build-artifacts/DerivedData/g12-app/Build/Intermediates.noindex/SwiftTerm.build/Debug-iphonesimulator/SwiftTerm.build
    export STRINGS_FILE_INFOPLIST_RENAME\=YES
    export STRINGS_FILE_OUTPUT_ENCODING\=binary
    export STRING_CATALOG_GENERATE_SYMBOLS\=NO
    export STRIP_BITCODE_FROM_COPIED_FILES\=NO
    export STRIP_INSTALLED_PRODUCT\=NO
    export STRIP_STYLE\=debugging
    export STRIP_SWIFT_SYMBOLS\=YES
    export SUPPORTED_DEVICE_FAMILIES\=1,2
    export SUPPORTED_PLATFORMS\=android\ appletvos\ appletvsimulator\ driverkit\ freebsd\ iphoneos\ iphonesimulator\ linux\ macosx\ none\ openbsd\ qnx\ watchos\ watchsimulator\ webassembly\ xros\ xrsimulator
    export SUPPORTS_MACCATALYST\=NO
    export SUPPORTS_TEXT_BASED_API\=NO
    export SUPPRESS_WARNINGS\=NO
    export SWIFT_ACTIVE_COMPILATION_CONDITIONS\=\ SWIFT_PACKAGE\ DEBUG\ SWIFT_MODULE_RESOURCE_BUNDLE_AVAILABLE
    export SWIFT_EMIT_CONST_VALUE_PROTOCOLS\=AnyResolverProviding\ AppEntity\ AppEnum\ AppExtension\ AppIntent\ AppIntentsPackage\ AppShortcutProviding\ AppShortcutsProvider\ DynamicOptionsProvider\ EntityQuery\ ExtensionPointDefining\ IntentValueQuery\ Resolver\ TransientEntity\ _AssistantIntentsProvider\ _GenerativeFunctionExtractable\ _IntentValueRepresentable
    export SWIFT_EMIT_LOC_STRINGS\=NO
    export SWIFT_ENABLE_BARE_SLASH_REGEX\=NO
    export SWIFT_ENABLE_EXPLICIT_MODULES\=YES
    export SWIFT_INSTALL_OBJC_HEADER\=NO
    export SWIFT_OBJC_INTERFACE_HEADER_DIR\=/Users/richard/code/BicTerm/.build-artifacts/DerivedData/g12-app/Build/Intermediates.noindex/GeneratedModuleMaps-iphonesimulator
    export SWIFT_OBJC_INTERFACE_HEADER_NAME\=SwiftTerm-Swift.h
    export SWIFT_OPTIMIZATION_LEVEL\=-Onone
    export SWIFT_PACKAGE_NAME\=swiftterm
    export SWIFT_PLATFORM_TARGET_PREFIX\=ios
    export SWIFT_RESPONSE_FILE_PATH_normal_arm64\=/Users/richard/code/BicTerm/.build-artifacts/DerivedData/g12-app/Build/Intermediates.noindex/SwiftTerm.build/Debug-iphonesimulator/SwiftTerm.build/Objects-normal/arm64/SwiftTerm.SwiftFileList
    export SWIFT_VERSION\=5
    export SYMROOT\=/Users/richard/code/BicTerm/.build-artifacts/DerivedData/g12-app/Build/Products
    export SYSTEM_ADMIN_APPS_DIR\=/Applications/Utilities
    export SYSTEM_APPS_DIR\=/Applications
    export SYSTEM_CORE_SERVICES_DIR\=/System/Library/CoreServices
    export SYSTEM_DEMOS_DIR\=/Applications/Extras
    export SYSTEM_DEVELOPER_APPS_DIR\=/Applications/Xcode.app/Contents/Developer/Applications
    export SYSTEM_DEVELOPER_BIN_DIR\=/Applications/Xcode.app/Contents/Developer/usr/bin
    export SYSTEM_DEVELOPER_DEMOS_DIR\=/Applications/Xcode.app/Contents/Developer/Applications/Utilities/Built\ Examples
    export SYSTEM_DEVELOPER_DIR\=/Applications/Xcode.app/Contents/Developer
    export SYSTEM_DEVELOPER_DOC_DIR\=/Applications/Xcode.app/Contents/Developer/ADC\ Reference\ Library
    export SYSTEM_DEVELOPER_GRAPHICS_TOOLS_DIR\=/Applications/Xcode.app/Contents/Developer/Applications/Graphics\ Tools
    export SYSTEM_DEVELOPER_JAVA_TOOLS_DIR\=/Applications/Xcode.app/Contents/Developer/Applications/Java\ Tools
    export SYSTEM_DEVELOPER_PERFORMANCE_TOOLS_DIR\=/Applications/Xcode.app/Contents/Developer/Applications/Performance\ Tools
    export SYSTEM_DEVELOPER_RELEASENOTES_DIR\=/Applications/Xcode.app/Contents/Developer/ADC\ Reference\ Library/releasenotes
    export SYSTEM_DEVELOPER_TOOLS\=/Applications/Xcode.app/Contents/Developer/Tools
    export SYSTEM_DEVELOPER_TOOLS_DOC_DIR\=/Applications/Xcode.app/Contents/Developer/ADC\ Reference\ Library/documentation/DeveloperTools
    export SYSTEM_DEVELOPER_TOOLS_RELEASENOTES_DIR\=/Applications/Xcode.app/Contents/Developer/ADC\ Reference\ Library/releasenotes/DeveloperTools
    export SYSTEM_DEVELOPER_USR_DIR\=/Applications/Xcode.app/Contents/Developer/usr
    export SYSTEM_DEVELOPER_UTILITIES_DIR\=/Applications/Xcode.app/Contents/Developer/Applications/Utilities
    export SYSTEM_DEXT_INSTALL_PATH\=/System/Library/DriverExtensions
    export SYSTEM_DOCUMENTATION_DIR\=/Library/Documentation
    export SYSTEM_FRAMEWORK_SEARCH_PATHS\=\ \ /Applications/Xcode.app/Contents/Developer/Platforms/iPhoneSimulator.platform/Developer/Library/Frameworks\ /Applications/Xcode.app/Contents/Developer/Platforms/iPhoneSimulator.platform/Developer/SDKs/iPhoneSimulator26.5.sdk/Developer/Library/Frameworks
    export SYSTEM_KEXT_INSTALL_PATH\=/System/Library/Extensions
    export SYSTEM_LIBRARY_DIR\=/System/Library
    export TAPI_DEMANGLE\=YES
    export TAPI_DYLIB_INSTALL_NAME\=SwiftTerm
    export TAPI_ENABLE_PROJECT_HEADERS\=NO
    export TAPI_LANGUAGE\=objective-c
    export TAPI_LANGUAGE_STANDARD\=compiler-default
    export TAPI_USE_SRCROOT\=YES
    export TAPI_VERIFY_MODE\=Pedantic
    export TARGETED_DEVICE_FAMILY\=1,2,3,4,6,7
    export TARGETNAME\=SwiftTerm
    export TARGET_BUILD_DIR\=/Users/richard/code/BicTerm/.build-artifacts/DerivedData/g12-app/Build/Products/Debug-iphonesimulator
    export TARGET_DEVICE_IDENTIFIER\=732CE8E1-F9EF-4020-BF93-5BA1AA365B0E
    export TARGET_DEVICE_MODEL\=iPhone18,1
    export TARGET_DEVICE_OS_VERSION\=26.5
    export TARGET_DEVICE_PLATFORM_NAME\=iphonesimulator
    export TARGET_NAME\=SwiftTerm
    export TARGET_TEMP_DIR\=/Users/richard/code/BicTerm/.build-artifacts/DerivedData/g12-app/Build/Intermediates.noindex/SwiftTerm.build/Debug-iphonesimulator/SwiftTerm.build
    export TEMP_DIR\=/Users/richard/code/BicTerm/.build-artifacts/DerivedData/g12-app/Build/Intermediates.noindex/SwiftTerm.build/Debug-iphonesimulator/SwiftTerm.build
    export TEMP_FILES_DIR\=/Users/richard/code/BicTerm/.build-artifacts/DerivedData/g12-app/Build/Intermediates.noindex/SwiftTerm.build/Debug-iphonesimulator/SwiftTerm.build
    export TEMP_FILE_DIR\=/Users/richard/code/BicTerm/.build-artifacts/DerivedData/g12-app/Build/Intermediates.noindex/SwiftTerm.build/Debug-iphonesimulator/SwiftTerm.build
    export TEMP_ROOT\=/Users/richard/code/BicTerm/.build-artifacts/DerivedData/g12-app/Build/Intermediates.noindex
    export TEMP_SANDBOX_DIR\=/Users/richard/code/BicTerm/.build-artifacts/DerivedData/g12-app/Build/Intermediates.noindex/TemporaryTaskSandboxes
    export TEST_FRAMEWORK_SEARCH_PATHS\=\ /Applications/Xcode.app/Contents/Developer/Platforms/iPhoneSimulator.platform/Developer/Library/Frameworks\ /Applications/Xcode.app/Contents/Developer/Platforms/iPhoneSimulator.platform/Developer/SDKs/iPhoneSimulator26.5.sdk/Developer/Library/Frameworks
    export TEST_LIBRARY_SEARCH_PATHS\=\ /Applications/Xcode.app/Contents/Developer/Platforms/iPhoneSimulator.platform/Developer/usr/lib
    export TOOLCHAINS\=com.apple.dt.toolchain.Metal.32023.883\ com.apple.dt.toolchain.XcodeDefault
    export TOOLCHAIN_DIR\=/var/run/com.apple.security.cryptexd/mnt/com.apple.MobileAsset.MetalToolchain-v17.6.109.0.ozHyXD/Metal.xctoolchain
    export TOOLCHAIN_VERSION\=32023.883
    export TREAT_MISSING_BASELINES_AS_TEST_FAILURES\=NO
    export TREAT_MISSING_SCRIPT_PHASE_OUTPUTS_AS_ERRORS\=NO
    export UID\=501
    export UNINSTALLED_PRODUCTS_DIR\=/Users/richard/code/BicTerm/.build-artifacts/DerivedData/g12-app/Build/Intermediates.noindex/UninstalledProducts
    export UNSTRIPPED_PRODUCT\=NO
    export USER\=richard
    export USER_APPS_DIR\=/Users/richard/Applications
    export USER_LIBRARY_DIR\=/Users/richard/Library
    export USE_DYNAMIC_NO_PIC\=YES
    export USE_HEADERMAP\=NO
    export USE_HEADER_SYMLINKS\=NO
    export VALIDATE_DEVELOPMENT_ASSET_PATHS\=YES_ERROR
    export VALIDATE_PRODUCT\=NO
    export VALID_ARCHS\=arm64\ x86_64
    export VERBOSE_PBXCP\=NO
    export VERSION_INFO_BUILDER\=richard
    export VERSION_INFO_FILE\=SwiftTerm_vers.c
    export VERSION_INFO_STRING\=\"@\(\#\)PROGRAM:SwiftTerm\ \ PROJECT:SwiftTerm-\"
    export WORKSPACE_DIR\=/Users/richard/code/BicTerm/BicTerm.xcodeproj
    export WRAP_ASSET_PACKS_IN_SEPARATE_DIRECTORIES\=NO
    export XCODE_APP_SUPPORT_DIR\=/Applications/Xcode.app/Contents/Developer/Library/Xcode
    export XCODE_PRODUCT_BUILD_VERSION\=17F113
    export XCODE_VERSION_ACTUAL\=2660
    export XCODE_VERSION_MAJOR\=2600
    export XCODE_VERSION_MINOR\=2660
    export XPCSERVICES_FOLDER_PATH\=/XPCServices
    export YACC\=yacc
    export _DISCOVER_COMMAND_LINE_LINKER_INPUTS\=YES
    export _DISCOVER_COMMAND_LINE_LINKER_INPUTS_INCLUDE_WL\=YES
    export _LD_MULTIARCH\=YES
    export __DIAGNOSE_DEPRECATED_ARCHS\=YES
    export __ORIGINAL_SDK_DEFINED_LLVM_TARGET_TRIPLE_SYS\=ios
    export arch\=undefined_arch
    export variant\=normal
    /usr/bin/sandbox-exec -p \(version\ 1\)'
'\(deny\ default\)'
'\(import\ \"system.sb\"\)'
'\(allow\ file-read\*\)'
'\(allow\ process\*\)'
'\(allow\ mach-lookup\ \(global-name\ \"com.apple.lsd.mapdb\"\)\)'
'\(allow\ mach-lookup\ \(global-name\ \"com.apple.mobileassetd.v2\"\)\)'
'\(allow\ file-write\*'
'\ \ \ \ \(subpath\ \"/private/tmp\"\)'
'\ \ \ \ \(subpath\ \"/private/var/tmp\"\)'
'\ \ \ \ \(subpath\ \"/Users/richard/code/BicTerm/.scratch/tmp\"\)'
'\ \ \ \ \(subpath\ \"/private/var/folders/hy/m79bdqfj21g6ndt8hbtf0c6w0000gn/T\"\)'
'\ \ \ \ \(subpath\ \"/private/var/folders/hy/m79bdqfj21g6ndt8hbtf0c6w0000gn/C\"\)'
'\)'
'\(deny\ file-write\*'
'\ \ \ \ \(subpath\ \"/Users/richard/code/BicTerm/Vendor/SwiftTerm\"\)'
'\)'
'\(allow\ file-write\*'
'\ \ \ \ \(subpath\ \"/Users/richard/code/BicTerm/.build-artifacts/DerivedData/g12-app/Build/Intermediates.noindex/BuildToolPluginIntermediates/swiftterm.output/SwiftTerm/SwiftTermBuildInfoPlugin\"\)'
'\ \ \ \ \(subpath\ \"/Users/richard/code/.TemporaryItems/folders.501/TemporaryItems\"\)'
'\)'
' //Users/richard/code/BicTerm/.build-artifacts/DerivedData/g12-app/Build/Products/Debug/SwiftTermBuildInfoGenerator /Users/richard/code/BicTerm/Vendor/SwiftTerm /Users/richard/code/BicTerm/.build-artifacts/DerivedData/g12-app/Build/Intermediates.noindex/BuildToolPluginIntermediates/swiftterm.output/SwiftTerm/SwiftTermBuildInfoPlugin/Generated/SwiftTermBuildInfo.swift

SwiftDriver SwiftTerm normal arm64 com.apple.xcode.tools.swift.compiler (in target 'SwiftTerm' from project 'SwiftTerm')
    cd /Users/richard/code/BicTerm/BicTerm.xcodeproj
    builtin-SwiftDriver -- /Applications/Xcode.app/Contents/Developer/Toolchains/XcodeDefault.xctoolchain/usr/bin/swiftc -module-name SwiftTerm -Onone @/Users/richard/code/BicTerm/.build-artifacts/DerivedData/g12-app/Build/Intermediates.noindex/SwiftTerm.build/Debug-iphonesimulator/SwiftTerm.build/Objects-normal/arm64/SwiftTerm.SwiftFileList -DSWIFT_PACKAGE -DDEBUG -DSWIFT_MODULE_RESOURCE_BUNDLE_AVAILABLE -DXcode -plugin-path /Applications/Xcode.app/Contents/Developer/Toolchains/XcodeDefault.xctoolchain/usr/lib/swift/host/plugins/testing -enable-experimental-feature DebugDescriptionMacro -sdk /Applications/Xcode.app/Contents/Developer/Platforms/iPhoneSimulator.platform/Developer/SDKs/iPhoneSimulator26.5.sdk -target arm64-apple-ios14.0-simulator -g -module-cache-path /Users/richard/code/BicTerm/.build-artifacts/DerivedData/g12-app/ModuleCache.noindex -Xfrontend -serialize-debugging-options -enable-testing -index-store-path /Users/richard/code/BicTerm/.build-artifacts/DerivedData/g12-app/Index.noindex/DataStore -Xcc -D_LIBCPP_HARDENING_MODE\=_LIBCPP_HARDENING_MODE_DEBUG -swift-version 5 -I /Users/richard/code/BicTerm/.build-artifacts/DerivedData/g12-app/Build/Products/Debug-iphonesimulator -Isystem /Applications/Xcode.app/Contents/Developer/Platforms/iPhoneSimulator.platform/Developer/usr/lib -F /Users/richard/code/BicTerm/.build-artifacts/DerivedData/g12-app/Build/Products/Debug-iphonesimulator -F /Applications/Xcode.app/Contents/Developer/Platforms/iPhoneSimulator.platform/Developer/Library/Frameworks -F /Applications/Xcode.app/Contents/Developer/Platforms/iPhoneSimulator.platform/Developer/SDKs/iPhoneSimulator26.5.sdk/Developer/Library/Frameworks -c -j20 -enable-batch-mode -incremental -Xcc -ivfsstatcache -Xcc /Users/richard/code/BicTerm/.build-artifacts/DerivedData/g12-app/SDKStatCaches.noindex/iphonesimulator26.5-23F81a-688ef53f1462e2c8f657fdc38a81448f6cfe768891a92b912361537c460fe42b.sdkstatcache -output-file-map /Users/richard/code/BicTerm/.build-artifacts/DerivedData/g12-app/Build/Intermediates.noindex/SwiftTerm.build/Debug-iphonesimulator/SwiftTerm.build/Objects-normal/arm64/SwiftTerm-OutputFileMap.json -use-frontend-parseable-output -save-temps -no-color-diagnostics -explicit-module-build -module-cache-path /Users/richard/code/BicTerm/.build-artifacts/DerivedData/g12-app/Build/Intermediates.noindex/SwiftExplicitPrecompiledModules -clang-scanner-module-cache-path /Users/richard/code/BicTerm/.build-artifacts/DerivedData/g12-app/ModuleCache.noindex -sdk-module-cache-path /Users/richard/code/BicTerm/.build-artifacts/DerivedData/g12-app/ModuleCache.noindex -serialize-diagnostics -emit-dependencies -emit-module -emit-module-path /Users/richard/code/BicTerm/.build-artifacts/DerivedData/g12-app/Build/Intermediates.noindex/SwiftTerm.build/Debug-iphonesimulator/SwiftTerm.build/Objects-normal/arm64/SwiftTerm.swiftmodule -validate-clang-modules-once -clang-build-session-file /Users/richard/code/BicTerm/.build-artifacts/DerivedData/g12-app/ModuleCache.noindex/Session.modulevalidation -package-name swiftterm -Xcc -I/Users/richard/code/BicTerm/.build-artifacts/DerivedData/g12-app/Build/Intermediates.noindex/SwiftTerm.build/Debug-iphonesimulator/SwiftTerm.build/swift-overrides.hmap -emit-const-values -Xfrontend -const-gather-protocols-file -Xfrontend /Users/richard/code/BicTerm/.build-artifacts/DerivedData/g12-app/Build/Intermediates.noindex/SwiftTerm.build/Debug-iphonesimulator/SwiftTerm.build/Objects-normal/arm64/SwiftTerm_const_extract_protocols.json -Xcc -I/Users/richard/code/BicTerm/.build-artifacts/DerivedData/g12-app/Build/Products/Debug-iphonesimulator/include -Xcc -I/Users/richard/code/BicTerm/.build-artifacts/DerivedData/g12-app/Build/Intermediates.noindex/SwiftTerm.build/Debug-iphonesimulator/SwiftTerm.build/DerivedSources-normal/arm64 -Xcc -I/Users/richard/code/BicTerm/.build-artifacts/DerivedData/g12-app/Build/Intermediates.noindex/SwiftTerm.build/Debug-iphonesimulator/SwiftTerm.build/DerivedSources/arm64 -Xcc -I/Users/richard/code/BicTerm/.build-artifacts/DerivedData/g12-app/Build/Intermediates.noindex/SwiftTerm.build/Debug-iphonesimulator/SwiftTerm.build/DerivedSources -Xcc -DSWIFT_PACKAGE -Xcc -DDEBUG\=1 -emit-objc-header -emit-objc-header-path /Users/richard/code/BicTerm/.build-artifacts/DerivedData/g12-app/Build/Intermediates.noindex/SwiftTerm.build/Debug-iphonesimulator/SwiftTerm.build/Objects-normal/arm64/SwiftTerm-Swift.h -working-directory /Users/richard/code/BicTerm/BicTerm.xcodeproj -experimental-emit-module-separately -disable-cmo

SwiftCompile normal arm64 Compiling\ SwiftTermBuildInfo.swift /Users/richard/code/BicTerm/.build-artifacts/DerivedData/g12-app/Build/Intermediates.noindex/BuildToolPluginIntermediates/swiftterm.output/SwiftTerm/SwiftTermBuildInfoPlugin/Generated/SwiftTermBuildInfo.swift (in target 'SwiftTerm' from project 'SwiftTerm')

SwiftCompile normal arm64 /Users/richard/code/BicTerm/.build-artifacts/DerivedData/g12-app/Build/Intermediates.noindex/BuildToolPluginIntermediates/swiftterm.output/SwiftTerm/SwiftTermBuildInfoPlugin/Generated/SwiftTermBuildInfo.swift (in target 'SwiftTerm' from project 'SwiftTerm')
    cd /Users/richard/code/BicTerm/BicTerm.xcodeproj
    

SwiftEmitModule normal arm64 Emitting\ module\ for\ SwiftTerm (in target 'SwiftTerm' from project 'SwiftTerm')
EmitSwiftModule normal arm64 (in target 'SwiftTerm' from project 'SwiftTerm')
    cd /Users/richard/code/BicTerm/BicTerm.xcodeproj
    

SwiftDriverJobDiscovery normal arm64 Compiling SwiftTermBuildInfo.swift (in target 'SwiftTerm' from project 'SwiftTerm')

SwiftCompile normal arm64 Compiling\ Terminal.swift /Users/richard/code/BicTerm/Vendor/SwiftTerm/Sources/SwiftTerm/Terminal.swift (in target 'SwiftTerm' from project 'SwiftTerm')
SwiftCompile normal arm64 /Users/richard/code/BicTerm/Vendor/SwiftTerm/Sources/SwiftTerm/Terminal.swift (in target 'SwiftTerm' from project 'SwiftTerm')
    cd /Users/richard/code/BicTerm/BicTerm.xcodeproj
    

SwiftDriverJobDiscovery normal arm64 Emitting module for SwiftTerm (in target 'SwiftTerm' from project 'SwiftTerm')

SwiftDriver\ Compilation\ Requirements SwiftTerm normal arm64 com.apple.xcode.tools.swift.compiler (in target 'SwiftTerm' from project 'SwiftTerm')
    cd /Users/richard/code/BicTerm/BicTerm.xcodeproj
    builtin-Swift-Compilation-Requirements -- /Applications/Xcode.app/Contents/Developer/Toolchains/XcodeDefault.xctoolchain/usr/bin/swiftc -module-name SwiftTerm -Onone @/Users/richard/code/BicTerm/.build-artifacts/DerivedData/g12-app/Build/Intermediates.noindex/SwiftTerm.build/Debug-iphonesimulator/SwiftTerm.build/Objects-normal/arm64/SwiftTerm.SwiftFileList -DSWIFT_PACKAGE -DDEBUG -DSWIFT_MODULE_RESOURCE_BUNDLE_AVAILABLE -DXcode -plugin-path /Applications/Xcode.app/Contents/Developer/Toolchains/XcodeDefault.xctoolchain/usr/lib/swift/host/plugins/testing -enable-experimental-feature DebugDescriptionMacro -sdk /Applications/Xcode.app/Contents/Developer/Platforms/iPhoneSimulator.platform/Developer/SDKs/iPhoneSimulator26.5.sdk -target arm64-apple-ios14.0-simulator -g -module-cache-path /Users/richard/code/BicTerm/.build-artifacts/DerivedData/g12-app/ModuleCache.noindex -Xfrontend -serialize-debugging-options -enable-testing -index-store-path /Users/richard/code/BicTerm/.build-artifacts/DerivedData/g12-app/Index.noindex/DataStore -Xcc -D_LIBCPP_HARDENING_MODE\=_LIBCPP_HARDENING_MODE_DEBUG -swift-version 5 -I /Users/richard/code/BicTerm/.build-artifacts/DerivedData/g12-app/Build/Products/Debug-iphonesimulator -Isystem /Applications/Xcode.app/Contents/Developer/Platforms/iPhoneSimulator.platform/Developer/usr/lib -F /Users/richard/code/BicTerm/.build-artifacts/DerivedData/g12-app/Build/Products/Debug-iphonesimulator -F /Applications/Xcode.app/Contents/Developer/Platforms/iPhoneSimulator.platform/Developer/Library/Frameworks -F /Applications/Xcode.app/Contents/Developer/Platforms/iPhoneSimulator.platform/Developer/SDKs/iPhoneSimulator26.5.sdk/Developer/Library/Frameworks -c -j20 -enable-batch-mode -incremental -Xcc -ivfsstatcache -Xcc /Users/richard/code/BicTerm/.build-artifacts/DerivedData/g12-app/SDKStatCaches.noindex/iphonesimulator26.5-23F81a-688ef53f1462e2c8f657fdc38a81448f6cfe768891a92b912361537c460fe42b.sdkstatcache -output-file-map /Users/richard/code/BicTerm/.build-artifacts/DerivedData/g12-app/Build/Intermediates.noindex/SwiftTerm.build/Debug-iphonesimulator/SwiftTerm.build/Objects-normal/arm64/SwiftTerm-OutputFileMap.json -use-frontend-parseable-output -save-temps -no-color-diagnostics -explicit-module-build -module-cache-path /Users/richard/code/BicTerm/.build-artifacts/DerivedData/g12-app/Build/Intermediates.noindex/SwiftExplicitPrecompiledModules -clang-scanner-module-cache-path /Users/richard/code/BicTerm/.build-artifacts/DerivedData/g12-app/ModuleCache.noindex -sdk-module-cache-path /Users/richard/code/BicTerm/.build-artifacts/DerivedData/g12-app/ModuleCache.noindex -serialize-diagnostics -emit-dependencies -emit-module -emit-module-path /Users/richard/code/BicTerm/.build-artifacts/DerivedData/g12-app/Build/Intermediates.noindex/SwiftTerm.build/Debug-iphonesimulator/SwiftTerm.build/Objects-normal/arm64/SwiftTerm.swiftmodule -validate-clang-modules-once -clang-build-session-file /Users/richard/code/BicTerm/.build-artifacts/DerivedData/g12-app/ModuleCache.noindex/Session.modulevalidation -package-name swiftterm -Xcc -I/Users/richard/code/BicTerm/.build-artifacts/DerivedData/g12-app/Build/Intermediates.noindex/SwiftTerm.build/Debug-iphonesimulator/SwiftTerm.build/swift-overrides.hmap -emit-const-values -Xfrontend -const-gather-protocols-file -Xfrontend /Users/richard/code/BicTerm/.build-artifacts/DerivedData/g12-app/Build/Intermediates.noindex/SwiftTerm.build/Debug-iphonesimulator/SwiftTerm.build/Objects-normal/arm64/SwiftTerm_const_extract_protocols.json -Xcc -I/Users/richard/code/BicTerm/.build-artifacts/DerivedData/g12-app/Build/Products/Debug-iphonesimulator/include -Xcc -I/Users/richard/code/BicTerm/.build-artifacts/DerivedData/g12-app/Build/Intermediates.noindex/SwiftTerm.build/Debug-iphonesimulator/SwiftTerm.build/DerivedSources-normal/arm64 -Xcc -I/Users/richard/code/BicTerm/.build-artifacts/DerivedData/g12-app/Build/Intermediates.noindex/SwiftTerm.build/Debug-iphonesimulator/SwiftTerm.build/DerivedSources/arm64 -Xcc -I/Users/richard/code/BicTerm/.build-artifacts/DerivedData/g12-app/Build/Intermediates.noindex/SwiftTerm.build/Debug-iphonesimulator/SwiftTerm.build/DerivedSources -Xcc -DSWIFT_PACKAGE -Xcc -DDEBUG\=1 -emit-objc-header -emit-objc-header-path /Users/richard/code/BicTerm/.build-artifacts/DerivedData/g12-app/Build/Intermediates.noindex/SwiftTerm.build/Debug-iphonesimulator/SwiftTerm.build/Objects-normal/arm64/SwiftTerm-Swift.h -working-directory /Users/richard/code/BicTerm/BicTerm.xcodeproj -experimental-emit-module-separately -disable-cmo

Copy /Users/richard/code/BicTerm/.build-artifacts/DerivedData/g12-app/Build/Products/Debug-iphonesimulator/SwiftTerm.swiftmodule/Project/arm64-apple-ios-simulator.swiftsourceinfo /Users/richard/code/BicTerm/.build-artifacts/DerivedData/g12-app/Build/Intermediates.noindex/SwiftTerm.build/Debug-iphonesimulator/SwiftTerm.build/Objects-normal/arm64/SwiftTerm.swiftsourceinfo (in target 'SwiftTerm' from project 'SwiftTerm')
    cd /Users/richard/code/BicTerm/Vendor/SwiftTerm
    builtin-copy -exclude .DS_Store -exclude CVS -exclude .svn -exclude .git -exclude .hg -resolve-src-symlinks -rename /Users/richard/code/BicTerm/.build-artifacts/DerivedData/g12-app/Build/Intermediates.noindex/SwiftTerm.build/Debug-iphonesimulator/SwiftTerm.build/Objects-normal/arm64/SwiftTerm.swiftsourceinfo /Users/richard/code/BicTerm/.build-artifacts/DerivedData/g12-app/Build/Products/Debug-iphonesimulator/SwiftTerm.swiftmodule/Project/arm64-apple-ios-simulator.swiftsourceinfo

Copy /Users/richard/code/BicTerm/.build-artifacts/DerivedData/g12-app/Build/Products/Debug-iphonesimulator/SwiftTerm.swiftmodule/arm64-apple-ios-simulator.abi.json /Users/richard/code/BicTerm/.build-artifacts/DerivedData/g12-app/Build/Intermediates.noindex/SwiftTerm.build/Debug-iphonesimulator/SwiftTerm.build/Objects-normal/arm64/SwiftTerm.abi.json (in target 'SwiftTerm' from project 'SwiftTerm')
    cd /Users/richard/code/BicTerm/Vendor/SwiftTerm
    builtin-copy -exclude .DS_Store -exclude CVS -exclude .svn -exclude .git -exclude .hg -resolve-src-symlinks -rename /Users/richard/code/BicTerm/.build-artifacts/DerivedData/g12-app/Build/Intermediates.noindex/SwiftTerm.build/Debug-iphonesimulator/SwiftTerm.build/Objects-normal/arm64/SwiftTerm.abi.json /Users/richard/code/BicTerm/.build-artifacts/DerivedData/g12-app/Build/Products/Debug-iphonesimulator/SwiftTerm.swiftmodule/arm64-apple-ios-simulator.abi.json

Copy /Users/richard/code/BicTerm/.build-artifacts/DerivedData/g12-app/Build/Products/Debug-iphonesimulator/SwiftTerm.swiftmodule/arm64-apple-ios-simulator.swiftmodule /Users/richard/code/BicTerm/.build-artifacts/DerivedData/g12-app/Build/Intermediates.noindex/SwiftTerm.build/Debug-iphonesimulator/SwiftTerm.build/Objects-normal/arm64/SwiftTerm.swiftmodule (in target 'SwiftTerm' from project 'SwiftTerm')
    cd /Users/richard/code/BicTerm/Vendor/SwiftTerm
    builtin-copy -exclude .DS_Store -exclude CVS -exclude .svn -exclude .git -exclude .hg -resolve-src-symlinks -rename /Users/richard/code/BicTerm/.build-artifacts/DerivedData/g12-app/Build/Intermediates.noindex/SwiftTerm.build/Debug-iphonesimulator/SwiftTerm.build/Objects-normal/arm64/SwiftTerm.swiftmodule /Users/richard/code/BicTerm/.build-artifacts/DerivedData/g12-app/Build/Products/Debug-iphonesimulator/SwiftTerm.swiftmodule/arm64-apple-ios-simulator.swiftmodule

SwiftDriverJobDiscovery normal arm64 Compiling Terminal.swift (in target 'SwiftTerm' from project 'SwiftTerm')

SwiftDriver\ Compilation SwiftTerm normal arm64 com.apple.xcode.tools.swift.compiler (in target 'SwiftTerm' from project 'SwiftTerm')
    cd /Users/richard/code/BicTerm/BicTerm.xcodeproj
    builtin-Swift-Compilation -- /Applications/Xcode.app/Contents/Developer/Toolchains/XcodeDefault.xctoolchain/usr/bin/swiftc -module-name SwiftTerm -Onone @/Users/richard/code/BicTerm/.build-artifacts/DerivedData/g12-app/Build/Intermediates.noindex/SwiftTerm.build/Debug-iphonesimulator/SwiftTerm.build/Objects-normal/arm64/SwiftTerm.SwiftFileList -DSWIFT_PACKAGE -DDEBUG -DSWIFT_MODULE_RESOURCE_BUNDLE_AVAILABLE -DXcode -plugin-path /Applications/Xcode.app/Contents/Developer/Toolchains/XcodeDefault.xctoolchain/usr/lib/swift/host/plugins/testing -enable-experimental-feature DebugDescriptionMacro -sdk /Applications/Xcode.app/Contents/Developer/Platforms/iPhoneSimulator.platform/Developer/SDKs/iPhoneSimulator26.5.sdk -target arm64-apple-ios14.0-simulator -g -module-cache-path /Users/richard/code/BicTerm/.build-artifacts/DerivedData/g12-app/ModuleCache.noindex -Xfrontend -serialize-debugging-options -enable-testing -index-store-path /Users/richard/code/BicTerm/.build-artifacts/DerivedData/g12-app/Index.noindex/DataStore -Xcc -D_LIBCPP_HARDENING_MODE\=_LIBCPP_HARDENING_MODE_DEBUG -swift-version 5 -I /Users/richard/code/BicTerm/.build-artifacts/DerivedData/g12-app/Build/Products/Debug-iphonesimulator -Isystem /Applications/Xcode.app/Contents/Developer/Platforms/iPhoneSimulator.platform/Developer/usr/lib -F /Users/richard/code/BicTerm/.build-artifacts/DerivedData/g12-app/Build/Products/Debug-iphonesimulator -F /Applications/Xcode.app/Contents/Developer/Platforms/iPhoneSimulator.platform/Developer/Library/Frameworks -F /Applications/Xcode.app/Contents/Developer/Platforms/iPhoneSimulator.platform/Developer/SDKs/iPhoneSimulator26.5.sdk/Developer/Library/Frameworks -c -j20 -enable-batch-mode -incremental -Xcc -ivfsstatcache -Xcc /Users/richard/code/BicTerm/.build-artifacts/DerivedData/g12-app/SDKStatCaches.noindex/iphonesimulator26.5-23F81a-688ef53f1462e2c8f657fdc38a81448f6cfe768891a92b912361537c460fe42b.sdkstatcache -output-file-map /Users/richard/code/BicTerm/.build-artifacts/DerivedData/g12-app/Build/Intermediates.noindex/SwiftTerm.build/Debug-iphonesimulator/SwiftTerm.build/Objects-normal/arm64/SwiftTerm-OutputFileMap.json -use-frontend-parseable-output -save-temps -no-color-diagnostics -explicit-module-build -module-cache-path /Users/richard/code/BicTerm/.build-artifacts/DerivedData/g12-app/Build/Intermediates.noindex/SwiftExplicitPrecompiledModules -clang-scanner-module-cache-path /Users/richard/code/BicTerm/.build-artifacts/DerivedData/g12-app/ModuleCache.noindex -sdk-module-cache-path /Users/richard/code/BicTerm/.build-artifacts/DerivedData/g12-app/ModuleCache.noindex -serialize-diagnostics -emit-dependencies -emit-module -emit-module-path /Users/richard/code/BicTerm/.build-artifacts/DerivedData/g12-app/Build/Intermediates.noindex/SwiftTerm.build/Debug-iphonesimulator/SwiftTerm.build/Objects-normal/arm64/SwiftTerm.swiftmodule -validate-clang-modules-once -clang-build-session-file /Users/richard/code/BicTerm/.build-artifacts/DerivedData/g12-app/ModuleCache.noindex/Session.modulevalidation -package-name swiftterm -Xcc -I/Users/richard/code/BicTerm/.build-artifacts/DerivedData/g12-app/Build/Intermediates.noindex/SwiftTerm.build/Debug-iphonesimulator/SwiftTerm.build/swift-overrides.hmap -emit-const-values -Xfrontend -const-gather-protocols-file -Xfrontend /Users/richard/code/BicTerm/.build-artifacts/DerivedData/g12-app/Build/Intermediates.noindex/SwiftTerm.build/Debug-iphonesimulator/SwiftTerm.build/Objects-normal/arm64/SwiftTerm_const_extract_protocols.json -Xcc -I/Users/richard/code/BicTerm/.build-artifacts/DerivedData/g12-app/Build/Products/Debug-iphonesimulator/include -Xcc -I/Users/richard/code/BicTerm/.build-artifacts/DerivedData/g12-app/Build/Intermediates.noindex/SwiftTerm.build/Debug-iphonesimulator/SwiftTerm.build/DerivedSources-normal/arm64 -Xcc -I/Users/richard/code/BicTerm/.build-artifacts/DerivedData/g12-app/Build/Intermediates.noindex/SwiftTerm.build/Debug-iphonesimulator/SwiftTerm.build/DerivedSources/arm64 -Xcc -I/Users/richard/code/BicTerm/.build-artifacts/DerivedData/g12-app/Build/Intermediates.noindex/SwiftTerm.build/Debug-iphonesimulator/SwiftTerm.build/DerivedSources -Xcc -DSWIFT_PACKAGE -Xcc -DDEBUG\=1 -emit-objc-header -emit-objc-header-path /Users/richard/code/BicTerm/.build-artifacts/DerivedData/g12-app/Build/Intermediates.noindex/SwiftTerm.build/Debug-iphonesimulator/SwiftTerm.build/Objects-normal/arm64/SwiftTerm-Swift.h -working-directory /Users/richard/code/BicTerm/BicTerm.xcodeproj -experimental-emit-module-separately -disable-cmo

Ld /Users/richard/code/BicTerm/.build-artifacts/DerivedData/g12-app/Build/Products/Debug-iphonesimulator/SwiftTerm.o normal (in target 'SwiftTerm' from project 'SwiftTerm')
    cd /Users/richard/code/BicTerm/Vendor/SwiftTerm
    /Applications/Xcode.app/Contents/Developer/Toolchains/XcodeDefault.xctoolchain/usr/bin/clang -Xlinker -reproducible -target arm64-apple-ios14.0-simulator -r -isysroot /Applications/Xcode.app/Contents/Developer/Platforms/iPhoneSimulator.platform/Developer/SDKs/iPhoneSimulator26.5.sdk -O0 -F/Users/richard/code/BicTerm/.build-artifacts/DerivedData/g12-app/Build/Intermediates.noindex/EagerLinkingTBDs/Debug-iphonesimulator -F/Users/richard/code/BicTerm/.build-artifacts/DerivedData/g12-app/Build/Products/Debug-iphonesimulator -iframework /Applications/Xcode.app/Contents/Developer/Platforms/iPhoneSimulator.platform/Developer/Library/Frameworks -iframework /Applications/Xcode.app/Contents/Developer/Platforms/iPhoneSimulator.platform/Developer/SDKs/iPhoneSimulator26.5.sdk/Developer/Library/Frameworks -filelist /Users/richard/code/BicTerm/.build-artifacts/DerivedData/g12-app/Build/Intermediates.noindex/SwiftTerm.build/Debug-iphonesimulator/SwiftTerm.build/Objects-normal/arm64/SwiftTerm.LinkFileList -nostdlib -Xlinker -object_path_lto -Xlinker /Users/richard/code/BicTerm/.build-artifacts/DerivedData/g12-app/Build/Intermediates.noindex/SwiftTerm.build/Debug-iphonesimulator/SwiftTerm.build/Objects-normal/arm64/SwiftTerm_lto.o -Xlinker -no_deduplicate -Xlinker -objc_abi_version -Xlinker 2 -Xlinker -dependency_info -Xlinker /Users/richard/code/BicTerm/.build-artifacts/DerivedData/g12-app/Build/Intermediates.noindex/SwiftTerm.build/Debug-iphonesimulator/SwiftTerm.build/Objects-normal/arm64/SwiftTerm_dependency_info.dat -fobjc-link-runtime -L/Applications/Xcode.app/Contents/Developer/Toolchains/XcodeDefault.xctoolchain/usr/lib/swift/iphonesimulator -L/usr/lib/swift -Xlinker -add_ast_path -Xlinker /Users/richard/code/BicTerm/.build-artifacts/DerivedData/g12-app/Build/Intermediates.noindex/SwiftTerm.build/Debug-iphonesimulator/SwiftTerm.build/Objects-normal/arm64/SwiftTerm.swiftmodule @/Users/richard/code/BicTerm/.build-artifacts/DerivedData/g12-app/Build/Intermediates.noindex/SwiftTerm.build/Debug-iphonesimulator/SwiftTerm.build/Objects-normal/arm64/SwiftTerm-linker-args.resp -o /Users/richard/code/BicTerm/.build-artifacts/DerivedData/g12-app/Build/Products/Debug-iphonesimulator/SwiftTerm.o

ExtractAppIntentsMetadata (in target 'SwiftTerm' from project 'SwiftTerm')
    cd /Users/richard/code/BicTerm/Vendor/SwiftTerm
    /Applications/Xcode.app/Contents/Developer/Toolchains/XcodeDefault.xctoolchain/usr/bin/appintentsmetadataprocessor --toolchain-dir /var/run/com.apple.security.cryptexd/mnt/com.apple.MobileAsset.MetalToolchain-v17.6.109.0.ozHyXD/Metal.xctoolchain --module-name SwiftTerm --sdk-root /Applications/Xcode.app/Contents/Developer/Platforms/iPhoneSimulator.platform/Developer/SDKs/iPhoneSimulator26.5.sdk --xcode-version 17F113 --platform-family iOS --deployment-target 14.0 --bundle-identifier swiftterm.SwiftTerm --output /Users/richard/code/BicTerm/.build-artifacts/DerivedData/g12-app/Build/Products/Debug-iphonesimulator/SwiftTerm.appintents --target-triple arm64-apple-ios14.0-simulator --binary-file /Users/richard/code/BicTerm/.build-artifacts/DerivedData/g12-app/Build/Products/Debug-iphonesimulator/SwiftTerm.o --dependency-file /Users/richard/code/BicTerm/.build-artifacts/DerivedData/g12-app/Build/Intermediates.noindex/SwiftTerm.build/Debug-iphonesimulator/SwiftTerm.build/Objects-normal/arm64/SwiftTerm_dependency_info.dat --stringsdata-file /Users/richard/code/BicTerm/.build-artifacts/DerivedData/g12-app/Build/Intermediates.noindex/SwiftTerm.build/Debug-iphonesimulator/SwiftTerm.build/Objects-normal/arm64/ExtractedAppShortcutsMetadata.stringsdata --source-file-list /Users/richard/code/BicTerm/.build-artifacts/DerivedData/g12-app/Build/Intermediates.noindex/SwiftTerm.build/Debug-iphonesimulator/SwiftTerm.build/Objects-normal/arm64/SwiftTerm.SwiftFileList --metadata-file-list /Users/richard/code/BicTerm/.build-artifacts/DerivedData/g12-app/Build/Intermediates.noindex/SwiftTerm.build/Debug-iphonesimulator/SwiftTerm.build/SwiftTerm.DependencyMetadataFileList --static-metadata-file-list /Users/richard/code/BicTerm/.build-artifacts/DerivedData/g12-app/Build/Intermediates.noindex/SwiftTerm.build/Debug-iphonesimulator/SwiftTerm.build/SwiftTerm.DependencyStaticMetadataFileList --swift-const-vals-list /Users/richard/code/BicTerm/.build-artifacts/DerivedData/g12-app/Build/Intermediates.noindex/SwiftTerm.build/Debug-iphonesimulator/SwiftTerm.build/Objects-normal/arm64/SwiftTerm.SwiftConstValuesFileList --force --compile-time-extraction --deployment-aware-processing --validate-assistant-intents --no-app-shortcuts-localization
2026-09-09 17:14:41.806 appintentsmetadataprocessor[10451:32478431] Starting appintentsmetadataprocessor export
2026-09-09 17:14:41.815 appintentsmetadataprocessor[10451:32478431] Extracted no relevant App Intents symbols, skipping writing output

RegisterExecutionPolicyException /Users/richard/code/BicTerm/.build-artifacts/DerivedData/g12-app/Build/Products/Debug-iphonesimulator/SwiftTerm.o (in target 'SwiftTerm' from project 'SwiftTerm')
    cd /Users/richard/code/BicTerm/Vendor/SwiftTerm
    builtin-RegisterExecutionPolicyException /Users/richard/code/BicTerm/.build-artifacts/DerivedData/g12-app/Build/Products/Debug-iphonesimulator/SwiftTerm.o

SwiftDriver BicTerm normal arm64 com.apple.xcode.tools.swift.compiler (in target 'BicTerm' from project 'BicTerm')
    cd /Users/richard/code/BicTerm
    builtin-SwiftDriver -- /Applications/Xcode.app/Contents/Developer/Toolchains/XcodeDefault.xctoolchain/usr/bin/swiftc -module-name BicTerm -Onone @/Users/richard/code/BicTerm/.build-artifacts/DerivedData/g12-app/Build/Intermediates.noindex/BicTerm.build/Debug-iphonesimulator/BicTerm.build/Objects-normal/arm64/BicTerm.SwiftFileList -DDEBUG -DCODER_TUNNEL -Xcc -fmodule-map-file\=/Users/richard/code/BicTerm/.build-artifacts/DerivedData/g12-app/Build/Intermediates.noindex/GeneratedModuleMaps-iphonesimulator/CNIOPosix.modulemap -Xcc -fmodule-map-file\=/Users/richard/code/BicTerm/.build-artifacts/DerivedData/g12-app/Build/Intermediates.noindex/GeneratedModuleMaps-iphonesimulator/CNIOWASI.modulemap -Xcc -fmodule-map-file\=/Users/richard/code/BicTerm/.build-artifacts/DerivedData/g12-app/Build/Intermediates.noindex/GeneratedModuleMaps-iphonesimulator/CNIOFreeBSD.modulemap -Xcc -fmodule-map-file\=/Users/richard/code/BicTerm/.build-artifacts/DerivedData/g12-app/Build/Intermediates.noindex/GeneratedModuleMaps-iphonesimulator/CNIOAtomics.modulemap -Xcc -fmodule-map-file\=/Users/richard/code/BicTerm/.build-artifacts/DerivedData/g12-app/Build/Intermediates.noindex/GeneratedModuleMaps-iphonesimulator/CNIODarwin.modulemap -Xcc -fmodule-map-file\=/Users/richard/code/BicTerm/.build-artifacts/DerivedData/g12-app/Build/Intermediates.noindex/GeneratedModuleMaps-iphonesimulator/CNIOLinux.modulemap -Xcc -fmodule-map-file\=/Users/richard/code/BicTerm/.build-artifacts/DerivedData/g12-app/Build/Intermediates.noindex/GeneratedModuleMaps-iphonesimulator/CNIOOpenBSD.modulemap -Xcc -fmodule-map-file\=/Users/richard/code/BicTerm/.build-artifacts/DerivedData/g12-app/Build/Intermediates.noindex/GeneratedModuleMaps-iphonesimulator/CBcryptPBKDF.modulemap -enable-experimental-feature DebugDescriptionMacro -sdk /Applications/Xcode.app/Contents/Developer/Platforms/iPhoneSimulator.platform/Developer/SDKs/iPhoneSimulator26.5.sdk -target arm64-apple-ios18.0-simulator -g -module-cache-path /Users/richard/code/BicTerm/.build-artifacts/DerivedData/g12-app/ModuleCache.noindex -Xfrontend -serialize-debugging-options -enable-testing -index-store-path /Users/richard/code/BicTerm/.build-artifacts/DerivedData/g12-app/Index.noindex/DataStore -Xcc -D_LIBCPP_HARDENING_MODE\=_LIBCPP_HARDENING_MODE_DEBUG -swift-version 6 -I /Users/richard/code/BicTerm/.build-artifacts/DerivedData/g12-app/Build/Products/Debug-iphonesimulator -F /Users/richard/code/BicTerm/.build-artifacts/DerivedData/g12-app/Build/Products/Debug-iphonesimulator/PackageFrameworks -F /Users/richard/code/BicTerm/.build-artifacts/DerivedData/g12-app/Build/Products/Debug-iphonesimulator/PackageFrameworks -F /Users/richard/code/BicTerm/.build-artifacts/DerivedData/g12-app/Build/Products/Debug-iphonesimulator/PackageFrameworks -F /Users/richard/code/BicTerm/.build-artifacts/DerivedData/g12-app/Build/Products/Debug-iphonesimulator/PackageFrameworks -F /Users/richard/code/BicTerm/.build-artifacts/DerivedData/g12-app/Build/Products/Debug-iphonesimulator/PackageFrameworks -F /Users/richard/code/BicTerm/.build-artifacts/DerivedData/g12-app/Build/Products/Debug-iphonesimulator/PackageFrameworks -F /Users/richard/code/BicTerm/.build-artifacts/DerivedData/g12-app/Build/Products/Debug-iphonesimulator/PackageFrameworks -F /Users/richard/code/BicTerm/.build-artifacts/DerivedData/g12-app/Build/Products/Debug-iphonesimulator/PackageFrameworks -F /Users/richard/code/BicTerm/.build-artifacts/DerivedData/g12-app/Build/Products/Debug-iphonesimulator/PackageFrameworks -F /Users/richard/code/BicTerm/.build-artifacts/DerivedData/g12-app/Build/Products/Debug-iphonesimulator/PackageFrameworks -F /Users/richard/code/BicTerm/.build-artifacts/DerivedData/g12-app/Build/Products/Debug-iphonesimulator/PackageFrameworks -F /Users/richard/code/BicTerm/.build-artifacts/DerivedData/g12-app/Build/Products/Debug-iphonesimulator/PackageFrameworks -F /Users/richard/code/BicTerm/.build-artifacts/DerivedData/g12-app/Build/Products/Debug-iphonesimulator/PackageFrameworks -F /Users/richard/code/BicTerm/.build-artifacts/DerivedData/g12-app/Build/Products/Debug-iphonesimulator/PackageFrameworks -F /Users/richard/code/BicTerm/.build-artifacts/DerivedData/g12-app/Build/Products/Debug-iphonesimulator/PackageFrameworks -F /Users/richard/code/BicTerm/.build-artifacts/DerivedData/g12-app/Build/Products/Debug-iphonesimulator/PackageFrameworks -F /Users/richard/code/BicTerm/.build-artifacts/DerivedData/g12-app/Build/Products/Debug-iphonesimulator/PackageFrameworks -F /Users/richard/code/BicTerm/.build-artifacts/DerivedData/g12-app/Build/Products/Debug-iphonesimulator/PackageFrameworks -F /Users/richard/code/BicTerm/.build-artifacts/DerivedData/g12-app/Build/Products/Debug-iphonesimulator/PackageFrameworks -F /Users/richard/code/BicTerm/.build-artifacts/DerivedData/g12-app/Build/Products/Debug-iphonesimulator/PackageFrameworks -F /Users/richard/code/BicTerm/.build-artifacts/DerivedData/g12-app/Build/Products/Debug-iphonesimulator/PackageFrameworks -F /Users/richard/code/BicTerm/.build-artifacts/DerivedData/g12-app/Build/Products/Debug-iphonesimulator/PackageFrameworks -F /Users/richard/code/BicTerm/.build-artifacts/DerivedData/g12-app/Build/Products/Debug-iphonesimulator/PackageFrameworks -F /Users/richard/code/BicTerm/.build-artifacts/DerivedData/g12-app/Build/Products/Debug-iphonesimulator/PackageFrameworks -F /Users/richard/code/BicTerm/.build-artifacts/DerivedData/g12-app/Build/Products/Debug-iphonesimulator/PackageFrameworks -F /Users/richard/code/BicTerm/.build-artifacts/DerivedData/g12-app/Build/Products/Debug-iphonesimulator/PackageFrameworks -F /Users/richard/code/BicTerm/.build-artifacts/DerivedData/g12-app/Build/Products/Debug-iphonesimulator/PackageFrameworks -F /Users/richard/code/BicTerm/.build-artifacts/DerivedData/g12-app/Build/Products/Debug-iphonesimulator -F /Users/richard/code/BicTerm/.build-artifacts/DerivedData/g12-app/Build/Products/Debug-iphonesimulator -c -j20 -enable-batch-mode -incremental -Xcc -ivfsstatcache -Xcc /Users/richard/code/BicTerm/.build-artifacts/DerivedData/g12-app/SDKStatCaches.noindex/iphonesimulator26.5-23F81a-688ef53f1462e2c8f657fdc38a81448f6cfe768891a92b912361537c460fe42b.sdkstatcache -output-file-map /Users/richard/code/BicTerm/.build-artifacts/DerivedData/g12-app/Build/Intermediates.noindex/BicTerm.build/Debug-iphonesimulator/BicTerm.build/Objects-normal/arm64/BicTerm-OutputFileMap.json -use-frontend-parseable-output -save-temps -no-color-diagnostics -explicit-module-build -module-cache-path /Users/richard/code/BicTerm/.build-artifacts/DerivedData/g12-app/Build/Intermediates.noindex/SwiftExplicitPrecompiledModules -clang-scanner-module-cache-path /Users/richard/code/BicTerm/.build-artifacts/DerivedData/g12-app/ModuleCache.noindex -sdk-module-cache-path /Users/richard/code/BicTerm/.build-artifacts/DerivedData/g12-app/ModuleCache.noindex -serialize-diagnostics -emit-dependencies -emit-module -emit-module-path /Users/richard/code/BicTerm/.build-artifacts/DerivedData/g12-app/Build/Intermediates.noindex/BicTerm.build/Debug-iphonesimulator/BicTerm.build/Objects-normal/arm64/BicTerm.swiftmodule -validate-clang-modules-once -clang-build-session-file /Users/richard/code/BicTerm/.build-artifacts/DerivedData/g12-app/ModuleCache.noindex/Session.modulevalidation -Xcc -I/Users/richard/code/BicTerm/.build-artifacts/DerivedData/g12-app/Build/Intermediates.noindex/BicTerm.build/Debug-iphonesimulator/BicTerm.build/swift-overrides.hmap -emit-const-values -Xfrontend -const-gather-protocols-file -Xfrontend /Users/richard/code/BicTerm/.build-artifacts/DerivedData/g12-app/Build/Intermediates.noindex/BicTerm.build/Debug-iphonesimulator/BicTerm.build/Objects-normal/arm64/BicTerm_const_extract_protocols.json -Xcc -iquote -Xcc /Users/richard/code/BicTerm/.build-artifacts/DerivedData/g12-app/Build/Intermediates.noindex/BicTerm.build/Debug-iphonesimulator/BicTerm.build/BicTerm-generated-files.hmap -Xcc -I/Users/richard/code/BicTerm/.build-artifacts/DerivedData/g12-app/Build/Intermediates.noindex/BicTerm.build/Debug-iphonesimulator/BicTerm.build/BicTerm-own-target-headers.hmap -Xcc -I/Users/richard/code/BicTerm/.build-artifacts/DerivedData/g12-app/Build/Intermediates.noindex/BicTerm.build/Debug-iphonesimulator/BicTerm.build/BicTerm-all-non-framework-target-headers.hmap -Xcc -ivfsoverlay -Xcc /Users/richard/code/BicTerm/.build-artifacts/DerivedData/g12-app/Build/Intermediates.noindex/BicTerm.build/Debug-iphonesimulator/BicTerm-016255f037ae87c93052aa8a3749f82d-VFS-iphonesimulator/all-product-headers.yaml -Xcc -iquote -Xcc /Users/richard/code/BicTerm/.build-artifacts/DerivedData/g12-app/Build/Intermediates.noindex/BicTerm.build/Debug-iphonesimulator/BicTerm.build/BicTerm-project-headers.hmap -Xcc -I/Users/richard/code/BicTerm/.build-artifacts/DerivedData/g12-app/SourcePackages/checkouts/swift-atomics/Sources/_AtomicsShims/include -Xcc -I/Users/richard/code/BicTerm/.build-artifacts/DerivedData/g12-app/SourcePackages/checkouts/swift-nio/Sources/CNIOPosix/include -Xcc -I/Users/richard/code/BicTerm/.build-artifacts/DerivedData/g12-app/SourcePackages/checkouts/swift-nio/Sources/CNIOWASI/include -Xcc -I/Users/richard/code/BicTerm/.build-artifacts/DerivedData/g12-app/SourcePackages/checkouts/swift-nio/Sources/CNIOFreeBSD/include -Xcc -I/Users/richard/code/BicTerm/.build-artifacts/DerivedData/g12-app/SourcePackages/checkouts/swift-nio/Sources/CNIOAtomics/include -Xcc -I/Users/richard/code/BicTerm/.build-artifacts/DerivedData/g12-app/SourcePackages/checkouts/swift-nio/Sources/CNIOWindows/include -Xcc -I/Users/richard/code/BicTerm/.build-artifacts/DerivedData/g12-app/SourcePackages/checkouts/swift-nio/Sources/CNIODarwin/include -Xcc -I/Users/richard/code/BicTerm/.build-artifacts/DerivedData/g12-app/SourcePackages/checkouts/swift-nio/Sources/CNIOLinux/include -Xcc -I/Users/richard/code/BicTerm/.build-artifacts/DerivedData/g12-app/SourcePackages/checkouts/swift-nio/Sources/CNIOOpenBSD/include -Xcc -I/Users/richard/code/BicTerm/BicTermCore/Sources/CBcryptPBKDF/include -Xcc -I/Users/richard/code/BicTerm/.build-artifacts/DerivedData/g12-app/Build/Products/Debug-iphonesimulator/include -Xcc -I/Users/richard/code/BicTerm/.build-artifacts/DerivedData/g12-app/Build/Intermediates.noindex/BicTerm.build/Debug-iphonesimulator/BicTerm.build/DerivedSources-normal/arm64 -Xcc -I/Users/richard/code/BicTerm/.build-artifacts/DerivedData/g12-app/Build/Intermediates.noindex/BicTerm.build/Debug-iphonesimulator/BicTerm.build/DerivedSources/arm64 -Xcc -I/Users/richard/code/BicTerm/.build-artifacts/DerivedData/g12-app/Build/Intermediates.noindex/BicTerm.build/Debug-iphonesimulator/BicTerm.build/DerivedSources -Xcc -DDEBUG\=1 -emit-objc-header -emit-objc-header-path /Users/richard/code/BicTerm/.build-artifacts/DerivedData/g12-app/Build/Intermediates.noindex/BicTerm.build/Debug-iphonesimulator/BicTerm.build/Objects-normal/arm64/BicTerm-Swift.h -working-directory /Users/richard/code/BicTerm -experimental-emit-module-separately -disable-cmo

SwiftDriver\ Compilation BicTerm normal arm64 com.apple.xcode.tools.swift.compiler (in target 'BicTerm' from project 'BicTerm')
    cd /Users/richard/code/BicTerm
    builtin-Swift-Compilation -- /Applications/Xcode.app/Contents/Developer/Toolchains/XcodeDefault.xctoolchain/usr/bin/swiftc -module-name BicTerm -Onone @/Users/richard/code/BicTerm/.build-artifacts/DerivedData/g12-app/Build/Intermediates.noindex/BicTerm.build/Debug-iphonesimulator/BicTerm.build/Objects-normal/arm64/BicTerm.SwiftFileList -DDEBUG -DCODER_TUNNEL -Xcc -fmodule-map-file\=/Users/richard/code/BicTerm/.build-artifacts/DerivedData/g12-app/Build/Intermediates.noindex/GeneratedModuleMaps-iphonesimulator/CNIOPosix.modulemap -Xcc -fmodule-map-file\=/Users/richard/code/BicTerm/.build-artifacts/DerivedData/g12-app/Build/Intermediates.noindex/GeneratedModuleMaps-iphonesimulator/CNIOWASI.modulemap -Xcc -fmodule-map-file\=/Users/richard/code/BicTerm/.build-artifacts/DerivedData/g12-app/Build/Intermediates.noindex/GeneratedModuleMaps-iphonesimulator/CNIOFreeBSD.modulemap -Xcc -fmodule-map-file\=/Users/richard/code/BicTerm/.build-artifacts/DerivedData/g12-app/Build/Intermediates.noindex/GeneratedModuleMaps-iphonesimulator/CNIOAtomics.modulemap -Xcc -fmodule-map-file\=/Users/richard/code/BicTerm/.build-artifacts/DerivedData/g12-app/Build/Intermediates.noindex/GeneratedModuleMaps-iphonesimulator/CNIODarwin.modulemap -Xcc -fmodule-map-file\=/Users/richard/code/BicTerm/.build-artifacts/DerivedData/g12-app/Build/Intermediates.noindex/GeneratedModuleMaps-iphonesimulator/CNIOLinux.modulemap -Xcc -fmodule-map-file\=/Users/richard/code/BicTerm/.build-artifacts/DerivedData/g12-app/Build/Intermediates.noindex/GeneratedModuleMaps-iphonesimulator/CNIOOpenBSD.modulemap -Xcc -fmodule-map-file\=/Users/richard/code/BicTerm/.build-artifacts/DerivedData/g12-app/Build/Intermediates.noindex/GeneratedModuleMaps-iphonesimulator/CBcryptPBKDF.modulemap -enable-experimental-feature DebugDescriptionMacro -sdk /Applications/Xcode.app/Contents/Developer/Platforms/iPhoneSimulator.platform/Developer/SDKs/iPhoneSimulator26.5.sdk -target arm64-apple-ios18.0-simulator -g -module-cache-path /Users/richard/code/BicTerm/.build-artifacts/DerivedData/g12-app/ModuleCache.noindex -Xfrontend -serialize-debugging-options -enable-testing -index-store-path /Users/richard/code/BicTerm/.build-artifacts/DerivedData/g12-app/Index.noindex/DataStore -Xcc -D_LIBCPP_HARDENING_MODE\=_LIBCPP_HARDENING_MODE_DEBUG -swift-version 6 -I /Users/richard/code/BicTerm/.build-artifacts/DerivedData/g12-app/Build/Products/Debug-iphonesimulator -F /Users/richard/code/BicTerm/.build-artifacts/DerivedData/g12-app/Build/Products/Debug-iphonesimulator/PackageFrameworks -F /Users/richard/code/BicTerm/.build-artifacts/DerivedData/g12-app/Build/Products/Debug-iphonesimulator/PackageFrameworks -F /Users/richard/code/BicTerm/.build-artifacts/DerivedData/g12-app/Build/Products/Debug-iphonesimulator/PackageFrameworks -F /Users/richard/code/BicTerm/.build-artifacts/DerivedData/g12-app/Build/Products/Debug-iphonesimulator/PackageFrameworks -F /Users/richard/code/BicTerm/.build-artifacts/DerivedData/g12-app/Build/Products/Debug-iphonesimulator/PackageFrameworks -F /Users/richard/code/BicTerm/.build-artifacts/DerivedData/g12-app/Build/Products/Debug-iphonesimulator/PackageFrameworks -F /Users/richard/code/BicTerm/.build-artifacts/DerivedData/g12-app/Build/Products/Debug-iphonesimulator/PackageFrameworks -F /Users/richard/code/BicTerm/.build-artifacts/DerivedData/g12-app/Build/Products/Debug-iphonesimulator/PackageFrameworks -F /Users/richard/code/BicTerm/.build-artifacts/DerivedData/g12-app/Build/Products/Debug-iphonesimulator/PackageFrameworks -F /Users/richard/code/BicTerm/.build-artifacts/DerivedData/g12-app/Build/Products/Debug-iphonesimulator/PackageFrameworks -F /Users/richard/code/BicTerm/.build-artifacts/DerivedData/g12-app/Build/Products/Debug-iphonesimulator/PackageFrameworks -F /Users/richard/code/BicTerm/.build-artifacts/DerivedData/g12-app/Build/Products/Debug-iphonesimulator/PackageFrameworks -F /Users/richard/code/BicTerm/.build-artifacts/DerivedData/g12-app/Build/Products/Debug-iphonesimulator/PackageFrameworks -F /Users/richard/code/BicTerm/.build-artifacts/DerivedData/g12-app/Build/Products/Debug-iphonesimulator/PackageFrameworks -F /Users/richard/code/BicTerm/.build-artifacts/DerivedData/g12-app/Build/Products/Debug-iphonesimulator/PackageFrameworks -F /Users/richard/code/BicTerm/.build-artifacts/DerivedData/g12-app/Build/Products/Debug-iphonesimulator/PackageFrameworks -F /Users/richard/code/BicTerm/.build-artifacts/DerivedData/g12-app/Build/Products/Debug-iphonesimulator/PackageFrameworks -F /Users/richard/code/BicTerm/.build-artifacts/DerivedData/g12-app/Build/Products/Debug-iphonesimulator/PackageFrameworks -F /Users/richard/code/BicTerm/.build-artifacts/DerivedData/g12-app/Build/Products/Debug-iphonesimulator/PackageFrameworks -F /Users/richard/code/BicTerm/.build-artifacts/DerivedData/g12-app/Build/Products/Debug-iphonesimulator/PackageFrameworks -F /Users/richard/code/BicTerm/.build-artifacts/DerivedData/g12-app/Build/Products/Debug-iphonesimulator/PackageFrameworks -F /Users/richard/code/BicTerm/.build-artifacts/DerivedData/g12-app/Build/Products/Debug-iphonesimulator/PackageFrameworks -F /Users/richard/code/BicTerm/.build-artifacts/DerivedData/g12-app/Build/Products/Debug-iphonesimulator/PackageFrameworks -F /Users/richard/code/BicTerm/.build-artifacts/DerivedData/g12-app/Build/Products/Debug-iphonesimulator/PackageFrameworks -F /Users/richard/code/BicTerm/.build-artifacts/DerivedData/g12-app/Build/Products/Debug-iphonesimulator/PackageFrameworks -F /Users/richard/code/BicTerm/.build-artifacts/DerivedData/g12-app/Build/Products/Debug-iphonesimulator/PackageFrameworks -F /Users/richard/code/BicTerm/.build-artifacts/DerivedData/g12-app/Build/Products/Debug-iphonesimulator/PackageFrameworks -F /Users/richard/code/BicTerm/.build-artifacts/DerivedData/g12-app/Build/Products/Debug-iphonesimulator -F /Users/richard/code/BicTerm/.build-artifacts/DerivedData/g12-app/Build/Products/Debug-iphonesimulator -c -j20 -enable-batch-mode -incremental -Xcc -ivfsstatcache -Xcc /Users/richard/code/BicTerm/.build-artifacts/DerivedData/g12-app/SDKStatCaches.noindex/iphonesimulator26.5-23F81a-688ef53f1462e2c8f657fdc38a81448f6cfe768891a92b912361537c460fe42b.sdkstatcache -output-file-map /Users/richard/code/BicTerm/.build-artifacts/DerivedData/g12-app/Build/Intermediates.noindex/BicTerm.build/Debug-iphonesimulator/BicTerm.build/Objects-normal/arm64/BicTerm-OutputFileMap.json -use-frontend-parseable-output -save-temps -no-color-diagnostics -explicit-module-build -module-cache-path /Users/richard/code/BicTerm/.build-artifacts/DerivedData/g12-app/Build/Intermediates.noindex/SwiftExplicitPrecompiledModules -clang-scanner-module-cache-path /Users/richard/code/BicTerm/.build-artifacts/DerivedData/g12-app/ModuleCache.noindex -sdk-module-cache-path /Users/richard/code/BicTerm/.build-artifacts/DerivedData/g12-app/ModuleCache.noindex -serialize-diagnostics -emit-dependencies -emit-module -emit-module-path /Users/richard/code/BicTerm/.build-artifacts/DerivedData/g12-app/Build/Intermediates.noindex/BicTerm.build/Debug-iphonesimulator/BicTerm.build/Objects-normal/arm64/BicTerm.swiftmodule -validate-clang-modules-once -clang-build-session-file /Users/richard/code/BicTerm/.build-artifacts/DerivedData/g12-app/ModuleCache.noindex/Session.modulevalidation -Xcc -I/Users/richard/code/BicTerm/.build-artifacts/DerivedData/g12-app/Build/Intermediates.noindex/BicTerm.build/Debug-iphonesimulator/BicTerm.build/swift-overrides.hmap -emit-const-values -Xfrontend -const-gather-protocols-file -Xfrontend /Users/richard/code/BicTerm/.build-artifacts/DerivedData/g12-app/Build/Intermediates.noindex/BicTerm.build/Debug-iphonesimulator/BicTerm.build/Objects-normal/arm64/BicTerm_const_extract_protocols.json -Xcc -iquote -Xcc /Users/richard/code/BicTerm/.build-artifacts/DerivedData/g12-app/Build/Intermediates.noindex/BicTerm.build/Debug-iphonesimulator/BicTerm.build/BicTerm-generated-files.hmap -Xcc -I/Users/richard/code/BicTerm/.build-artifacts/DerivedData/g12-app/Build/Intermediates.noindex/BicTerm.build/Debug-iphonesimulator/BicTerm.build/BicTerm-own-target-headers.hmap -Xcc -I/Users/richard/code/BicTerm/.build-artifacts/DerivedData/g12-app/Build/Intermediates.noindex/BicTerm.build/Debug-iphonesimulator/BicTerm.build/BicTerm-all-non-framework-target-headers.hmap -Xcc -ivfsoverlay -Xcc /Users/richard/code/BicTerm/.build-artifacts/DerivedData/g12-app/Build/Intermediates.noindex/BicTerm.build/Debug-iphonesimulator/BicTerm-016255f037ae87c93052aa8a3749f82d-VFS-iphonesimulator/all-product-headers.yaml -Xcc -iquote -Xcc /Users/richard/code/BicTerm/.build-artifacts/DerivedData/g12-app/Build/Intermediates.noindex/BicTerm.build/Debug-iphonesimulator/BicTerm.build/BicTerm-project-headers.hmap -Xcc -I/Users/richard/code/BicTerm/.build-artifacts/DerivedData/g12-app/SourcePackages/checkouts/swift-atomics/Sources/_AtomicsShims/include -Xcc -I/Users/richard/code/BicTerm/.build-artifacts/DerivedData/g12-app/SourcePackages/checkouts/swift-nio/Sources/CNIOPosix/include -Xcc -I/Users/richard/code/BicTerm/.build-artifacts/DerivedData/g12-app/SourcePackages/checkouts/swift-nio/Sources/CNIOWASI/include -Xcc -I/Users/richard/code/BicTerm/.build-artifacts/DerivedData/g12-app/SourcePackages/checkouts/swift-nio/Sources/CNIOFreeBSD/include -Xcc -I/Users/richard/code/BicTerm/.build-artifacts/DerivedData/g12-app/SourcePackages/checkouts/swift-nio/Sources/CNIOAtomics/include -Xcc -I/Users/richard/code/BicTerm/.build-artifacts/DerivedData/g12-app/SourcePackages/checkouts/swift-nio/Sources/CNIOWindows/include -Xcc -I/Users/richard/code/BicTerm/.build-artifacts/DerivedData/g12-app/SourcePackages/checkouts/swift-nio/Sources/CNIODarwin/include -Xcc -I/Users/richard/code/BicTerm/.build-artifacts/DerivedData/g12-app/SourcePackages/checkouts/swift-nio/Sources/CNIOLinux/include -Xcc -I/Users/richard/code/BicTerm/.build-artifacts/DerivedData/g12-app/SourcePackages/checkouts/swift-nio/Sources/CNIOOpenBSD/include -Xcc -I/Users/richard/code/BicTerm/BicTermCore/Sources/CBcryptPBKDF/include -Xcc -I/Users/richard/code/BicTerm/.build-artifacts/DerivedData/g12-app/Build/Products/Debug-iphonesimulator/include -Xcc -I/Users/richard/code/BicTerm/.build-artifacts/DerivedData/g12-app/Build/Intermediates.noindex/BicTerm.build/Debug-iphonesimulator/BicTerm.build/DerivedSources-normal/arm64 -Xcc -I/Users/richard/code/BicTerm/.build-artifacts/DerivedData/g12-app/Build/Intermediates.noindex/BicTerm.build/Debug-iphonesimulator/BicTerm.build/DerivedSources/arm64 -Xcc -I/Users/richard/code/BicTerm/.build-artifacts/DerivedData/g12-app/Build/Intermediates.noindex/BicTerm.build/Debug-iphonesimulator/BicTerm.build/DerivedSources -Xcc -DDEBUG\=1 -emit-objc-header -emit-objc-header-path /Users/richard/code/BicTerm/.build-artifacts/DerivedData/g12-app/Build/Intermediates.noindex/BicTerm.build/Debug-iphonesimulator/BicTerm.build/Objects-normal/arm64/BicTerm-Swift.h -working-directory /Users/richard/code/BicTerm -experimental-emit-module-separately -disable-cmo

SwiftEmitModule normal arm64 Emitting\ module\ for\ BicTerm (in target 'BicTerm' from project 'BicTerm')

EmitSwiftModule normal arm64 (in target 'BicTerm' from project 'BicTerm')
    cd /Users/richard/code/BicTerm
    
/Users/richard/code/BicTerm/BicTerm/Sessions/SessionSceneModel.swift:41:5: warning: 'nonisolated(unsafe)' has no effect on property 'lifecycleObservers', consider using 'nonisolated'
    nonisolated(unsafe) private var lifecycleObservers: [NSObjectProtocol] = []
    ^~~~~~~~~~~
    nonisolated

SwiftDriverJobDiscovery normal arm64 Emitting module for BicTerm (in target 'BicTerm' from project 'BicTerm')

SwiftDriver\ Compilation\ Requirements BicTerm normal arm64 com.apple.xcode.tools.swift.compiler (in target 'BicTerm' from project 'BicTerm')
    cd /Users/richard/code/BicTerm
    builtin-Swift-Compilation-Requirements -- /Applications/Xcode.app/Contents/Developer/Toolchains/XcodeDefault.xctoolchain/usr/bin/swiftc -module-name BicTerm -Onone @/Users/richard/code/BicTerm/.build-artifacts/DerivedData/g12-app/Build/Intermediates.noindex/BicTerm.build/Debug-iphonesimulator/BicTerm.build/Objects-normal/arm64/BicTerm.SwiftFileList -DDEBUG -DCODER_TUNNEL -Xcc -fmodule-map-file\=/Users/richard/code/BicTerm/.build-artifacts/DerivedData/g12-app/Build/Intermediates.noindex/GeneratedModuleMaps-iphonesimulator/CNIOPosix.modulemap -Xcc -fmodule-map-file\=/Users/richard/code/BicTerm/.build-artifacts/DerivedData/g12-app/Build/Intermediates.noindex/GeneratedModuleMaps-iphonesimulator/CNIOWASI.modulemap -Xcc -fmodule-map-file\=/Users/richard/code/BicTerm/.build-artifacts/DerivedData/g12-app/Build/Intermediates.noindex/GeneratedModuleMaps-iphonesimulator/CNIOFreeBSD.modulemap -Xcc -fmodule-map-file\=/Users/richard/code/BicTerm/.build-artifacts/DerivedData/g12-app/Build/Intermediates.noindex/GeneratedModuleMaps-iphonesimulator/CNIOAtomics.modulemap -Xcc -fmodule-map-file\=/Users/richard/code/BicTerm/.build-artifacts/DerivedData/g12-app/Build/Intermediates.noindex/GeneratedModuleMaps-iphonesimulator/CNIODarwin.modulemap -Xcc -fmodule-map-file\=/Users/richard/code/BicTerm/.build-artifacts/DerivedData/g12-app/Build/Intermediates.noindex/GeneratedModuleMaps-iphonesimulator/CNIOLinux.modulemap -Xcc -fmodule-map-file\=/Users/richard/code/BicTerm/.build-artifacts/DerivedData/g12-app/Build/Intermediates.noindex/GeneratedModuleMaps-iphonesimulator/CNIOOpenBSD.modulemap -Xcc -fmodule-map-file\=/Users/richard/code/BicTerm/.build-artifacts/DerivedData/g12-app/Build/Intermediates.noindex/GeneratedModuleMaps-iphonesimulator/CBcryptPBKDF.modulemap -enable-experimental-feature DebugDescriptionMacro -sdk /Applications/Xcode.app/Contents/Developer/Platforms/iPhoneSimulator.platform/Developer/SDKs/iPhoneSimulator26.5.sdk -target arm64-apple-ios18.0-simulator -g -module-cache-path /Users/richard/code/BicTerm/.build-artifacts/DerivedData/g12-app/ModuleCache.noindex -Xfrontend -serialize-debugging-options -enable-testing -index-store-path /Users/richard/code/BicTerm/.build-artifacts/DerivedData/g12-app/Index.noindex/DataStore -Xcc -D_LIBCPP_HARDENING_MODE\=_LIBCPP_HARDENING_MODE_DEBUG -swift-version 6 -I /Users/richard/code/BicTerm/.build-artifacts/DerivedData/g12-app/Build/Products/Debug-iphonesimulator -F /Users/richard/code/BicTerm/.build-artifacts/DerivedData/g12-app/Build/Products/Debug-iphonesimulator/PackageFrameworks -F /Users/richard/code/BicTerm/.build-artifacts/DerivedData/g12-app/Build/Products/Debug-iphonesimulator/PackageFrameworks -F /Users/richard/code/BicTerm/.build-artifacts/DerivedData/g12-app/Build/Products/Debug-iphonesimulator/PackageFrameworks -F /Users/richard/code/BicTerm/.build-artifacts/DerivedData/g12-app/Build/Products/Debug-iphonesimulator/PackageFrameworks -F /Users/richard/code/BicTerm/.build-artifacts/DerivedData/g12-app/Build/Products/Debug-iphonesimulator/PackageFrameworks -F /Users/richard/code/BicTerm/.build-artifacts/DerivedData/g12-app/Build/Products/Debug-iphonesimulator/PackageFrameworks -F /Users/richard/code/BicTerm/.build-artifacts/DerivedData/g12-app/Build/Products/Debug-iphonesimulator/PackageFrameworks -F /Users/richard/code/BicTerm/.build-artifacts/DerivedData/g12-app/Build/Products/Debug-iphonesimulator/PackageFrameworks -F /Users/richard/code/BicTerm/.build-artifacts/DerivedData/g12-app/Build/Products/Debug-iphonesimulator/PackageFrameworks -F /Users/richard/code/BicTerm/.build-artifacts/DerivedData/g12-app/Build/Products/Debug-iphonesimulator/PackageFrameworks -F /Users/richard/code/BicTerm/.build-artifacts/DerivedData/g12-app/Build/Products/Debug-iphonesimulator/PackageFrameworks -F /Users/richard/code/BicTerm/.build-artifacts/DerivedData/g12-app/Build/Products/Debug-iphonesimulator/PackageFrameworks -F /Users/richard/code/BicTerm/.build-artifacts/DerivedData/g12-app/Build/Products/Debug-iphonesimulator/PackageFrameworks -F /Users/richard/code/BicTerm/.build-artifacts/DerivedData/g12-app/Build/Products/Debug-iphonesimulator/PackageFrameworks -F /Users/richard/code/BicTerm/.build-artifacts/DerivedData/g12-app/Build/Products/Debug-iphonesimulator/PackageFrameworks -F /Users/richard/code/BicTerm/.build-artifacts/DerivedData/g12-app/Build/Products/Debug-iphonesimulator/PackageFrameworks -F /Users/richard/code/BicTerm/.build-artifacts/DerivedData/g12-app/Build/Products/Debug-iphonesimulator/PackageFrameworks -F /Users/richard/code/BicTerm/.build-artifacts/DerivedData/g12-app/Build/Products/Debug-iphonesimulator/PackageFrameworks -F /Users/richard/code/BicTerm/.build-artifacts/DerivedData/g12-app/Build/Products/Debug-iphonesimulator/PackageFrameworks -F /Users/richard/code/BicTerm/.build-artifacts/DerivedData/g12-app/Build/Products/Debug-iphonesimulator/PackageFrameworks -F /Users/richard/code/BicTerm/.build-artifacts/DerivedData/g12-app/Build/Products/Debug-iphonesimulator/PackageFrameworks -F /Users/richard/code/BicTerm/.build-artifacts/DerivedData/g12-app/Build/Products/Debug-iphonesimulator/PackageFrameworks -F /Users/richard/code/BicTerm/.build-artifacts/DerivedData/g12-app/Build/Products/Debug-iphonesimulator/PackageFrameworks -F /Users/richard/code/BicTerm/.build-artifacts/DerivedData/g12-app/Build/Products/Debug-iphonesimulator/PackageFrameworks -F /Users/richard/code/BicTerm/.build-artifacts/DerivedData/g12-app/Build/Products/Debug-iphonesimulator/PackageFrameworks -F /Users/richard/code/BicTerm/.build-artifacts/DerivedData/g12-app/Build/Products/Debug-iphonesimulator/PackageFrameworks -F /Users/richard/code/BicTerm/.build-artifacts/DerivedData/g12-app/Build/Products/Debug-iphonesimulator/PackageFrameworks -F /Users/richard/code/BicTerm/.build-artifacts/DerivedData/g12-app/Build/Products/Debug-iphonesimulator -F /Users/richard/code/BicTerm/.build-artifacts/DerivedData/g12-app/Build/Products/Debug-iphonesimulator -c -j20 -enable-batch-mode -incremental -Xcc -ivfsstatcache -Xcc /Users/richard/code/BicTerm/.build-artifacts/DerivedData/g12-app/SDKStatCaches.noindex/iphonesimulator26.5-23F81a-688ef53f1462e2c8f657fdc38a81448f6cfe768891a92b912361537c460fe42b.sdkstatcache -output-file-map /Users/richard/code/BicTerm/.build-artifacts/DerivedData/g12-app/Build/Intermediates.noindex/BicTerm.build/Debug-iphonesimulator/BicTerm.build/Objects-normal/arm64/BicTerm-OutputFileMap.json -use-frontend-parseable-output -save-temps -no-color-diagnostics -explicit-module-build -module-cache-path /Users/richard/code/BicTerm/.build-artifacts/DerivedData/g12-app/Build/Intermediates.noindex/SwiftExplicitPrecompiledModules -clang-scanner-module-cache-path /Users/richard/code/BicTerm/.build-artifacts/DerivedData/g12-app/ModuleCache.noindex -sdk-module-cache-path /Users/richard/code/BicTerm/.build-artifacts/DerivedData/g12-app/ModuleCache.noindex -serialize-diagnostics -emit-dependencies -emit-module -emit-module-path /Users/richard/code/BicTerm/.build-artifacts/DerivedData/g12-app/Build/Intermediates.noindex/BicTerm.build/Debug-iphonesimulator/BicTerm.build/Objects-normal/arm64/BicTerm.swiftmodule -validate-clang-modules-once -clang-build-session-file /Users/richard/code/BicTerm/.build-artifacts/DerivedData/g12-app/ModuleCache.noindex/Session.modulevalidation -Xcc -I/Users/richard/code/BicTerm/.build-artifacts/DerivedData/g12-app/Build/Intermediates.noindex/BicTerm.build/Debug-iphonesimulator/BicTerm.build/swift-overrides.hmap -emit-const-values -Xfrontend -const-gather-protocols-file -Xfrontend /Users/richard/code/BicTerm/.build-artifacts/DerivedData/g12-app/Build/Intermediates.noindex/BicTerm.build/Debug-iphonesimulator/BicTerm.build/Objects-normal/arm64/BicTerm_const_extract_protocols.json -Xcc -iquote -Xcc /Users/richard/code/BicTerm/.build-artifacts/DerivedData/g12-app/Build/Intermediates.noindex/BicTerm.build/Debug-iphonesimulator/BicTerm.build/BicTerm-generated-files.hmap -Xcc -I/Users/richard/code/BicTerm/.build-artifacts/DerivedData/g12-app/Build/Intermediates.noindex/BicTerm.build/Debug-iphonesimulator/BicTerm.build/BicTerm-own-target-headers.hmap -Xcc -I/Users/richard/code/BicTerm/.build-artifacts/DerivedData/g12-app/Build/Intermediates.noindex/BicTerm.build/Debug-iphonesimulator/BicTerm.build/BicTerm-all-non-framework-target-headers.hmap -Xcc -ivfsoverlay -Xcc /Users/richard/code/BicTerm/.build-artifacts/DerivedData/g12-app/Build/Intermediates.noindex/BicTerm.build/Debug-iphonesimulator/BicTerm-016255f037ae87c93052aa8a3749f82d-VFS-iphonesimulator/all-product-headers.yaml -Xcc -iquote -Xcc /Users/richard/code/BicTerm/.build-artifacts/DerivedData/g12-app/Build/Intermediates.noindex/BicTerm.build/Debug-iphonesimulator/BicTerm.build/BicTerm-project-headers.hmap -Xcc -I/Users/richard/code/BicTerm/.build-artifacts/DerivedData/g12-app/SourcePackages/checkouts/swift-atomics/Sources/_AtomicsShims/include -Xcc -I/Users/richard/code/BicTerm/.build-artifacts/DerivedData/g12-app/SourcePackages/checkouts/swift-nio/Sources/CNIOPosix/include -Xcc -I/Users/richard/code/BicTerm/.build-artifacts/DerivedData/g12-app/SourcePackages/checkouts/swift-nio/Sources/CNIOWASI/include -Xcc -I/Users/richard/code/BicTerm/.build-artifacts/DerivedData/g12-app/SourcePackages/checkouts/swift-nio/Sources/CNIOFreeBSD/include -Xcc -I/Users/richard/code/BicTerm/.build-artifacts/DerivedData/g12-app/SourcePackages/checkouts/swift-nio/Sources/CNIOAtomics/include -Xcc -I/Users/richard/code/BicTerm/.build-artifacts/DerivedData/g12-app/SourcePackages/checkouts/swift-nio/Sources/CNIOWindows/include -Xcc -I/Users/richard/code/BicTerm/.build-artifacts/DerivedData/g12-app/SourcePackages/checkouts/swift-nio/Sources/CNIODarwin/include -Xcc -I/Users/richard/code/BicTerm/.build-artifacts/DerivedData/g12-app/SourcePackages/checkouts/swift-nio/Sources/CNIOLinux/include -Xcc -I/Users/richard/code/BicTerm/.build-artifacts/DerivedData/g12-app/SourcePackages/checkouts/swift-nio/Sources/CNIOOpenBSD/include -Xcc -I/Users/richard/code/BicTerm/BicTermCore/Sources/CBcryptPBKDF/include -Xcc -I/Users/richard/code/BicTerm/.build-artifacts/DerivedData/g12-app/Build/Products/Debug-iphonesimulator/include -Xcc -I/Users/richard/code/BicTerm/.build-artifacts/DerivedData/g12-app/Build/Intermediates.noindex/BicTerm.build/Debug-iphonesimulator/BicTerm.build/DerivedSources-normal/arm64 -Xcc -I/Users/richard/code/BicTerm/.build-artifacts/DerivedData/g12-app/Build/Intermediates.noindex/BicTerm.build/Debug-iphonesimulator/BicTerm.build/DerivedSources/arm64 -Xcc -I/Users/richard/code/BicTerm/.build-artifacts/DerivedData/g12-app/Build/Intermediates.noindex/BicTerm.build/Debug-iphonesimulator/BicTerm.build/DerivedSources -Xcc -DDEBUG\=1 -emit-objc-header -emit-objc-header-path /Users/richard/code/BicTerm/.build-artifacts/DerivedData/g12-app/Build/Intermediates.noindex/BicTerm.build/Debug-iphonesimulator/BicTerm.build/Objects-normal/arm64/BicTerm-Swift.h -working-directory /Users/richard/code/BicTerm -experimental-emit-module-separately -disable-cmo

Ld /Users/richard/code/BicTerm/.build-artifacts/DerivedData/g12-app/Build/Products/Debug-iphonesimulator/BicTerm.app/BicTerm.debug.dylib normal (in target 'BicTerm' from project 'BicTerm')
    cd /Users/richard/code/BicTerm
    /Applications/Xcode.app/Contents/Developer/Toolchains/XcodeDefault.xctoolchain/usr/bin/clang -Xlinker -reproducible -target arm64-apple-ios18.0-simulator -dynamiclib -isysroot /Applications/Xcode.app/Contents/Developer/Platforms/iPhoneSimulator.platform/Developer/SDKs/iPhoneSimulator26.5.sdk -O0 -L/Users/richard/code/BicTerm/.build-artifacts/DerivedData/g12-app/Build/Intermediates.noindex/EagerLinkingTBDs/Debug-iphonesimulator -L/Users/richard/code/BicTerm/.build-artifacts/DerivedData/g12-app/Build/Products/Debug-iphonesimulator -F/Users/richard/code/BicTerm/.build-artifacts/DerivedData/g12-app/Build/Intermediates.noindex/EagerLinkingTBDs/Debug-iphonesimulator -F/Users/richard/code/BicTerm/.build-artifacts/DerivedData/g12-app/Build/Products/Debug-iphonesimulator/PackageFrameworks -F/Users/richard/code/BicTerm/.build-artifacts/DerivedData/g12-app/Build/Products/Debug-iphonesimulator/PackageFrameworks -F/Users/richard/code/BicTerm/.build-artifacts/DerivedData/g12-app/Build/Products/Debug-iphonesimulator/PackageFrameworks -F/Users/richard/code/BicTerm/.build-artifacts/DerivedData/g12-app/Build/Products/Debug-iphonesimulator/PackageFrameworks -F/Users/richard/code/BicTerm/.build-artifacts/DerivedData/g12-app/Build/Products/Debug-iphonesimulator/PackageFrameworks -F/Users/richard/code/BicTerm/.build-artifacts/DerivedData/g12-app/Build/Products/Debug-iphonesimulator/PackageFrameworks -F/Users/richard/code/BicTerm/.build-artifacts/DerivedData/g12-app/Build/Products/Debug-iphonesimulator/PackageFrameworks -F/Users/richard/code/BicTerm/.build-artifacts/DerivedData/g12-app/Build/Products/Debug-iphonesimulator/PackageFrameworks -F/Users/richard/code/BicTerm/.build-artifacts/DerivedData/g12-app/Build/Products/Debug-iphonesimulator/PackageFrameworks -F/Users/richard/code/BicTerm/.build-artifacts/DerivedData/g12-app/Build/Products/Debug-iphonesimulator/PackageFrameworks -F/Users/richard/code/BicTerm/.build-artifacts/DerivedData/g12-app/Build/Products/Debug-iphonesimulator/PackageFrameworks -F/Users/richard/code/BicTerm/.build-artifacts/DerivedData/g12-app/Build/Products/Debug-iphonesimulator/PackageFrameworks -F/Users/richard/code/BicTerm/.build-artifacts/DerivedData/g12-app/Build/Products/Debug-iphonesimulator/PackageFrameworks -F/Users/richard/code/BicTerm/.build-artifacts/DerivedData/g12-app/Build/Products/Debug-iphonesimulator/PackageFrameworks -F/Users/richard/code/BicTerm/.build-artifacts/DerivedData/g12-app/Build/Products/Debug-iphonesimulator/PackageFrameworks -F/Users/richard/code/BicTerm/.build-artifacts/DerivedData/g12-app/Build/Products/Debug-iphonesimulator/PackageFrameworks -F/Users/richard/code/BicTerm/.build-artifacts/DerivedData/g12-app/Build/Products/Debug-iphonesimulator/PackageFrameworks -F/Users/richard/code/BicTerm/.build-artifacts/DerivedData/g12-app/Build/Products/Debug-iphonesimulator/PackageFrameworks -F/Users/richard/code/BicTerm/.build-artifacts/DerivedData/g12-app/Build/Products/Debug-iphonesimulator/PackageFrameworks -F/Users/richard/code/BicTerm/.build-artifacts/DerivedData/g12-app/Build/Products/Debug-iphonesimulator/PackageFrameworks -F/Users/richard/code/BicTerm/.build-artifacts/DerivedData/g12-app/Build/Products/Debug-iphonesimulator/PackageFrameworks -F/Users/richard/code/BicTerm/.build-artifacts/DerivedData/g12-app/Build/Products/Debug-iphonesimulator/PackageFrameworks -F/Users/richard/code/BicTerm/.build-artifacts/DerivedData/g12-app/Build/Products/Debug-iphonesimulator/PackageFrameworks -F/Users/richard/code/BicTerm/.build-artifacts/DerivedData/g12-app/Build/Products/Debug-iphonesimulator/PackageFrameworks -F/Users/richard/code/BicTerm/.build-artifacts/DerivedData/g12-app/Build/Products/Debug-iphonesimulator/PackageFrameworks -F/Users/richard/code/BicTerm/.build-artifacts/DerivedData/g12-app/Build/Products/Debug-iphonesimulator/PackageFrameworks -F/Users/richard/code/BicTerm/.build-artifacts/DerivedData/g12-app/Build/Products/Debug-iphonesimulator/PackageFrameworks -F/Users/richard/code/BicTerm/.build-artifacts/DerivedData/g12-app/Build/Products/Debug-iphonesimulator -F/Users/richard/code/BicTerm/.build-artifacts/DerivedData/g12-app/Build/Products/Debug-iphonesimulator -filelist /Users/richard/code/BicTerm/.build-artifacts/DerivedData/g12-app/Build/Intermediates.noindex/BicTerm.build/Debug-iphonesimulator/BicTerm.build/Objects-normal/arm64/BicTerm.LinkFileList -install_name @rpath/BicTerm.debug.dylib -Xlinker -rpath -Xlinker /usr/lib/swift -Xlinker -rpath -Xlinker /Users/richard/code/BicTerm/.build-artifacts/DerivedData/g12-app/Build/Products/Debug-iphonesimulator/PackageFrameworks -Xlinker -rpath -Xlinker @executable_path/Frameworks -Xlinker -dead_strip -Xlinker -object_path_lto -Xlinker /Users/richard/code/BicTerm/.build-artifacts/DerivedData/g12-app/Build/Intermediates.noindex/BicTerm.build/Debug-iphonesimulator/BicTerm.build/Objects-normal/arm64/BicTerm_lto.o -rdynamic -Xlinker -no_deduplicate -Xlinker -objc_abi_version -Xlinker 2 -Xlinker -dependency_info -Xlinker /Users/richard/code/BicTerm/.build-artifacts/DerivedData/g12-app/Build/Intermediates.noindex/BicTerm.build/Debug-iphonesimulator/BicTerm.build/Objects-normal/arm64/BicTerm_dependency_info.dat -fobjc-link-runtime -L/Applications/Xcode.app/Contents/Developer/Toolchains/XcodeDefault.xctoolchain/usr/lib/swift/iphonesimulator -L/usr/lib/swift -Xlinker -add_ast_path -Xlinker /Users/richard/code/BicTerm/.build-artifacts/DerivedData/g12-app/Build/Intermediates.noindex/BicTerm.build/Debug-iphonesimulator/BicTerm.build/Objects-normal/arm64/BicTerm.swiftmodule @/Users/richard/code/BicTerm/.build-artifacts/DerivedData/g12-app/Build/Intermediates.noindex/BicTerm.build/Debug-iphonesimulator/BicTerm.build/Objects-normal/arm64/BicTerm-linker-args.resp -Wl,-no_warn_duplicate_libraries -Wl,-no_warn_duplicate_libraries -Wl,-no_warn_duplicate_libraries -Wl,-no_warn_duplicate_libraries -Wl,-no_warn_duplicate_libraries -Wl,-no_warn_duplicate_libraries -Wl,-no_warn_duplicate_libraries -Wl,-no_warn_duplicate_libraries -Wl,-no_warn_duplicate_libraries -Wl,-no_warn_duplicate_libraries -Wl,-no_warn_duplicate_libraries -Wl,-no_warn_duplicate_libraries -Wl,-no_warn_duplicate_libraries -Wl,-no_warn_duplicate_libraries -Wl,-no_warn_duplicate_libraries -Wl,-no_warn_duplicate_libraries -Wl,-no_warn_duplicate_libraries -Wl,-no_warn_duplicate_libraries -Wl,-no_warn_duplicate_libraries -Wl,-no_warn_duplicate_libraries -Wl,-no_warn_duplicate_libraries -Wl,-no_warn_duplicate_libraries -Wl,-no_warn_duplicate_libraries -Wl,-no_warn_duplicate_libraries -Wl,-no_warn_duplicate_libraries -Wl,-no_warn_duplicate_libraries -Wl,-no_warn_duplicate_libraries -framework CoderTunnel -lresolv -u _CoderNetVersion -Xlinker -alias -Xlinker _main -Xlinker ___debug_main_executable_dylib_entry_point -Xlinker -no_adhoc_codesign -o /Users/richard/code/BicTerm/.build-artifacts/DerivedData/g12-app/Build/Products/Debug-iphonesimulator/BicTerm.app/BicTerm.debug.dylib -Xlinker -add_ast_path -Xlinker /Users/richard/code/BicTerm/.build-artifacts/DerivedData/g12-app/Build/Intermediates.noindex/BicTermCore.build/Debug-iphonesimulator/BicTermCore.build/Objects-normal/arm64/BicTermCore.swiftmodule @/Users/richard/code/BicTerm/.build-artifacts/DerivedData/g12-app/Build/Intermediates.noindex/BicTermCore.build/Debug-iphonesimulator/BicTermCore.build/Objects-normal/arm64/BicTermCore-linker-args.resp -Xlinker -add_ast_path -Xlinker /Users/richard/code/BicTerm/.build-artifacts/DerivedData/g12-app/Build/Intermediates.noindex/swift-nio-ssh.build/Debug-iphonesimulator/NIOSSH.build/Objects-normal/arm64/NIOSSH.swiftmodule @/Users/richard/code/BicTerm/.build-artifacts/DerivedData/g12-app/Build/Intermediates.noindex/swift-nio-ssh.build/Debug-iphonesimulator/NIOSSH.build/Objects-normal/arm64/NIOSSH-linker-args.resp -Xlinker -add_ast_path -Xlinker /Users/richard/code/BicTerm/.build-artifacts/DerivedData/g12-app/Build/Intermediates.noindex/swift-nio.build/Debug-iphonesimulator/NIOCore.build/Objects-normal/arm64/NIOCore.swiftmodule @/Users/richard/code/BicTerm/.build-artifacts/DerivedData/g12-app/Build/Intermediates.noindex/swift-nio.build/Debug-iphonesimulator/NIOCore.build/Objects-normal/arm64/NIOCore-linker-args.resp -Xlinker -add_ast_path -Xlinker /Users/richard/code/BicTerm/.build-artifacts/DerivedData/g12-app/Build/Intermediates.noindex/swift-nio.build/Debug-iphonesimulator/NIOConcurrencyHelpers.build/Objects-normal/arm64/NIOConcurrencyHelpers.swiftmodule @/Users/richard/code/BicTerm/.build-artifacts/DerivedData/g12-app/Build/Intermediates.noindex/swift-nio.build/Debug-iphonesimulator/NIOConcurrencyHelpers.build/Objects-normal/arm64/NIOConcurrencyHelpers-linker-args.resp -Xlinker -add_ast_path -Xlinker /Users/richard/code/BicTerm/.build-artifacts/DerivedData/g12-app/Build/Intermediates.noindex/swift-nio.build/Debug-iphonesimulator/_NIOBase64.build/Objects-normal/arm64/_NIOBase64.swiftmodule @/Users/richard/code/BicTerm/.build-artifacts/DerivedData/g12-app/Build/Intermediates.noindex/swift-nio.build/Debug-iphonesimulator/_NIOBase64.build/Objects-normal/arm64/_NIOBase64-linker-args.resp -Xlinker -add_ast_path -Xlinker /Users/richard/code/BicTerm/.build-artifacts/DerivedData/g12-app/Build/Intermediates.noindex/swift-nio.build/Debug-iphonesimulator/_NIODataStructures.build/Objects-normal/arm64/_NIODataStructures.swiftmodule @/Users/richard/code/BicTerm/.build-artifacts/DerivedData/g12-app/Build/Intermediates.noindex/swift-nio.build/Debug-iphonesimulator/_NIODataStructures.build/Objects-normal/arm64/_NIODataStructures-linker-args.resp -Xlinker -add_ast_path -Xlinker /Users/richard/code/BicTerm/.build-artifacts/DerivedData/g12-app/Build/Intermediates.noindex/swift-collections.build/Debug-iphonesimulator/DequeModule.build/Objects-normal/arm64/DequeModule.swiftmodule @/Users/richard/code/BicTerm/.build-artifacts/DerivedData/g12-app/Build/Intermediates.noindex/swift-collections.build/Debug-iphonesimulator/DequeModule.build/Objects-normal/arm64/DequeModule-linker-args.resp -Xlinker -add_ast_path -Xlinker /Users/richard/code/BicTerm/.build-artifacts/DerivedData/g12-app/Build/Intermediates.noindex/swift-collections.build/Debug-iphonesimulator/InternalCollectionsUtilities.build/Objects-normal/arm64/InternalCollectionsUtilities.swiftmodule @/Users/richard/code/BicTerm/.build-artifacts/DerivedData/g12-app/Build/Intermediates.noindex/swift-collections.build/Debug-iphonesimulator/InternalCollectionsUtilities.build/Objects-normal/arm64/InternalCollectionsUtilities-linker-args.resp -Xlinker -add_ast_path -Xlinker /Users/richard/code/BicTerm/.build-artifacts/DerivedData/g12-app/Build/Intermediates.noindex/swift-collections.build/Debug-iphonesimulator/ContainersPreview.build/Objects-normal/arm64/ContainersPreview.swiftmodule @/Users/richard/code/BicTerm/.build-artifacts/DerivedData/g12-app/Build/Intermediates.noindex/swift-collections.build/Debug-iphonesimulator/ContainersPreview.build/Objects-normal/arm64/ContainersPreview-linker-args.resp -Xlinker -add_ast_path -Xlinker /Users/richard/code/BicTerm/.build-artifacts/DerivedData/g12-app/Build/Intermediates.noindex/swift-atomics.build/Debug-iphonesimulator/Atomics.build/Objects-normal/arm64/Atomics.swiftmodule @/Users/richard/code/BicTerm/.build-artifacts/DerivedData/g12-app/Build/Intermediates.noindex/swift-atomics.build/Debug-iphonesimulator/Atomics.build/Objects-normal/arm64/Atomics-linker-args.resp -Xlinker -add_ast_path -Xlinker /Users/richard/code/BicTerm/.build-artifacts/DerivedData/g12-app/Build/Intermediates.noindex/swift-nio.build/Debug-iphonesimulator/NIOFoundationCompat.build/Objects-normal/arm64/NIOFoundationCompat.swiftmodule @/Users/richard/code/BicTerm/.build-artifacts/DerivedData/g12-app/Build/Intermediates.noindex/swift-nio.build/Debug-iphonesimulator/NIOFoundationCompat.build/Objects-normal/arm64/NIOFoundationCompat-linker-args.resp -Xlinker -add_ast_path -Xlinker /Users/richard/code/BicTerm/.build-artifacts/DerivedData/g12-app/Build/Intermediates.noindex/swift-nio.build/Debug-iphonesimulator/NIOEmbedded.build/Objects-normal/arm64/NIOEmbedded.swiftmodule @/Users/richard/code/BicTerm/.build-artifacts/DerivedData/g12-app/Build/Intermediates.noindex/swift-nio.build/Debug-iphonesimulator/NIOEmbedded.build/Objects-normal/arm64/NIOEmbedded-linker-args.resp -Xlinker -add_ast_path -Xlinker /Users/richard/code/BicTerm/.build-artifacts/DerivedData/g12-app/Build/Intermediates.noindex/swift-nio.build/Debug-iphonesimulator/NIOPosix.build/Objects-normal/arm64/NIOPosix.swiftmodule @/Users/richard/code/BicTerm/.build-artifacts/DerivedData/g12-app/Build/Intermediates.noindex/swift-nio.build/Debug-iphonesimulator/NIOPosix.build/Objects-normal/arm64/NIOPosix-linker-args.resp -Xlinker -add_ast_path -Xlinker /Users/richard/code/BicTerm/.build-artifacts/DerivedData/g12-app/Build/Intermediates.noindex/swift-nio.build/Debug-iphonesimulator/NIO.build/Objects-normal/arm64/NIO.swiftmodule @/Users/richard/code/BicTerm/.build-artifacts/DerivedData/g12-app/Build/Intermediates.noindex/swift-nio.build/Debug-iphonesimulator/NIO.build/Objects-normal/arm64/NIO-linker-args.resp -Xlinker -add_ast_path -Xlinker /Users/richard/code/BicTerm/.build-artifacts/DerivedData/g12-app/Build/Intermediates.noindex/swift-nio.build/Debug-iphonesimulator/NIOFoundationEssentialsCompat.build/Objects-normal/arm64/NIOFoundationEssentialsCompat.swiftmodule @/Users/richard/code/BicTerm/.build-artifacts/DerivedData/g12-app/Build/Intermediates.noindex/swift-nio.build/Debug-iphonesimulator/NIOFoundationEssentialsCompat.build/Objects-normal/arm64/NIOFoundationEssentialsCompat-linker-args.resp -Xlinker -add_ast_path -Xlinker /Users/richard/code/BicTerm/.build-artifacts/DerivedData/g12-app/Build/Intermediates.noindex/swift-crypto.build/Debug-iphonesimulator/Crypto.build/Objects-normal/arm64/Crypto.swiftmodule @/Users/richard/code/BicTerm/.build-artifacts/DerivedData/g12-app/Build/Intermediates.noindex/swift-crypto.build/Debug-iphonesimulator/Crypto.build/Objects-normal/arm64/Crypto-linker-args.resp -Xlinker -add_ast_path -Xlinker /Users/richard/code/BicTerm/.build-artifacts/DerivedData/g12-app/Build/Intermediates.noindex/SwiftTerm.build/Debug-iphonesimulator/SwiftTerm.build/Objects-normal/arm64/SwiftTerm.swiftmodule @/Users/richard/code/BicTerm/.build-artifacts/DerivedData/g12-app/Build/Intermediates.noindex/SwiftTerm.build/Debug-iphonesimulator/SwiftTerm.build/Objects-normal/arm64/SwiftTerm-linker-args.resp

ConstructStubExecutorLinkFileList /Users/richard/code/BicTerm/.build-artifacts/DerivedData/g12-app/Build/Intermediates.noindex/BicTerm.build/Debug-iphonesimulator/BicTerm.build/BicTerm-ExecutorLinkFileList-normal-arm64.txt (in target 'BicTerm' from project 'BicTerm')
    cd /Users/richard/code/BicTerm
    construct-stub-executor-link-file-list /Users/richard/code/BicTerm/.build-artifacts/DerivedData/g12-app/Build/Products/Debug-iphonesimulator/BicTerm.app/BicTerm.debug.dylib /Applications/Xcode.app/Contents/Developer/Platforms/iPhoneSimulator.platform/Developer/usr/lib/libPreviewsJITStubExecutor_no_swift_entry_point.a /Applications/Xcode.app/Contents/Developer/Platforms/iPhoneSimulator.platform/Developer/usr/lib/libPreviewsJITStubExecutor.a --output /Users/richard/code/BicTerm/.build-artifacts/DerivedData/g12-app/Build/Intermediates.noindex/BicTerm.build/Debug-iphonesimulator/BicTerm.build/BicTerm-ExecutorLinkFileList-normal-arm64.txt
note: Using stub executor library with Swift entry point. (in target 'BicTerm' from project 'BicTerm')

Copy /Users/richard/code/BicTerm/.build-artifacts/DerivedData/g12-app/Build/Products/Debug-iphonesimulator/BicTerm.swiftmodule/arm64-apple-ios-simulator.abi.json /Users/richard/code/BicTerm/.build-artifacts/DerivedData/g12-app/Build/Intermediates.noindex/BicTerm.build/Debug-iphonesimulator/BicTerm.build/Objects-normal/arm64/BicTerm.abi.json (in target 'BicTerm' from project 'BicTerm')
    cd /Users/richard/code/BicTerm
    builtin-copy -exclude .DS_Store -exclude CVS -exclude .svn -exclude .git -exclude .hg -resolve-src-symlinks -rename /Users/richard/code/BicTerm/.build-artifacts/DerivedData/g12-app/Build/Intermediates.noindex/BicTerm.build/Debug-iphonesimulator/BicTerm.build/Objects-normal/arm64/BicTerm.abi.json /Users/richard/code/BicTerm/.build-artifacts/DerivedData/g12-app/Build/Products/Debug-iphonesimulator/BicTerm.swiftmodule/arm64-apple-ios-simulator.abi.json

Ld /Users/richard/code/BicTerm/.build-artifacts/DerivedData/g12-app/Build/Products/Debug-iphonesimulator/BicTerm.app/BicTerm normal (in target 'BicTerm' from project 'BicTerm')
    cd /Users/richard/code/BicTerm
    /Applications/Xcode.app/Contents/Developer/Toolchains/XcodeDefault.xctoolchain/usr/bin/clang -Xlinker -reproducible -target arm64-apple-ios18.0-simulator -isysroot /Applications/Xcode.app/Contents/Developer/Platforms/iPhoneSimulator.platform/Developer/SDKs/iPhoneSimulator26.5.sdk -O0 -L/Users/richard/code/BicTerm/.build-artifacts/DerivedData/g12-app/Build/Products/Debug-iphonesimulator -F/Users/richard/code/BicTerm/.build-artifacts/DerivedData/g12-app/Build/Products/Debug-iphonesimulator/PackageFrameworks -F/Users/richard/code/BicTerm/.build-artifacts/DerivedData/g12-app/Build/Products/Debug-iphonesimulator/PackageFrameworks -F/Users/richard/code/BicTerm/.build-artifacts/DerivedData/g12-app/Build/Products/Debug-iphonesimulator/PackageFrameworks -F/Users/richard/code/BicTerm/.build-artifacts/DerivedData/g12-app/Build/Products/Debug-iphonesimulator/PackageFrameworks -F/Users/richard/code/BicTerm/.build-artifacts/DerivedData/g12-app/Build/Products/Debug-iphonesimulator/PackageFrameworks -F/Users/richard/code/BicTerm/.build-artifacts/DerivedData/g12-app/Build/Products/Debug-iphonesimulator/PackageFrameworks -F/Users/richard/code/BicTerm/.build-artifacts/DerivedData/g12-app/Build/Products/Debug-iphonesimulator/PackageFrameworks -F/Users/richard/code/BicTerm/.build-artifacts/DerivedData/g12-app/Build/Products/Debug-iphonesimulator/PackageFrameworks -F/Users/richard/code/BicTerm/.build-artifacts/DerivedData/g12-app/Build/Products/Debug-iphonesimulator/PackageFrameworks -F/Users/richard/code/BicTerm/.build-artifacts/DerivedData/g12-app/Build/Products/Debug-iphonesimulator/PackageFrameworks -F/Users/richard/code/BicTerm/.build-artifacts/DerivedData/g12-app/Build/Products/Debug-iphonesimulator/PackageFrameworks -F/Users/richard/code/BicTerm/.build-artifacts/DerivedData/g12-app/Build/Products/Debug-iphonesimulator/PackageFrameworks -F/Users/richard/code/BicTerm/.build-artifacts/DerivedData/g12-app/Build/Products/Debug-iphonesimulator/PackageFrameworks -F/Users/richard/code/BicTerm/.build-artifacts/DerivedData/g12-app/Build/Products/Debug-iphonesimulator/PackageFrameworks -F/Users/richard/code/BicTerm/.build-artifacts/DerivedData/g12-app/Build/Products/Debug-iphonesimulator/PackageFrameworks -F/Users/richard/code/BicTerm/.build-artifacts/DerivedData/g12-app/Build/Products/Debug-iphonesimulator/PackageFrameworks -F/Users/richard/code/BicTerm/.build-artifacts/DerivedData/g12-app/Build/Products/Debug-iphonesimulator/PackageFrameworks -F/Users/richard/code/BicTerm/.build-artifacts/DerivedData/g12-app/Build/Products/Debug-iphonesimulator/PackageFrameworks -F/Users/richard/code/BicTerm/.build-artifacts/DerivedData/g12-app/Build/Products/Debug-iphonesimulator/PackageFrameworks -F/Users/richard/code/BicTerm/.build-artifacts/DerivedData/g12-app/Build/Products/Debug-iphonesimulator/PackageFrameworks -F/Users/richard/code/BicTerm/.build-artifacts/DerivedData/g12-app/Build/Products/Debug-iphonesimulator/PackageFrameworks -F/Users/richard/code/BicTerm/.build-artifacts/DerivedData/g12-app/Build/Products/Debug-iphonesimulator/PackageFrameworks -F/Users/richard/code/BicTerm/.build-artifacts/DerivedData/g12-app/Build/Products/Debug-iphonesimulator/PackageFrameworks -F/Users/richard/code/BicTerm/.build-artifacts/DerivedData/g12-app/Build/Products/Debug-iphonesimulator/PackageFrameworks -F/Users/richard/code/BicTerm/.build-artifacts/DerivedData/g12-app/Build/Products/Debug-iphonesimulator/PackageFrameworks -F/Users/richard/code/BicTerm/.build-artifacts/DerivedData/g12-app/Build/Products/Debug-iphonesimulator/PackageFrameworks -F/Users/richard/code/BicTerm/.build-artifacts/DerivedData/g12-app/Build/Products/Debug-iphonesimulator/PackageFrameworks -F/Users/richard/code/BicTerm/.build-artifacts/DerivedData/g12-app/Build/Products/Debug-iphonesimulator -F/Users/richard/code/BicTerm/.build-artifacts/DerivedData/g12-app/Build/Products/Debug-iphonesimulator -Xlinker -rpath -Xlinker @executable_path -Xlinker -rpath -Xlinker /Users/richard/code/BicTerm/.build-artifacts/DerivedData/g12-app/Build/Products/Debug-iphonesimulator/PackageFrameworks -Xlinker -rpath -Xlinker @executable_path/Frameworks -rdynamic -Xlinker -no_deduplicate -Xlinker -objc_abi_version -Xlinker 2 -e ___debug_blank_executor_main -Xlinker -sectcreate -Xlinker __TEXT -Xlinker __debug_dylib -Xlinker /Users/richard/code/BicTerm/.build-artifacts/DerivedData/g12-app/Build/Intermediates.noindex/BicTerm.build/Debug-iphonesimulator/BicTerm.build/BicTerm-DebugDylibPath-normal-arm64.txt -Xlinker -sectcreate -Xlinker __TEXT -Xlinker __debug_instlnm -Xlinker /Users/richard/code/BicTerm/.build-artifacts/DerivedData/g12-app/Build/Intermediates.noindex/BicTerm.build/Debug-iphonesimulator/BicTerm.build/BicTerm-DebugDylibInstallName-normal-arm64.txt -Xlinker -filelist -Xlinker /Users/richard/code/BicTerm/.build-artifacts/DerivedData/g12-app/Build/Intermediates.noindex/BicTerm.build/Debug-iphonesimulator/BicTerm.build/BicTerm-ExecutorLinkFileList-normal-arm64.txt -Xlinker -sectcreate -Xlinker __TEXT -Xlinker __entitlements -Xlinker /Users/richard/code/BicTerm/.build-artifacts/DerivedData/g12-app/Build/Intermediates.noindex/BicTerm.build/Debug-iphonesimulator/BicTerm.build/BicTerm.app-Simulated.xcent -Xlinker -sectcreate -Xlinker __TEXT -Xlinker __ents_der -Xlinker /Users/richard/code/BicTerm/.build-artifacts/DerivedData/g12-app/Build/Intermediates.noindex/BicTerm.build/Debug-iphonesimulator/BicTerm.build/BicTerm.app-Simulated.xcent.der /Users/richard/code/BicTerm/.build-artifacts/DerivedData/g12-app/Build/Products/Debug-iphonesimulator/BicTerm.app/BicTerm.debug.dylib -Xlinker -no_adhoc_codesign -o /Users/richard/code/BicTerm/.build-artifacts/DerivedData/g12-app/Build/Products/Debug-iphonesimulator/BicTerm.app/BicTerm

ExtractAppIntentsMetadata (in target 'BicTerm' from project 'BicTerm')
    cd /Users/richard/code/BicTerm
    /Applications/Xcode.app/Contents/Developer/Toolchains/XcodeDefault.xctoolchain/usr/bin/appintentsmetadataprocessor --toolchain-dir /var/run/com.apple.security.cryptexd/mnt/com.apple.MobileAsset.MetalToolchain-v17.6.109.0.ozHyXD/Metal.xctoolchain --module-name BicTerm --sdk-root /Applications/Xcode.app/Contents/Developer/Platforms/iPhoneSimulator.platform/Developer/SDKs/iPhoneSimulator26.5.sdk --xcode-version 17F113 --platform-family iOS --deployment-target 18.0 --bundle-identifier com.bicterm.app --output /Users/richard/code/BicTerm/.build-artifacts/DerivedData/g12-app/Build/Products/Debug-iphonesimulator/BicTerm.app --target-triple arm64-apple-ios18.0-simulator --binary-file /Users/richard/code/BicTerm/.build-artifacts/DerivedData/g12-app/Build/Products/Debug-iphonesimulator/BicTerm.app/BicTerm --dependency-file /Users/richard/code/BicTerm/.build-artifacts/DerivedData/g12-app/Build/Intermediates.noindex/BicTerm.build/Debug-iphonesimulator/BicTerm.build/Objects-normal/arm64/BicTerm_dependency_info.dat --stringsdata-file /Users/richard/code/BicTerm/.build-artifacts/DerivedData/g12-app/Build/Intermediates.noindex/BicTerm.build/Debug-iphonesimulator/BicTerm.build/Objects-normal/arm64/ExtractedAppShortcutsMetadata.stringsdata --source-file-list /Users/richard/code/BicTerm/.build-artifacts/DerivedData/g12-app/Build/Intermediates.noindex/BicTerm.build/Debug-iphonesimulator/BicTerm.build/Objects-normal/arm64/BicTerm.SwiftFileList --metadata-file-list /Users/richard/code/BicTerm/.build-artifacts/DerivedData/g12-app/Build/Intermediates.noindex/BicTerm.build/Debug-iphonesimulator/BicTerm.build/BicTerm.DependencyMetadataFileList --static-metadata-file-list /Users/richard/code/BicTerm/.build-artifacts/DerivedData/g12-app/Build/Intermediates.noindex/BicTerm.build/Debug-iphonesimulator/BicTerm.build/BicTerm.DependencyStaticMetadataFileList --swift-const-vals-list /Users/richard/code/BicTerm/.build-artifacts/DerivedData/g12-app/Build/Intermediates.noindex/BicTerm.build/Debug-iphonesimulator/BicTerm.build/Objects-normal/arm64/BicTerm.SwiftConstValuesFileList --compile-time-extraction --deployment-aware-processing --validate-assistant-intents --no-app-shortcuts-localization
2026-09-09 17:14:43.885 appintentsmetadataprocessor[10483:32478769] Starting appintentsmetadataprocessor export
2026-09-09 17:14:43.886 appintentsmetadataprocessor[10483:32478769] warning: Metadata extraction skipped. No AppIntents.framework dependency found.

ProcessInfoPlistFile /Users/richard/code/BicTerm/.build-artifacts/DerivedData/g12-app/Build/Products/Debug-iphonesimulator/BicTerm.app/Info.plist /Users/richard/code/BicTerm/.build-artifacts/DerivedData/g12-app/Build/Intermediates.noindex/BicTerm.build/Debug-iphonesimulator/BicTerm.build/empty-BicTerm.plist (in target 'BicTerm' from project 'BicTerm')
    cd /Users/richard/code/BicTerm
    builtin-infoPlistUtility /Users/richard/code/BicTerm/.build-artifacts/DerivedData/g12-app/Build/Intermediates.noindex/BicTerm.build/Debug-iphonesimulator/BicTerm.build/empty-BicTerm.plist -producttype com.apple.product-type.application -genpkginfo /Users/richard/code/BicTerm/.build-artifacts/DerivedData/g12-app/Build/Products/Debug-iphonesimulator/BicTerm.app/PkgInfo -expandbuildsettings -format binary -platform iphonesimulator -additionalcontentfile /Users/richard/code/BicTerm/.build-artifacts/DerivedData/g12-app/Build/Intermediates.noindex/BicTerm.build/Debug-iphonesimulator/BicTerm.build/assetcatalog_generated_info.plist -scanforprivacyfile /Users/richard/code/BicTerm/.build-artifacts/DerivedData/g12-app/Build/Products/Debug-iphonesimulator/BicTerm.app/SwiftTerm_SwiftTerm.bundle -scanforprivacyfile /Users/richard/code/BicTerm/.build-artifacts/DerivedData/g12-app/Build/Products/Debug-iphonesimulator/BicTerm.app/swift-crypto_Crypto.bundle -scanforprivacyfile /Users/richard/code/BicTerm/.build-artifacts/DerivedData/g12-app/Build/Products/Debug-iphonesimulator/BicTerm.app/swift-nio_NIOPosix.bundle -o /Users/richard/code/BicTerm/.build-artifacts/DerivedData/g12-app/Build/Products/Debug-iphonesimulator/BicTerm.app/Info.plist

WriteAuxiliaryFile /Users/richard/code/BicTerm/.build-artifacts/DerivedData/g12-app/Build/Intermediates.noindex/BicTerm.build/Debug-iphonesimulator/BicTermTests.build/Objects-normal/arm64/BicTermTests.LinkFileList (in target 'BicTermTests' from project 'BicTerm')
    cd /Users/richard/code/BicTerm
    write-file /Users/richard/code/BicTerm/.build-artifacts/DerivedData/g12-app/Build/Intermediates.noindex/BicTerm.build/Debug-iphonesimulator/BicTermTests.build/Objects-normal/arm64/BicTermTests.LinkFileList

WriteAuxiliaryFile /Users/richard/code/BicTerm/.build-artifacts/DerivedData/g12-app/Build/Intermediates.noindex/BicTerm.build/Debug-iphonesimulator/BicTermTests.build/Objects-normal/arm64/BicTermTests.SwiftConstValuesFileList (in target 'BicTermTests' from project 'BicTerm')
    cd /Users/richard/code/BicTerm
    write-file /Users/richard/code/BicTerm/.build-artifacts/DerivedData/g12-app/Build/Intermediates.noindex/BicTerm.build/Debug-iphonesimulator/BicTermTests.build/Objects-normal/arm64/BicTermTests.SwiftConstValuesFileList

WriteAuxiliaryFile /Users/richard/code/BicTerm/.build-artifacts/DerivedData/g12-app/Build/Intermediates.noindex/BicTerm.build/Debug-iphonesimulator/BicTermTests.build/Objects-normal/arm64/BicTermTests.SwiftFileList (in target 'BicTermTests' from project 'BicTerm')
    cd /Users/richard/code/BicTerm
    write-file /Users/richard/code/BicTerm/.build-artifacts/DerivedData/g12-app/Build/Intermediates.noindex/BicTerm.build/Debug-iphonesimulator/BicTermTests.build/Objects-normal/arm64/BicTermTests.SwiftFileList

WriteAuxiliaryFile /Users/richard/code/BicTerm/.build-artifacts/DerivedData/g12-app/Build/Intermediates.noindex/BicTerm.build/Debug-iphonesimulator/BicTermTests.build/Objects-normal/arm64/BicTermTests-OutputFileMap.json (in target 'BicTermTests' from project 'BicTerm')
    cd /Users/richard/code/BicTerm
    write-file /Users/richard/code/BicTerm/.build-artifacts/DerivedData/g12-app/Build/Intermediates.noindex/BicTerm.build/Debug-iphonesimulator/BicTermTests.build/Objects-normal/arm64/BicTermTests-OutputFileMap.json

SwiftDriver BicTermTests normal arm64 com.apple.xcode.tools.swift.compiler (in target 'BicTermTests' from project 'BicTerm')
    cd /Users/richard/code/BicTerm
    builtin-SwiftDriver -- /Applications/Xcode.app/Contents/Developer/Toolchains/XcodeDefault.xctoolchain/usr/bin/swiftc -module-name BicTermTests -Onone @/Users/richard/code/BicTerm/.build-artifacts/DerivedData/g12-app/Build/Intermediates.noindex/BicTerm.build/Debug-iphonesimulator/BicTermTests.build/Objects-normal/arm64/BicTermTests.SwiftFileList -DDEBUG -DCODER_TUNNEL -Xcc -fmodule-map-file\=/Users/richard/code/BicTerm/.build-artifacts/DerivedData/g12-app/Build/Intermediates.noindex/GeneratedModuleMaps-iphonesimulator/CNIOPosix.modulemap -Xcc -fmodule-map-file\=/Users/richard/code/BicTerm/.build-artifacts/DerivedData/g12-app/Build/Intermediates.noindex/GeneratedModuleMaps-iphonesimulator/CNIOWASI.modulemap -Xcc -fmodule-map-file\=/Users/richard/code/BicTerm/.build-artifacts/DerivedData/g12-app/Build/Intermediates.noindex/GeneratedModuleMaps-iphonesimulator/CNIOFreeBSD.modulemap -Xcc -fmodule-map-file\=/Users/richard/code/BicTerm/.build-artifacts/DerivedData/g12-app/Build/Intermediates.noindex/GeneratedModuleMaps-iphonesimulator/CNIOAtomics.modulemap -Xcc -fmodule-map-file\=/Users/richard/code/BicTerm/.build-artifacts/DerivedData/g12-app/Build/Intermediates.noindex/GeneratedModuleMaps-iphonesimulator/CNIODarwin.modulemap -Xcc -fmodule-map-file\=/Users/richard/code/BicTerm/.build-artifacts/DerivedData/g12-app/Build/Intermediates.noindex/GeneratedModuleMaps-iphonesimulator/CNIOLinux.modulemap -Xcc -fmodule-map-file\=/Users/richard/code/BicTerm/.build-artifacts/DerivedData/g12-app/Build/Intermediates.noindex/GeneratedModuleMaps-iphonesimulator/CNIOOpenBSD.modulemap -Xcc -fmodule-map-file\=/Users/richard/code/BicTerm/.build-artifacts/DerivedData/g12-app/Build/Intermediates.noindex/GeneratedModuleMaps-iphonesimulator/CBcryptPBKDF.modulemap -plugin-path /Applications/Xcode.app/Contents/Developer/Toolchains/XcodeDefault.xctoolchain/usr/lib/swift/host/plugins/testing -enable-experimental-feature DebugDescriptionMacro -sdk /Applications/Xcode.app/Contents/Developer/Platforms/iPhoneSimulator.platform/Developer/SDKs/iPhoneSimulator26.5.sdk -target arm64-apple-ios18.0-simulator -g -module-cache-path /Users/richard/code/BicTerm/.build-artifacts/DerivedData/g12-app/ModuleCache.noindex -Xfrontend -serialize-debugging-options -enable-testing -index-store-path /Users/richard/code/BicTerm/.build-artifacts/DerivedData/g12-app/Index.noindex/DataStore -Xcc -D_LIBCPP_HARDENING_MODE\=_LIBCPP_HARDENING_MODE_DEBUG -swift-version 6 -I /Users/richard/code/BicTerm/.build-artifacts/DerivedData/g12-app/Build/Products/Debug-iphonesimulator -Isystem /Applications/Xcode.app/Contents/Developer/Platforms/iPhoneSimulator.platform/Developer/usr/lib -F /Users/richard/code/BicTerm/.build-artifacts/DerivedData/g12-app/Build/Products/Debug-iphonesimulator/PackageFrameworks -F /Users/richard/code/BicTerm/.build-artifacts/DerivedData/g12-app/Build/Products/Debug-iphonesimulator/PackageFrameworks -F /Users/richard/code/BicTerm/.build-artifacts/DerivedData/g12-app/Build/Products/Debug-iphonesimulator/PackageFrameworks -F /Users/richard/code/BicTerm/.build-artifacts/DerivedData/g12-app/Build/Products/Debug-iphonesimulator/PackageFrameworks -F /Users/richard/code/BicTerm/.build-artifacts/DerivedData/g12-app/Build/Products/Debug-iphonesimulator/PackageFrameworks -F /Users/richard/code/BicTerm/.build-artifacts/DerivedData/g12-app/Build/Products/Debug-iphonesimulator/PackageFrameworks -F /Users/richard/code/BicTerm/.build-artifacts/DerivedData/g12-app/Build/Products/Debug-iphonesimulator/PackageFrameworks -F /Users/richard/code/BicTerm/.build-artifacts/DerivedData/g12-app/Build/Products/Debug-iphonesimulator/PackageFrameworks -F /Users/richard/code/BicTerm/.build-artifacts/DerivedData/g12-app/Build/Products/Debug-iphonesimulator/PackageFrameworks -F /Users/richard/code/BicTerm/.build-artifacts/DerivedData/g12-app/Build/Products/Debug-iphonesimulator/PackageFrameworks -F /Users/richard/code/BicTerm/.build-artifacts/DerivedData/g12-app/Build/Products/Debug-iphonesimulator/PackageFrameworks -F /Users/richard/code/BicTerm/.build-artifacts/DerivedData/g12-app/Build/Products/Debug-iphonesimulator/PackageFrameworks -F /Users/richard/code/BicTerm/.build-artifacts/DerivedData/g12-app/Build/Products/Debug-iphonesimulator/PackageFrameworks -F /Users/richard/code/BicTerm/.build-artifacts/DerivedData/g12-app/Build/Products/Debug-iphonesimulator/PackageFrameworks -F /Users/richard/code/BicTerm/.build-artifacts/DerivedData/g12-app/Build/Products/Debug-iphonesimulator/PackageFrameworks -F /Users/richard/code/BicTerm/.build-artifacts/DerivedData/g12-app/Build/Products/Debug-iphonesimulator/PackageFrameworks -F /Users/richard/code/BicTerm/.build-artifacts/DerivedData/g12-app/Build/Products/Debug-iphonesimulator/PackageFrameworks -F /Users/richard/code/BicTerm/.build-artifacts/DerivedData/g12-app/Build/Products/Debug-iphonesimulator/PackageFrameworks -F /Users/richard/code/BicTerm/.build-artifacts/DerivedData/g12-app/Build/Products/Debug-iphonesimulator/PackageFrameworks -F /Users/richard/code/BicTerm/.build-artifacts/DerivedData/g12-app/Build/Products/Debug-iphonesimulator/PackageFrameworks -F /Users/richard/code/BicTerm/.build-artifacts/DerivedData/g12-app/Build/Products/Debug-iphonesimulator/PackageFrameworks -F /Users/richard/code/BicTerm/.build-artifacts/DerivedData/g12-app/Build/Products/Debug-iphonesimulator/PackageFrameworks -F /Users/richard/code/BicTerm/.build-artifacts/DerivedData/g12-app/Build/Products/Debug-iphonesimulator/PackageFrameworks -F /Users/richard/code/BicTerm/.build-artifacts/DerivedData/g12-app/Build/Products/Debug-iphonesimulator/PackageFrameworks -F /Users/richard/code/BicTerm/.build-artifacts/DerivedData/g12-app/Build/Products/Debug-iphonesimulator/PackageFrameworks -F /Users/richard/code/BicTerm/.build-artifacts/DerivedData/g12-app/Build/Products/Debug-iphonesimulator/PackageFrameworks -F /Users/richard/code/BicTerm/.build-artifacts/DerivedData/g12-app/Build/Products/Debug-iphonesimulator/PackageFrameworks -F /Users/richard/code/BicTerm/.build-artifacts/DerivedData/g12-app/Build/Products/Debug-iphonesimulator -F /Applications/Xcode.app/Contents/Developer/Platforms/iPhoneSimulator.platform/Developer/Library/Frameworks -F /Applications/Xcode.app/Contents/Developer/Platforms/iPhoneSimulator.platform/Developer/SDKs/iPhoneSimulator26.5.sdk/Developer/Library/Frameworks -c -j20 -enable-batch-mode -incremental -Xcc -ivfsstatcache -Xcc /Users/richard/code/BicTerm/.build-artifacts/DerivedData/g12-app/SDKStatCaches.noindex/iphonesimulator26.5-23F81a-688ef53f1462e2c8f657fdc38a81448f6cfe768891a92b912361537c460fe42b.sdkstatcache -output-file-map /Users/richard/code/BicTerm/.build-artifacts/DerivedData/g12-app/Build/Intermediates.noindex/BicTerm.build/Debug-iphonesimulator/BicTermTests.build/Objects-normal/arm64/BicTermTests-OutputFileMap.json -use-frontend-parseable-output -save-temps -no-color-diagnostics -explicit-module-build -module-cache-path /Users/richard/code/BicTerm/.build-artifacts/DerivedData/g12-app/Build/Intermediates.noindex/SwiftExplicitPrecompiledModules -clang-scanner-module-cache-path /Users/richard/code/BicTerm/.build-artifacts/DerivedData/g12-app/ModuleCache.noindex -sdk-module-cache-path /Users/richard/code/BicTerm/.build-artifacts/DerivedData/g12-app/ModuleCache.noindex -serialize-diagnostics -emit-dependencies -emit-module -emit-module-path /Users/richard/code/BicTerm/.build-artifacts/DerivedData/g12-app/Build/Intermediates.noindex/BicTerm.build/Debug-iphonesimulator/BicTermTests.build/Objects-normal/arm64/BicTermTests.swiftmodule -validate-clang-modules-once -clang-build-session-file /Users/richard/code/BicTerm/.build-artifacts/DerivedData/g12-app/ModuleCache.noindex/Session.modulevalidation -Xcc -I/Users/richard/code/BicTerm/.build-artifacts/DerivedData/g12-app/Build/Intermediates.noindex/BicTerm.build/Debug-iphonesimulator/BicTermTests.build/swift-overrides.hmap -emit-const-values -Xfrontend -const-gather-protocols-file -Xfrontend /Users/richard/code/BicTerm/.build-artifacts/DerivedData/g12-app/Build/Intermediates.noindex/BicTerm.build/Debug-iphonesimulator/BicTermTests.build/Objects-normal/arm64/BicTermTests_const_extract_protocols.json -Xcc -iquote -Xcc /Users/richard/code/BicTerm/.build-artifacts/DerivedData/g12-app/Build/Intermediates.noindex/BicTerm.build/Debug-iphonesimulator/BicTermTests.build/BicTermTests-generated-files.hmap -Xcc -I/Users/richard/code/BicTerm/.build-artifacts/DerivedData/g12-app/Build/Intermediates.noindex/BicTerm.build/Debug-iphonesimulator/BicTermTests.build/BicTermTests-own-target-headers.hmap -Xcc -I/Users/richard/code/BicTerm/.build-artifacts/DerivedData/g12-app/Build/Intermediates.noindex/BicTerm.build/Debug-iphonesimulator/BicTermTests.build/BicTermTests-all-non-framework-target-headers.hmap -Xcc -ivfsoverlay -Xcc /Users/richard/code/BicTerm/.build-artifacts/DerivedData/g12-app/Build/Intermediates.noindex/BicTerm.build/Debug-iphonesimulator/BicTerm-016255f037ae87c93052aa8a3749f82d-VFS-iphonesimulator/all-product-headers.yaml -Xcc -iquote -Xcc /Users/richard/code/BicTerm/.build-artifacts/DerivedData/g12-app/Build/Intermediates.noindex/BicTerm.build/Debug-iphonesimulator/BicTermTests.build/BicTermTests-project-headers.hmap -Xcc -I/Users/richard/code/BicTerm/.build-artifacts/DerivedData/g12-app/SourcePackages/checkouts/swift-atomics/Sources/_AtomicsShims/include -Xcc -I/Users/richard/code/BicTerm/.build-artifacts/DerivedData/g12-app/SourcePackages/checkouts/swift-nio/Sources/CNIOPosix/include -Xcc -I/Users/richard/code/BicTerm/.build-artifacts/DerivedData/g12-app/SourcePackages/checkouts/swift-nio/Sources/CNIOWASI/include -Xcc -I/Users/richard/code/BicTerm/.build-artifacts/DerivedData/g12-app/SourcePackages/checkouts/swift-nio/Sources/CNIOFreeBSD/include -Xcc -I/Users/richard/code/BicTerm/.build-artifacts/DerivedData/g12-app/SourcePackages/checkouts/swift-nio/Sources/CNIOAtomics/include -Xcc -I/Users/richard/code/BicTerm/.build-artifacts/DerivedData/g12-app/SourcePackages/checkouts/swift-nio/Sources/CNIOWindows/include -Xcc -I/Users/richard/code/BicTerm/.build-artifacts/DerivedData/g12-app/SourcePackages/checkouts/swift-nio/Sources/CNIODarwin/include -Xcc -I/Users/richard/code/BicTerm/.build-artifacts/DerivedData/g12-app/SourcePackages/checkouts/swift-nio/Sources/CNIOLinux/include -Xcc -I/Users/richard/code/BicTerm/.build-artifacts/DerivedData/g12-app/SourcePackages/checkouts/swift-nio/Sources/CNIOOpenBSD/include -Xcc -I/Users/richard/code/BicTerm/BicTermCore/Sources/CBcryptPBKDF/include -Xcc -I/Users/richard/code/BicTerm/.build-artifacts/DerivedData/g12-app/Build/Products/Debug-iphonesimulator/include -Xcc -I/Users/richard/code/BicTerm/.build-artifacts/DerivedData/g12-app/Build/Intermediates.noindex/BicTerm.build/Debug-iphonesimulator/BicTermTests.build/DerivedSources-normal/arm64 -Xcc -I/Users/richard/code/BicTerm/.build-artifacts/DerivedData/g12-app/Build/Intermediates.noindex/BicTerm.build/Debug-iphonesimulator/BicTermTests.build/DerivedSources/arm64 -Xcc -I/Users/richard/code/BicTerm/.build-artifacts/DerivedData/g12-app/Build/Intermediates.noindex/BicTerm.build/Debug-iphonesimulator/BicTermTests.build/DerivedSources -Xcc -DDEBUG\=1 -emit-objc-header -emit-objc-header-path /Users/richard/code/BicTerm/.build-artifacts/DerivedData/g12-app/Build/Intermediates.noindex/BicTerm.build/Debug-iphonesimulator/BicTermTests.build/Objects-normal/arm64/BicTermTests-Swift.h -working-directory /Users/richard/code/BicTerm -experimental-emit-module-separately -disable-cmo

CopySwiftLibs /Users/richard/code/BicTerm/.build-artifacts/DerivedData/g12-app/Build/Products/Debug-iphonesimulator/BicTerm.app (in target 'BicTerm' from project 'BicTerm')
    cd /Users/richard/code/BicTerm
    builtin-swiftStdLibTool --copy --verbose --sign - --scan-executable /Users/richard/code/BicTerm/.build-artifacts/DerivedData/g12-app/Build/Products/Debug-iphonesimulator/BicTerm.app/BicTerm.debug.dylib --scan-folder /Users/richard/code/BicTerm/.build-artifacts/DerivedData/g12-app/Build/Products/Debug-iphonesimulator/BicTerm.app/Frameworks --scan-folder /Users/richard/code/BicTerm/.build-artifacts/DerivedData/g12-app/Build/Products/Debug-iphonesimulator/BicTerm.app/PlugIns --scan-folder /Users/richard/code/BicTerm/.build-artifacts/DerivedData/g12-app/Build/Products/Debug-iphonesimulator/BicTerm.app/SystemExtensions --scan-folder /Users/richard/code/BicTerm/.build-artifacts/DerivedData/g12-app/Build/Products/Debug-iphonesimulator/BicTerm.app/Extensions --platform iphonesimulator --toolchain /var/run/com.apple.security.cryptexd/mnt/com.apple.MobileAsset.MetalToolchain-v17.6.109.0.ozHyXD/Metal.xctoolchain --toolchain /Applications/Xcode.app/Contents/Developer/Toolchains/XcodeDefault.xctoolchain --destination /Users/richard/code/BicTerm/.build-artifacts/DerivedData/g12-app/Build/Products/Debug-iphonesimulator/BicTerm.app/Frameworks --strip-bitcode --strip-bitcode-tool /Applications/Xcode.app/Contents/Developer/Toolchains/XcodeDefault.xctoolchain/usr/bin/bitcode_strip --emit-dependency-info /Users/richard/code/BicTerm/.build-artifacts/DerivedData/g12-app/Build/Intermediates.noindex/BicTerm.build/Debug-iphonesimulator/BicTerm.build/SwiftStdLibToolInputDependencies.dep --filter-for-swift-os

ProcessInfoPlistFile /Users/richard/code/BicTerm/.build-artifacts/DerivedData/g12-app/Build/Products/Debug-iphonesimulator/BicTerm.app/PlugIns/BicTermTests.xctest/Info.plist /Users/richard/code/BicTerm/.build-artifacts/DerivedData/g12-app/Build/Intermediates.noindex/BicTerm.build/Debug-iphonesimulator/BicTermTests.build/empty-BicTermTests.plist (in target 'BicTermTests' from project 'BicTerm')
    cd /Users/richard/code/BicTerm
    builtin-infoPlistUtility /Users/richard/code/BicTerm/.build-artifacts/DerivedData/g12-app/Build/Intermediates.noindex/BicTerm.build/Debug-iphonesimulator/BicTermTests.build/empty-BicTermTests.plist -producttype com.apple.product-type.bundle.unit-test -expandbuildsettings -format binary -platform iphonesimulator -scanforprivacyfile /Users/richard/code/BicTerm/.build-artifacts/DerivedData/g12-app/Build/Products/Debug-iphonesimulator/BicTerm.app/PlugIns/BicTermTests.xctest/SwiftTerm_SwiftTerm.bundle -scanforprivacyfile /Users/richard/code/BicTerm/.build-artifacts/DerivedData/g12-app/Build/Products/Debug-iphonesimulator/BicTerm.app/PlugIns/BicTermTests.xctest/swift-crypto_Crypto.bundle -scanforprivacyfile /Users/richard/code/BicTerm/.build-artifacts/DerivedData/g12-app/Build/Products/Debug-iphonesimulator/BicTerm.app/PlugIns/BicTermTests.xctest/swift-nio_NIOPosix.bundle -o /Users/richard/code/BicTerm/.build-artifacts/DerivedData/g12-app/Build/Products/Debug-iphonesimulator/BicTerm.app/PlugIns/BicTermTests.xctest/Info.plist

SwiftEmitModule normal arm64 Emitting\ module\ for\ BicTermTests (in target 'BicTermTests' from project 'BicTerm')

EmitSwiftModule normal arm64 (in target 'BicTermTests' from project 'BicTerm')
    cd /Users/richard/code/BicTerm
    

SwiftCompile normal arm64 Compiling\ CoderNativeLifecycleActionTests.swift /Users/richard/code/BicTerm/BicTermTests/CoderNativeLifecycleActionTests.swift (in target 'BicTermTests' from project 'BicTerm')

SwiftCompile normal arm64 /Users/richard/code/BicTerm/BicTermTests/CoderNativeLifecycleActionTests.swift (in target 'BicTermTests' from project 'BicTerm')
    cd /Users/richard/code/BicTerm
    

SwiftDriverJobDiscovery normal arm64 Compiling CoderNativeLifecycleActionTests.swift (in target 'BicTermTests' from project 'BicTerm')

SwiftDriverJobDiscovery normal arm64 Emitting module for BicTermTests (in target 'BicTermTests' from project 'BicTerm')

SwiftDriver\ Compilation\ Requirements BicTermTests normal arm64 com.apple.xcode.tools.swift.compiler (in target 'BicTermTests' from project 'BicTerm')
    cd /Users/richard/code/BicTerm
    builtin-Swift-Compilation-Requirements -- /Applications/Xcode.app/Contents/Developer/Toolchains/XcodeDefault.xctoolchain/usr/bin/swiftc -module-name BicTermTests -Onone @/Users/richard/code/BicTerm/.build-artifacts/DerivedData/g12-app/Build/Intermediates.noindex/BicTerm.build/Debug-iphonesimulator/BicTermTests.build/Objects-normal/arm64/BicTermTests.SwiftFileList -DDEBUG -DCODER_TUNNEL -Xcc -fmodule-map-file\=/Users/richard/code/BicTerm/.build-artifacts/DerivedData/g12-app/Build/Intermediates.noindex/GeneratedModuleMaps-iphonesimulator/CNIOPosix.modulemap -Xcc -fmodule-map-file\=/Users/richard/code/BicTerm/.build-artifacts/DerivedData/g12-app/Build/Intermediates.noindex/GeneratedModuleMaps-iphonesimulator/CNIOWASI.modulemap -Xcc -fmodule-map-file\=/Users/richard/code/BicTerm/.build-artifacts/DerivedData/g12-app/Build/Intermediates.noindex/GeneratedModuleMaps-iphonesimulator/CNIOFreeBSD.modulemap -Xcc -fmodule-map-file\=/Users/richard/code/BicTerm/.build-artifacts/DerivedData/g12-app/Build/Intermediates.noindex/GeneratedModuleMaps-iphonesimulator/CNIOAtomics.modulemap -Xcc -fmodule-map-file\=/Users/richard/code/BicTerm/.build-artifacts/DerivedData/g12-app/Build/Intermediates.noindex/GeneratedModuleMaps-iphonesimulator/CNIODarwin.modulemap -Xcc -fmodule-map-file\=/Users/richard/code/BicTerm/.build-artifacts/DerivedData/g12-app/Build/Intermediates.noindex/GeneratedModuleMaps-iphonesimulator/CNIOLinux.modulemap -Xcc -fmodule-map-file\=/Users/richard/code/BicTerm/.build-artifacts/DerivedData/g12-app/Build/Intermediates.noindex/GeneratedModuleMaps-iphonesimulator/CNIOOpenBSD.modulemap -Xcc -fmodule-map-file\=/Users/richard/code/BicTerm/.build-artifacts/DerivedData/g12-app/Build/Intermediates.noindex/GeneratedModuleMaps-iphonesimulator/CBcryptPBKDF.modulemap -plugin-path /Applications/Xcode.app/Contents/Developer/Toolchains/XcodeDefault.xctoolchain/usr/lib/swift/host/plugins/testing -enable-experimental-feature DebugDescriptionMacro -sdk /Applications/Xcode.app/Contents/Developer/Platforms/iPhoneSimulator.platform/Developer/SDKs/iPhoneSimulator26.5.sdk -target arm64-apple-ios18.0-simulator -g -module-cache-path /Users/richard/code/BicTerm/.build-artifacts/DerivedData/g12-app/ModuleCache.noindex -Xfrontend -serialize-debugging-options -enable-testing -index-store-path /Users/richard/code/BicTerm/.build-artifacts/DerivedData/g12-app/Index.noindex/DataStore -Xcc -D_LIBCPP_HARDENING_MODE\=_LIBCPP_HARDENING_MODE_DEBUG -swift-version 6 -I /Users/richard/code/BicTerm/.build-artifacts/DerivedData/g12-app/Build/Products/Debug-iphonesimulator -Isystem /Applications/Xcode.app/Contents/Developer/Platforms/iPhoneSimulator.platform/Developer/usr/lib -F /Users/richard/code/BicTerm/.build-artifacts/DerivedData/g12-app/Build/Products/Debug-iphonesimulator/PackageFrameworks -F /Users/richard/code/BicTerm/.build-artifacts/DerivedData/g12-app/Build/Products/Debug-iphonesimulator/PackageFrameworks -F /Users/richard/code/BicTerm/.build-artifacts/DerivedData/g12-app/Build/Products/Debug-iphonesimulator/PackageFrameworks -F /Users/richard/code/BicTerm/.build-artifacts/DerivedData/g12-app/Build/Products/Debug-iphonesimulator/PackageFrameworks -F /Users/richard/code/BicTerm/.build-artifacts/DerivedData/g12-app/Build/Products/Debug-iphonesimulator/PackageFrameworks -F /Users/richard/code/BicTerm/.build-artifacts/DerivedData/g12-app/Build/Products/Debug-iphonesimulator/PackageFrameworks -F /Users/richard/code/BicTerm/.build-artifacts/DerivedData/g12-app/Build/Products/Debug-iphonesimulator/PackageFrameworks -F /Users/richard/code/BicTerm/.build-artifacts/DerivedData/g12-app/Build/Products/Debug-iphonesimulator/PackageFrameworks -F /Users/richard/code/BicTerm/.build-artifacts/DerivedData/g12-app/Build/Products/Debug-iphonesimulator/PackageFrameworks -F /Users/richard/code/BicTerm/.build-artifacts/DerivedData/g12-app/Build/Products/Debug-iphonesimulator/PackageFrameworks -F /Users/richard/code/BicTerm/.build-artifacts/DerivedData/g12-app/Build/Products/Debug-iphonesimulator/PackageFrameworks -F /Users/richard/code/BicTerm/.build-artifacts/DerivedData/g12-app/Build/Products/Debug-iphonesimulator/PackageFrameworks -F /Users/richard/code/BicTerm/.build-artifacts/DerivedData/g12-app/Build/Products/Debug-iphonesimulator/PackageFrameworks -F /Users/richard/code/BicTerm/.build-artifacts/DerivedData/g12-app/Build/Products/Debug-iphonesimulator/PackageFrameworks -F /Users/richard/code/BicTerm/.build-artifacts/DerivedData/g12-app/Build/Products/Debug-iphonesimulator/PackageFrameworks -F /Users/richard/code/BicTerm/.build-artifacts/DerivedData/g12-app/Build/Products/Debug-iphonesimulator/PackageFrameworks -F /Users/richard/code/BicTerm/.build-artifacts/DerivedData/g12-app/Build/Products/Debug-iphonesimulator/PackageFrameworks -F /Users/richard/code/BicTerm/.build-artifacts/DerivedData/g12-app/Build/Products/Debug-iphonesimulator/PackageFrameworks -F /Users/richard/code/BicTerm/.build-artifacts/DerivedData/g12-app/Build/Products/Debug-iphonesimulator/PackageFrameworks -F /Users/richard/code/BicTerm/.build-artifacts/DerivedData/g12-app/Build/Products/Debug-iphonesimulator/PackageFrameworks -F /Users/richard/code/BicTerm/.build-artifacts/DerivedData/g12-app/Build/Products/Debug-iphonesimulator/PackageFrameworks -F /Users/richard/code/BicTerm/.build-artifacts/DerivedData/g12-app/Build/Products/Debug-iphonesimulator/PackageFrameworks -F /Users/richard/code/BicTerm/.build-artifacts/DerivedData/g12-app/Build/Products/Debug-iphonesimulator/PackageFrameworks -F /Users/richard/code/BicTerm/.build-artifacts/DerivedData/g12-app/Build/Products/Debug-iphonesimulator/PackageFrameworks -F /Users/richard/code/BicTerm/.build-artifacts/DerivedData/g12-app/Build/Products/Debug-iphonesimulator/PackageFrameworks -F /Users/richard/code/BicTerm/.build-artifacts/DerivedData/g12-app/Build/Products/Debug-iphonesimulator/PackageFrameworks -F /Users/richard/code/BicTerm/.build-artifacts/DerivedData/g12-app/Build/Products/Debug-iphonesimulator/PackageFrameworks -F /Users/richard/code/BicTerm/.build-artifacts/DerivedData/g12-app/Build/Products/Debug-iphonesimulator -F /Applications/Xcode.app/Contents/Developer/Platforms/iPhoneSimulator.platform/Developer/Library/Frameworks -F /Applications/Xcode.app/Contents/Developer/Platforms/iPhoneSimulator.platform/Developer/SDKs/iPhoneSimulator26.5.sdk/Developer/Library/Frameworks -c -j20 -enable-batch-mode -incremental -Xcc -ivfsstatcache -Xcc /Users/richard/code/BicTerm/.build-artifacts/DerivedData/g12-app/SDKStatCaches.noindex/iphonesimulator26.5-23F81a-688ef53f1462e2c8f657fdc38a81448f6cfe768891a92b912361537c460fe42b.sdkstatcache -output-file-map /Users/richard/code/BicTerm/.build-artifacts/DerivedData/g12-app/Build/Intermediates.noindex/BicTerm.build/Debug-iphonesimulator/BicTermTests.build/Objects-normal/arm64/BicTermTests-OutputFileMap.json -use-frontend-parseable-output -save-temps -no-color-diagnostics -explicit-module-build -module-cache-path /Users/richard/code/BicTerm/.build-artifacts/DerivedData/g12-app/Build/Intermediates.noindex/SwiftExplicitPrecompiledModules -clang-scanner-module-cache-path /Users/richard/code/BicTerm/.build-artifacts/DerivedData/g12-app/ModuleCache.noindex -sdk-module-cache-path /Users/richard/code/BicTerm/.build-artifacts/DerivedData/g12-app/ModuleCache.noindex -serialize-diagnostics -emit-dependencies -emit-module -emit-module-path /Users/richard/code/BicTerm/.build-artifacts/DerivedData/g12-app/Build/Intermediates.noindex/BicTerm.build/Debug-iphonesimulator/BicTermTests.build/Objects-normal/arm64/BicTermTests.swiftmodule -validate-clang-modules-once -clang-build-session-file /Users/richard/code/BicTerm/.build-artifacts/DerivedData/g12-app/ModuleCache.noindex/Session.modulevalidation -Xcc -I/Users/richard/code/BicTerm/.build-artifacts/DerivedData/g12-app/Build/Intermediates.noindex/BicTerm.build/Debug-iphonesimulator/BicTermTests.build/swift-overrides.hmap -emit-const-values -Xfrontend -const-gather-protocols-file -Xfrontend /Users/richard/code/BicTerm/.build-artifacts/DerivedData/g12-app/Build/Intermediates.noindex/BicTerm.build/Debug-iphonesimulator/BicTermTests.build/Objects-normal/arm64/BicTermTests_const_extract_protocols.json -Xcc -iquote -Xcc /Users/richard/code/BicTerm/.build-artifacts/DerivedData/g12-app/Build/Intermediates.noindex/BicTerm.build/Debug-iphonesimulator/BicTermTests.build/BicTermTests-generated-files.hmap -Xcc -I/Users/richard/code/BicTerm/.build-artifacts/DerivedData/g12-app/Build/Intermediates.noindex/BicTerm.build/Debug-iphonesimulator/BicTermTests.build/BicTermTests-own-target-headers.hmap -Xcc -I/Users/richard/code/BicTerm/.build-artifacts/DerivedData/g12-app/Build/Intermediates.noindex/BicTerm.build/Debug-iphonesimulator/BicTermTests.build/BicTermTests-all-non-framework-target-headers.hmap -Xcc -ivfsoverlay -Xcc /Users/richard/code/BicTerm/.build-artifacts/DerivedData/g12-app/Build/Intermediates.noindex/BicTerm.build/Debug-iphonesimulator/BicTerm-016255f037ae87c93052aa8a3749f82d-VFS-iphonesimulator/all-product-headers.yaml -Xcc -iquote -Xcc /Users/richard/code/BicTerm/.build-artifacts/DerivedData/g12-app/Build/Intermediates.noindex/BicTerm.build/Debug-iphonesimulator/BicTermTests.build/BicTermTests-project-headers.hmap -Xcc -I/Users/richard/code/BicTerm/.build-artifacts/DerivedData/g12-app/SourcePackages/checkouts/swift-atomics/Sources/_AtomicsShims/include -Xcc -I/Users/richard/code/BicTerm/.build-artifacts/DerivedData/g12-app/SourcePackages/checkouts/swift-nio/Sources/CNIOPosix/include -Xcc -I/Users/richard/code/BicTerm/.build-artifacts/DerivedData/g12-app/SourcePackages/checkouts/swift-nio/Sources/CNIOWASI/include -Xcc -I/Users/richard/code/BicTerm/.build-artifacts/DerivedData/g12-app/SourcePackages/checkouts/swift-nio/Sources/CNIOFreeBSD/include -Xcc -I/Users/richard/code/BicTerm/.build-artifacts/DerivedData/g12-app/SourcePackages/checkouts/swift-nio/Sources/CNIOAtomics/include -Xcc -I/Users/richard/code/BicTerm/.build-artifacts/DerivedData/g12-app/SourcePackages/checkouts/swift-nio/Sources/CNIOWindows/include -Xcc -I/Users/richard/code/BicTerm/.build-artifacts/DerivedData/g12-app/SourcePackages/checkouts/swift-nio/Sources/CNIODarwin/include -Xcc -I/Users/richard/code/BicTerm/.build-artifacts/DerivedData/g12-app/SourcePackages/checkouts/swift-nio/Sources/CNIOLinux/include -Xcc -I/Users/richard/code/BicTerm/.build-artifacts/DerivedData/g12-app/SourcePackages/checkouts/swift-nio/Sources/CNIOOpenBSD/include -Xcc -I/Users/richard/code/BicTerm/BicTermCore/Sources/CBcryptPBKDF/include -Xcc -I/Users/richard/code/BicTerm/.build-artifacts/DerivedData/g12-app/Build/Products/Debug-iphonesimulator/include -Xcc -I/Users/richard/code/BicTerm/.build-artifacts/DerivedData/g12-app/Build/Intermediates.noindex/BicTerm.build/Debug-iphonesimulator/BicTermTests.build/DerivedSources-normal/arm64 -Xcc -I/Users/richard/code/BicTerm/.build-artifacts/DerivedData/g12-app/Build/Intermediates.noindex/BicTerm.build/Debug-iphonesimulator/BicTermTests.build/DerivedSources/arm64 -Xcc -I/Users/richard/code/BicTerm/.build-artifacts/DerivedData/g12-app/Build/Intermediates.noindex/BicTerm.build/Debug-iphonesimulator/BicTermTests.build/DerivedSources -Xcc -DDEBUG\=1 -emit-objc-header -emit-objc-header-path /Users/richard/code/BicTerm/.build-artifacts/DerivedData/g12-app/Build/Intermediates.noindex/BicTerm.build/Debug-iphonesimulator/BicTermTests.build/Objects-normal/arm64/BicTermTests-Swift.h -working-directory /Users/richard/code/BicTerm -experimental-emit-module-separately -disable-cmo

SwiftDriver\ Compilation BicTermTests normal arm64 com.apple.xcode.tools.swift.compiler (in target 'BicTermTests' from project 'BicTerm')
    cd /Users/richard/code/BicTerm
    builtin-Swift-Compilation -- /Applications/Xcode.app/Contents/Developer/Toolchains/XcodeDefault.xctoolchain/usr/bin/swiftc -module-name BicTermTests -Onone @/Users/richard/code/BicTerm/.build-artifacts/DerivedData/g12-app/Build/Intermediates.noindex/BicTerm.build/Debug-iphonesimulator/BicTermTests.build/Objects-normal/arm64/BicTermTests.SwiftFileList -DDEBUG -DCODER_TUNNEL -Xcc -fmodule-map-file\=/Users/richard/code/BicTerm/.build-artifacts/DerivedData/g12-app/Build/Intermediates.noindex/GeneratedModuleMaps-iphonesimulator/CNIOPosix.modulemap -Xcc -fmodule-map-file\=/Users/richard/code/BicTerm/.build-artifacts/DerivedData/g12-app/Build/Intermediates.noindex/GeneratedModuleMaps-iphonesimulator/CNIOWASI.modulemap -Xcc -fmodule-map-file\=/Users/richard/code/BicTerm/.build-artifacts/DerivedData/g12-app/Build/Intermediates.noindex/GeneratedModuleMaps-iphonesimulator/CNIOFreeBSD.modulemap -Xcc -fmodule-map-file\=/Users/richard/code/BicTerm/.build-artifacts/DerivedData/g12-app/Build/Intermediates.noindex/GeneratedModuleMaps-iphonesimulator/CNIOAtomics.modulemap -Xcc -fmodule-map-file\=/Users/richard/code/BicTerm/.build-artifacts/DerivedData/g12-app/Build/Intermediates.noindex/GeneratedModuleMaps-iphonesimulator/CNIODarwin.modulemap -Xcc -fmodule-map-file\=/Users/richard/code/BicTerm/.build-artifacts/DerivedData/g12-app/Build/Intermediates.noindex/GeneratedModuleMaps-iphonesimulator/CNIOLinux.modulemap -Xcc -fmodule-map-file\=/Users/richard/code/BicTerm/.build-artifacts/DerivedData/g12-app/Build/Intermediates.noindex/GeneratedModuleMaps-iphonesimulator/CNIOOpenBSD.modulemap -Xcc -fmodule-map-file\=/Users/richard/code/BicTerm/.build-artifacts/DerivedData/g12-app/Build/Intermediates.noindex/GeneratedModuleMaps-iphonesimulator/CBcryptPBKDF.modulemap -plugin-path /Applications/Xcode.app/Contents/Developer/Toolchains/XcodeDefault.xctoolchain/usr/lib/swift/host/plugins/testing -enable-experimental-feature DebugDescriptionMacro -sdk /Applications/Xcode.app/Contents/Developer/Platforms/iPhoneSimulator.platform/Developer/SDKs/iPhoneSimulator26.5.sdk -target arm64-apple-ios18.0-simulator -g -module-cache-path /Users/richard/code/BicTerm/.build-artifacts/DerivedData/g12-app/ModuleCache.noindex -Xfrontend -serialize-debugging-options -enable-testing -index-store-path /Users/richard/code/BicTerm/.build-artifacts/DerivedData/g12-app/Index.noindex/DataStore -Xcc -D_LIBCPP_HARDENING_MODE\=_LIBCPP_HARDENING_MODE_DEBUG -swift-version 6 -I /Users/richard/code/BicTerm/.build-artifacts/DerivedData/g12-app/Build/Products/Debug-iphonesimulator -Isystem /Applications/Xcode.app/Contents/Developer/Platforms/iPhoneSimulator.platform/Developer/usr/lib -F /Users/richard/code/BicTerm/.build-artifacts/DerivedData/g12-app/Build/Products/Debug-iphonesimulator/PackageFrameworks -F /Users/richard/code/BicTerm/.build-artifacts/DerivedData/g12-app/Build/Products/Debug-iphonesimulator/PackageFrameworks -F /Users/richard/code/BicTerm/.build-artifacts/DerivedData/g12-app/Build/Products/Debug-iphonesimulator/PackageFrameworks -F /Users/richard/code/BicTerm/.build-artifacts/DerivedData/g12-app/Build/Products/Debug-iphonesimulator/PackageFrameworks -F /Users/richard/code/BicTerm/.build-artifacts/DerivedData/g12-app/Build/Products/Debug-iphonesimulator/PackageFrameworks -F /Users/richard/code/BicTerm/.build-artifacts/DerivedData/g12-app/Build/Products/Debug-iphonesimulator/PackageFrameworks -F /Users/richard/code/BicTerm/.build-artifacts/DerivedData/g12-app/Build/Products/Debug-iphonesimulator/PackageFrameworks -F /Users/richard/code/BicTerm/.build-artifacts/DerivedData/g12-app/Build/Products/Debug-iphonesimulator/PackageFrameworks -F /Users/richard/code/BicTerm/.build-artifacts/DerivedData/g12-app/Build/Products/Debug-iphonesimulator/PackageFrameworks -F /Users/richard/code/BicTerm/.build-artifacts/DerivedData/g12-app/Build/Products/Debug-iphonesimulator/PackageFrameworks -F /Users/richard/code/BicTerm/.build-artifacts/DerivedData/g12-app/Build/Products/Debug-iphonesimulator/PackageFrameworks -F /Users/richard/code/BicTerm/.build-artifacts/DerivedData/g12-app/Build/Products/Debug-iphonesimulator/PackageFrameworks -F /Users/richard/code/BicTerm/.build-artifacts/DerivedData/g12-app/Build/Products/Debug-iphonesimulator/PackageFrameworks -F /Users/richard/code/BicTerm/.build-artifacts/DerivedData/g12-app/Build/Products/Debug-iphonesimulator/PackageFrameworks -F /Users/richard/code/BicTerm/.build-artifacts/DerivedData/g12-app/Build/Products/Debug-iphonesimulator/PackageFrameworks -F /Users/richard/code/BicTerm/.build-artifacts/DerivedData/g12-app/Build/Products/Debug-iphonesimulator/PackageFrameworks -F /Users/richard/code/BicTerm/.build-artifacts/DerivedData/g12-app/Build/Products/Debug-iphonesimulator/PackageFrameworks -F /Users/richard/code/BicTerm/.build-artifacts/DerivedData/g12-app/Build/Products/Debug-iphonesimulator/PackageFrameworks -F /Users/richard/code/BicTerm/.build-artifacts/DerivedData/g12-app/Build/Products/Debug-iphonesimulator/PackageFrameworks -F /Users/richard/code/BicTerm/.build-artifacts/DerivedData/g12-app/Build/Products/Debug-iphonesimulator/PackageFrameworks -F /Users/richard/code/BicTerm/.build-artifacts/DerivedData/g12-app/Build/Products/Debug-iphonesimulator/PackageFrameworks -F /Users/richard/code/BicTerm/.build-artifacts/DerivedData/g12-app/Build/Products/Debug-iphonesimulator/PackageFrameworks -F /Users/richard/code/BicTerm/.build-artifacts/DerivedData/g12-app/Build/Products/Debug-iphonesimulator/PackageFrameworks -F /Users/richard/code/BicTerm/.build-artifacts/DerivedData/g12-app/Build/Products/Debug-iphonesimulator/PackageFrameworks -F /Users/richard/code/BicTerm/.build-artifacts/DerivedData/g12-app/Build/Products/Debug-iphonesimulator/PackageFrameworks -F /Users/richard/code/BicTerm/.build-artifacts/DerivedData/g12-app/Build/Products/Debug-iphonesimulator/PackageFrameworks -F /Users/richard/code/BicTerm/.build-artifacts/DerivedData/g12-app/Build/Products/Debug-iphonesimulator/PackageFrameworks -F /Users/richard/code/BicTerm/.build-artifacts/DerivedData/g12-app/Build/Products/Debug-iphonesimulator -F /Applications/Xcode.app/Contents/Developer/Platforms/iPhoneSimulator.platform/Developer/Library/Frameworks -F /Applications/Xcode.app/Contents/Developer/Platforms/iPhoneSimulator.platform/Developer/SDKs/iPhoneSimulator26.5.sdk/Developer/Library/Frameworks -c -j20 -enable-batch-mode -incremental -Xcc -ivfsstatcache -Xcc /Users/richard/code/BicTerm/.build-artifacts/DerivedData/g12-app/SDKStatCaches.noindex/iphonesimulator26.5-23F81a-688ef53f1462e2c8f657fdc38a81448f6cfe768891a92b912361537c460fe42b.sdkstatcache -output-file-map /Users/richard/code/BicTerm/.build-artifacts/DerivedData/g12-app/Build/Intermediates.noindex/BicTerm.build/Debug-iphonesimulator/BicTermTests.build/Objects-normal/arm64/BicTermTests-OutputFileMap.json -use-frontend-parseable-output -save-temps -no-color-diagnostics -explicit-module-build -module-cache-path /Users/richard/code/BicTerm/.build-artifacts/DerivedData/g12-app/Build/Intermediates.noindex/SwiftExplicitPrecompiledModules -clang-scanner-module-cache-path /Users/richard/code/BicTerm/.build-artifacts/DerivedData/g12-app/ModuleCache.noindex -sdk-module-cache-path /Users/richard/code/BicTerm/.build-artifacts/DerivedData/g12-app/ModuleCache.noindex -serialize-diagnostics -emit-dependencies -emit-module -emit-module-path /Users/richard/code/BicTerm/.build-artifacts/DerivedData/g12-app/Build/Intermediates.noindex/BicTerm.build/Debug-iphonesimulator/BicTermTests.build/Objects-normal/arm64/BicTermTests.swiftmodule -validate-clang-modules-once -clang-build-session-file /Users/richard/code/BicTerm/.build-artifacts/DerivedData/g12-app/ModuleCache.noindex/Session.modulevalidation -Xcc -I/Users/richard/code/BicTerm/.build-artifacts/DerivedData/g12-app/Build/Intermediates.noindex/BicTerm.build/Debug-iphonesimulator/BicTermTests.build/swift-overrides.hmap -emit-const-values -Xfrontend -const-gather-protocols-file -Xfrontend /Users/richard/code/BicTerm/.build-artifacts/DerivedData/g12-app/Build/Intermediates.noindex/BicTerm.build/Debug-iphonesimulator/BicTermTests.build/Objects-normal/arm64/BicTermTests_const_extract_protocols.json -Xcc -iquote -Xcc /Users/richard/code/BicTerm/.build-artifacts/DerivedData/g12-app/Build/Intermediates.noindex/BicTerm.build/Debug-iphonesimulator/BicTermTests.build/BicTermTests-generated-files.hmap -Xcc -I/Users/richard/code/BicTerm/.build-artifacts/DerivedData/g12-app/Build/Intermediates.noindex/BicTerm.build/Debug-iphonesimulator/BicTermTests.build/BicTermTests-own-target-headers.hmap -Xcc -I/Users/richard/code/BicTerm/.build-artifacts/DerivedData/g12-app/Build/Intermediates.noindex/BicTerm.build/Debug-iphonesimulator/BicTermTests.build/BicTermTests-all-non-framework-target-headers.hmap -Xcc -ivfsoverlay -Xcc /Users/richard/code/BicTerm/.build-artifacts/DerivedData/g12-app/Build/Intermediates.noindex/BicTerm.build/Debug-iphonesimulator/BicTerm-016255f037ae87c93052aa8a3749f82d-VFS-iphonesimulator/all-product-headers.yaml -Xcc -iquote -Xcc /Users/richard/code/BicTerm/.build-artifacts/DerivedData/g12-app/Build/Intermediates.noindex/BicTerm.build/Debug-iphonesimulator/BicTermTests.build/BicTermTests-project-headers.hmap -Xcc -I/Users/richard/code/BicTerm/.build-artifacts/DerivedData/g12-app/SourcePackages/checkouts/swift-atomics/Sources/_AtomicsShims/include -Xcc -I/Users/richard/code/BicTerm/.build-artifacts/DerivedData/g12-app/SourcePackages/checkouts/swift-nio/Sources/CNIOPosix/include -Xcc -I/Users/richard/code/BicTerm/.build-artifacts/DerivedData/g12-app/SourcePackages/checkouts/swift-nio/Sources/CNIOWASI/include -Xcc -I/Users/richard/code/BicTerm/.build-artifacts/DerivedData/g12-app/SourcePackages/checkouts/swift-nio/Sources/CNIOFreeBSD/include -Xcc -I/Users/richard/code/BicTerm/.build-artifacts/DerivedData/g12-app/SourcePackages/checkouts/swift-nio/Sources/CNIOAtomics/include -Xcc -I/Users/richard/code/BicTerm/.build-artifacts/DerivedData/g12-app/SourcePackages/checkouts/swift-nio/Sources/CNIOWindows/include -Xcc -I/Users/richard/code/BicTerm/.build-artifacts/DerivedData/g12-app/SourcePackages/checkouts/swift-nio/Sources/CNIODarwin/include -Xcc -I/Users/richard/code/BicTerm/.build-artifacts/DerivedData/g12-app/SourcePackages/checkouts/swift-nio/Sources/CNIOLinux/include -Xcc -I/Users/richard/code/BicTerm/.build-artifacts/DerivedData/g12-app/SourcePackages/checkouts/swift-nio/Sources/CNIOOpenBSD/include -Xcc -I/Users/richard/code/BicTerm/BicTermCore/Sources/CBcryptPBKDF/include -Xcc -I/Users/richard/code/BicTerm/.build-artifacts/DerivedData/g12-app/Build/Products/Debug-iphonesimulator/include -Xcc -I/Users/richard/code/BicTerm/.build-artifacts/DerivedData/g12-app/Build/Intermediates.noindex/BicTerm.build/Debug-iphonesimulator/BicTermTests.build/DerivedSources-normal/arm64 -Xcc -I/Users/richard/code/BicTerm/.build-artifacts/DerivedData/g12-app/Build/Intermediates.noindex/BicTerm.build/Debug-iphonesimulator/BicTermTests.build/DerivedSources/arm64 -Xcc -I/Users/richard/code/BicTerm/.build-artifacts/DerivedData/g12-app/Build/Intermediates.noindex/BicTerm.build/Debug-iphonesimulator/BicTermTests.build/DerivedSources -Xcc -DDEBUG\=1 -emit-objc-header -emit-objc-header-path /Users/richard/code/BicTerm/.build-artifacts/DerivedData/g12-app/Build/Intermediates.noindex/BicTerm.build/Debug-iphonesimulator/BicTermTests.build/Objects-normal/arm64/BicTermTests-Swift.h -working-directory /Users/richard/code/BicTerm -experimental-emit-module-separately -disable-cmo

Copy /Users/richard/code/BicTerm/.build-artifacts/DerivedData/g12-app/Build/Products/Debug-iphonesimulator/BicTermTests.swiftmodule/arm64-apple-ios-simulator.abi.json /Users/richard/code/BicTerm/.build-artifacts/DerivedData/g12-app/Build/Intermediates.noindex/BicTerm.build/Debug-iphonesimulator/BicTermTests.build/Objects-normal/arm64/BicTermTests.abi.json (in target 'BicTermTests' from project 'BicTerm')
    cd /Users/richard/code/BicTerm
    builtin-copy -exclude .DS_Store -exclude CVS -exclude .svn -exclude .git -exclude .hg -resolve-src-symlinks -rename /Users/richard/code/BicTerm/.build-artifacts/DerivedData/g12-app/Build/Intermediates.noindex/BicTerm.build/Debug-iphonesimulator/BicTermTests.build/Objects-normal/arm64/BicTermTests.abi.json /Users/richard/code/BicTerm/.build-artifacts/DerivedData/g12-app/Build/Products/Debug-iphonesimulator/BicTermTests.swiftmodule/arm64-apple-ios-simulator.abi.json

Copy /Users/richard/code/BicTerm/.build-artifacts/DerivedData/g12-app/Build/Products/Debug-iphonesimulator/BicTermTests.swiftmodule/arm64-apple-ios-simulator.swiftmodule /Users/richard/code/BicTerm/.build-artifacts/DerivedData/g12-app/Build/Intermediates.noindex/BicTerm.build/Debug-iphonesimulator/BicTermTests.build/Objects-normal/arm64/BicTermTests.swiftmodule (in target 'BicTermTests' from project 'BicTerm')
    cd /Users/richard/code/BicTerm
    builtin-copy -exclude .DS_Store -exclude CVS -exclude .svn -exclude .git -exclude .hg -resolve-src-symlinks -rename /Users/richard/code/BicTerm/.build-artifacts/DerivedData/g12-app/Build/Intermediates.noindex/BicTerm.build/Debug-iphonesimulator/BicTermTests.build/Objects-normal/arm64/BicTermTests.swiftmodule /Users/richard/code/BicTerm/.build-artifacts/DerivedData/g12-app/Build/Products/Debug-iphonesimulator/BicTermTests.swiftmodule/arm64-apple-ios-simulator.swiftmodule

Copy /Users/richard/code/BicTerm/.build-artifacts/DerivedData/g12-app/Build/Products/Debug-iphonesimulator/BicTermTests.swiftmodule/Project/arm64-apple-ios-simulator.swiftsourceinfo /Users/richard/code/BicTerm/.build-artifacts/DerivedData/g12-app/Build/Intermediates.noindex/BicTerm.build/Debug-iphonesimulator/BicTermTests.build/Objects-normal/arm64/BicTermTests.swiftsourceinfo (in target 'BicTermTests' from project 'BicTerm')
    cd /Users/richard/code/BicTerm
    builtin-copy -exclude .DS_Store -exclude CVS -exclude .svn -exclude .git -exclude .hg -resolve-src-symlinks -rename /Users/richard/code/BicTerm/.build-artifacts/DerivedData/g12-app/Build/Intermediates.noindex/BicTerm.build/Debug-iphonesimulator/BicTermTests.build/Objects-normal/arm64/BicTermTests.swiftsourceinfo /Users/richard/code/BicTerm/.build-artifacts/DerivedData/g12-app/Build/Products/Debug-iphonesimulator/BicTermTests.swiftmodule/Project/arm64-apple-ios-simulator.swiftsourceinfo

Ld /Users/richard/code/BicTerm/.build-artifacts/DerivedData/g12-app/Build/Products/Debug-iphonesimulator/BicTerm.app/PlugIns/BicTermTests.xctest/BicTermTests normal (in target 'BicTermTests' from project 'BicTerm')
    cd /Users/richard/code/BicTerm
    /Applications/Xcode.app/Contents/Developer/Toolchains/XcodeDefault.xctoolchain/usr/bin/clang -Xlinker -reproducible -target arm64-apple-ios18.0-simulator -bundle -isysroot /Applications/Xcode.app/Contents/Developer/Platforms/iPhoneSimulator.platform/Developer/SDKs/iPhoneSimulator26.5.sdk -O0 -L/Users/richard/code/BicTerm/.build-artifacts/DerivedData/g12-app/Build/Intermediates.noindex/EagerLinkingTBDs/Debug-iphonesimulator -L/Users/richard/code/BicTerm/.build-artifacts/DerivedData/g12-app/Build/Products/Debug-iphonesimulator -L/Applications/Xcode.app/Contents/Developer/Platforms/iPhoneSimulator.platform/Developer/usr/lib -F/Users/richard/code/BicTerm/.build-artifacts/DerivedData/g12-app/Build/Intermediates.noindex/EagerLinkingTBDs/Debug-iphonesimulator -F/Users/richard/code/BicTerm/.build-artifacts/DerivedData/g12-app/Build/Products/Debug-iphonesimulator/PackageFrameworks -F/Users/richard/code/BicTerm/.build-artifacts/DerivedData/g12-app/Build/Products/Debug-iphonesimulator/PackageFrameworks -F/Users/richard/code/BicTerm/.build-artifacts/DerivedData/g12-app/Build/Products/Debug-iphonesimulator/PackageFrameworks -F/Users/richard/code/BicTerm/.build-artifacts/DerivedData/g12-app/Build/Products/Debug-iphonesimulator/PackageFrameworks -F/Users/richard/code/BicTerm/.build-artifacts/DerivedData/g12-app/Build/Products/Debug-iphonesimulator/PackageFrameworks -F/Users/richard/code/BicTerm/.build-artifacts/DerivedData/g12-app/Build/Products/Debug-iphonesimulator/PackageFrameworks -F/Users/richard/code/BicTerm/.build-artifacts/DerivedData/g12-app/Build/Products/Debug-iphonesimulator/PackageFrameworks -F/Users/richard/code/BicTerm/.build-artifacts/DerivedData/g12-app/Build/Products/Debug-iphonesimulator/PackageFrameworks -F/Users/richard/code/BicTerm/.build-artifacts/DerivedData/g12-app/Build/Products/Debug-iphonesimulator/PackageFrameworks -F/Users/richard/code/BicTerm/.build-artifacts/DerivedData/g12-app/Build/Products/Debug-iphonesimulator/PackageFrameworks -F/Users/richard/code/BicTerm/.build-artifacts/DerivedData/g12-app/Build/Products/Debug-iphonesimulator/PackageFrameworks -F/Users/richard/code/BicTerm/.build-artifacts/DerivedData/g12-app/Build/Products/Debug-iphonesimulator/PackageFrameworks -F/Users/richard/code/BicTerm/.build-artifacts/DerivedData/g12-app/Build/Products/Debug-iphonesimulator/PackageFrameworks -F/Users/richard/code/BicTerm/.build-artifacts/DerivedData/g12-app/Build/Products/Debug-iphonesimulator/PackageFrameworks -F/Users/richard/code/BicTerm/.build-artifacts/DerivedData/g12-app/Build/Products/Debug-iphonesimulator/PackageFrameworks -F/Users/richard/code/BicTerm/.build-artifacts/DerivedData/g12-app/Build/Products/Debug-iphonesimulator/PackageFrameworks -F/Users/richard/code/BicTerm/.build-artifacts/DerivedData/g12-app/Build/Products/Debug-iphonesimulator/PackageFrameworks -F/Users/richard/code/BicTerm/.build-artifacts/DerivedData/g12-app/Build/Products/Debug-iphonesimulator/PackageFrameworks -F/Users/richard/code/BicTerm/.build-artifacts/DerivedData/g12-app/Build/Products/Debug-iphonesimulator/PackageFrameworks -F/Users/richard/code/BicTerm/.build-artifacts/DerivedData/g12-app/Build/Products/Debug-iphonesimulator/PackageFrameworks -F/Users/richard/code/BicTerm/.build-artifacts/DerivedData/g12-app/Build/Products/Debug-iphonesimulator/PackageFrameworks -F/Users/richard/code/BicTerm/.build-artifacts/DerivedData/g12-app/Build/Products/Debug-iphonesimulator/PackageFrameworks -F/Users/richard/code/BicTerm/.build-artifacts/DerivedData/g12-app/Build/Products/Debug-iphonesimulator/PackageFrameworks -F/Users/richard/code/BicTerm/.build-artifacts/DerivedData/g12-app/Build/Products/Debug-iphonesimulator/PackageFrameworks -F/Users/richard/code/BicTerm/.build-artifacts/DerivedData/g12-app/Build/Products/Debug-iphonesimulator/PackageFrameworks -F/Users/richard/code/BicTerm/.build-artifacts/DerivedData/g12-app/Build/Products/Debug-iphonesimulator/PackageFrameworks -F/Users/richard/code/BicTerm/.build-artifacts/DerivedData/g12-app/Build/Products/Debug-iphonesimulator/PackageFrameworks -F/Users/richard/code/BicTerm/.build-artifacts/DerivedData/g12-app/Build/Products/Debug-iphonesimulator -iframework /Applications/Xcode.app/Contents/Developer/Platforms/iPhoneSimulator.platform/Developer/Library/Frameworks -iframework /Applications/Xcode.app/Contents/Developer/Platforms/iPhoneSimulator.platform/Developer/SDKs/iPhoneSimulator26.5.sdk/Developer/Library/Frameworks -filelist /Users/richard/code/BicTerm/.build-artifacts/DerivedData/g12-app/Build/Intermediates.noindex/BicTerm.build/Debug-iphonesimulator/BicTermTests.build/Objects-normal/arm64/BicTermTests.LinkFileList -Xlinker -rpath -Xlinker /usr/lib/swift -Xlinker -rpath -Xlinker /Users/richard/code/BicTerm/.build-artifacts/DerivedData/g12-app/Build/Products/Debug-iphonesimulator/PackageFrameworks -Xlinker -rpath -Xlinker @loader_path/Frameworks -Xlinker -rpath -Xlinker @executable_path/Frameworks -Xlinker -dead_strip -bundle_loader /Users/richard/code/BicTerm/.build-artifacts/DerivedData/g12-app/Build/Products/Debug-iphonesimulator/BicTerm.app/BicTerm -Xlinker -object_path_lto -Xlinker /Users/richard/code/BicTerm/.build-artifacts/DerivedData/g12-app/Build/Intermediates.noindex/BicTerm.build/Debug-iphonesimulator/BicTermTests.build/Objects-normal/arm64/BicTermTests_lto.o -rdynamic -Xlinker -no_deduplicate -Xlinker -objc_abi_version -Xlinker 2 -Xlinker -dependency_info -Xlinker /Users/richard/code/BicTerm/.build-artifacts/DerivedData/g12-app/Build/Intermediates.noindex/BicTerm.build/Debug-iphonesimulator/BicTermTests.build/Objects-normal/arm64/BicTermTests_dependency_info.dat -fobjc-link-runtime -L/Applications/Xcode.app/Contents/Developer/Toolchains/XcodeDefault.xctoolchain/usr/lib/swift/iphonesimulator -L/usr/lib/swift -Xlinker -add_ast_path -Xlinker /Users/richard/code/BicTerm/.build-artifacts/DerivedData/g12-app/Build/Intermediates.noindex/BicTerm.build/Debug-iphonesimulator/BicTermTests.build/Objects-normal/arm64/BicTermTests.swiftmodule @/Users/richard/code/BicTerm/.build-artifacts/DerivedData/g12-app/Build/Intermediates.noindex/BicTerm.build/Debug-iphonesimulator/BicTermTests.build/Objects-normal/arm64/BicTermTests-linker-args.resp -Wl,-no_warn_duplicate_libraries -Wl,-no_warn_duplicate_libraries -Wl,-no_warn_duplicate_libraries -Wl,-no_warn_duplicate_libraries -Wl,-no_warn_duplicate_libraries -Wl,-no_warn_duplicate_libraries -Wl,-no_warn_duplicate_libraries -Wl,-no_warn_duplicate_libraries -Wl,-no_warn_duplicate_libraries -Wl,-no_warn_duplicate_libraries -Wl,-no_warn_duplicate_libraries -Wl,-no_warn_duplicate_libraries -Wl,-no_warn_duplicate_libraries -Wl,-no_warn_duplicate_libraries -Wl,-no_warn_duplicate_libraries -Wl,-no_warn_duplicate_libraries -Wl,-no_warn_duplicate_libraries -Wl,-no_warn_duplicate_libraries -Wl,-no_warn_duplicate_libraries -Wl,-no_warn_duplicate_libraries -Wl,-no_warn_duplicate_libraries -Wl,-no_warn_duplicate_libraries -Wl,-no_warn_duplicate_libraries -Wl,-no_warn_duplicate_libraries -Wl,-no_warn_duplicate_libraries -Wl,-no_warn_duplicate_libraries -Wl,-no_warn_duplicate_libraries -Xlinker -needed_framework -Xlinker XCTest -framework XCTest -Xlinker -needed-lXCTestSwiftSupport -lXCTestSwiftSupport /Users/richard/code/BicTerm/.build-artifacts/DerivedData/g12-app/Build/Products/Debug-iphonesimulator/BicTerm.app/BicTerm.debug.dylib -Xlinker -no_adhoc_codesign -o /Users/richard/code/BicTerm/.build-artifacts/DerivedData/g12-app/Build/Products/Debug-iphonesimulator/BicTerm.app/PlugIns/BicTermTests.xctest/BicTermTests

CopySwiftLibs /Users/richard/code/BicTerm/.build-artifacts/DerivedData/g12-app/Build/Products/Debug-iphonesimulator/BicTerm.app/PlugIns/BicTermTests.xctest (in target 'BicTermTests' from project 'BicTerm')
    cd /Users/richard/code/BicTerm
    builtin-swiftStdLibTool --copy --verbose --sign - --scan-executable /Users/richard/code/BicTerm/.build-artifacts/DerivedData/g12-app/Build/Products/Debug-iphonesimulator/BicTerm.app/PlugIns/BicTermTests.xctest/BicTermTests --scan-folder /Users/richard/code/BicTerm/.build-artifacts/DerivedData/g12-app/Build/Products/Debug-iphonesimulator/BicTerm.app/PlugIns/BicTermTests.xctest/Frameworks --scan-folder /Users/richard/code/BicTerm/.build-artifacts/DerivedData/g12-app/Build/Products/Debug-iphonesimulator/BicTerm.app/PlugIns/BicTermTests.xctest/PlugIns --scan-folder /Users/richard/code/BicTerm/.build-artifacts/DerivedData/g12-app/Build/Products/Debug-iphonesimulator/BicTerm.app/PlugIns/BicTermTests.xctest/SystemExtensions --scan-folder /Users/richard/code/BicTerm/.build-artifacts/DerivedData/g12-app/Build/Products/Debug-iphonesimulator/BicTerm.app/PlugIns/BicTermTests.xctest/Extensions --platform iphonesimulator --toolchain /var/run/com.apple.security.cryptexd/mnt/com.apple.MobileAsset.MetalToolchain-v17.6.109.0.ozHyXD/Metal.xctoolchain --toolchain /Applications/Xcode.app/Contents/Developer/Toolchains/XcodeDefault.xctoolchain --destination /Users/richard/code/BicTerm/.build-artifacts/DerivedData/g12-app/Build/Products/Debug-iphonesimulator/BicTerm.app/PlugIns/BicTermTests.xctest/Frameworks --strip-bitcode --scan-executable /Applications/Xcode.app/Contents/Developer/Platforms/iPhoneSimulator.platform/Developer/usr/lib/libXCTestSwiftSupport.dylib --strip-bitcode-tool /Applications/Xcode.app/Contents/Developer/Toolchains/XcodeDefault.xctoolchain/usr/bin/bitcode_strip --emit-dependency-info /Users/richard/code/BicTerm/.build-artifacts/DerivedData/g12-app/Build/Intermediates.noindex/BicTerm.build/Debug-iphonesimulator/BicTermTests.build/SwiftStdLibToolInputDependencies.dep --filter-for-swift-os

ExtractAppIntentsMetadata (in target 'BicTermTests' from project 'BicTerm')
    cd /Users/richard/code/BicTerm
    /Applications/Xcode.app/Contents/Developer/Toolchains/XcodeDefault.xctoolchain/usr/bin/appintentsmetadataprocessor --toolchain-dir /var/run/com.apple.security.cryptexd/mnt/com.apple.MobileAsset.MetalToolchain-v17.6.109.0.ozHyXD/Metal.xctoolchain --module-name BicTermTests --sdk-root /Applications/Xcode.app/Contents/Developer/Platforms/iPhoneSimulator.platform/Developer/SDKs/iPhoneSimulator26.5.sdk --xcode-version 17F113 --platform-family iOS --deployment-target 18.0 --bundle-identifier com.bicterm.BicTermTests --output /Users/richard/code/BicTerm/.build-artifacts/DerivedData/g12-app/Build/Products/Debug-iphonesimulator/BicTerm.app/PlugIns/BicTermTests.xctest --target-triple arm64-apple-ios18.0-simulator --binary-file /Users/richard/code/BicTerm/.build-artifacts/DerivedData/g12-app/Build/Products/Debug-iphonesimulator/BicTerm.app/PlugIns/BicTermTests.xctest/BicTermTests --dependency-file /Users/richard/code/BicTerm/.build-artifacts/DerivedData/g12-app/Build/Intermediates.noindex/BicTerm.build/Debug-iphonesimulator/BicTermTests.build/Objects-normal/arm64/BicTermTests_dependency_info.dat --stringsdata-file /Users/richard/code/BicTerm/.build-artifacts/DerivedData/g12-app/Build/Intermediates.noindex/BicTerm.build/Debug-iphonesimulator/BicTermTests.build/Objects-normal/arm64/ExtractedAppShortcutsMetadata.stringsdata --source-file-list /Users/richard/code/BicTerm/.build-artifacts/DerivedData/g12-app/Build/Intermediates.noindex/BicTerm.build/Debug-iphonesimulator/BicTermTests.build/Objects-normal/arm64/BicTermTests.SwiftFileList --metadata-file-list /Users/richard/code/BicTerm/.build-artifacts/DerivedData/g12-app/Build/Intermediates.noindex/BicTerm.build/Debug-iphonesimulator/BicTermTests.build/BicTermTests.DependencyMetadataFileList --static-metadata-file-list /Users/richard/code/BicTerm/.build-artifacts/DerivedData/g12-app/Build/Intermediates.noindex/BicTerm.build/Debug-iphonesimulator/BicTermTests.build/BicTermTests.DependencyStaticMetadataFileList --swift-const-vals-list /Users/richard/code/BicTerm/.build-artifacts/DerivedData/g12-app/Build/Intermediates.noindex/BicTerm.build/Debug-iphonesimulator/BicTermTests.build/Objects-normal/arm64/BicTermTests.SwiftConstValuesFileList --compile-time-extraction --deployment-aware-processing --validate-assistant-intents --no-app-shortcuts-localization
2026-09-09 17:14:44.924 appintentsmetadataprocessor[10501:32478937] Starting appintentsmetadataprocessor export
2026-09-09 17:14:44.925 appintentsmetadataprocessor[10501:32478937] warning: Metadata extraction skipped. No AppIntents.framework dependency found.

CodeSign /Users/richard/code/BicTerm/.build-artifacts/DerivedData/g12-app/Build/Products/Debug-iphonesimulator/BicTerm.app/PlugIns/BicTermTests.xctest (in target 'BicTermTests' from project 'BicTerm')
    cd /Users/richard/code/BicTerm
    
    Signing Identity:     "Sign to Run Locally"
    
    /usr/bin/codesign --force --sign - --timestamp\=none --generate-entitlement-der /Users/richard/code/BicTerm/.build-artifacts/DerivedData/g12-app/Build/Products/Debug-iphonesimulator/BicTerm.app/PlugIns/BicTermTests.xctest

CodeSign /Users/richard/code/BicTerm/.build-artifacts/DerivedData/g12-app/Build/Products/Debug-iphonesimulator/BicTerm.app/BicTerm.debug.dylib (in target 'BicTerm' from project 'BicTerm')
    cd /Users/richard/code/BicTerm
    
    Signing Identity:     "Sign to Run Locally"
    
    /usr/bin/codesign --force --sign - --timestamp\=none --generate-entitlement-der /Users/richard/code/BicTerm/.build-artifacts/DerivedData/g12-app/Build/Products/Debug-iphonesimulator/BicTerm.app/BicTerm.debug.dylib

CodeSign /Users/richard/code/BicTerm/.build-artifacts/DerivedData/g12-app/Build/Products/Debug-iphonesimulator/BicTerm.app/__preview.dylib (in target 'BicTerm' from project 'BicTerm')
    cd /Users/richard/code/BicTerm
    
    Signing Identity:     "Sign to Run Locally"
    
    /usr/bin/codesign --force --sign - --timestamp\=none --generate-entitlement-der /Users/richard/code/BicTerm/.build-artifacts/DerivedData/g12-app/Build/Products/Debug-iphonesimulator/BicTerm.app/__preview.dylib
/Users/richard/code/BicTerm/.build-artifacts/DerivedData/g12-app/Build/Products/Debug-iphonesimulator/BicTerm.app/__preview.dylib: replacing existing signature

CodeSign /Users/richard/code/BicTerm/.build-artifacts/DerivedData/g12-app/Build/Products/Debug-iphonesimulator/BicTerm.app (in target 'BicTerm' from project 'BicTerm')
    cd /Users/richard/code/BicTerm
    
    Signing Identity:     "Sign to Run Locally"
    
    /usr/bin/codesign --force --sign - --timestamp\=none --generate-entitlement-der /Users/richard/code/BicTerm/.build-artifacts/DerivedData/g12-app/Build/Products/Debug-iphonesimulator/BicTerm.app

Validate /Users/richard/code/BicTerm/.build-artifacts/DerivedData/g12-app/Build/Products/Debug-iphonesimulator/BicTerm.app (in target 'BicTerm' from project 'BicTerm')
    cd /Users/richard/code/BicTerm
    builtin-validationUtility /Users/richard/code/BicTerm/.build-artifacts/DerivedData/g12-app/Build/Products/Debug-iphonesimulator/BicTerm.app -shallow-bundle -infoplist-subpath Info.plist

ProcessInfoPlistFile /Users/richard/code/BicTerm/.build-artifacts/DerivedData/g12-app/Build/Products/Debug-iphonesimulator/BicTermUITests-Runner.app/PlugIns/BicTermUITests.xctest/Info.plist /Users/richard/code/BicTerm/.build-artifacts/DerivedData/g12-app/Build/Intermediates.noindex/BicTerm.build/Debug-iphonesimulator/BicTermUITests.build/empty-BicTermUITests.plist (in target 'BicTermUITests' from project 'BicTerm')
    cd /Users/richard/code/BicTerm
    builtin-infoPlistUtility /Users/richard/code/BicTerm/.build-artifacts/DerivedData/g12-app/Build/Intermediates.noindex/BicTerm.build/Debug-iphonesimulator/BicTermUITests.build/empty-BicTermUITests.plist -producttype com.apple.product-type.bundle.ui-testing -expandbuildsettings -format binary -platform iphonesimulator -additionalcontentfile /Users/richard/code/BicTerm/.build-artifacts/DerivedData/g12-app/Build/Intermediates.noindex/BicTerm.build/Debug-iphonesimulator/BicTermUITests.build/ProductTypeInfoPlistAdditions.plist -o /Users/richard/code/BicTerm/.build-artifacts/DerivedData/g12-app/Build/Products/Debug-iphonesimulator/BicTermUITests-Runner.app/PlugIns/BicTermUITests.xctest/Info.plist

CopySwiftLibs /Users/richard/code/BicTerm/.build-artifacts/DerivedData/g12-app/Build/Products/Debug-iphonesimulator/BicTermUITests-Runner.app/PlugIns/BicTermUITests.xctest (in target 'BicTermUITests' from project 'BicTerm')
    cd /Users/richard/code/BicTerm
    builtin-swiftStdLibTool --copy --verbose --sign - --scan-executable /Users/richard/code/BicTerm/.build-artifacts/DerivedData/g12-app/Build/Products/Debug-iphonesimulator/BicTermUITests-Runner.app/PlugIns/BicTermUITests.xctest/BicTermUITests --scan-folder /Users/richard/code/BicTerm/.build-artifacts/DerivedData/g12-app/Build/Products/Debug-iphonesimulator/BicTermUITests-Runner.app/PlugIns/BicTermUITests.xctest/Frameworks --scan-folder /Users/richard/code/BicTerm/.build-artifacts/DerivedData/g12-app/Build/Products/Debug-iphonesimulator/BicTermUITests-Runner.app/PlugIns/BicTermUITests.xctest/PlugIns --scan-folder /Users/richard/code/BicTerm/.build-artifacts/DerivedData/g12-app/Build/Products/Debug-iphonesimulator/BicTermUITests-Runner.app/PlugIns/BicTermUITests.xctest/SystemExtensions --scan-folder /Users/richard/code/BicTerm/.build-artifacts/DerivedData/g12-app/Build/Products/Debug-iphonesimulator/BicTermUITests-Runner.app/PlugIns/BicTermUITests.xctest/Extensions --platform iphonesimulator --toolchain /var/run/com.apple.security.cryptexd/mnt/com.apple.MobileAsset.MetalToolchain-v17.6.109.0.ozHyXD/Metal.xctoolchain --toolchain /Applications/Xcode.app/Contents/Developer/Toolchains/XcodeDefault.xctoolchain --destination /Users/richard/code/BicTerm/.build-artifacts/DerivedData/g12-app/Build/Products/Debug-iphonesimulator/BicTermUITests-Runner.app/PlugIns/BicTermUITests.xctest/Frameworks --strip-bitcode --scan-executable /Applications/Xcode.app/Contents/Developer/Platforms/iPhoneSimulator.platform/Developer/usr/lib/libXCTestSwiftSupport.dylib --strip-bitcode-tool /Applications/Xcode.app/Contents/Developer/Toolchains/XcodeDefault.xctoolchain/usr/bin/bitcode_strip --emit-dependency-info /Users/richard/code/BicTerm/.build-artifacts/DerivedData/g12-app/Build/Intermediates.noindex/BicTerm.build/Debug-iphonesimulator/BicTermUITests.build/SwiftStdLibToolInputDependencies.dep --filter-for-swift-os

Test Suite 'Selected tests' started at 2026-09-09 17:14:47.372.
Test Suite 'BicTermTests.xctest' started at 2026-09-09 17:14:47.372.
Test Suite 'CoderNativeLifecycleActionTests' started at 2026-09-09 17:14:47.372.
Test Case '-[BicTermTests.CoderNativeLifecycleActionTests testDormantWorkspaceRequiresReactivationWithoutMutation]' started.
/Users/richard/code/BicTerm/BicTermTests/CoderNativeLifecycleActionTests.swift:49: error: -[BicTermTests.CoderNativeLifecycleActionTests testDormantWorkspaceRequiresReactivationWithoutMutation] : XCTAssertEqual failed: ("Optional("Coder server unreachable")") is not equal to ("Optional("Workspace is dormant")")
/Users/richard/code/BicTerm/BicTermTests/CoderNativeLifecycleActionTests.swift:50: error: -[BicTermTests.CoderNativeLifecycleActionTests testDormantWorkspaceRequiresReactivationWithoutMutation] : XCTAssertEqual failed: ("1") is not equal to ("0")
/Users/richard/code/BicTerm/BicTermTests/CoderNativeLifecycleActionTests.swift:52: error: -[BicTermTests.CoderNativeLifecycleActionTests testDormantWorkspaceRequiresReactivationWithoutMutation] : XCTAssertEqual failed: ("CoderWorkspaceDetail(id: E7BD47D9-AF8D-48D8-A5C6-E955BB2C34A4, name: "g12-action-dormant", ownerName: "coder-fixture", dormantAt: nil, latestBuild: BicTerm.CoderWorkspaceDetail.LatestBuild(status: "starting", transition: "start", agents: [], agentLifecycles: [:]))") is not equal to ("CoderWorkspaceDetail(id: E7BD47D9-AF8D-48D8-A5C6-E955BB2C34A4, name: "g12-action-dormant", ownerName: "coder-fixture", dormantAt: Optional("2026-09-09T17:14:07.407607-06:00"), latestBuild: BicTerm.CoderWorkspaceDetail.LatestBuild(status: "stopped", transition: "stop", agents: [], agentLifecycles: [:]))") - An action-required attempt must not change lifecycle state
/Users/richard/code/BicTerm/BicTermTests/CoderNativeLifecycleActionTests.swift:54: error: -[BicTermTests.CoderNativeLifecycleActionTests testDormantWorkspaceRequiresReactivationWithoutMutation] : XCTAssertTrue failed - Lifecycle and parameter gates must issue reads only
NATIVE_ACTION dormant methods=GET,GET,POST,GET,GET title=Coder server unreachable unchanged=false
Test Case '-[BicTermTests.CoderNativeLifecycleActionTests testDormantWorkspaceRequiresReactivationWithoutMutation]' failed (0.240 seconds).
Test Case '-[BicTermTests.CoderNativeLifecycleActionTests testParameterMismatchRequiresAnswersWithoutMutation]' started.
NATIVE_ACTION parameters methods=GET,GET,GET title=Startup parameters required unchanged=true
Test Case '-[BicTermTests.CoderNativeLifecycleActionTests testParameterMismatchRequiresAnswersWithoutMutation]' passed (0.082 seconds).
Test Suite 'CoderNativeLifecycleActionTests' failed at 2026-09-09 17:14:47.696.
	 Executed 2 tests, with 4 failures (0 unexpected) in 0.322 (0.324) seconds
Test Suite 'BicTermTests.xctest' failed at 2026-09-09 17:14:47.696.
	 Executed 2 tests, with 4 failures (0 unexpected) in 0.322 (0.324) seconds
Test Suite 'Selected tests' failed at 2026-09-09 17:14:47.697.
	 Executed 2 tests, with 4 failures (0 unexpected) in 0.322 (0.325) seconds
2026-09-09 17:14:57.309 xcodebuild[10120:32475807] [MT] IDETestOperationsObserverDebug: 12.053 elapsed -- Testing started completed.
2026-09-09 17:14:57.309 xcodebuild[10120:32475807] [MT] IDETestOperationsObserverDebug: 0.000 sec, +0.000 sec -- start
2026-09-09 17:14:57.309 xcodebuild[10120:32475807] [MT] IDETestOperationsObserverDebug: 12.053 sec, +12.053 sec -- end

Test session results, code coverage, and logs:
	/Users/richard/code/BicTerm/.build-artifacts/DerivedData/g12-app/Logs/Test/Test-BicTerm-2026.09.09_17-14-34--0600.xcresult

Failing tests:
	CoderNativeLifecycleActionTests.testDormantWorkspaceRequiresReactivationWithoutMutation()
	CoderNativeLifecycleActionTests.testDormantWorkspaceRequiresReactivationWithoutMutation()
	CoderNativeLifecycleActionTests.testDormantWorkspaceRequiresReactivationWithoutMutation()
	CoderNativeLifecycleActionTests.testDormantWorkspaceRequiresReactivationWithoutMutation()

** TEST FAILED **

Testing started
