Command line invocation:
    /Applications/Xcode.app/Contents/Developer/usr/bin/xcodebuild test -scheme BicTerm -destination "platform=iOS Simulator,id=732CE8E1-F9EF-4020-BF93-5BA1AA365B0E" -derivedDataPath .build-artifacts/DerivedData/t19 -skipPackagePluginValidation -skipMacroValidation "-only-testing:BicTermUITests/TerminalUITests" "-only-testing:BicTermUITests/HerdrWorkspaceUITests" "-only-testing:BicTermUITests/HerdrInputUITests" "-only-testing:BicTermUITests/HerdrClipboardUITests" "-only-testing:BicTermUITests/HerdrLifecycleUITests"

Resolve Package Graph


Resolved source packages:
  SymbolKit: https://github.com/swiftlang/swift-docc-symbolkit @ 1.0.0
  swift-argument-parser: https://github.com/apple/swift-argument-parser @ 1.8.2
  SwiftTerm: /Users/richard/code/BicTerm/Vendor/SwiftTerm
  swift-nio: https://github.com/apple/swift-nio.git @ 2.102.0
  swift-collections: https://github.com/apple/swift-collections.git @ 1.6.0
  swift-asn1: https://github.com/apple/swift-asn1.git @ 1.7.2
  SwiftDocCPlugin: https://github.com/apple/swift-docc-plugin @ 1.5.0
  swift-system: https://github.com/apple/swift-system.git @ 1.8.1
  swift-atomics: https://github.com/apple/swift-atomics.git @ 1.3.1
  swift-crypto: https://github.com/apple/swift-crypto.git @ 4.5.2
  BicTermCore: /Users/richard/code/BicTerm/BicTermCore
  swift-nio-ssh: /Users/richard/code/BicTerm/Vendor/swift-nio-ssh @ local

ComputePackagePrebuildTargetDependencyGraph

Prepare packages

Compile plug-in “SwiftTermBuildInfoPlugin” in package “swiftterm”
[debug]: Compiling plugin to executable at /Users/richard/code/BicTerm/.build-artifacts/DerivedData/t19/Build/Products/PluginExecutables/SwiftTermBuildInfoPlugin
[debug]: Using compiler /Applications/Xcode.app/Contents/Developer/Toolchains/XcodeDefault.xctoolchain/usr/bin/swiftc
[debug]: Plugin compilation output directory '/Users/richard/code/BicTerm/.build-artifacts/DerivedData/t19/Build/Products/PluginExecutables'
[debug]: Computed hash of plugin compilation inputs: 078d9ee961f9d2b18f3f14c38a7f3b43e3554e4df4475da8d8abfe39460f42e0


Apply build tool plug-in “SwiftTermBuildInfoPlugin” to target “SwiftTerm” in package “swiftterm”

Process build tool plug-in results
package: <IDESwiftPackageCore.IDESwiftPackage:0x8c3bae100 path:'/Users/richard/code/BicTerm/Vendor/SwiftTerm'>
    target: SwiftTerm
        prebuildCommandOutputPaths: []
        buildCommands: [SwiftPM.SPMCustomBuildCommand(displayName: Optional("Generate SwiftTerm build information"), executable: "/${BUILD_DIR}/${CONFIGURATION}/SwiftTermBuildInfoGenerator", arguments: ["/Users/richard/code/BicTerm/Vendor/SwiftTerm", "/Users/richard/code/BicTerm/.build-artifacts/DerivedData/t19/Build/Intermediates.noindex/BuildToolPluginIntermediates/swiftterm.output/SwiftTerm/SwiftTermBuildInfoPlugin/Generated/SwiftTermBuildInfo.swift"], environment: [:], workingDir: nil, inputPaths: [SwiftPM.SPMAbsolutePath(absolutePath: <AbsolutePath:"/Users/richard/code/BicTerm/.build-artifacts/DerivedData/t19/Build/Intermediates.noindex/BuildToolPluginIntermediates/swiftterm.output/SwiftTerm/SwiftTermBuildInfoPlugin/build-info-trigger">)], pluginOutputDir: SwiftPM.SPMAbsolutePath(absolutePath: <AbsolutePath:"/Users/richard/code/BicTerm/.build-artifacts/DerivedData/t19/Build/Intermediates.noindex/BuildToolPluginIntermediates/swiftterm.output/SwiftTerm/SwiftTermBuildInfoPlugin">), outputPaths: ["/Users/richard/code/BicTerm/.build-artifacts/DerivedData/t19/Build/Intermediates.noindex/BuildToolPluginIntermediates/swiftterm.output/SwiftTerm/SwiftTermBuildInfoPlugin/Generated/SwiftTermBuildInfo.swift"], sandboxProfile: Optional(SwiftPM.SPMSandboxProfile(strictness: Basics.Sandbox.Strictness.writableTemporaryDirectory, writableDirectories: [<AbsolutePath:"/Users/richard/code/BicTerm/.build-artifacts/DerivedData/t19/Build/Intermediates.noindex/BuildToolPluginIntermediates/swiftterm.output/SwiftTerm/SwiftTermBuildInfoPlugin">], readOnlyDirectories: [<AbsolutePath:"/Users/richard/code/BicTerm/Vendor/SwiftTerm">])))]
        allDerivedOutputPaths: [SwiftPM.SPMAbsolutePath(absolutePath: <AbsolutePath:"/Users/richard/code/BicTerm/.build-artifacts/DerivedData/t19/Build/Intermediates.noindex/BuildToolPluginIntermediates/swiftterm.output/SwiftTerm/SwiftTermBuildInfoPlugin/Generated/SwiftTermBuildInfo.swift">)]

CreateBuildRequest

SendProjectDescription

CreateBuildOperation

ComputeTargetDependencyGraph
note: Building targets in dependency order
note: Target dependency graph (49 targets)
    Target 'BicTermUITests' in project 'BicTerm'
        ➜ Explicit dependency on target 'BicTerm' in project 'BicTerm'
    Target 'BicTermTests' in project 'BicTerm'
        ➜ Explicit dependency on target 'BicTerm' in project 'BicTerm'
    Target 'BicTerm' in project 'BicTerm'
        ➜ Explicit dependency on target 'HerdrClientCore' in project 'BicTerm'
        ➜ Implicit dependency on target 'CoderTunnel' in project 'BicTerm' via options '-framework CoderTunnel' in build setting 'OTHER_LDFLAGS'
        ➜ Explicit dependency on target 'BicTermCore' in project 'BicTermCore'
        ➜ Explicit dependency on target 'SwiftTerm' in project 'SwiftTerm'
    Target 'SwiftTerm' in project 'SwiftTerm'
        ➜ Explicit dependency on target 'SwiftTerm' in project 'SwiftTerm'
        ➜ Explicit dependency on target 'SwiftTerm_SwiftTerm' in project 'SwiftTerm'
        ➜ Explicit dependency on target 'SwiftTermBuildInfoGenerator' in project 'SwiftTerm'
        ➜ Explicit dependency on target 'SwiftTermBuildInfoPlugin' in project 'SwiftTerm'
    Target 'SwiftTerm' in project 'SwiftTerm'
        ➜ Explicit dependency on target 'SwiftTerm_SwiftTerm' in project 'SwiftTerm'
        ➜ Explicit dependency on target 'SwiftTermBuildInfoGenerator' in project 'SwiftTerm'
        ➜ Explicit dependency on target 'SwiftTermBuildInfoPlugin' in project 'SwiftTerm'
    Target 'SwiftTermBuildInfoGenerator' in project 'SwiftTerm' (no dependencies)
    Target 'SwiftTerm_SwiftTerm' in project 'SwiftTerm'
        ➜ Explicit dependency on target 'SwiftTermBuildInfoPlugin' in project 'SwiftTerm'
    Target 'SwiftTermBuildInfoPlugin' in project 'SwiftTerm'
        ➜ Explicit dependency on target 'SwiftTermBuildInfoGenerator' in project 'SwiftTerm'
    Target 'SwiftTermBuildInfoGenerator' in project 'SwiftTerm' (no dependencies)
    Target 'CoderTunnel' in project 'BicTerm'
        ➜ Explicit dependency on target 'BicTermCore' in project 'BicTermCore'
    Target 'BicTermCore' in project 'BicTermCore'
        ➜ Explicit dependency on target 'BicTermCore' in project 'BicTermCore'
        ➜ Explicit dependency on target 'CBcryptPBKDF' in project 'BicTermCore'
        ➜ Explicit dependency on target 'NIOSSH' in project 'swift-nio-ssh'
        ➜ Explicit dependency on target 'NIOCore' in project 'swift-nio'
        ➜ Explicit dependency on target 'NIOPosix' in project 'swift-nio'
    Target 'BicTermCore' in project 'BicTermCore'
        ➜ Explicit dependency on target 'CBcryptPBKDF' in project 'BicTermCore'
        ➜ Explicit dependency on target 'NIOSSH' in project 'swift-nio-ssh'
        ➜ Explicit dependency on target 'NIOCore' in project 'swift-nio'
        ➜ Explicit dependency on target 'NIOPosix' in project 'swift-nio'
    Target 'NIOPosix' in project 'swift-nio'
        ➜ Explicit dependency on target 'NIOPosix' in project 'swift-nio'
        ➜ Explicit dependency on target 'swift-nio_NIOPosix' in project 'swift-nio'
        ➜ Explicit dependency on target 'CNIOOpenBSD' in project 'swift-nio'
        ➜ Explicit dependency on target 'CNIOLinux' in project 'swift-nio'
        ➜ Explicit dependency on target 'CNIODarwin' in project 'swift-nio'
        ➜ Explicit dependency on target 'CNIOWindows' in project 'swift-nio'
        ➜ Explicit dependency on target 'CNIOAtomics' in project 'swift-nio'
        ➜ Explicit dependency on target 'NIOConcurrencyHelpers' in project 'swift-nio'
        ➜ Explicit dependency on target '_NIOBase64' in project 'swift-nio'
        ➜ Explicit dependency on target 'CNIOFreeBSD' in project 'swift-nio'
        ➜ Explicit dependency on target 'CNIOWASI' in project 'swift-nio'
        ➜ Explicit dependency on target '_NIODataStructures' in project 'swift-nio'
        ➜ Explicit dependency on target 'NIOCore' in project 'swift-nio'
        ➜ Explicit dependency on target 'CNIOPosix' in project 'swift-nio'
        ➜ Explicit dependency on target 'DequeModule' in project 'swift-collections'
        ➜ Explicit dependency on target 'Atomics' in project 'swift-atomics'
    Target 'NIOSSH' in project 'swift-nio-ssh'
        ➜ Explicit dependency on target 'NIOSSH' in project 'swift-nio-ssh'
        ➜ Explicit dependency on target 'NIOCore' in project 'swift-nio'
        ➜ Explicit dependency on target 'NIOConcurrencyHelpers' in project 'swift-nio'
        ➜ Explicit dependency on target 'NIOFoundationCompat' in project 'swift-nio'
        ➜ Explicit dependency on target 'Crypto' in project 'swift-crypto'
        ➜ Explicit dependency on target 'Atomics' in project 'swift-atomics'
    Target 'NIOSSH' in project 'swift-nio-ssh'
        ➜ Explicit dependency on target 'NIOCore' in project 'swift-nio'
        ➜ Explicit dependency on target 'NIOConcurrencyHelpers' in project 'swift-nio'
        ➜ Explicit dependency on target 'NIOFoundationCompat' in project 'swift-nio'
        ➜ Explicit dependency on target 'Crypto' in project 'swift-crypto'
        ➜ Explicit dependency on target 'Atomics' in project 'swift-atomics'
    Target 'Crypto' in project 'swift-crypto'
        ➜ Explicit dependency on target 'Crypto' in project 'swift-crypto'
        ➜ Explicit dependency on target 'swift-crypto_Crypto' in project 'swift-crypto'
    Target 'Crypto' in project 'swift-crypto'
        ➜ Explicit dependency on target 'swift-crypto_Crypto' in project 'swift-crypto'
    Target 'swift-crypto_Crypto' in project 'swift-crypto' (no dependencies)
    Target 'NIOFoundationCompat' in project 'swift-nio'
        ➜ Explicit dependency on target 'NIOFoundationCompat' in project 'swift-nio'
        ➜ Explicit dependency on target 'CNIOAtomics' in project 'swift-nio'
        ➜ Explicit dependency on target 'NIOConcurrencyHelpers' in project 'swift-nio'
        ➜ Explicit dependency on target '_NIOBase64' in project 'swift-nio'
        ➜ Explicit dependency on target 'CNIOOpenBSD' in project 'swift-nio'
        ➜ Explicit dependency on target 'CNIOFreeBSD' in project 'swift-nio'
        ➜ Explicit dependency on target 'CNIODarwin' in project 'swift-nio'
        ➜ Explicit dependency on target 'CNIOLinux' in project 'swift-nio'
        ➜ Explicit dependency on target 'CNIOWindows' in project 'swift-nio'
        ➜ Explicit dependency on target 'CNIOWASI' in project 'swift-nio'
        ➜ Explicit dependency on target '_NIODataStructures' in project 'swift-nio'
        ➜ Explicit dependency on target 'NIOCore' in project 'swift-nio'
        ➜ Explicit dependency on target 'NIOEmbedded' in project 'swift-nio'
        ➜ Explicit dependency on target 'CNIOPosix' in project 'swift-nio'
        ➜ Explicit dependency on target 'NIOPosix' in project 'swift-nio'
        ➜ Explicit dependency on target 'NIO' in project 'swift-nio'
        ➜ Explicit dependency on target 'NIOFoundationEssentialsCompat' in project 'swift-nio'
        ➜ Explicit dependency on target 'DequeModule' in project 'swift-collections'
        ➜ Explicit dependency on target 'Atomics' in project 'swift-atomics'
    Target 'NIOFoundationCompat' in project 'swift-nio'
        ➜ Explicit dependency on target 'CNIOAtomics' in project 'swift-nio'
        ➜ Explicit dependency on target 'NIOConcurrencyHelpers' in project 'swift-nio'
        ➜ Explicit dependency on target '_NIOBase64' in project 'swift-nio'
        ➜ Explicit dependency on target 'CNIOOpenBSD' in project 'swift-nio'
        ➜ Explicit dependency on target 'CNIOFreeBSD' in project 'swift-nio'
        ➜ Explicit dependency on target 'CNIODarwin' in project 'swift-nio'
        ➜ Explicit dependency on target 'CNIOLinux' in project 'swift-nio'
        ➜ Explicit dependency on target 'CNIOWindows' in project 'swift-nio'
        ➜ Explicit dependency on target 'CNIOWASI' in project 'swift-nio'
        ➜ Explicit dependency on target '_NIODataStructures' in project 'swift-nio'
        ➜ Explicit dependency on target 'NIOCore' in project 'swift-nio'
        ➜ Explicit dependency on target 'NIOEmbedded' in project 'swift-nio'
        ➜ Explicit dependency on target 'CNIOPosix' in project 'swift-nio'
        ➜ Explicit dependency on target 'NIOPosix' in project 'swift-nio'
        ➜ Explicit dependency on target 'NIO' in project 'swift-nio'
        ➜ Explicit dependency on target 'NIOFoundationEssentialsCompat' in project 'swift-nio'
        ➜ Explicit dependency on target 'DequeModule' in project 'swift-collections'
        ➜ Explicit dependency on target 'Atomics' in project 'swift-atomics'
    Target 'NIOFoundationEssentialsCompat' in project 'swift-nio'
        ➜ Explicit dependency on target 'CNIOAtomics' in project 'swift-nio'
        ➜ Explicit dependency on target 'NIOConcurrencyHelpers' in project 'swift-nio'
        ➜ Explicit dependency on target '_NIOBase64' in project 'swift-nio'
        ➜ Explicit dependency on target 'CNIOOpenBSD' in project 'swift-nio'
        ➜ Explicit dependency on target 'CNIOFreeBSD' in project 'swift-nio'
        ➜ Explicit dependency on target 'CNIODarwin' in project 'swift-nio'
        ➜ Explicit dependency on target 'CNIOLinux' in project 'swift-nio'
        ➜ Explicit dependency on target 'CNIOWindows' in project 'swift-nio'
        ➜ Explicit dependency on target 'CNIOWASI' in project 'swift-nio'
        ➜ Explicit dependency on target '_NIODataStructures' in project 'swift-nio'
        ➜ Explicit dependency on target 'NIOCore' in project 'swift-nio'
        ➜ Explicit dependency on target 'DequeModule' in project 'swift-collections'
        ➜ Explicit dependency on target 'Atomics' in project 'swift-atomics'
    Target 'NIO' in project 'swift-nio'
        ➜ Explicit dependency on target 'CNIOAtomics' in project 'swift-nio'
        ➜ Explicit dependency on target 'NIOConcurrencyHelpers' in project 'swift-nio'
        ➜ Explicit dependency on target '_NIOBase64' in project 'swift-nio'
        ➜ Explicit dependency on target 'CNIOOpenBSD' in project 'swift-nio'
        ➜ Explicit dependency on target 'CNIOFreeBSD' in project 'swift-nio'
        ➜ Explicit dependency on target 'CNIODarwin' in project 'swift-nio'
        ➜ Explicit dependency on target 'CNIOLinux' in project 'swift-nio'
        ➜ Explicit dependency on target 'CNIOWindows' in project 'swift-nio'
        ➜ Explicit dependency on target 'CNIOWASI' in project 'swift-nio'
        ➜ Explicit dependency on target '_NIODataStructures' in project 'swift-nio'
        ➜ Explicit dependency on target 'NIOCore' in project 'swift-nio'
        ➜ Explicit dependency on target 'NIOEmbedded' in project 'swift-nio'
        ➜ Explicit dependency on target 'CNIOPosix' in project 'swift-nio'
        ➜ Explicit dependency on target 'NIOPosix' in project 'swift-nio'
        ➜ Explicit dependency on target 'DequeModule' in project 'swift-collections'
        ➜ Explicit dependency on target 'Atomics' in project 'swift-atomics'
    Target 'NIOPosix' in project 'swift-nio'
        ➜ Explicit dependency on target 'swift-nio_NIOPosix' in project 'swift-nio'
        ➜ Explicit dependency on target 'CNIOOpenBSD' in project 'swift-nio'
        ➜ Explicit dependency on target 'CNIOLinux' in project 'swift-nio'
        ➜ Explicit dependency on target 'CNIODarwin' in project 'swift-nio'
        ➜ Explicit dependency on target 'CNIOWindows' in project 'swift-nio'
        ➜ Explicit dependency on target 'CNIOAtomics' in project 'swift-nio'
        ➜ Explicit dependency on target 'NIOConcurrencyHelpers' in project 'swift-nio'
        ➜ Explicit dependency on target '_NIOBase64' in project 'swift-nio'
        ➜ Explicit dependency on target 'CNIOFreeBSD' in project 'swift-nio'
        ➜ Explicit dependency on target 'CNIOWASI' in project 'swift-nio'
        ➜ Explicit dependency on target '_NIODataStructures' in project 'swift-nio'
        ➜ Explicit dependency on target 'NIOCore' in project 'swift-nio'
        ➜ Explicit dependency on target 'CNIOPosix' in project 'swift-nio'
        ➜ Explicit dependency on target 'DequeModule' in project 'swift-collections'
        ➜ Explicit dependency on target 'Atomics' in project 'swift-atomics'
    Target 'swift-nio_NIOPosix' in project 'swift-nio' (no dependencies)
    Target 'CNIOPosix' in project 'swift-nio' (no dependencies)
    Target 'NIOEmbedded' in project 'swift-nio'
        ➜ Explicit dependency on target 'CNIOAtomics' in project 'swift-nio'
        ➜ Explicit dependency on target 'NIOConcurrencyHelpers' in project 'swift-nio'
        ➜ Explicit dependency on target '_NIOBase64' in project 'swift-nio'
        ➜ Explicit dependency on target 'CNIOOpenBSD' in project 'swift-nio'
        ➜ Explicit dependency on target 'CNIOFreeBSD' in project 'swift-nio'
        ➜ Explicit dependency on target 'CNIODarwin' in project 'swift-nio'
        ➜ Explicit dependency on target 'CNIOLinux' in project 'swift-nio'
        ➜ Explicit dependency on target 'CNIOWindows' in project 'swift-nio'
        ➜ Explicit dependency on target 'CNIOWASI' in project 'swift-nio'
        ➜ Explicit dependency on target '_NIODataStructures' in project 'swift-nio'
        ➜ Explicit dependency on target 'NIOCore' in project 'swift-nio'
        ➜ Explicit dependency on target 'DequeModule' in project 'swift-collections'
        ➜ Explicit dependency on target 'Atomics' in project 'swift-atomics'
    Target 'NIOConcurrencyHelpers' in project 'swift-nio'
        ➜ Explicit dependency on target 'NIOConcurrencyHelpers' in project 'swift-nio'
        ➜ Explicit dependency on target 'CNIOAtomics' in project 'swift-nio'
    Target 'NIOCore' in project 'swift-nio'
        ➜ Explicit dependency on target 'NIOCore' in project 'swift-nio'
        ➜ Explicit dependency on target 'CNIOAtomics' in project 'swift-nio'
        ➜ Explicit dependency on target 'NIOConcurrencyHelpers' in project 'swift-nio'
        ➜ Explicit dependency on target '_NIOBase64' in project 'swift-nio'
        ➜ Explicit dependency on target 'CNIOOpenBSD' in project 'swift-nio'
        ➜ Explicit dependency on target 'CNIOFreeBSD' in project 'swift-nio'
        ➜ Explicit dependency on target 'CNIODarwin' in project 'swift-nio'
        ➜ Explicit dependency on target 'CNIOLinux' in project 'swift-nio'
        ➜ Explicit dependency on target 'CNIOWindows' in project 'swift-nio'
        ➜ Explicit dependency on target 'CNIOWASI' in project 'swift-nio'
        ➜ Explicit dependency on target '_NIODataStructures' in project 'swift-nio'
        ➜ Explicit dependency on target 'DequeModule' in project 'swift-collections'
        ➜ Explicit dependency on target 'Atomics' in project 'swift-atomics'
    Target 'NIOCore' in project 'swift-nio'
        ➜ Explicit dependency on target 'CNIOAtomics' in project 'swift-nio'
        ➜ Explicit dependency on target 'NIOConcurrencyHelpers' in project 'swift-nio'
        ➜ Explicit dependency on target '_NIOBase64' in project 'swift-nio'
        ➜ Explicit dependency on target 'CNIOOpenBSD' in project 'swift-nio'
        ➜ Explicit dependency on target 'CNIOFreeBSD' in project 'swift-nio'
        ➜ Explicit dependency on target 'CNIODarwin' in project 'swift-nio'
        ➜ Explicit dependency on target 'CNIOLinux' in project 'swift-nio'
        ➜ Explicit dependency on target 'CNIOWindows' in project 'swift-nio'
        ➜ Explicit dependency on target 'CNIOWASI' in project 'swift-nio'
        ➜ Explicit dependency on target '_NIODataStructures' in project 'swift-nio'
        ➜ Explicit dependency on target 'DequeModule' in project 'swift-collections'
        ➜ Explicit dependency on target 'Atomics' in project 'swift-atomics'
    Target 'Atomics' in project 'swift-atomics'
        ➜ Explicit dependency on target 'Atomics' in project 'swift-atomics'
        ➜ Explicit dependency on target '_AtomicsShims' in project 'swift-atomics'
    Target 'Atomics' in project 'swift-atomics'
        ➜ Explicit dependency on target '_AtomicsShims' in project 'swift-atomics'
    Target '_AtomicsShims' in project 'swift-atomics' (no dependencies)
    Target 'DequeModule' in project 'swift-collections'
        ➜ Explicit dependency on target 'DequeModule' in project 'swift-collections'
        ➜ Explicit dependency on target 'InternalCollectionsUtilities' in project 'swift-collections'
        ➜ Explicit dependency on target 'ContainersPreview' in project 'swift-collections'
    Target 'DequeModule' in project 'swift-collections'
        ➜ Explicit dependency on target 'InternalCollectionsUtilities' in project 'swift-collections'
        ➜ Explicit dependency on target 'ContainersPreview' in project 'swift-collections'
    Target 'ContainersPreview' in project 'swift-collections'
        ➜ Explicit dependency on target 'InternalCollectionsUtilities' in project 'swift-collections'
    Target 'InternalCollectionsUtilities' in project 'swift-collections' (no dependencies)
    Target '_NIODataStructures' in project 'swift-nio' (no dependencies)
    Target 'CNIOWASI' in project 'swift-nio' (no dependencies)
    Target 'CNIOWindows' in project 'swift-nio' (no dependencies)
    Target 'CNIOLinux' in project 'swift-nio' (no dependencies)
    Target 'CNIODarwin' in project 'swift-nio' (no dependencies)
    Target 'CNIOFreeBSD' in project 'swift-nio' (no dependencies)
    Target 'CNIOOpenBSD' in project 'swift-nio' (no dependencies)
    Target '_NIOBase64' in project 'swift-nio' (no dependencies)
    Target 'NIOConcurrencyHelpers' in project 'swift-nio'
        ➜ Explicit dependency on target 'CNIOAtomics' in project 'swift-nio'
    Target 'CNIOAtomics' in project 'swift-nio' (no dependencies)
    Target 'CBcryptPBKDF' in project 'BicTermCore' (no dependencies)
    Target 'HerdrClientCore' in project 'BicTerm'
        ➜ Explicit dependency on target 'HerdrCoreC' in project 'BicTerm'
    Target 'HerdrCoreC' in project 'BicTerm' (no dependencies)

GatherProvisioningInputs

CreateBuildDescription

ClangStatCache /Applications/Xcode.app/Contents/Developer/Toolchains/XcodeDefault.xctoolchain/usr/bin/clang-stat-cache /Applications/Xcode.app/Contents/Developer/Platforms/iPhoneSimulator.platform/Developer/SDKs/iPhoneSimulator26.5.sdk /Users/richard/code/BicTerm/.build-artifacts/DerivedData/t19/SDKStatCaches.noindex/iphonesimulator26.5-23F81a-688ef53f1462e2c8f657fdc38a81448f6cfe768891a92b912361537c460fe42b.sdkstatcache
    cd /Users/richard/code/BicTerm/BicTerm.xcodeproj
    /Applications/Xcode.app/Contents/Developer/Toolchains/XcodeDefault.xctoolchain/usr/bin/clang-stat-cache /Applications/Xcode.app/Contents/Developer/Platforms/iPhoneSimulator.platform/Developer/SDKs/iPhoneSimulator26.5.sdk -o /Users/richard/code/BicTerm/.build-artifacts/DerivedData/t19/SDKStatCaches.noindex/iphonesimulator26.5-23F81a-688ef53f1462e2c8f657fdc38a81448f6cfe768891a92b912361537c460fe42b.sdkstatcache

ClangStatCache /Applications/Xcode.app/Contents/Developer/Toolchains/XcodeDefault.xctoolchain/usr/bin/clang-stat-cache /Applications/Xcode.app/Contents/Developer/Platforms/MacOSX.platform/Developer/SDKs/MacOSX26.5.sdk /Users/richard/code/BicTerm/.build-artifacts/DerivedData/t19/SDKStatCaches.noindex/macosx26.5-25F70-688ef53f1462e2c8f657fdc38a81448fe082c4a02f00227109f4ed75e425c832.sdkstatcache
    cd /Users/richard/code/BicTerm/BicTerm.xcodeproj
    /Applications/Xcode.app/Contents/Developer/Toolchains/XcodeDefault.xctoolchain/usr/bin/clang-stat-cache /Applications/Xcode.app/Contents/Developer/Platforms/MacOSX.platform/Developer/SDKs/MacOSX26.5.sdk -o /Users/richard/code/BicTerm/.build-artifacts/DerivedData/t19/SDKStatCaches.noindex/macosx26.5-25F70-688ef53f1462e2c8f657fdc38a81448fe082c4a02f00227109f4ed75e425c832.sdkstatcache

CustomTask Generate\ SwiftTerm\ build\ information dbdfb60645109409e6d2345885a81c3c (in target 'SwiftTerm' from project 'SwiftTerm')
    cd /Users/richard/code/BicTerm/Vendor/SwiftTerm
    export ACTION\=build
    export AD_HOC_CODE_SIGNING_ALLOWED\=YES
    export ALLOW_BUILD_REQUEST_OVERRIDES\=NO
    export ALLOW_TARGET_PLATFORM_SPECIALIZATION\=NO
    export ALTERNATE_GROUP\=staff
    export ALTERNATE_MODE\=u+w,go-w,a+rX
    export ALTERNATE_OWNER\=richard
    export ALTERNATIVE_DISTRIBUTION_WEB\=NO
    export ALWAYS_EMBED_SWIFT_STANDARD_LIBRARIES\=NO
    export ALWAYS_SEARCH_USER_PATHS\=YES
    export ALWAYS_USE_SEPARATE_HEADERMAPS\=NO
    export APPLICATION_EXTENSION_API_ONLY\=NO
    export APPLY_RULES_IN_COPY_FILES\=NO
    export APPLY_RULES_IN_COPY_HEADERS\=NO
    export APP_SHORTCUTS_ENABLE_FLEXIBLE_MATCHING\=YES
    export ARCHS\=arm64
    export ARCHS_BASE\=arm64
    export ARCHS_STANDARD\=arm64\ x86_64
    export ARCHS_STANDARD_32_64_BIT\=arm64\ x86_64
    export ARCHS_STANDARD_64_BIT\=arm64\ x86_64
    export ARCHS_STANDARD_INCLUDING_64_BIT\=arm64\ x86_64
    export ARCHS_UNIVERSAL_IPHONE_OS\=arm64\ x86_64
    export ASSETCATALOG_FILTER_FOR_DEVICE_MODEL\=iPhone18,1
    export ASSETCATALOG_FILTER_FOR_DEVICE_OS_VERSION\=26.5
    export ASSETCATALOG_FILTER_FOR_THINNING_DEVICE_CONFIGURATION\=iPhone18,1
    export AUTOMATICALLY_MERGE_DEPENDENCIES\=NO
    export AUTOMATION_APPLE_EVENTS\=NO
    export AVAILABLE_PLATFORMS\=android\ appletvos\ appletvsimulator\ driverkit\ freebsd\ iphoneos\ iphonesimulator\ linux\ macosx\ none\ openbsd\ qnx\ watchos\ watchsimulator\ webassembly\ xros\ xrsimulator
    export BUILD_ACTIVE_RESOURCES_ONLY\=YES
    export BUILD_COMPONENTS\=headers\ build
    export BUILD_DIR\=/Users/richard/code/BicTerm/.build-artifacts/DerivedData/t19/Build/Products
    export BUILD_LIBRARY_FOR_DISTRIBUTION\=NO
    export BUILD_ONLY_KNOWN_LOCALIZATIONS\=NO
    export BUILD_ROOT\=/Users/richard/code/BicTerm/.build-artifacts/DerivedData/t19/Build/Products
    export BUILD_STYLE\=
    export BUILD_VARIANTS\=normal
    export BUILT_PRODUCTS_DIR\=/Users/richard/code/BicTerm/.build-artifacts/DerivedData/t19/Build/Products/Debug-iphonesimulator
    export BUNDLE_CONTENTS_FOLDER_PATH_deep\=Contents/
    export BUNDLE_EXECUTABLE_FOLDER_NAME_deep\=MacOS
    export BUNDLE_EXTENSIONS_FOLDER_PATH\=Extensions
    export BUNDLE_FORMAT\=shallow
    export BUNDLE_FRAMEWORKS_FOLDER_PATH\=Frameworks
    export BUNDLE_PLUGINS_FOLDER_PATH\=PlugIns
    export BUNDLE_PRIVATE_HEADERS_FOLDER_PATH\=PrivateHeaders
    export BUNDLE_PUBLIC_HEADERS_FOLDER_PATH\=Headers
    export CACHE_ROOT\=/var/folders/hy/m79bdqfj21g6ndt8hbtf0c6w0000gn/C/com.apple.DeveloperTools/26.6-17F113/Xcode
    export CCHROOT\=/var/folders/hy/m79bdqfj21g6ndt8hbtf0c6w0000gn/C/com.apple.DeveloperTools/26.6-17F113/Xcode
    export CHMOD\=/bin/chmod
    export CHOWN\=chown
    export CLANG_CACHE_FINE_GRAINED_OUTPUTS\=YES
    export CLANG_COVERAGE_MAPPING_LINKER_ARGS\=NO
    export CLANG_ENABLE_EXPLICIT_MODULES\=YES
    export CLANG_ENABLE_MODULES\=YES
    export CLANG_ENABLE_OBJC_ARC\=YES
    export CLANG_MODULES_BUILD_SESSION_FILE\=/Users/richard/code/BicTerm/.build-artifacts/DerivedData/t19/ModuleCache.noindex/Session.modulevalidation
    export CLASS_FILE_DIR\=/Users/richard/code/BicTerm/.build-artifacts/DerivedData/t19/Build/Intermediates.noindex/SwiftTerm.build/Debug-iphonesimulator/SwiftTerm.build/JavaClasses
    export CLEAN_PRECOMPS\=YES
    export CLONE_HEADERS\=NO
    export CODESIGNING_FOLDER_PATH\=/Users/richard/code/BicTerm/.build-artifacts/DerivedData/t19/Build/Products/Debug-iphonesimulator/SwiftTerm.o
    export CODE_SIGNING_ALLOWED\=NO
    export CODE_SIGNING_REQUIRED\=NO
    export CODE_SIGN_CONTEXT_CLASS\=XCiPhoneSimulatorCodeSignContext
    export CODE_SIGN_INJECT_BASE_ENTITLEMENTS\=YES
    export COLOR_DIAGNOSTICS\=NO
    export COMBINE_HIDPI_IMAGES\=NO
    export COMPILATION_CACHE_CAS_PATH\=/Users/richard/code/BicTerm/.build-artifacts/DerivedData/t19/CompilationCache.noindex
    export COMPILATION_CACHE_KEEP_CAS_DIRECTORY\=YES
    export COMPILER_INDEX_STORE_ENABLE\=Default
    export COMPILER_WORKING_DIRECTORY\=/Users/richard/code/BicTerm/BicTerm.xcodeproj
    export COMPOSITE_SDK_DIRS\=/Users/richard/code/BicTerm/.build-artifacts/DerivedData/t19/Build/Intermediates.noindex/CompositeSDKs
    export COMPRESS_PNG_FILES\=YES
    export CONFIGURATION\=Debug
    export CONFIGURATION_BUILD_DIR\=/Users/richard/code/BicTerm/.build-artifacts/DerivedData/t19/Build/Products/Debug-iphonesimulator
    export CONFIGURATION_TEMP_DIR\=/Users/richard/code/BicTerm/.build-artifacts/DerivedData/t19/Build/Intermediates.noindex/SwiftTerm.build/Debug-iphonesimulator
    export COPYING_PRESERVES_HFS_DATA\=NO
    export COPY_HEADERS_RUN_UNIFDEF\=NO
    export COPY_PHASE_STRIP\=NO
    export COREML_CODEGEN_LANGUAGE\=Swift
    export COREML_COMPILER_CONTAINER\=swift-package
    export CORRESPONDING_DEVICE_PLATFORM_DIR\=/Applications/Xcode.app/Contents/Developer/Platforms/iPhoneOS.platform
    export CORRESPONDING_DEVICE_PLATFORM_NAME\=iphoneos
    export CORRESPONDING_DEVICE_SDK_DIR\=/Applications/Xcode.app/Contents/Developer/Platforms/iPhoneOS.platform/Developer/SDKs/iPhoneOS26.5.sdk
    export CORRESPONDING_DEVICE_SDK_NAME\=iphoneos26.5
    export CP\=/bin/cp
    export CREATE_INFOPLIST_SECTION_IN_BINARY\=NO
    export CURRENT_ARCH\=undefined_arch
    export CURRENT_VARIANT\=normal
    export DEAD_CODE_STRIPPING\=NO
    export DEBUGGING_SYMBOLS\=YES
    export DEBUG_INFORMATION_FORMAT\=dwarf
    export DEBUG_INFORMATION_VERSION\=compiler-default
    export DEFAULT_COMPILER\=com.apple.compilers.llvm.clang.1_0
    export DEFAULT_DEXT_INSTALL_PATH\=/System/Library/DriverExtensions
    export DEFAULT_KEXT_INSTALL_PATH\=/System/Library/Extensions
    export DEFINES_MODULE\=YES
    export DEPLOYMENT_LOCATION\=NO
    export DEPLOYMENT_POSTPROCESSING\=NO
    export DEPLOYMENT_TARGET_SETTING_NAME\=IPHONEOS_DEPLOYMENT_TARGET
    export DEPLOYMENT_TARGET_SUGGESTED_VALUES\=12.0\ 12.1\ 12.2\ 12.3\ 12.4\ 13.0\ 13.1\ 13.2\ 13.3\ 13.4\ 13.5\ 13.6\ 14.0\ 14.1\ 14.2\ 14.3\ 14.4\ 14.5\ 14.6\ 14.7\ 15.0\ 15.1\ 15.2\ 15.3\ 15.4\ 15.5\ 15.6\ 16.0\ 16.1\ 16.2\ 16.3\ 16.4\ 16.5\ 16.6\ 17.0\ 17.1\ 17.2\ 17.3\ 17.4\ 17.5\ 17.6\ 18.0\ 18.1\ 18.2\ 18.3\ 18.4\ 18.5\ 18.6\ 26.0\ 26.2\ 26.3\ 26.4\ 26.5
    export DERIVED_FILES_DIR\=/Users/richard/code/BicTerm/.build-artifacts/DerivedData/t19/Build/Intermediates.noindex/SwiftTerm.build/Debug-iphonesimulator/SwiftTerm.build/DerivedSources
    export DERIVED_FILE_DIR\=/Users/richard/code/BicTerm/.build-artifacts/DerivedData/t19/Build/Intermediates.noindex/SwiftTerm.build/Debug-iphonesimulator/SwiftTerm.build/DerivedSources
    export DERIVED_SOURCES_DIR\=/Users/richard/code/BicTerm/.build-artifacts/DerivedData/t19/Build/Intermediates.noindex/SwiftTerm.build/Debug-iphonesimulator/SwiftTerm.build/DerivedSources
    export DEVELOPER_APPLICATIONS_DIR\=/Applications/Xcode.app/Contents/Developer/Applications
    export DEVELOPER_BIN_DIR\=/Applications/Xcode.app/Contents/Developer/usr/bin
    export DEVELOPER_DIR\=/Applications/Xcode.app/Contents/Developer
    export DEVELOPER_FRAMEWORKS_DIR\=/Applications/Xcode.app/Contents/Developer/Library/Frameworks
    export DEVELOPER_FRAMEWORKS_DIR_QUOTED\=/Applications/Xcode.app/Contents/Developer/Library/Frameworks
    export DEVELOPER_LIBRARY_DIR\=/Applications/Xcode.app/Contents/Developer/Library
    export DEVELOPER_SDK_DIR\=/Applications/Xcode.app/Contents/Developer/Platforms/MacOSX.platform/Developer/SDKs
    export DEVELOPER_TOOLS_DIR\=/Applications/Xcode.app/Contents/Developer/Tools
    export DEVELOPER_USR_DIR\=/Applications/Xcode.app/Contents/Developer/usr
    export DEVELOPMENT_LANGUAGE\=en
    export DIAGNOSE_MISSING_TARGET_DEPENDENCIES\=YES
    export DIFF\=/usr/bin/diff
    export DONT_GENERATE_INFOPLIST_FILE\=NO
    export DSTROOT\=/tmp/SwiftTerm.dst
    export DT_TOOLCHAIN_DIR\=/Applications/Xcode.app/Contents/Developer/Toolchains/XcodeDefault.xctoolchain
    export DUMP_DEPENDENCIES\=NO
    export DUMP_DEPENDENCIES_OUTPUT_PATH\=/Users/richard/code/BicTerm/.build-artifacts/DerivedData/t19/Build/Intermediates.noindex/SwiftTerm.build/Debug-iphonesimulator/SwiftTerm.build/SwiftTerm-BuildDependencyInfo.json
    export DWARF_DSYM_FILE_NAME\=SwiftTerm.o.dSYM
    export DWARF_DSYM_FILE_SHOULD_ACCOMPANY_PRODUCT\=NO
    export DWARF_DSYM_FOLDER_PATH\=/Users/richard/code/BicTerm/.build-artifacts/DerivedData/t19/Build/Products/Debug-iphonesimulator
    export DYLIB_INSTALL_NAME_BASE\=@rpath
    export DYNAMIC_LIBRARY_EXTENSION\=dylib
    export EAGER_COMPILATION_ALLOW_SCRIPTS\=NO
    export EAGER_LINKING\=NO
    export EFFECTIVE_PLATFORM_NAME\=-iphonesimulator
    export EFFECTIVE_SWIFT_VERSION\=5
    export EMBEDDED_CONTENT_CONTAINS_SWIFT\=NO
    export EMBED_ASSET_PACKS_IN_PRODUCT_BUNDLE\=NO
    export ENABLE_APP_SANDBOX\=NO
    export ENABLE_CODE_COVERAGE\=YES
    export ENABLE_COHORT_ARCHS\=NO
    export ENABLE_CPLUSPLUS_BOUNDS_SAFE_BUFFERS\=NO
    export ENABLE_C_BOUNDS_SAFETY\=NO
    export ENABLE_DEFAULT_HEADER_SEARCH_PATHS\=YES
    export ENABLE_DEFAULT_SEARCH_PATHS\=YES
    export ENABLE_ENHANCED_SECURITY\=NO
    export ENABLE_HARDENED_RUNTIME\=NO
    export ENABLE_HEADER_DEPENDENCIES\=YES
    export ENABLE_INCOMING_NETWORK_CONNECTIONS\=NO
    export ENABLE_NS_ASSERTIONS\=YES
    export ENABLE_ON_DEMAND_RESOURCES\=NO
    export ENABLE_OUTGOING_NETWORK_CONNECTIONS\=NO
    export ENABLE_POINTER_AUTHENTICATION\=NO
    export ENABLE_PREVIEWS\=NO
    export ENABLE_RESOURCE_ACCESS_AUDIO_INPUT\=NO
    export ENABLE_RESOURCE_ACCESS_BLUETOOTH\=NO
    export ENABLE_RESOURCE_ACCESS_CALENDARS\=NO
    export ENABLE_RESOURCE_ACCESS_CAMERA\=NO
    export ENABLE_RESOURCE_ACCESS_CONTACTS\=NO
    export ENABLE_RESOURCE_ACCESS_LOCATION\=NO
    export ENABLE_RESOURCE_ACCESS_PHOTO_LIBRARY\=NO
    export ENABLE_RESOURCE_ACCESS_PRINTING\=NO
    export ENABLE_RESOURCE_ACCESS_USB\=NO
    export ENABLE_SDK_IMPORTS\=NO
    export ENABLE_SECURITY_COMPILER_WARNINGS\=NO
    export ENABLE_TESTABILITY\=YES
    export ENABLE_TESTING_SEARCH_PATHS\=YES
    export ENABLE_USER_SCRIPT_SANDBOXING\=NO
    export ENABLE_XOJIT_PREVIEWS\=YES
    export ENFORCE_VALID_ARCHS\=YES
    export ENTITLEMENTS_DESTINATION\=__entitlements
    export ENTITLEMENTS_REQUIRED\=NO
    export EXCLUDED_INSTALLSRC_SUBDIRECTORY_PATTERNS\=.DS_Store\ .svn\ .git\ .hg\ CVS
    export EXCLUDED_RECURSIVE_SEARCH_PATH_SUBDIRECTORIES\=\*.nib\ \*.lproj\ \*.framework\ \*.gch\ \*.xcode\*\ \*.xcassets\ \*.icon\ \(\*\)\ .DS_Store\ CVS\ .svn\ .git\ .hg\ \*.pbproj\ \*.pbxproj
    export EXECUTABLE_EXTENSION\=o
    export EXECUTABLE_NAME\=SwiftTerm.o
    export EXECUTABLE_PATH\=SwiftTerm.o
    export EXECUTABLE_SUFFIX\=.o
    export FILE_LIST\=/Users/richard/code/BicTerm/.build-artifacts/DerivedData/t19/Build/Intermediates.noindex/SwiftTerm.build/Debug-iphonesimulator/SwiftTerm.build/Objects/LinkFileList
    export FIXED_FILES_DIR\=/Users/richard/code/BicTerm/.build-artifacts/DerivedData/t19/Build/Intermediates.noindex/SwiftTerm.build/Debug-iphonesimulator/SwiftTerm.build/FixedFiles
    export FRAMEWORK_FLAG_PREFIX\=-framework
    export FRAMEWORK_SEARCH_PATHS\=/Users/richard/code/BicTerm/.build-artifacts/DerivedData/t19/Build/Products/Debug-iphonesimulator\ 
    export FRAMEWORK_VERSION\=A
    export FULL_PRODUCT_NAME\=SwiftTerm.o
    export FUSE_BUILD_PHASES\=YES
    export FUSE_BUILD_SCRIPT_PHASES\=NO
    export GCC3_VERSION\=3.3
    export GCC_INLINES_ARE_PRIVATE_EXTERN\=YES
    export GCC_OBJC_LEGACY_DISPATCH\=YES
    export GCC_OPTIMIZATION_LEVEL\=0
    export GCC_PFE_FILE_C_DIALECTS\=c\ objective-c\ c++\ objective-c++
    export GCC_PREPROCESSOR_DEFINITIONS\=\ SWIFT_PACKAGE\ DEBUG\=1
    export GCC_TREAT_WARNINGS_AS_ERRORS\=NO
    export GCC_VERSION\=com.apple.compilers.llvm.clang.1_0
    export GCC_VERSION_IDENTIFIER\=com_apple_compilers_llvm_clang_1_0
    export GCC_WARN_64_TO_32_BIT_CONVERSION\=NO
    export GENERATED_MODULEMAP_DIR\=/Users/richard/code/BicTerm/.build-artifacts/DerivedData/t19/Build/Intermediates.noindex/GeneratedModuleMaps-iphonesimulator
    export GENERATE_INFOPLIST_FILE\=NO
    export GENERATE_INTERMEDIATE_TEXT_BASED_STUBS\=YES
    export GENERATE_MASTER_OBJECT_FILE\=NO
    export GENERATE_PKGINFO_FILE\=NO
    export GENERATE_PRELINK_OBJECT_FILE\=NO
    export GENERATE_PROFILING_CODE\=NO
    export GENERATE_RESOURCE_ACCESSORS\=YES
    export GENERATE_TEXT_BASED_STUBS\=NO
    export GID\=20
    export GROUP\=staff
    export HEADERMAP_INCLUDES_FLAT_ENTRIES_FOR_TARGET_BEING_BUILT\=YES
    export HEADERMAP_INCLUDES_FRAMEWORK_ENTRIES_FOR_ALL_PRODUCT_TYPES\=YES
    export HEADERMAP_INCLUDES_FRAMEWORK_ENTRIES_FOR_TARGETS_NOT_BEING_BUILT\=YES
    export HEADERMAP_INCLUDES_NONPUBLIC_NONPRIVATE_HEADERS\=YES
    export HEADERMAP_INCLUDES_PROJECT_HEADERS\=YES
    export HEADERMAP_USES_FRAMEWORK_PREFIX_ENTRIES\=YES
    export HEADERMAP_USES_VFS\=YES
    export HEADER_SEARCH_PATHS\=/Users/richard/code/BicTerm/.build-artifacts/DerivedData/t19/Build/Products/Debug-iphonesimulator/include\ 
    export HOME\=/Users/richard
    export HOST_ARCH\=arm64
    export HOST_PLATFORM\=macosx
    export ICONV\=/usr/bin/iconv
    export IMPLICIT_DEPENDENCY_DOMAIN\=default
    export INDEX_STORE_COMPRESS\=NO
    export INDEX_STORE_ONLY_PROJECT_FILES\=NO
    export INFOPLIST_ENABLE_CFBUNDLEICONS_MERGE\=YES
    export INFOPLIST_EXPAND_BUILD_SETTINGS\=YES
    export INFOPLIST_OUTPUT_FORMAT\=binary
    export INFOPLIST_PREPROCESS\=NO
    export INLINE_PRIVATE_FRAMEWORKS\=NO
    export INSTALLAPI_IGNORE_SKIP_INSTALL\=YES
    export INSTALLHDRS_COPY_PHASE\=NO
    export INSTALLHDRS_SCRIPT_PHASE\=NO
    export INSTALL_DIR\=/tmp/SwiftTerm.dst/Users/richard/Objects
    export INSTALL_GROUP\=staff
    export INSTALL_MODE_FLAG\=u+w,go-w,a+rX
    export INSTALL_OWNER\=richard
    export INSTALL_PATH\=/Users/richard/Objects
    export INSTALL_ROOT\=/tmp/SwiftTerm.dst
    export IPHONEOS_DEPLOYMENT_TARGET\=14.0
    export IS_UNOPTIMIZED_BUILD\=YES
    export JAVAC_DEFAULT_FLAGS\=-J-Xms64m\ -J-XX:NewSize\=4M\ -J-Dfile.encoding\=UTF8
    export JAVA_APP_STUB\=/System/Library/Frameworks/JavaVM.framework/Resources/MacOS/JavaApplicationStub
    export JAVA_ARCHIVE_CLASSES\=YES
    export JAVA_ARCHIVE_TYPE\=JAR
    export JAVA_COMPILER\=/usr/bin/javac
    export JAVA_FRAMEWORK_RESOURCES_DIRS\=Resources
    export JAVA_JAR_FLAGS\=cv
    export JAVA_SOURCE_SUBDIR\=.
    export JAVA_USE_DEPENDENCIES\=YES
    export JAVA_ZIP_FLAGS\=-urg
    export JIKES_DEFAULT_FLAGS\=+E\ +OLDCSO
    export KEEP_PRIVATE_EXTERNS\=NO
    export LD_DEPENDENCY_INFO_FILE\=/Users/richard/code/BicTerm/.build-artifacts/DerivedData/t19/Build/Intermediates.noindex/SwiftTerm.build/Debug-iphonesimulator/SwiftTerm.build/Objects-normal/undefined_arch/SwiftTerm_dependency_info.dat
    export LD_EXPORT_SYMBOLS\=YES
    export LD_GENERATE_MAP_FILE\=NO
    export LD_MAP_FILE_PATH\=/Users/richard/code/BicTerm/.build-artifacts/DerivedData/t19/Build/Intermediates.noindex/SwiftTerm.build/Debug-iphonesimulator/SwiftTerm.build/SwiftTerm-LinkMap-normal-undefined_arch.txt
    export LD_NO_PIE\=NO
    export LD_QUOTE_LINKER_ARGUMENTS_FOR_COMPILER_DRIVER\=YES
    export LD_SHARED_CACHE_ELIGIBLE\=Automatic
    export LD_WARN_DUPLICATE_LIBRARIES\=NO
    export LD_WARN_UNUSED_DYLIBS\=NO
    export LEGACY_DEVELOPER_DIR\=/Applications/Xcode.app/Contents/PlugIns/Xcode3Core.ideplugin/Contents/SharedSupport/Developer
    export LEX\=lex
    export LIBRARY_DEXT_INSTALL_PATH\=/Library/DriverExtensions
    export LIBRARY_FLAG_NOSPACE\=YES
    export LIBRARY_FLAG_PREFIX\=-l
    export LIBRARY_KEXT_INSTALL_PATH\=/Library/Extensions
    export LIBRARY_SEARCH_PATHS\=/Users/richard/code/BicTerm/.build-artifacts/DerivedData/t19/Build/Products/Debug-iphonesimulator\ \ \ /Applications/Xcode.app/Contents/Developer/Platforms/iPhoneSimulator.platform/Developer/usr/lib
    export LINKER_DISPLAYS_MANGLED_NAMES\=NO
    export LINK_FILE_LIST_normal_arm64\=/Users/richard/code/BicTerm/.build-artifacts/DerivedData/t19/Build/Intermediates.noindex/SwiftTerm.build/Debug-iphonesimulator/SwiftTerm.build/Objects-normal/arm64/SwiftTerm.LinkFileList
    export LINK_OBJC_RUNTIME\=YES
    export LINK_WITH_STANDARD_LIBRARIES\=NO
    export LLVM_TARGET_TRIPLE_OS_VERSION\=ios14.0
    export LLVM_TARGET_TRIPLE_SUFFIX\=-simulator
    export LLVM_TARGET_TRIPLE_VENDOR\=apple
    export LM_AUX_CONST_METADATA_LIST_PATH_normal_arm64\=/Users/richard/code/BicTerm/.build-artifacts/DerivedData/t19/Build/Intermediates.noindex/SwiftTerm.build/Debug-iphonesimulator/SwiftTerm.build/Objects-normal/arm64/SwiftTerm.SwiftConstValuesFileList
    export LOCALIZATION_EXPORT_SUPPORTED\=YES
    export LOCALIZATION_PREFERS_STRING_CATALOGS\=NO
    export LOCALIZED_STRING_CODE_COMMENTS\=NO
    export LOCALIZED_STRING_MACRO_NAMES\=NSLocalizedString\ CFCopyLocalizedString
    export LOCALIZED_STRING_SWIFTUI_SUPPORT\=YES
    export LOCAL_ADMIN_APPS_DIR\=/Applications/Utilities
    export LOCAL_APPS_DIR\=/Applications
    export LOCAL_DEVELOPER_DIR\=/Library/Developer
    export LOCAL_LIBRARY_DIR\=/Library
    export LOCROOT\=/Users/richard/code/BicTerm/Vendor/SwiftTerm
    export LOCSYMROOT\=/Users/richard/code/BicTerm/Vendor/SwiftTerm
    export MACH_O_TYPE\=mh_object
    export MAC_OS_X_PRODUCT_BUILD_VERSION\=25G83
    export MAC_OS_X_VERSION_ACTUAL\=260602
    export MAC_OS_X_VERSION_MAJOR\=260000
    export MAC_OS_X_VERSION_MINOR\=260600
    export MAKE_MERGEABLE\=NO
    export MERGEABLE_LIBRARY\=NO
    export MERGED_BINARY_TYPE\=none
    export MERGE_LINKED_LIBRARIES\=NO
    export METAL_LIBRARY_FILE_BASE\=default
    export METAL_LIBRARY_OUTPUT_DIR\=/Users/richard/code/BicTerm/.build-artifacts/DerivedData/t19/Build/Products/Debug-iphonesimulator/
    export MODULEMAP_FILE_CONTENTS\=module\ SwiftTerm\ \{'
'header\ \"SwiftTerm-Swift.h\"'
'export\ \*'
'\}
    export MODULEMAP_PATH\=/Users/richard/code/BicTerm/.build-artifacts/DerivedData/t19/Build/Intermediates.noindex/GeneratedModuleMaps-iphonesimulator/SwiftTerm.modulemap
    export MODULE_CACHE_DIR\=/Users/richard/code/BicTerm/.build-artifacts/DerivedData/t19/ModuleCache.noindex
    export NATIVE_ARCH\=arm64
    export NATIVE_ARCH_32_BIT\=arm
    export NATIVE_ARCH_64_BIT\=arm64
    export NATIVE_ARCH_ACTUAL\=arm64
    export NO_COMMON\=YES
    export OBJC_ABI_VERSION\=2
    export OBJECT_FILE_DIR\=/Users/richard/code/BicTerm/.build-artifacts/DerivedData/t19/Build/Intermediates.noindex/SwiftTerm.build/Debug-iphonesimulator/SwiftTerm.build/Objects
    export OBJECT_FILE_DIR_normal\=/Users/richard/code/BicTerm/.build-artifacts/DerivedData/t19/Build/Intermediates.noindex/SwiftTerm.build/Debug-iphonesimulator/SwiftTerm.build/Objects-normal
    export OBJROOT\=/Users/richard/code/BicTerm/.build-artifacts/DerivedData/t19/Build/Intermediates.noindex
    export ONLY_ACTIVE_ARCH\=YES
    export OS\=MACOS
    export OSAC\=/usr/bin/osacompile
    export OTHER_CFLAGS\=\ -DXcode
    export OTHER_CPLUSPLUSFLAGS\=\ -DXcode
    export OTHER_SWIFT_FLAGS\=\ -DXcode\ -plugin-path\ /Applications/Xcode.app/Contents/Developer/Toolchains/XcodeDefault.xctoolchain/usr/lib/swift/host/plugins/testing
    export PACKAGE_RESOURCE_BUNDLE_NAME\=SwiftTerm_SwiftTerm
    export PACKAGE_RESOURCE_TARGET_KIND\=regular
    export PACKAGE_TYPE\=com.apple.package-type.mach-o-objfile
    export PASCAL_STRINGS\=YES
    export PATH\=/Applications/Xcode.app/Contents/SharedFrameworks/SwiftBuild.framework/Versions/A/PlugIns/SWBBuildService.bundle/Contents/PlugIns/SWBUniversalPlatformPlugin.bundle/Contents/Frameworks/SWBUniversalPlatform.framework/Resources:/var/run/com.apple.security.cryptexd/mnt/com.apple.MobileAsset.MetalToolchain-v17.6.109.0.ozHyXD/Metal.xctoolchain/usr/bin:/var/run/com.apple.security.cryptexd/mnt/com.apple.MobileAsset.MetalToolchain-v17.6.109.0.ozHyXD/Metal.xctoolchain/usr/local/bin:/var/run/com.apple.security.cryptexd/mnt/com.apple.MobileAsset.MetalToolchain-v17.6.109.0.ozHyXD/Metal.xctoolchain/usr/libexec:/Applications/Xcode.app/Contents/Developer/Toolchains/XcodeDefault.xctoolchain/usr/bin:/Applications/Xcode.app/Contents/Developer/Toolchains/XcodeDefault.xctoolchain/usr/local/bin:/Applications/Xcode.app/Contents/Developer/Toolchains/XcodeDefault.xctoolchain/usr/libexec:/Applications/Xcode.app/Contents/Developer/Platforms/iPhoneSimulator.platform/usr/bin:/Applications/Xcode.app/Contents/Developer/Platforms/iPhoneSimulator.platform/usr/local/bin:/Applications/Xcode.app/Contents/Developer/Platforms/iPhoneSimulator.platform/Developer/usr/bin:/Applications/Xcode.app/Contents/Developer/Platforms/iPhoneSimulator.platform/Developer/usr/local/bin:/Applications/Xcode.app/Contents/Developer/usr/bin:/Applications/Xcode.app/Contents/Developer/usr/local/bin:/Users/richard/.opencode/bin:/Users/richard/.bun/bin:/Users/richard/.local/bin:/opt/homebrew/opt/ruby/bin:/Users/richard/.pyenv/shims:/Users/richard/.krew/bin:/opt/homebrew/bin:/Users/richard/.nvm/versions/node/v22.22.0/bin:/usr/local/bin:/opt/local/bin:/opt/local/sbin:/System/Cryptexes/App/usr/bin:/usr/bin:/bin:/usr/sbin:/sbin:/var/run/com.apple.security.cryptexd/codex.system/bootstrap/usr/local/bin:/var/run/com.apple.security.cryptexd/codex.system/bootstrap/usr/bin:/var/run/com.apple.security.cryptexd/codex.system/bootstrap/usr/appleinternal/bin:/pkg/env/global/bin:/Library/Apple/usr/bin:/usr/local/MacGPG2/bin:/usr/local/share/dotnet:/Library/Frameworks/Mono.framework/Versions/Current/Commands:/Users/richard/.cargo/bin:/Users/richard/go/bin:/opt/homebrew/opt/go/libexec/bin:/Users/richard/.lmstudio/bin
    export PATH_PREFIXES_EXCLUDED_FROM_HEADER_DEPENDENCIES\=/usr/include\ /usr/local/include\ /System/Library/Frameworks\ /System/Library/PrivateFrameworks\ /Applications/Xcode.app/Contents/Developer/Headers\ /Applications/Xcode.app/Contents/Developer/SDKs\ /Applications/Xcode.app/Contents/Developer/Platforms
    export PER_ARCH_MODULE_FILE_DIR\=/Users/richard/code/BicTerm/.build-artifacts/DerivedData/t19/Build/Intermediates.noindex/SwiftTerm.build/Debug-iphonesimulator/SwiftTerm.build/Objects-normal/undefined_arch
    export PER_ARCH_OBJECT_FILE_DIR\=/Users/richard/code/BicTerm/.build-artifacts/DerivedData/t19/Build/Intermediates.noindex/SwiftTerm.build/Debug-iphonesimulator/SwiftTerm.build/Objects-normal/undefined_arch
    export PER_VARIANT_OBJECT_FILE_DIR\=/Users/richard/code/BicTerm/.build-artifacts/DerivedData/t19/Build/Intermediates.noindex/SwiftTerm.build/Debug-iphonesimulator/SwiftTerm.build/Objects-normal
    export PKGINFO_FILE_PATH\=/Users/richard/code/BicTerm/.build-artifacts/DerivedData/t19/Build/Intermediates.noindex/SwiftTerm.build/Debug-iphonesimulator/SwiftTerm.build/PkgInfo
    export PLATFORM_DEVELOPER_APPLICATIONS_DIR\=/Applications/Xcode.app/Contents/Developer/Platforms/iPhoneSimulator.platform/Developer/Applications
    export PLATFORM_DEVELOPER_BIN_DIR\=/Applications/Xcode.app/Contents/Developer/Platforms/iPhoneSimulator.platform/Developer/usr/bin
    export PLATFORM_DEVELOPER_LIBRARY_DIR\=/Applications/Xcode.app/Contents/Developer/Platforms/iPhoneSimulator.platform/Developer/Library
    export PLATFORM_DEVELOPER_SDK_DIR\=/Applications/Xcode.app/Contents/Developer/Platforms/iPhoneSimulator.platform/Developer/SDKs
    export PLATFORM_DEVELOPER_TOOLS_DIR\=/Applications/Xcode.app/Contents/Developer/Platforms/iPhoneSimulator.platform/Developer/Tools
    export PLATFORM_DEVELOPER_USR_DIR\=/Applications/Xcode.app/Contents/Developer/Platforms/iPhoneSimulator.platform/Developer/usr
    export PLATFORM_DIR\=/Applications/Xcode.app/Contents/Developer/Platforms/iPhoneSimulator.platform
    export PLATFORM_DISPLAY_NAME\=iOS\ Simulator
    export PLATFORM_FAMILY_NAME\=iOS
    export PLATFORM_NAME\=iphonesimulator
    export PLATFORM_PREFERRED_ARCH\=x86_64
    export PLATFORM_PRODUCT_BUILD_VERSION\=23F81a
    export PLATFORM_REQUIRES_SWIFT_AUTOLINK_EXTRACT\=NO
    export PLATFORM_REQUIRES_SWIFT_MODULEWRAP\=NO
    export PLATFORM_USES_DSYMS\=YES
    export PLIST_FILE_OUTPUT_FORMAT\=binary
    export PRECOMPS_INCLUDE_HEADERS_FROM_BUILT_PRODUCTS_DIR\=YES
    export PRECOMP_DESTINATION_DIR\=/Users/richard/code/BicTerm/.build-artifacts/DerivedData/t19/Build/Intermediates.noindex/SwiftTerm.build/Debug-iphonesimulator/SwiftTerm.build/PrefixHeaders
    export PRIVATE_HEADERS_FOLDER_PATH\=/usr/local/include
    export PROCESSED_INFOPLIST_PATH\=/Users/richard/code/BicTerm/.build-artifacts/DerivedData/t19/Build/Intermediates.noindex/SwiftTerm.build/Debug-iphonesimulator/SwiftTerm.build/Objects-normal/undefined_arch/Processed-Info.plist
    export PRODUCT_BUNDLE_IDENTIFIER\=swiftterm.SwiftTerm
    export PRODUCT_MODULE_NAME\=SwiftTerm
    export PRODUCT_NAME\=SwiftTerm
    export PRODUCT_SETTINGS_PATH\=
    export PRODUCT_TYPE\=com.apple.product-type.objfile
    export PROFILING_CODE\=NO
    export PROJECT\=SwiftTerm
    export PROJECT_DERIVED_FILE_DIR\=/Users/richard/code/BicTerm/.build-artifacts/DerivedData/t19/Build/Intermediates.noindex/SwiftTerm.build/DerivedSources
    export PROJECT_DIR\=/Users/richard/code/BicTerm/Vendor/SwiftTerm
    export PROJECT_FILE_PATH\=/Users/richard/code/BicTerm/Vendor/SwiftTerm/Package.swift
    export PROJECT_GUID\=PACKAGE:/Users/richard/code/BicTerm/Vendor/SwiftTerm
    export PROJECT_NAME\=SwiftTerm
    export PROJECT_TEMP_DIR\=/Users/richard/code/BicTerm/.build-artifacts/DerivedData/t19/Build/Intermediates.noindex/SwiftTerm.build
    export PROJECT_TEMP_ROOT\=/Users/richard/code/BicTerm/.build-artifacts/DerivedData/t19/Build/Intermediates.noindex
    export PUBLIC_HEADERS_FOLDER_PATH\=/usr/local/include
    export RECOMMENDED_IPHONEOS_DEPLOYMENT_TARGET\=15.0
    export RECURSIVE_SEARCH_PATHS_FOLLOW_SYMLINKS\=YES
    export REMOVE_CVS_FROM_RESOURCES\=YES
    export REMOVE_GIT_FROM_RESOURCES\=YES
    export REMOVE_HEADERS_FROM_EMBEDDED_BUNDLES\=YES
    export REMOVE_HG_FROM_RESOURCES\=YES
    export REMOVE_STATIC_EXECUTABLES_FROM_EMBEDDED_BUNDLES\=YES
    export REMOVE_SVN_FROM_RESOURCES\=YES
    export RESCHEDULE_INDEPENDENT_HEADERS_PHASES\=YES
    export REZ_COLLECTOR_DIR\=/Users/richard/code/BicTerm/.build-artifacts/DerivedData/t19/Build/Intermediates.noindex/SwiftTerm.build/Debug-iphonesimulator/SwiftTerm.build/ResourceManagerResources
    export REZ_EXECUTABLE\=YES
    export REZ_OBJECTS_DIR\=/Users/richard/code/BicTerm/.build-artifacts/DerivedData/t19/Build/Intermediates.noindex/SwiftTerm.build/Debug-iphonesimulator/SwiftTerm.build/ResourceManagerResources/Objects
    export REZ_SEARCH_PATHS\=/Users/richard/code/BicTerm/.build-artifacts/DerivedData/t19/Build/Products/Debug-iphonesimulator\ 
    export RPATH_ORIGIN\=@loader_path
    export RUNTIME_EXCEPTION_ALLOW_DYLD_ENVIRONMENT_VARIABLES\=NO
    export RUNTIME_EXCEPTION_ALLOW_JIT\=NO
    export RUNTIME_EXCEPTION_ALLOW_UNSIGNED_EXECUTABLE_MEMORY\=NO
    export RUNTIME_EXCEPTION_DEBUGGING_TOOL\=NO
    export RUNTIME_EXCEPTION_DISABLE_EXECUTABLE_PAGE_PROTECTION\=NO
    export RUNTIME_EXCEPTION_DISABLE_LIBRARY_VALIDATION\=NO
    export SCANNING_PCM_KEEP_CACHE_DIRECTORY\=YES
    export SCAN_ALL_SOURCE_FILES_FOR_INCLUDES\=NO
    export SDKROOT\=/Applications/Xcode.app/Contents/Developer/Platforms/iPhoneSimulator.platform/Developer/SDKs/iPhoneSimulator26.5.sdk
    export SDK_DIR\=/Applications/Xcode.app/Contents/Developer/Platforms/iPhoneSimulator.platform/Developer/SDKs/iPhoneSimulator26.5.sdk
    export SDK_DIR_iphonesimulator\=/Applications/Xcode.app/Contents/Developer/Platforms/iPhoneSimulator.platform/Developer/SDKs/iPhoneSimulator26.5.sdk
    export SDK_DIR_iphonesimulator26_5\=/Applications/Xcode.app/Contents/Developer/Platforms/iPhoneSimulator.platform/Developer/SDKs/iPhoneSimulator26.5.sdk
    export SDK_NAME\=iphonesimulator26.5
    export SDK_NAMES\=iphonesimulator26.5
    export SDK_PRODUCT_BUILD_VERSION\=23F81a
    export SDK_STAT_CACHE_DIR\=/Users/richard/code/BicTerm/.build-artifacts/DerivedData/t19
    export SDK_STAT_CACHE_ENABLE\=YES
    export SDK_STAT_CACHE_PATH\=/Users/richard/code/BicTerm/.build-artifacts/DerivedData/t19/SDKStatCaches.noindex/iphonesimulator26.5-23F81a-688ef53f1462e2c8f657fdc38a81448f6cfe768891a92b912361537c460fe42b.sdkstatcache
    export SDK_VERSION\=26.5
    export SDK_VERSION_ACTUAL\=260500
    export SDK_VERSION_MAJOR\=260000
    export SDK_VERSION_MINOR\=260500
    export SED\=/usr/bin/sed
    export SEPARATE_STRIP\=NO
    export SEPARATE_SYMBOL_EDIT\=NO
    export SET_DIR_MODE_OWNER_GROUP\=YES
    export SET_FILE_MODE_OWNER_GROUP\=NO
    export SHALLOW_BUNDLE\=NO
    export SHARED_DERIVED_FILE_DIR\=/Users/richard/code/BicTerm/.build-artifacts/DerivedData/t19/Build/Products/Debug-iphonesimulator/DerivedSources
    export SHARED_PRECOMPS_DIR\=/Users/richard/code/BicTerm/.build-artifacts/DerivedData/t19/Build/Intermediates.noindex/PrecompiledHeaders
    export SKIP_INSTALL\=YES
    export SKIP_MERGEABLE_LIBRARY_BUNDLE_HOOK\=NO
    export SOURCE_ROOT\=/Users/richard/code/BicTerm/Vendor/SwiftTerm
    export SRCROOT\=/Users/richard/code/BicTerm/Vendor/SwiftTerm
    export STRINGSDATA_DIR\=/Users/richard/code/BicTerm/.build-artifacts/DerivedData/t19/Build/Intermediates.noindex/SwiftTerm.build/Debug-iphonesimulator/SwiftTerm.build/Objects-normal/undefined_arch
    export STRINGSDATA_ROOT\=/Users/richard/code/BicTerm/.build-artifacts/DerivedData/t19/Build/Intermediates.noindex/SwiftTerm.build/Debug-iphonesimulator/SwiftTerm.build
    export STRINGS_FILE_INFOPLIST_RENAME\=YES
    export STRINGS_FILE_OUTPUT_ENCODING\=binary
    export STRING_CATALOG_GENERATE_SYMBOLS\=NO
    export STRIP_BITCODE_FROM_COPIED_FILES\=NO
    export STRIP_INSTALLED_PRODUCT\=NO
    export STRIP_STYLE\=debugging
    export STRIP_SWIFT_SYMBOLS\=YES
    export SUPPORTED_DEVICE_FAMILIES\=1,2
    export SUPPORTED_PLATFORMS\=android\ appletvos\ appletvsimulator\ driverkit\ freebsd\ iphoneos\ iphonesimulator\ linux\ macosx\ none\ openbsd\ qnx\ watchos\ watchsimulator\ webassembly\ xros\ xrsimulator
    export SUPPORTS_MACCATALYST\=NO
    export SUPPORTS_TEXT_BASED_API\=NO
    export SUPPRESS_WARNINGS\=NO
    export SWIFT_ACTIVE_COMPILATION_CONDITIONS\=\ SWIFT_PACKAGE\ DEBUG\ SWIFT_MODULE_RESOURCE_BUNDLE_AVAILABLE
    export SWIFT_EMIT_CONST_VALUE_PROTOCOLS\=AnyResolverProviding\ AppEntity\ AppEnum\ AppExtension\ AppIntent\ AppIntentsPackage\ AppShortcutProviding\ AppShortcutsProvider\ DynamicOptionsProvider\ EntityQuery\ ExtensionPointDefining\ IntentValueQuery\ Resolver\ TransientEntity\ _AssistantIntentsProvider\ _GenerativeFunctionExtractable\ _IntentValueRepresentable
    export SWIFT_EMIT_LOC_STRINGS\=NO
    export SWIFT_ENABLE_BARE_SLASH_REGEX\=NO
    export SWIFT_ENABLE_EXPLICIT_MODULES\=YES
    export SWIFT_INSTALL_OBJC_HEADER\=NO
    export SWIFT_OBJC_INTERFACE_HEADER_DIR\=/Users/richard/code/BicTerm/.build-artifacts/DerivedData/t19/Build/Intermediates.noindex/GeneratedModuleMaps-iphonesimulator
    export SWIFT_OBJC_INTERFACE_HEADER_NAME\=SwiftTerm-Swift.h
    export SWIFT_OPTIMIZATION_LEVEL\=-Onone
    export SWIFT_PACKAGE_NAME\=swiftterm
    export SWIFT_PLATFORM_TARGET_PREFIX\=ios
    export SWIFT_RESPONSE_FILE_PATH_normal_arm64\=/Users/richard/code/BicTerm/.build-artifacts/DerivedData/t19/Build/Intermediates.noindex/SwiftTerm.build/Debug-iphonesimulator/SwiftTerm.build/Objects-normal/arm64/SwiftTerm.SwiftFileList
    export SWIFT_VERSION\=5
    export SYMROOT\=/Users/richard/code/BicTerm/.build-artifacts/DerivedData/t19/Build/Products
    export SYSTEM_ADMIN_APPS_DIR\=/Applications/Utilities
    export SYSTEM_APPS_DIR\=/Applications
    export SYSTEM_CORE_SERVICES_DIR\=/System/Library/CoreServices
    export SYSTEM_DEMOS_DIR\=/Applications/Extras
    export SYSTEM_DEVELOPER_APPS_DIR\=/Applications/Xcode.app/Contents/Developer/Applications
    export SYSTEM_DEVELOPER_BIN_DIR\=/Applications/Xcode.app/Contents/Developer/usr/bin
    export SYSTEM_DEVELOPER_DEMOS_DIR\=/Applications/Xcode.app/Contents/Developer/Applications/Utilities/Built\ Examples
    export SYSTEM_DEVELOPER_DIR\=/Applications/Xcode.app/Contents/Developer
    export SYSTEM_DEVELOPER_DOC_DIR\=/Applications/Xcode.app/Contents/Developer/ADC\ Reference\ Library
    export SYSTEM_DEVELOPER_GRAPHICS_TOOLS_DIR\=/Applications/Xcode.app/Contents/Developer/Applications/Graphics\ Tools
    export SYSTEM_DEVELOPER_JAVA_TOOLS_DIR\=/Applications/Xcode.app/Contents/Developer/Applications/Java\ Tools
    export SYSTEM_DEVELOPER_PERFORMANCE_TOOLS_DIR\=/Applications/Xcode.app/Contents/Developer/Applications/Performance\ Tools
    export SYSTEM_DEVELOPER_RELEASENOTES_DIR\=/Applications/Xcode.app/Contents/Developer/ADC\ Reference\ Library/releasenotes
    export SYSTEM_DEVELOPER_TOOLS\=/Applications/Xcode.app/Contents/Developer/Tools
    export SYSTEM_DEVELOPER_TOOLS_DOC_DIR\=/Applications/Xcode.app/Contents/Developer/ADC\ Reference\ Library/documentation/DeveloperTools
    export SYSTEM_DEVELOPER_TOOLS_RELEASENOTES_DIR\=/Applications/Xcode.app/Contents/Developer/ADC\ Reference\ Library/releasenotes/DeveloperTools
    export SYSTEM_DEVELOPER_USR_DIR\=/Applications/Xcode.app/Contents/Developer/usr
    export SYSTEM_DEVELOPER_UTILITIES_DIR\=/Applications/Xcode.app/Contents/Developer/Applications/Utilities
    export SYSTEM_DEXT_INSTALL_PATH\=/System/Library/DriverExtensions
    export SYSTEM_DOCUMENTATION_DIR\=/Library/Documentation
    export SYSTEM_FRAMEWORK_SEARCH_PATHS\=\ \ /Applications/Xcode.app/Contents/Developer/Platforms/iPhoneSimulator.platform/Developer/Library/Frameworks\ /Applications/Xcode.app/Contents/Developer/Platforms/iPhoneSimulator.platform/Developer/SDKs/iPhoneSimulator26.5.sdk/Developer/Library/Frameworks
    export SYSTEM_KEXT_INSTALL_PATH\=/System/Library/Extensions
    export SYSTEM_LIBRARY_DIR\=/System/Library
    export TAPI_DEMANGLE\=YES
    export TAPI_DYLIB_INSTALL_NAME\=SwiftTerm
    export TAPI_ENABLE_PROJECT_HEADERS\=NO
    export TAPI_LANGUAGE\=objective-c
    export TAPI_LANGUAGE_STANDARD\=compiler-default
    export TAPI_USE_SRCROOT\=YES
    export TAPI_VERIFY_MODE\=Pedantic
    export TARGETED_DEVICE_FAMILY\=1,2,3,4,6,7
    export TARGETNAME\=SwiftTerm
    export TARGET_BUILD_DIR\=/Users/richard/code/BicTerm/.build-artifacts/DerivedData/t19/Build/Products/Debug-iphonesimulator
    export TARGET_DEVICE_IDENTIFIER\=732CE8E1-F9EF-4020-BF93-5BA1AA365B0E
    export TARGET_DEVICE_MODEL\=iPhone18,1
    export TARGET_DEVICE_OS_VERSION\=26.5
    export TARGET_DEVICE_PLATFORM_NAME\=iphonesimulator
    export TARGET_NAME\=SwiftTerm
    export TARGET_TEMP_DIR\=/Users/richard/code/BicTerm/.build-artifacts/DerivedData/t19/Build/Intermediates.noindex/SwiftTerm.build/Debug-iphonesimulator/SwiftTerm.build
    export TEMP_DIR\=/Users/richard/code/BicTerm/.build-artifacts/DerivedData/t19/Build/Intermediates.noindex/SwiftTerm.build/Debug-iphonesimulator/SwiftTerm.build
    export TEMP_FILES_DIR\=/Users/richard/code/BicTerm/.build-artifacts/DerivedData/t19/Build/Intermediates.noindex/SwiftTerm.build/Debug-iphonesimulator/SwiftTerm.build
    export TEMP_FILE_DIR\=/Users/richard/code/BicTerm/.build-artifacts/DerivedData/t19/Build/Intermediates.noindex/SwiftTerm.build/Debug-iphonesimulator/SwiftTerm.build
    export TEMP_ROOT\=/Users/richard/code/BicTerm/.build-artifacts/DerivedData/t19/Build/Intermediates.noindex
    export TEMP_SANDBOX_DIR\=/Users/richard/code/BicTerm/.build-artifacts/DerivedData/t19/Build/Intermediates.noindex/TemporaryTaskSandboxes
    export TEST_FRAMEWORK_SEARCH_PATHS\=\ /Applications/Xcode.app/Contents/Developer/Platforms/iPhoneSimulator.platform/Developer/Library/Frameworks\ /Applications/Xcode.app/Contents/Developer/Platforms/iPhoneSimulator.platform/Developer/SDKs/iPhoneSimulator26.5.sdk/Developer/Library/Frameworks
    export TEST_LIBRARY_SEARCH_PATHS\=\ /Applications/Xcode.app/Contents/Developer/Platforms/iPhoneSimulator.platform/Developer/usr/lib
    export TOOLCHAINS\=com.apple.dt.toolchain.Metal.32023.883\ com.apple.dt.toolchain.XcodeDefault
    export TOOLCHAIN_DIR\=/var/run/com.apple.security.cryptexd/mnt/com.apple.MobileAsset.MetalToolchain-v17.6.109.0.ozHyXD/Metal.xctoolchain
    export TOOLCHAIN_VERSION\=32023.883
    export TREAT_MISSING_BASELINES_AS_TEST_FAILURES\=NO
    export TREAT_MISSING_SCRIPT_PHASE_OUTPUTS_AS_ERRORS\=NO
    export UID\=501
    export UNINSTALLED_PRODUCTS_DIR\=/Users/richard/code/BicTerm/.build-artifacts/DerivedData/t19/Build/Intermediates.noindex/UninstalledProducts
    export UNSTRIPPED_PRODUCT\=NO
    export USER\=richard
    export USER_APPS_DIR\=/Users/richard/Applications
    export USER_LIBRARY_DIR\=/Users/richard/Library
    export USE_DYNAMIC_NO_PIC\=YES
    export USE_HEADERMAP\=NO
    export USE_HEADER_SYMLINKS\=NO
    export VALIDATE_DEVELOPMENT_ASSET_PATHS\=YES_ERROR
    export VALIDATE_PRODUCT\=NO
    export VALID_ARCHS\=arm64\ x86_64
    export VERBOSE_PBXCP\=NO
    export VERSION_INFO_BUILDER\=richard
    export VERSION_INFO_FILE\=SwiftTerm_vers.c
    export VERSION_INFO_STRING\=\"@\(\#\)PROGRAM:SwiftTerm\ \ PROJECT:SwiftTerm-\"
    export WORKSPACE_DIR\=/Users/richard/code/BicTerm/BicTerm.xcodeproj
    export WRAP_ASSET_PACKS_IN_SEPARATE_DIRECTORIES\=NO
    export XCODE_APP_SUPPORT_DIR\=/Applications/Xcode.app/Contents/Developer/Library/Xcode
    export XCODE_PRODUCT_BUILD_VERSION\=17F113
    export XCODE_VERSION_ACTUAL\=2660
    export XCODE_VERSION_MAJOR\=2600
    export XCODE_VERSION_MINOR\=2660
    export XPCSERVICES_FOLDER_PATH\=/XPCServices
    export YACC\=yacc
    export _DISCOVER_COMMAND_LINE_LINKER_INPUTS\=YES
    export _DISCOVER_COMMAND_LINE_LINKER_INPUTS_INCLUDE_WL\=YES
    export _LD_MULTIARCH\=YES
    export __DIAGNOSE_DEPRECATED_ARCHS\=YES
    export __ORIGINAL_SDK_DEFINED_LLVM_TARGET_TRIPLE_SYS\=ios
    export arch\=undefined_arch
    export variant\=normal
    /usr/bin/sandbox-exec -p \(version\ 1\)'
'\(deny\ default\)'
'\(import\ \"system.sb\"\)'
'\(allow\ file-read\*\)'
'\(allow\ process\*\)'
'\(allow\ mach-lookup\ \(global-name\ \"com.apple.lsd.mapdb\"\)\)'
'\(allow\ mach-lookup\ \(global-name\ \"com.apple.mobileassetd.v2\"\)\)'
'\(allow\ file-write\*'
'\ \ \ \ \(subpath\ \"/private/tmp\"\)'
'\ \ \ \ \(subpath\ \"/private/var/tmp\"\)'
'\ \ \ \ \(subpath\ \"/private/var/folders/hy/m79bdqfj21g6ndt8hbtf0c6w0000gn/T\"\)'
'\ \ \ \ \(subpath\ \"/private/var/folders/hy/m79bdqfj21g6ndt8hbtf0c6w0000gn/C\"\)'
'\)'
'\(deny\ file-write\*'
'\ \ \ \ \(subpath\ \"/Users/richard/code/BicTerm/Vendor/SwiftTerm\"\)'
'\)'
'\(allow\ file-write\*'
'\ \ \ \ \(subpath\ \"/Users/richard/code/BicTerm/.build-artifacts/DerivedData/t19/Build/Intermediates.noindex/BuildToolPluginIntermediates/swiftterm.output/SwiftTerm/SwiftTermBuildInfoPlugin\"\)'
'\ \ \ \ \(subpath\ \"/Users/richard/code/.TemporaryItems/folders.501/TemporaryItems\"\)'
'\)'
' //Users/richard/code/BicTerm/.build-artifacts/DerivedData/t19/Build/Products/Debug/SwiftTermBuildInfoGenerator /Users/richard/code/BicTerm/Vendor/SwiftTerm /Users/richard/code/BicTerm/.build-artifacts/DerivedData/t19/Build/Intermediates.noindex/BuildToolPluginIntermediates/swiftterm.output/SwiftTerm/SwiftTermBuildInfoPlugin/Generated/SwiftTermBuildInfo.swift

2026-09-10 18:27:05.421428-0600 BicTermUITests-Runner[31227:40259252] [Default] Running tests...
    t =      nans Interface orientation changed to Portrait
Test Suite 'Selected tests' started at 2026-09-10 18:27:06.062.
Test Suite 'BicTermUITests.xctest' started at 2026-09-10 18:27:06.062.
Test Suite 'HerdrClipboardUITests' started at 2026-09-10 18:27:06.062.
Test Case '-[BicTermUITests.HerdrClipboardUITests testAutoCopyOptInWritesOnArrival]' started.
    t =     0.00s Start Test at 2026-09-10 18:27:06.063
    t =     0.02s Set Up
    t =     0.02s     Setting device orientation to Portrait
    t =     0.03s         Wait for com.apple.springboard to idle
    t =     0.03s Open com.bicterm.app
    t =     0.04s     Launch com.bicterm.app
2026-09-10 18:27:06.133 xcodebuild[31086:40257798] [MT] IDELaunchParametersSnapshot: The operation couldn’t be completed. (DebuggerLLDB.DebuggerVersionStore.StoreError error 0.)
2026-09-10 18:27:06.133 xcodebuild[31086:40257798] [MT] IDELaunchParametersSnapshot: no debugger version
objc[31227]: Class UIAccessibilityLoaderWebShared is implemented in both /Library/Developer/CoreSimulator/Volumes/iOS_23F77/Library/Developer/CoreSimulator/Profiles/Runtimes/iOS 26.5.simruntime/Contents/Resources/RuntimeRoot/System/Library/AccessibilityBundles/WebCore.axbundle/WebCore (0x107318310) and /Library/Developer/CoreSimulator/Volumes/iOS_23F77/Library/Developer/CoreSimulator/Profiles/Runtimes/iOS 26.5.simruntime/Contents/Resources/RuntimeRoot/System/Library/AccessibilityBundles/WebKit.axbundle/WebKit (0x10680c398). This may cause spurious casting failures and mysterious crashes. One of the duplicates must be removed or renamed.
    t =     0.68s         Setting up automation session
    t =     1.57s         Wait for com.bicterm.app to idle
    t =     3.36s Waiting 15.0s for "herdr-replay-ready" Any to exist
    t =     4.41s     Checking `Expect predicate `existsNoRetry == 1` for object "herdr-replay-ready" Any`
    t =     4.41s         Checking existence of `"herdr-replay-ready" Any`
    t =     4.68s         Capturing element debug description
    t =     5.41s     Checking `Expect predicate `existsNoRetry == 1` for object "herdr-replay-ready" Any`
    t =     5.41s         Checking existence of `"herdr-replay-ready" Any`
    t =     6.22s         Capturing element debug description
    t =     6.43s     Checking `Expect predicate `existsNoRetry == 1` for object "herdr-replay-ready" Any`
    t =     6.43s         Checking existence of `"herdr-replay-ready" Any`
    t =     6.48s Waiting 5.0s for "herdr-remote-clipboard-banner" Any to exist
    t =     7.55s     Checking `Expect predicate `existsNoRetry == 1` for object "herdr-remote-clipboard-banner" Any`
    t =     7.55s         Checking existence of `"herdr-remote-clipboard-banner" Any`
    t =     7.60s Tap "herdr-autocopy-remote" Any
    t =     7.60s     Wait for com.bicterm.app to idle
    t =     7.60s     Find the "herdr-autocopy-remote" Any
    t =     7.65s     Check for interrupting elements affecting "herdr-autocopy-remote" Button
    t =     7.70s     Synthesize event
    t =     7.99s     Wait for com.bicterm.app to idle
    t =     9.49s Checking `Expect predicate `label CONTAINS "autoCopyRemote(27B)"` for object "herdr-input-echo" StaticText`
    t =     9.49s     Find the "herdr-input-echo" StaticText
    t =     9.54s Find the "herdr-pasteboard-stats" StaticText
    t =     9.57s Tear Down
Test Case '-[BicTermUITests.HerdrClipboardUITests testAutoCopyOptInWritesOnArrival]' passed (9.796 seconds).
Test Case '-[BicTermUITests.HerdrClipboardUITests testCommandVKeyboardChordPastes]' started.
    t =     0.00s Start Test at 2026-09-10 18:27:15.860
    t =     0.02s Set Up
    t =     0.02s     Setting device orientation to Portrait
    t =     0.02s         Wait for com.bicterm.app to idle
    t =     0.03s Open com.bicterm.app
    t =     0.03s     Launch com.bicterm.app
    t =     0.03s         Terminate com.bicterm.app:31236
2026-09-10 18:27:16.976 xcodebuild[31086:40257798] [MT] IDELaunchParametersSnapshot: The operation couldn’t be completed. (DebuggerLLDB.DebuggerVersionStore.StoreError error 0.)
2026-09-10 18:27:16.976 xcodebuild[31086:40257798] [MT] IDELaunchParametersSnapshot: no debugger version
    t =     1.33s         Setting up automation session
    t =     2.27s         Wait for com.bicterm.app to idle
    t =     4.12s Waiting 10.0s for "Allow Paste" Button to exist
    t =     5.18s     Checking `Expect predicate `existsNoRetry == 1` for object "Allow Paste" Button`
    t =     5.18s         Checking existence of `"Allow Paste" Button`
    t =     5.20s Ignoring failure to get hierarchy for remote element in process 15604 (Error getting main window kAXErrorServerNotFound)
    t =     5.21s Ignoring failure to get hierarchy for remote element in process 15604 (Error getting main window kAXErrorServerNotFound)
    t =     5.21s         Capturing element debug description
    t =     6.16s     Checking `Expect predicate `existsNoRetry == 1` for object "Allow Paste" Button`
    t =     6.16s         Checking existence of `"Allow Paste" Button`
    t =     6.19s Ignoring failure to get hierarchy for remote element in process 15604 (Error getting main window kAXErrorServerNotFound)
    t =     6.19s Ignoring failure to get hierarchy for remote element in process 15604 (Error getting main window kAXErrorServerNotFound)
    t =     6.19s         Capturing element debug description
    t =     7.15s     Checking `Expect predicate `existsNoRetry == 1` for object "Allow Paste" Button`
    t =     7.15s         Checking existence of `"Allow Paste" Button`
    t =     7.18s Ignoring failure to get hierarchy for remote element in process 15604 (Error getting main window kAXErrorServerNotFound)
    t =     7.18s Ignoring failure to get hierarchy for remote element in process 15604 (Error getting main window kAXErrorServerNotFound)
    t =     7.18s         Capturing element debug description
    t =     8.13s     Checking `Expect predicate `existsNoRetry == 1` for object "Allow Paste" Button`
    t =     8.13s         Checking existence of `"Allow Paste" Button`
    t =     8.16s Ignoring failure to get hierarchy for remote element in process 15604 (Error getting main window kAXErrorServerNotFound)
    t =     8.16s Ignoring failure to get hierarchy for remote element in process 15604 (Error getting main window kAXErrorServerNotFound)
    t =     8.16s         Capturing element debug description
    t =     9.21s     Checking `Expect predicate `existsNoRetry == 1` for object "Allow Paste" Button`
    t =     9.21s         Checking existence of `"Allow Paste" Button`
    t =     9.24s Ignoring failure to get hierarchy for remote element in process 15604 (Error getting main window kAXErrorServerNotFound)
    t =     9.24s Ignoring failure to get hierarchy for remote element in process 15604 (Error getting main window kAXErrorServerNotFound)
    t =     9.24s         Capturing element debug description
    t =    10.20s     Checking `Expect predicate `existsNoRetry == 1` for object "Allow Paste" Button`
    t =    10.20s         Checking existence of `"Allow Paste" Button`
    t =    10.22s Ignoring failure to get hierarchy for remote element in process 15604 (Error getting main window kAXErrorServerNotFound)
    t =    10.23s Ignoring failure to get hierarchy for remote element in process 15604 (Error getting main window kAXErrorServerNotFound)
    t =    10.23s         Capturing element debug description
    t =    11.18s     Checking `Expect predicate `existsNoRetry == 1` for object "Allow Paste" Button`
    t =    11.18s         Checking existence of `"Allow Paste" Button`
    t =    11.21s Ignoring failure to get hierarchy for remote element in process 15604 (Error getting main window kAXErrorServerNotFound)
    t =    11.21s Ignoring failure to get hierarchy for remote element in process 15604 (Error getting main window kAXErrorServerNotFound)
    t =    11.21s         Capturing element debug description
    t =    12.15s     Checking `Expect predicate `existsNoRetry == 1` for object "Allow Paste" Button`
    t =    12.15s         Checking existence of `"Allow Paste" Button`
    t =    12.18s Ignoring failure to get hierarchy for remote element in process 15604 (Error getting main window kAXErrorServerNotFound)
    t =    12.18s Ignoring failure to get hierarchy for remote element in process 15604 (Error getting main window kAXErrorServerNotFound)
    t =    12.18s         Capturing element debug description
    t =    13.15s     Checking `Expect predicate `existsNoRetry == 1` for object "Allow Paste" Button`
    t =    13.15s         Checking existence of `"Allow Paste" Button`
    t =    13.17s Ignoring failure to get hierarchy for remote element in process 15604 (Error getting main window kAXErrorServerNotFound)
    t =    13.18s Ignoring failure to get hierarchy for remote element in process 15604 (Error getting main window kAXErrorServerNotFound)
    t =    13.18s         Capturing element debug description
    t =    14.12s     Checking `Expect predicate `existsNoRetry == 1` for object "Allow Paste" Button`
    t =    14.12s         Checking existence of `"Allow Paste" Button`
    t =    14.15s Ignoring failure to get hierarchy for remote element in process 15604 (Error getting main window kAXErrorServerNotFound)
    t =    14.15s Ignoring failure to get hierarchy for remote element in process 15604 (Error getting main window kAXErrorServerNotFound)
    t =    14.15s         Capturing element debug description
    t =    14.15s     Checking existence of `"Allow Paste" Button`
    t =    14.17s Ignoring failure to get hierarchy for remote element in process 15604 (Error getting main window kAXErrorServerNotFound)
    t =    14.17s Ignoring failure to get hierarchy for remote element in process 15604 (Error getting main window kAXErrorServerNotFound)
    t =    14.18s Collecting debug information to assist test failure triage
    t =    14.18s     Requesting snapshot of accessibility hierarchy for app with pid 13217
    t =    14.22s Waiting 10.0s for "Allow" Button to exist
    t =    15.28s     Checking `Expect predicate `existsNoRetry == 1` for object "Allow" Button`
    t =    15.28s         Checking existence of `"Allow" Button`
    t =    15.31s Ignoring failure to get hierarchy for remote element in process 15604 (Error getting main window kAXErrorServerNotFound)
    t =    15.31s Ignoring failure to get hierarchy for remote element in process 15604 (Error getting main window kAXErrorServerNotFound)
    t =    15.31s         Capturing element debug description
    t =    16.26s     Checking `Expect predicate `existsNoRetry == 1` for object "Allow" Button`
    t =    16.26s         Checking existence of `"Allow" Button`
    t =    16.29s Ignoring failure to get hierarchy for remote element in process 15604 (Error getting main window kAXErrorServerNotFound)
    t =    16.29s Ignoring failure to get hierarchy for remote element in process 15604 (Error getting main window kAXErrorServerNotFound)
    t =    16.29s         Capturing element debug description
    t =    17.23s     Checking `Expect predicate `existsNoRetry == 1` for object "Allow" Button`
    t =    17.23s         Checking existence of `"Allow" Button`
    t =    17.26s Ignoring failure to get hierarchy for remote element in process 15604 (Error getting main window kAXErrorServerNotFound)
    t =    17.26s Ignoring failure to get hierarchy for remote element in process 15604 (Error getting main window kAXErrorServerNotFound)
    t =    17.26s         Capturing element debug description
    t =    18.32s     Checking `Expect predicate `existsNoRetry == 1` for object "Allow" Button`
    t =    18.32s         Checking existence of `"Allow" Button`
    t =    18.34s Ignoring failure to get hierarchy for remote element in process 15604 (Error getting main window kAXErrorServerNotFound)
    t =    18.34s Ignoring failure to get hierarchy for remote element in process 15604 (Error getting main window kAXErrorServerNotFound)
    t =    18.35s         Capturing element debug description
    t =    19.30s     Checking `Expect predicate `existsNoRetry == 1` for object "Allow" Button`
    t =    19.30s         Checking existence of `"Allow" Button`
    t =    19.32s Ignoring failure to get hierarchy for remote element in process 15604 (Error getting main window kAXErrorServerNotFound)
    t =    19.32s Ignoring failure to get hierarchy for remote element in process 15604 (Error getting main window kAXErrorServerNotFound)
    t =    19.32s         Capturing element debug description
    t =    20.28s     Checking `Expect predicate `existsNoRetry == 1` for object "Allow" Button`
    t =    20.28s         Checking existence of `"Allow" Button`
    t =    20.31s Ignoring failure to get hierarchy for remote element in process 15604 (Error getting main window kAXErrorServerNotFound)
    t =    20.31s Ignoring failure to get hierarchy for remote element in process 15604 (Error getting main window kAXErrorServerNotFound)
    t =    20.31s         Capturing element debug description
    t =    21.26s     Checking `Expect predicate `existsNoRetry == 1` for object "Allow" Button`
    t =    21.26s         Checking existence of `"Allow" Button`
    t =    21.29s Ignoring failure to get hierarchy for remote element in process 15604 (Error getting main window kAXErrorServerNotFound)
    t =    21.29s Ignoring failure to get hierarchy for remote element in process 15604 (Error getting main window kAXErrorServerNotFound)
    t =    21.29s         Capturing element debug description
    t =    22.25s     Checking `Expect predicate `existsNoRetry == 1` for object "Allow" Button`
    t =    22.25s         Checking existence of `"Allow" Button`
    t =    22.27s Ignoring failure to get hierarchy for remote element in process 15604 (Error getting main window kAXErrorServerNotFound)
    t =    22.27s Ignoring failure to get hierarchy for remote element in process 15604 (Error getting main window kAXErrorServerNotFound)
    t =    22.27s         Capturing element debug description
    t =    23.23s     Checking `Expect predicate `existsNoRetry == 1` for object "Allow" Button`
    t =    23.23s         Checking existence of `"Allow" Button`
    t =    23.26s Ignoring failure to get hierarchy for remote element in process 15604 (Error getting main window kAXErrorServerNotFound)
    t =    23.26s Ignoring failure to get hierarchy for remote element in process 15604 (Error getting main window kAXErrorServerNotFound)
    t =    23.26s         Capturing element debug description
    t =    24.23s     Checking `Expect predicate `existsNoRetry == 1` for object "Allow" Button`
    t =    24.23s         Checking existence of `"Allow" Button`
    t =    24.25s Ignoring failure to get hierarchy for remote element in process 15604 (Error getting main window kAXErrorServerNotFound)
    t =    24.25s Ignoring failure to get hierarchy for remote element in process 15604 (Error getting main window kAXErrorServerNotFound)
    t =    24.25s         Capturing element debug description
    t =    24.25s     Checking existence of `"Allow" Button`
    t =    24.28s Ignoring failure to get hierarchy for remote element in process 15604 (Error getting main window kAXErrorServerNotFound)
    t =    24.28s Ignoring failure to get hierarchy for remote element in process 15604 (Error getting main window kAXErrorServerNotFound)
    t =    24.28s Collecting debug information to assist test failure triage
    t =    24.28s     Requesting snapshot of accessibility hierarchy for app with pid 13217
    t =    24.33s Waiting 15.0s for "herdr-replay-ready" Any to exist
    t =    25.38s     Checking `Expect predicate `existsNoRetry == 1` for object "herdr-replay-ready" Any`
    t =    25.38s         Checking existence of `"herdr-replay-ready" Any`
    t =    26.55s Checking `Expect predicate `label CONTAINS "paste(8B→w1:p2)"` for object "herdr-input-echo" StaticText`
    t =    26.55s     Find the "herdr-input-echo" StaticText
    t =    26.59s Find the "herdr-input-echo" StaticText
    t =    26.63s Tear Down
Test Case '-[BicTermUITests.HerdrClipboardUITests testCommandVKeyboardChordPastes]' passed (26.856 seconds).
Test Case '-[BicTermUITests.HerdrClipboardUITests testLargePasteConfirmsDestinationPane]' started.
    t =     0.00s Start Test at 2026-09-10 18:27:42.717
    t =     0.03s Set Up
    t =     0.03s     Setting device orientation to Portrait
    t =     0.03s         Wait for com.bicterm.app to idle
    t =     0.04s Open com.bicterm.app
    t =     0.04s     Launch com.bicterm.app
    t =     0.04s         Terminate com.bicterm.app:31284
2026-09-10 18:27:43.831 xcodebuild[31086:40257798] [MT] IDELaunchParametersSnapshot: The operation couldn’t be completed. (DebuggerLLDB.DebuggerVersionStore.StoreError error 0.)
2026-09-10 18:27:43.831 xcodebuild[31086:40257798] [MT] IDELaunchParametersSnapshot: no debugger version
    t =     1.32s         Setting up automation session
    t =     2.30s         Wait for com.bicterm.app to idle
    t =     4.13s Waiting 15.0s for "herdr-replay-ready" Any to exist
    t =     5.18s     Checking `Expect predicate `existsNoRetry == 1` for object "herdr-replay-ready" Any`
    t =     5.18s         Checking existence of `"herdr-replay-ready" Any`
    t =     5.47s Tap "herdr-paste-control" Any
    t =     5.47s     Wait for com.bicterm.app to idle
    t =     5.48s     Find the "herdr-paste-control" Any
    t =     5.53s     Check for interrupting elements affecting "herdr-paste-control" Button
    t =     5.57s     Synthesize event
    t =     5.86s     Wait for com.bicterm.app to idle
    t =     6.81s Waiting 5.0s for "Large Paste" Alert to exist
    t =     7.86s     Checking `Expect predicate `existsNoRetry == 1` for object "Large Paste" Alert`
    t =     7.86s         Checking existence of `"Large Paste" Alert`
    t =     7.91s Checking existence of `StaticText (Elements matching predicate 'label CONTAINS "100000 bytes"')`
    t =     7.95s Checking existence of `StaticText (Elements matching predicate 'label CONTAINS "w1:p2"')`
    t =     7.99s Tap "Paste" Button
    t =     7.99s     Wait for com.bicterm.app to idle
    t =     7.99s     Find the "Paste" Button
    t =     8.03s     Check for interrupting elements affecting "Paste" Button
    t =     8.07s     Synthesize event
    t =     8.37s     Wait for com.bicterm.app to idle
    t =    10.72s Checking `Expect predicate `label CONTAINS "paste(100000B→w1:p2)"` for object "herdr-input-echo" StaticText`
    t =    10.72s     Find the "herdr-input-echo" StaticText
    t =    10.85s Tear Down
Test Case '-[BicTermUITests.HerdrClipboardUITests testLargePasteConfirmsDestinationPane]' passed (11.072 seconds).
Test Case '-[BicTermUITests.HerdrClipboardUITests testPasteGestureReadsOnceAndSendsByteExact]' started.
    t =     0.00s Start Test at 2026-09-10 18:27:53.789
    t =     0.02s Set Up
    t =     0.02s     Setting device orientation to Portrait
    t =     0.02s         Wait for com.bicterm.app to idle
    t =     0.03s Open com.bicterm.app
    t =     0.03s     Launch com.bicterm.app
    t =     0.03s         Terminate com.bicterm.app:31438
2026-09-10 18:27:54.876 xcodebuild[31086:40257798] [MT] IDELaunchParametersSnapshot: The operation couldn’t be completed. (DebuggerLLDB.DebuggerVersionStore.StoreError error 0.)
2026-09-10 18:27:54.876 xcodebuild[31086:40257798] [MT] IDELaunchParametersSnapshot: no debugger version
    t =     1.30s         Setting up automation session
    t =     2.22s         Wait for com.bicterm.app to idle
    t =     4.02s Waiting 15.0s for "herdr-replay-ready" Any to exist
    t =     5.06s     Checking `Expect predicate `existsNoRetry == 1` for object "herdr-replay-ready" Any`
    t =     5.06s         Checking existence of `"herdr-replay-ready" Any`
    t =     5.31s         Capturing element debug description
    t =     6.05s     Checking `Expect predicate `existsNoRetry == 1` for object "herdr-replay-ready" Any`
    t =     6.05s         Checking existence of `"herdr-replay-ready" Any`
    t =     6.10s Find the "herdr-pasteboard-stats" StaticText
    t =     6.14s Tap "herdr-paste-control" Any
    t =     6.14s     Wait for com.bicterm.app to idle
    t =     6.14s     Find the "herdr-paste-control" Any
    t =     6.18s     Check for interrupting elements affecting "herdr-paste-control" Button
    t =     6.23s     Synthesize event
    t =     6.52s     Wait for com.bicterm.app to idle
    t =     7.87s Checking `Expect predicate `label CONTAINS "paste(17B→w1:p2)"` for object "herdr-input-echo" StaticText`
    t =     7.88s     Find the "herdr-input-echo" StaticText
    t =     7.93s Find the "herdr-pasteboard-stats" StaticText
    t =     7.97s Find the "herdr-input-echo" StaticText
    t =     8.01s Find the Target Application 'com.bicterm.app'
    t =     8.15s Added attachment named 'herdr-clipboard-paste-gesture'
    t =     8.15s Tear Down
Test Case '-[BicTermUITests.HerdrClipboardUITests testPasteGestureReadsOnceAndSendsByteExact]' passed (8.365 seconds).
Test Case '-[BicTermUITests.HerdrClipboardUITests testRemoteClipboardCopyGestureWritesAndRepastes]' started.
    t =     0.00s Start Test at 2026-09-10 18:28:02.154
    t =     0.02s Set Up
    t =     0.02s     Setting device orientation to Portrait
    t =     0.02s         Wait for com.bicterm.app to idle
    t =     0.03s Open com.bicterm.app
    t =     0.03s     Launch com.bicterm.app
    t =     0.03s         Terminate com.bicterm.app:31497
2026-09-10 18:28:03.247 xcodebuild[31086:40257798] [MT] IDELaunchParametersSnapshot: The operation couldn’t be completed. (DebuggerLLDB.DebuggerVersionStore.StoreError error 0.)
2026-09-10 18:28:03.247 xcodebuild[31086:40257798] [MT] IDELaunchParametersSnapshot: no debugger version
    t =     1.30s         Setting up automation session
    t =     2.25s         Wait for com.bicterm.app to idle
    t =     4.05s Waiting 15.0s for "herdr-replay-ready" Any to exist
    t =     5.09s     Checking `Expect predicate `existsNoRetry == 1` for object "herdr-replay-ready" Any`
    t =     5.09s         Checking existence of `"herdr-replay-ready" Any`
    t =     5.84s         Capturing element debug description
    t =     6.06s     Checking `Expect predicate `existsNoRetry == 1` for object "herdr-replay-ready" Any`
    t =     6.06s         Checking existence of `"herdr-replay-ready" Any`
    t =     6.11s Waiting 5.0s for "herdr-remote-clipboard-banner" Any to exist
    t =     7.17s     Checking `Expect predicate `existsNoRetry == 1` for object "herdr-remote-clipboard-banner" Any`
    t =     7.17s         Checking existence of `"herdr-remote-clipboard-banner" Any`
    t =     7.22s Find the "herdr-pasteboard-stats" StaticText
    t =     7.26s Tap "herdr-copy-remote" Any
    t =     7.26s     Wait for com.bicterm.app to idle
    t =     7.26s     Find the "herdr-copy-remote" Any
    t =     7.30s     Check for interrupting elements affecting "herdr-copy-remote" Button
    t =     7.34s     Synthesize event
    t =     7.64s     Wait for com.bicterm.app to idle
    t =     8.97s Checking `Expect predicate `label CONTAINS "copyRemote(27B)"` for object "herdr-input-echo" StaticText`
    t =     8.97s     Find the "herdr-input-echo" StaticText
    t =     9.02s Find the "herdr-pasteboard-stats" StaticText
    t =     9.09s Tap "herdr-paste-control" Any
    t =     9.09s     Wait for com.bicterm.app to idle
    t =     9.10s     Find the "herdr-paste-control" Any
    t =     9.14s     Check for interrupting elements affecting "herdr-paste-control" Button
    t =     9.18s     Synthesize event
    t =     9.47s     Wait for com.bicterm.app to idle
    t =    10.90s Checking `Expect predicate `label CONTAINS "paste(27B→w1:p2)"` for object "herdr-input-echo" StaticText`
    t =    10.90s     Find the "herdr-input-echo" StaticText
    t =    10.94s Find the "herdr-input-echo" StaticText
    t =    10.98s Find the Target Application 'com.bicterm.app'
    t =    11.12s Added attachment named 'herdr-clipboard-remote-copy'
    t =    11.13s Tear Down
Test Case '-[BicTermUITests.HerdrClipboardUITests testRemoteClipboardCopyGestureWritesAndRepastes]' passed (11.346 seconds).
Test Suite 'HerdrClipboardUITests' passed at 2026-09-10 18:28:13.500.
	 Executed 5 tests, with 0 failures (0 unexpected) in 67.435 (67.438) seconds
Test Suite 'HerdrInputUITests' started at 2026-09-10 18:28:13.500.
Test Case '-[BicTermUITests.HerdrInputUITests testCJKCommitCrossesTheLaneIntact]' started.
    t =     0.00s Start Test at 2026-09-10 18:28:13.501
    t =     0.02s Set Up
    t =     0.02s     Setting device orientation to Portrait
    t =     0.03s         Wait for com.bicterm.app to idle
    t =     0.03s Open com.bicterm.app
    t =     0.03s     Launch com.bicterm.app
    t =     0.03s         Terminate com.bicterm.app:31540
2026-09-10 18:28:14.594 xcodebuild[31086:40257798] [MT] IDELaunchParametersSnapshot: The operation couldn’t be completed. (DebuggerLLDB.DebuggerVersionStore.StoreError error 0.)
2026-09-10 18:28:14.594 xcodebuild[31086:40257798] [MT] IDELaunchParametersSnapshot: no debugger version
    t =     1.31s         Setting up automation session
    t =     2.25s         Wait for com.bicterm.app to idle
    t =     4.04s Waiting 15.0s for "herdr-replay-ready" Any to exist
    t =     5.08s     Checking `Expect predicate `existsNoRetry == 1` for object "herdr-replay-ready" Any`
    t =     5.08s         Checking existence of `"herdr-replay-ready" Any`
    t =     6.41s Checking `Expect predicate `label CONTAINS "こ"` for object "herdr-input-echo" StaticText`
    t =     6.41s     Find the "herdr-input-echo" StaticText
    t =     7.94s Checking `Expect predicate `label CONTAINS "界\"→w1:p2"` for object "herdr-input-echo" StaticText`
    t =     7.94s     Find the "herdr-input-echo" StaticText
    t =     7.99s Tear Down
Test Case '-[BicTermUITests.HerdrInputUITests testCJKCommitCrossesTheLaneIntact]' passed (8.208 seconds).
Test Case '-[BicTermUITests.HerdrInputUITests testControlShiftArrowsWalkThePaneGrid]' started.
    t =     0.00s Start Test at 2026-09-10 18:28:21.711
    t =     0.02s Set Up
    t =     0.02s     Setting device orientation to Portrait
    t =     0.03s         Wait for com.bicterm.app to idle
    t =     0.03s Open com.bicterm.app
    t =     0.03s     Launch com.bicterm.app
    t =     0.03s         Terminate com.bicterm.app:31597
2026-09-10 18:28:22.825 xcodebuild[31086:40257798] [MT] IDELaunchParametersSnapshot: The operation couldn’t be completed. (DebuggerLLDB.DebuggerVersionStore.StoreError error 0.)
2026-09-10 18:28:22.825 xcodebuild[31086:40257798] [MT] IDELaunchParametersSnapshot: no debugger version
    t =     1.33s         Setting up automation session
    t =     2.27s         Wait for com.bicterm.app to idle
    t =     4.09s Waiting 15.0s for "herdr-replay-ready" Any to exist
    t =     5.14s     Checking `Expect predicate `existsNoRetry == 1` for object "herdr-replay-ready" Any`
    t =     5.15s         Checking existence of `"herdr-replay-ready" Any`
    t =     6.44s Checking `Expect predicate `label CONTAINS "target(w1:p1)"` for object "herdr-input-echo" StaticText`
    t =     6.45s     Find the "herdr-input-echo" StaticText
    t =     7.96s Checking `Expect predicate `label CONTAINS "target(w1:p3)"` for object "herdr-input-echo" StaticText`
    t =     7.96s     Find the "herdr-input-echo" StaticText
    t =     9.03s Checking `Expect predicate `label CONTAINS "target(w1:p4)"` for object "herdr-input-echo" StaticText`
    t =     9.03s     Find the "herdr-input-echo" StaticText
    t =    10.19s Checking `Expect predicate `label CONTAINS "target(w1:p2)"` for object "herdr-input-echo" StaticText`
    t =    10.20s     Find the "herdr-input-echo" StaticText
    t =    10.23s Find the "herdr-input-echo" StaticText
    t =    10.27s Find the "herdr-input-echo" StaticText
    t =    10.31s Tear Down
Test Case '-[BicTermUITests.HerdrInputUITests testControlShiftArrowsWalkThePaneGrid]' passed (10.528 seconds).
Test Case '-[BicTermUITests.HerdrInputUITests testRotationSendsLiveResizeThroughTheLane]' started.
    t =     0.00s Start Test at 2026-09-10 18:28:32.239
    t =     0.02s Set Up
    t =     0.02s     Setting device orientation to Portrait
    t =     0.03s         Wait for com.bicterm.app to idle
    t =     0.03s Open com.bicterm.app
    t =     0.03s     Launch com.bicterm.app
    t =     0.03s         Terminate com.bicterm.app:31633
2026-09-10 18:28:33.326 xcodebuild[31086:40257798] [MT] IDELaunchParametersSnapshot: The operation couldn’t be completed. (DebuggerLLDB.DebuggerVersionStore.StoreError error 0.)
2026-09-10 18:28:33.326 xcodebuild[31086:40257798] [MT] IDELaunchParametersSnapshot: no debugger version
    t =     1.30s         Setting up automation session
    t =     2.21s         Wait for com.bicterm.app to idle
    t =     3.67s Waiting 15.0s for "herdr-replay-ready" Any to exist
    t =     4.73s     Checking `Expect predicate `existsNoRetry == 1` for object "herdr-replay-ready" Any`
    t =     4.73s         Checking existence of `"herdr-replay-ready" Any`
    t =     4.83s Find the "herdr-input-echo" StaticText
    t =     4.87s Setting device orientation to Landscape Left
    t =     4.87s     Device orientation changed to Landscape Left
    t =     4.93s     Interface orientation changed to Landscape Right
    t =     4.93s     Wait for com.bicterm.app to idle
    t =     6.79s Find the "herdr-input-echo" StaticText
    t =     6.84s Find the "herdr-input-echo" StaticText
    t =     6.89s Setting device orientation to Portrait
    t =     6.89s     Device orientation changed to Portrait
    t =     6.94s     Interface orientation changed to Portrait
    t =     6.95s     Wait for com.bicterm.app to idle
    t =     9.29s Find the "herdr-input-echo" StaticText
    t =     9.33s Find the Target Application 'com.bicterm.app'
    t =     9.47s Added attachment named 'herdr-input-rotation-resize'
    t =     9.47s Setting device orientation to Portrait
    t =     9.48s     Wait for com.bicterm.app to idle
    t =     9.48s Tear Down
Test Case '-[BicTermUITests.HerdrInputUITests testRotationSendsLiveResizeThroughTheLane]' passed (9.718 seconds).
Test Case '-[BicTermUITests.HerdrInputUITests testSpecialKeysTraverseTheMapperToTheFFI]' started.
    t =     0.00s Start Test at 2026-09-10 18:28:41.957
    t =     0.02s Set Up
    t =     0.02s     Setting device orientation to Portrait
    t =     0.02s         Wait for com.bicterm.app to idle
    t =     0.06s Open com.bicterm.app
    t =     0.06s     Launch com.bicterm.app
    t =     0.06s         Terminate com.bicterm.app:31687
2026-09-10 18:28:43.102 xcodebuild[31086:40257798] [MT] IDELaunchParametersSnapshot: The operation couldn’t be completed. (DebuggerLLDB.DebuggerVersionStore.StoreError error 0.)
2026-09-10 18:28:43.102 xcodebuild[31086:40257798] [MT] IDELaunchParametersSnapshot: no debugger version
    t =     1.36s         Setting up automation session
    t =     2.29s         Wait for com.bicterm.app to idle
    t =     4.10s Waiting 15.0s for "herdr-replay-ready" Any to exist
    t =     5.15s     Checking `Expect predicate `existsNoRetry == 1` for object "herdr-replay-ready" Any`
    t =     5.15s         Checking existence of `"herdr-replay-ready" Any`
    t =     6.50s Checking `Expect predicate `label CONTAINS "key(esc→w1:p2)"` for object "herdr-input-echo" StaticText`
    t =     6.50s     Find the "herdr-input-echo" StaticText
    t =     8.52s Checking `Expect predicate `label CONTAINS "key(home→w1:p2)"` for object "herdr-input-echo" StaticText`
    t =     8.52s     Find the "herdr-input-echo" StaticText
    t =     9.67s Checking `Expect predicate `label CONTAINS "key(end→w1:p2)"` for object "herdr-input-echo" StaticText`
    t =     9.67s     Find the "herdr-input-echo" StaticText
    t =    11.10s Checking `Expect predicate `label CONTAINS "key(pageup→w1:p2)"` for object "herdr-input-echo" StaticText`
    t =    11.10s     Find the "herdr-input-echo" StaticText
    t =    12.20s Checking `Expect predicate `label CONTAINS "key(pagedown→w1:p2)"` for object "herdr-input-echo" StaticText`
    t =    12.20s     Find the "herdr-input-echo" StaticText
    t =    13.27s Checking `Expect predicate `label CONTAINS "key(up→w1:p2)"` for object "herdr-input-echo" StaticText`
    t =    13.27s     Find the "herdr-input-echo" StaticText
    t =    14.36s Checking `Expect predicate `label CONTAINS "key(down→w1:p2)"` for object "herdr-input-echo" StaticText`
    t =    14.37s     Find the "herdr-input-echo" StaticText
    t =    15.46s Checking `Expect predicate `label CONTAINS "key(left→w1:p2)"` for object "herdr-input-echo" StaticText`
    t =    15.47s     Find the "herdr-input-echo" StaticText
    t =    16.56s Checking `Expect predicate `label CONTAINS "key(right→w1:p2)"` for object "herdr-input-echo" StaticText`
    t =    16.57s     Find the "herdr-input-echo" StaticText
    t =    17.66s Checking `Expect predicate `label CONTAINS "key(ctrl+c→w1:p2)"` for object "herdr-input-echo" StaticText`
    t =    17.66s     Find the "herdr-input-echo" StaticText
    t =    17.70s Find the Target Application 'com.bicterm.app'
    t =    17.84s Added attachment named 'herdr-input-special-keys'
    t =    17.84s Tear Down
Test Case '-[BicTermUITests.HerdrInputUITests testSpecialKeysTraverseTheMapperToTheFFI]' passed (18.052 seconds).
Test Case '-[BicTermUITests.HerdrInputUITests testTapPaneRetargetsTheNextCommit]' started.
    t =     0.00s Start Test at 2026-09-10 18:29:00.010
    t =     0.02s Set Up
    t =     0.02s     Setting device orientation to Portrait
    t =     0.02s         Wait for com.bicterm.app to idle
    t =     0.03s Open com.bicterm.app
    t =     0.03s     Launch com.bicterm.app
    t =     0.03s         Terminate com.bicterm.app:31735
2026-09-10 18:29:01.103 xcodebuild[31086:40257798] [MT] IDELaunchParametersSnapshot: The operation couldn’t be completed. (DebuggerLLDB.DebuggerVersionStore.StoreError error 0.)
2026-09-10 18:29:01.103 xcodebuild[31086:40257798] [MT] IDELaunchParametersSnapshot: no debugger version
    t =     1.31s         Setting up automation session
    t =     2.25s         Wait for com.bicterm.app to idle
    t =     3.75s Waiting 15.0s for "herdr-replay-ready" Any to exist
    t =     4.81s     Checking `Expect predicate `existsNoRetry == 1` for object "herdr-replay-ready" Any`
    t =     4.81s         Checking existence of `"herdr-replay-ready" Any`
    t =     4.91s Waiting 10.0s for "herdr-pane-w1:p1" Any to exist
    t =     5.95s     Checking `Expect predicate `existsNoRetry == 1` for object "herdr-pane-w1:p1" Any`
    t =     5.95s         Checking existence of `"herdr-pane-w1:p1" Any`
    t =     6.00s Tap "herdr-pane-w1:p1" Any
    t =     6.00s     Wait for com.bicterm.app to idle
    t =     6.01s     Find the "herdr-pane-w1:p1" Any
    t =     6.05s     Check for interrupting elements affecting "herdr-pane-w1:p1" StaticText
    t =     6.09s     Synthesize event
    t =     6.38s     Wait for com.bicterm.app to idle
    t =     7.72s Checking `Expect predicate `label CONTAINS "target(w1:p1)"` for object "herdr-input-echo" StaticText`
    t =     7.72s     Find the "herdr-input-echo" StaticText
    t =     8.82s Checking `Expect predicate `label CONTAINS "input target"` for object "herdr-pane-w1:p1" StaticText`
    t =     8.82s     Find the "herdr-pane-w1:p1" StaticText
    t =     9.89s Checking `Expect predicate `label CONTAINS "text(\"q\"→w1:p1)"` for object "herdr-input-echo" StaticText`
    t =     9.90s     Find the "herdr-input-echo" StaticText
    t =     9.94s Find the Target Application 'com.bicterm.app'
    t =    10.08s Added attachment named 'herdr-input-tap-focus'
    t =    10.08s Tear Down
Test Case '-[BicTermUITests.HerdrInputUITests testTapPaneRetargetsTheNextCommit]' passed (10.298 seconds).
Test Case '-[BicTermUITests.HerdrInputUITests testTypingMidFenceShowsTheFrozenNote]' started.
    t =     0.00s Start Test at 2026-09-10 18:29:10.309
    t =     0.02s Set Up
    t =     0.02s     Setting device orientation to Portrait
    t =     0.03s         Wait for com.bicterm.app to idle
    t =     0.03s Open com.bicterm.app
    t =     0.03s     Launch com.bicterm.app
    t =     0.03s         Terminate com.bicterm.app:31837
2026-09-10 18:29:11.422 xcodebuild[31086:40257798] [MT] IDELaunchParametersSnapshot: The operation couldn’t be completed. (DebuggerLLDB.DebuggerVersionStore.StoreError error 0.)
2026-09-10 18:29:11.422 xcodebuild[31086:40257798] [MT] IDELaunchParametersSnapshot: no debugger version
    t =     1.32s         Setting up automation session
    t =     2.28s         Wait for com.bicterm.app to idle
    t =     4.12s Waiting 15.0s for "herdr-replay-ready" Any to exist
    t =     5.15s     Checking `Expect predicate `existsNoRetry == 1` for object "herdr-replay-ready" Any`
    t =     5.15s         Checking existence of `"herdr-replay-ready" Any`
    t =     6.30s Checking `Expect predicate `label CONTAINS "frozen"` for object "herdr-input-echo" StaticText`
    t =     6.30s     Find the "herdr-input-echo" StaticText
    t =     6.35s Waiting 5.0s for "herdr-input-note" Any to exist
    t =     7.40s     Checking `Expect predicate `existsNoRetry == 1` for object "herdr-input-note" Any`
    t =     7.40s         Checking existence of `"herdr-input-note" Any`
    t =     7.44s Find the "herdr-input-note" Any
    t =     7.48s Find the Target Application 'com.bicterm.app'
    t =     7.62s Added attachment named 'herdr-input-frozen-note'
    t =     7.62s Tear Down
Test Case '-[BicTermUITests.HerdrInputUITests testTypingMidFenceShowsTheFrozenNote]' passed (7.864 seconds).
Test Case '-[BicTermUITests.HerdrInputUITests testTypingRoutesCommittedTextToTheFocusedPane]' started.
    t =     0.00s Start Test at 2026-09-10 18:29:18.175
    t =     0.02s Set Up
    t =     0.02s     Setting device orientation to Portrait
    t =     0.03s         Wait for com.bicterm.app to idle
    t =     0.03s Open com.bicterm.app
    t =     0.03s     Launch com.bicterm.app
    t =     0.03s         Terminate com.bicterm.app:31888
2026-09-10 18:29:19.259 xcodebuild[31086:40257798] [MT] IDELaunchParametersSnapshot: The operation couldn’t be completed. (DebuggerLLDB.DebuggerVersionStore.StoreError error 0.)
2026-09-10 18:29:19.259 xcodebuild[31086:40257798] [MT] IDELaunchParametersSnapshot: no debugger version
    t =     1.30s         Setting up automation session
    t =     2.22s         Wait for com.bicterm.app to idle
    t =     4.06s Waiting 15.0s for "herdr-replay-ready" Any to exist
    t =     5.11s     Checking `Expect predicate `existsNoRetry == 1` for object "herdr-replay-ready" Any`
    t =     5.11s         Checking existence of `"herdr-replay-ready" Any`
    t =     5.34s Checking existence of `"herdr-input-field" Any`
    t =     6.92s Checking `Expect predicate `label CONTAINS "text(\"h\"→w1:p2)"` for object "herdr-input-echo" StaticText`
    t =     6.92s     Find the "herdr-input-echo" StaticText
    t =     8.00s Checking `Expect predicate `label CONTAINS "text(\"i\"→w1:p2)"` for object "herdr-input-echo" StaticText`
    t =     8.00s     Find the "herdr-input-echo" StaticText
    t =     8.05s Checking existence of `"herdr-input-note" Any`
    t =     8.09s Find the Target Application 'com.bicterm.app'
    t =     8.23s Added attachment named 'herdr-input-typing'
    t =     8.23s Tear Down
Test Case '-[BicTermUITests.HerdrInputUITests testTypingRoutesCommittedTextToTheFocusedPane]' passed (8.441 seconds).
Test Suite 'HerdrInputUITests' passed at 2026-09-10 18:29:26.616.
	 Executed 7 tests, with 0 failures (0 unexpected) in 73.110 (73.116) seconds
Test Suite 'HerdrLifecycleUITests' started at 2026-09-10 18:29:26.616.
Test Case '-[BicTermUITests.HerdrLifecycleUITests testBackgroundClosesTheChannelAndForegroundReconnectsCleanly]' started.
    t =     0.00s Start Test at 2026-09-10 18:29:26.617
    t =     0.02s Set Up
    t =     0.02s     Setting device orientation to Portrait
    t =     0.02s         Wait for com.bicterm.app to idle
    t =     0.03s Open com.bicterm.app
    t =     0.03s     Launch com.bicterm.app
    t =     0.03s         Terminate com.bicterm.app:31928
2026-09-10 18:29:27.713 xcodebuild[31086:40257798] [MT] IDELaunchParametersSnapshot: The operation couldn’t be completed. (DebuggerLLDB.DebuggerVersionStore.StoreError error 0.)
2026-09-10 18:29:27.713 xcodebuild[31086:40257798] [MT] IDELaunchParametersSnapshot: no debugger version
    t =     1.31s         Setting up automation session
    t =     2.25s         Wait for com.bicterm.app to idle
    t =     4.77s Checking `Expect predicate `label == "Online"` for object "herdr-status-badge" Any`
    t =     4.77s     Find the "herdr-status-badge" Any
    t =     4.88s Open com.apple.Preferences
    t =     4.88s     Activate com.apple.Preferences
    t =     4.91s         Wait for com.apple.Preferences to idle
    t =    15.09s Open com.apple.Preferences
    t =    15.09s     Activate com.apple.Preferences
    t =    15.10s         Wait for com.apple.Preferences to idle
    t =    15.10s Open com.bicterm.app
    t =    15.10s     Activate com.bicterm.app
    t =    15.15s         Wait for com.bicterm.app to idle
    t =    16.35s Checking `Expect predicate `label == "Online"` for object "herdr-status-badge" Any`
    t =    16.35s     Find the "herdr-status-badge" Any
    t =    18.31s Checking `Expect predicate `label CONTAINS "detach:background"` for object "herdr-lifecycle-echo" StaticText`
    t =    18.31s     Find the "herdr-lifecycle-echo" StaticText
    t =    19.84s Checking `Expect predicate `label CONTAINS "online:replay-lifecycle:gen:2"` for object "herdr-lifecycle-echo" StaticText`
    t =    19.84s     Find the "herdr-lifecycle-echo" StaticText
    t =    19.88s Waiting 10.0s for "herdr-pane-w1:p3" Any to exist
    t =    20.94s     Checking `Expect predicate `existsNoRetry == 1` for object "herdr-pane-w1:p3" Any`
    t =    20.94s         Checking existence of `"herdr-pane-w1:p3" Any`
    t =    20.98s Find the Target Application 'com.bicterm.app'
    t =    21.12s Added attachment named 'herdr-lifecycle-background-foreground'
    t =    21.12s Tear Down
Test Case '-[BicTermUITests.HerdrLifecycleUITests testBackgroundClosesTheChannelAndForegroundReconnectsCleanly]' passed (21.354 seconds).
Test Case '-[BicTermUITests.HerdrLifecycleUITests testDetachAndReattachPreservesRemoteWorkspaceStateWithoutInputReplay]' started.
    t =     0.00s Start Test at 2026-09-10 18:29:47.971
    t =     0.02s Set Up
    t =     0.02s     Setting device orientation to Portrait
    t =     0.02s         Wait for com.bicterm.app to idle
    t =     0.03s Open com.bicterm.app
    t =     0.03s     Launch com.bicterm.app
    t =     0.03s         Terminate com.bicterm.app:31970
2026-09-10 18:29:49.068 xcodebuild[31086:40257798] [MT] IDELaunchParametersSnapshot: The operation couldn’t be completed. (DebuggerLLDB.DebuggerVersionStore.StoreError error 0.)
2026-09-10 18:29:49.068 xcodebuild[31086:40257798] [MT] IDELaunchParametersSnapshot: no debugger version
    t =     1.31s         Setting up automation session
    t =     2.27s         Wait for com.bicterm.app to idle
    t =     5.15s Checking `Expect predicate `label == "Online"` for object "herdr-status-badge" Any`
    t =     5.15s     Find the "herdr-status-badge" Any
    t =     6.45s Checking `Expect predicate `label CONTAINS "text(\"a\"→w1:p2)"` for object "herdr-input-echo" StaticText`
    t =     6.45s     Find the "herdr-input-echo" StaticText
    t =     7.55s Checking `Expect predicate `label CONTAINS "text(\"b\"→w1:p2)"` for object "herdr-input-echo" StaticText`
    t =     7.55s     Find the "herdr-input-echo" StaticText
    t =     7.60s Waiting 5.0s for "herdr-detach" Any to exist
    t =     8.65s     Checking `Expect predicate `existsNoRetry == 1` for object "herdr-detach" Any`
    t =     8.65s         Checking existence of `"herdr-detach" Any`
    t =     8.70s Tap "herdr-detach" Any
    t =     8.70s     Wait for com.bicterm.app to idle
    t =     8.70s     Find the "herdr-detach" Any
    t =     8.78s     Check for interrupting elements affecting "herdr-detach" Button
    t =     8.81s     Synthesize event
    t =     9.11s     Wait for com.bicterm.app to idle
    t =     9.11s Waiting 10.0s for "herdr-diagnostic" Any to exist
    t =    10.17s     Checking `Expect predicate `existsNoRetry == 1` for object "herdr-diagnostic" Any`
    t =    10.17s         Checking existence of `"herdr-diagnostic" Any`
    t =    10.21s Find the "herdr-diagnostic-title" Any
    t =    10.26s Checking existence of `"herdr-reattach" Any`
    t =    11.36s Checking `Expect predicate `label CONTAINS "detach:user"` for object "herdr-lifecycle-echo" StaticText`
    t =    11.36s     Find the "herdr-lifecycle-echo" StaticText
    t =    11.40s Tap "herdr-reattach" Any
    t =    11.40s     Wait for com.bicterm.app to idle
    t =    11.41s     Find the "herdr-reattach" Any
    t =    11.46s     Check for interrupting elements affecting "herdr-reattach" Button
    t =    11.50s     Synthesize event
    t =    11.79s     Wait for com.bicterm.app to idle
    t =    13.20s Checking `Expect predicate `label == "Online"` for object "herdr-status-badge" Any`
    t =    13.20s     Find the "herdr-status-badge" Any
    t =    14.75s Checking `Expect predicate `label CONTAINS "online:replay-lifecycle:gen:2"` for object "herdr-lifecycle-echo" StaticText`
    t =    14.75s     Find the "herdr-lifecycle-echo" StaticText
    t =    14.80s Waiting 10.0s for "herdr-pane-w1:p3" Any to exist
    t =    15.85s     Checking `Expect predicate `existsNoRetry == 1` for object "herdr-pane-w1:p3" Any`
    t =    15.85s         Checking existence of `"herdr-pane-w1:p3" Any`
    t =    16.95s Checking `Expect predicate `label CONTAINS "input target"` for object "herdr-pane-w1:p3" Any`
    t =    16.95s     Find the "herdr-pane-w1:p3" Any
    t =    16.99s Find the "herdr-input-echo" StaticText
    t =    17.03s Find the Target Application 'com.bicterm.app'
    t =    17.17s Added attachment named 'herdr-lifecycle-reattach'
    t =    17.17s Tear Down
Test Case '-[BicTermUITests.HerdrLifecycleUITests testDetachAndReattachPreservesRemoteWorkspaceStateWithoutInputReplay]' passed (17.416 seconds).
Test Case '-[BicTermUITests.HerdrLifecycleUITests testHostWithoutHerdrShowsProbeDiagnosticScreenWithZeroInstallCommands]' started.
    t =     0.00s Start Test at 2026-09-10 18:30:05.388
    t =     0.02s Set Up
    t =     0.02s     Setting device orientation to Portrait
    t =     0.02s         Wait for com.bicterm.app to idle
    t =     0.03s Open com.bicterm.app
    t =     0.03s     Launch com.bicterm.app
    t =     0.03s         Terminate com.bicterm.app:32070
2026-09-10 18:30:06.481 xcodebuild[31086:40257798] [MT] IDELaunchParametersSnapshot: The operation couldn’t be completed. (DebuggerLLDB.DebuggerVersionStore.StoreError error 0.)
2026-09-10 18:30:06.481 xcodebuild[31086:40257798] [MT] IDELaunchParametersSnapshot: no debugger version
    t =     1.30s         Setting up automation session
    t =     2.24s         Wait for com.bicterm.app to idle
    t =     4.05s Waiting 10.0s for "herdr-probe-diagnostic" Any to exist
    t =     5.09s     Checking `Expect predicate `existsNoRetry == 1` for object "herdr-probe-diagnostic" Any`
    t =     5.09s         Checking existence of `"herdr-probe-diagnostic" Any`
    t =     5.20s Find the "herdr-probe-title" Any
    t =     5.25s Find the "herdr-probe-host" Any
    t =     5.29s Find the "herdr-probe-platform" Any
    t =     5.34s Find the "herdr-probe-path" Any
    t =     5.38s Find the "herdr-probe-generation" Any
    t =     5.43s Checking existence of `"herdr-probe-remediation" Any`
    t =     5.47s Checking existence of `"herdr-probe-boundary-note" Any`
    t =     5.52s Checking existence of `"herdr-pane-w1:p1" Any`
    t =     5.57s Checking existence of `"herdr-reattach" Any`
    t =     5.62s Get all elements bound by index for: Descendants matching type Any
    t =     5.71s Find the Any (Element at index 0)
    t =     5.75s Find the Any (Element at index 1)
    t =     5.78s Find the Any (Element at index 2)
    t =     5.82s Find the Any (Element at index 3)
    t =     5.86s Find the Any (Element at index 4)
    t =     5.90s Find the Any (Element at index 5)
    t =     5.94s Find the Any (Element at index 6)
    t =     5.98s Find the Any (Element at index 7)
    t =     6.02s Find the Any (Element at index 8)
    t =     6.05s Find the Any (Element at index 9)
    t =     6.09s Find the Any (Element at index 10)
    t =     6.13s Find the Any (Element at index 11)
    t =     6.17s Find the Any (Element at index 12)
    t =     6.21s Find the Any (Element at index 13)
    t =     6.25s Find the Any (Element at index 14)
    t =     6.28s Find the Any (Element at index 15)
    t =     6.32s Find the Any (Element at index 16)
    t =     6.36s Find the Any (Element at index 17)
    t =     6.40s Find the Any (Element at index 18)
    t =     6.44s Find the Any (Element at index 19)
    t =     6.48s Find the Any (Element at index 20)
    t =     6.51s Find the Any (Element at index 21)
    t =     6.55s Find the Any (Element at index 22)
    t =     6.59s Find the Any (Element at index 23)
    t =     6.63s Find the Any (Element at index 24)
    t =     6.67s Find the Any (Element at index 25)
    t =     6.72s Find the Any (Element at index 26)
    t =     6.76s Find the Any (Element at index 27)
    t =     6.80s Find the Any (Element at index 28)
    t =     6.84s Find the Any (Element at index 29)
    t =     6.88s Find the Any (Element at index 30)
    t =     6.92s Find the Any (Element at index 31)
    t =     6.96s Find the Any (Element at index 32)
    t =     7.01s Find the Any (Element at index 33)
    t =     7.05s Find the Any (Element at index 34)
    t =     7.09s Find the Any (Element at index 35)
    t =     7.13s Find the Any (Element at index 36)
    t =     7.18s Find the Any (Element at index 37)
    t =     7.22s Find the Any (Element at index 38)
    t =     7.26s Find the Any (Element at index 39)
    t =     7.31s Find the Any (Element at index 40)
    t =     7.36s Find the Any (Element at index 41)
    t =     7.40s Find the Any (Element at index 42)
    t =     7.45s Find the Any (Element at index 43)
    t =     7.49s Find the Any (Element at index 44)
    t =     7.54s Find the Any (Element at index 45)
    t =     7.59s Find the Any (Element at index 46)
    t =     7.63s Find the Any (Element at index 47)
    t =     7.68s Find the Any (Element at index 48)
    t =     7.73s Find the Any (Element at index 49)
    t =     7.78s Find the Any (Element at index 50)
    t =     7.82s Find the Any (Element at index 51)
    t =     7.87s Find the Any (Element at index 52)
    t =     7.92s Find the Any (Element at index 53)
    t =     7.97s Find the Any (Element at index 54)
    t =     8.02s Find the Any (Element at index 55)
    t =     8.07s Find the Any (Element at index 56)
    t =     8.12s Find the Any (Element at index 57)
    t =     8.17s Find the Any (Element at index 58)
    t =     8.22s Find the Any (Element at index 59)
    t =     8.27s Find the Any (Element at index 60)
    t =     8.32s Find the Any (Element at index 61)
    t =     8.37s Find the Any (Element at index 62)
    t =     8.42s Find the Any (Element at index 63)
    t =     8.47s Find the Any (Element at index 64)
    t =     8.51s Find the Any (Element at index 65)
    t =     8.57s Find the Any (Element at index 66)
    t =     8.62s Find the Any (Element at index 67)
    t =     8.67s Find the Any (Element at index 68)
    t =     8.72s Find the Any (Element at index 69)
    t =     8.78s Find the Any (Element at index 70)
    t =     8.83s Find the Any (Element at index 71)
    t =     8.88s Find the Any (Element at index 72)
    t =     8.94s Find the Any (Element at index 73)
    t =     8.99s Find the Any (Element at index 74)
    t =     9.05s Find the Any (Element at index 75)
    t =     9.10s Find the Any (Element at index 76)
    t =     9.16s Find the Any (Element at index 77)
    t =     9.21s Find the Any (Element at index 78)
    t =     9.26s Find the Any (Element at index 79)
    t =     9.32s Find the Any (Element at index 80)
    t =     9.38s Find the Any (Element at index 81)
    t =     9.43s Find the Any (Element at index 82)
    t =     9.48s Find the Any (Element at index 83)
    t =     9.54s Find the Any (Element at index 84)
    t =     9.59s Find the Any (Element at index 85)
    t =     9.65s Find the Any (Element at index 86)
    t =     9.71s Find the Any (Element at index 87)
    t =     9.76s Find the Any (Element at index 88)
    t =     9.82s Find the Any (Element at index 89)
    t =     9.88s Find the Any (Element at index 90)
    t =     9.94s Find the Any (Element at index 91)
    t =    10.00s Find the Any (Element at index 92)
    t =    10.06s Find the Any (Element at index 93)
    t =    10.12s Find the Any (Element at index 94)
    t =    10.19s Find the Any (Element at index 95)
    t =    10.25s Find the Any (Element at index 96)
    t =    10.31s Find the Any (Element at index 97)
    t =    10.37s Find the Any (Element at index 98)
    t =    10.43s Find the Any (Element at index 99)
    t =    10.49s Find the Any (Element at index 100)
    t =    10.55s Find the Any (Element at index 101)
    t =    10.61s Find the Any (Element at index 102)
    t =    10.67s Find the Any (Element at index 103)
    t =    10.74s Find the Any (Element at index 104)
    t =    10.80s Find the Any (Element at index 105)
    t =    10.86s Find the Any (Element at index 106)
    t =    10.92s Find the Any (Element at index 107)
    t =    10.98s Find the Any (Element at index 108)
    t =    11.04s Find the Any (Element at index 109)
    t =    11.11s Find the Any (Element at index 110)
    t =    11.17s Find the Any (Element at index 111)
    t =    11.23s Find the Any (Element at index 112)
    t =    11.29s Find the Any (Element at index 113)
    t =    11.35s Find the Any (Element at index 114)
    t =    11.42s Find the Any (Element at index 115)
    t =    11.48s Find the Any (Element at index 116)
    t =    11.54s Find the Any (Element at index 117)
    t =    11.61s Find the Any (Element at index 118)
    t =    11.67s Find the Any (Element at index 119)
    t =    11.74s Find the Any (Element at index 120)
    t =    11.80s Find the Any (Element at index 121)
    t =    11.87s Find the Any (Element at index 122)
    t =    11.94s Find the Any (Element at index 123)
    t =    12.00s Find the Any (Element at index 124)
    t =    12.07s Find the Any (Element at index 125)
    t =    12.14s Find the Any (Element at index 126)
    t =    12.22s Find the Target Application 'com.bicterm.app'
    t =    12.36s Added attachment named 'herdr-probe-missing'
    t =    12.36s Tear Down
Test Case '-[BicTermUITests.HerdrLifecycleUITests testHostWithoutHerdrShowsProbeDiagnosticScreenWithZeroInstallCommands]' passed (12.643 seconds).
Test Suite 'HerdrLifecycleUITests' passed at 2026-09-10 18:30:18.032.
	 Executed 3 tests, with 0 failures (0 unexpected) in 51.414 (51.416) seconds
Test Suite 'HerdrWorkspaceUITests' started at 2026-09-10 18:30:18.033.
Test Case '-[BicTermUITests.HerdrWorkspaceUITests testPaneChromeSurvivesAccessibilityDynamicType]' started.
    t =     0.00s Start Test at 2026-09-10 18:30:18.034
    t =     0.02s Set Up
    t =     0.02s Open com.bicterm.app
    t =     0.02s     Launch com.bicterm.app
    t =     0.03s         Terminate com.bicterm.app:32161
2026-09-10 18:30:19.133 xcodebuild[31086:40257798] [MT] IDELaunchParametersSnapshot: The operation couldn’t be completed. (DebuggerLLDB.DebuggerVersionStore.StoreError error 0.)
2026-09-10 18:30:19.133 xcodebuild[31086:40257798] [MT] IDELaunchParametersSnapshot: no debugger version
    t =     1.31s         Setting up automation session
    t =     2.24s         Wait for com.bicterm.app to idle
    t =     3.73s Waiting 10.0s for "herdr-pane-w1:p2" Any to exist
    t =     4.79s     Checking `Expect predicate `existsNoRetry == 1` for object "herdr-pane-w1:p2" Any`
    t =     4.79s         Checking existence of `"herdr-pane-w1:p2" Any`
    t =     4.88s Checking existence of `"herdr-tab-1" Any`
    t =     4.93s Find the "herdr-pane-w1:p2" Any
    t =     4.97s informational: dynamic type survival logged
    t =     4.97s Find the Target Application 'com.bicterm.app'
    t =     5.11s Added attachment named 'herdr-workspace-accessibility-type'
    t =     5.11s Tear Down
Test Case '-[BicTermUITests.HerdrWorkspaceUITests testPaneChromeSurvivesAccessibilityDynamicType]' passed (5.326 seconds).
Test Case '-[BicTermUITests.HerdrWorkspaceUITests testVersionGateDiagnosticScreenForWrongGenerationWelcome]' started.
    t =     0.00s Start Test at 2026-09-10 18:30:23.360
    t =     0.02s Set Up
    t =     0.03s Open com.bicterm.app
    t =     0.03s     Launch com.bicterm.app
    t =     0.03s         Terminate com.bicterm.app:32218
2026-09-10 18:30:24.443 xcodebuild[31086:40257798] [MT] IDELaunchParametersSnapshot: The operation couldn’t be completed. (DebuggerLLDB.DebuggerVersionStore.StoreError error 0.)
2026-09-10 18:30:24.443 xcodebuild[31086:40257798] [MT] IDELaunchParametersSnapshot: no debugger version
    t =     1.30s         Setting up automation session
    t =     2.24s         Wait for com.bicterm.app to idle
    t =     4.06s Waiting 10.0s for "herdr-diagnostic" Any to exist
    t =     5.10s     Checking `Expect predicate `existsNoRetry == 1` for object "herdr-diagnostic" Any`
    t =     5.10s         Checking existence of `"herdr-diagnostic" Any`
    t =     5.22s Checking existence of `"herdr-diagnostic-local-version" Any`
    t =     5.26s Find the "herdr-diagnostic-local-version" Any
    t =     5.31s Checking existence of `"herdr-diagnostic-generation" Any`
    t =     5.35s Find the "herdr-diagnostic-generation" Any
    t =     5.40s Checking existence of `"herdr-diagnostic-remediation" Any`
    t =     5.44s Checking existence of `"herdr-pane-w1:p1" Any`
    t =     5.49s Find the Target Application 'com.bicterm.app'
    t =     5.63s Added attachment named 'herdr-version-gate-gen99'
    t =     5.63s Tear Down
Test Case '-[BicTermUITests.HerdrWorkspaceUITests testVersionGateDiagnosticScreenForWrongGenerationWelcome]' passed (5.839 seconds).
Test Case '-[BicTermUITests.HerdrWorkspaceUITests testWorkspaceRendersTwoByTwoPaneTreeFromCommittedFrames]' started.
    t =     0.00s Start Test at 2026-09-10 18:30:29.201
    t =     0.03s Set Up
    t =     0.03s Open com.bicterm.app
    t =     0.03s     Launch com.bicterm.app
    t =     0.03s         Terminate com.bicterm.app:32251
2026-09-10 18:30:30.292 xcodebuild[31086:40257798] [MT] IDELaunchParametersSnapshot: The operation couldn’t be completed. (DebuggerLLDB.DebuggerVersionStore.StoreError error 0.)
2026-09-10 18:30:30.292 xcodebuild[31086:40257798] [MT] IDELaunchParametersSnapshot: no debugger version
    t =     1.31s         Setting up automation session
    t =     2.25s         Wait for com.bicterm.app to idle
    t =     4.07s Waiting 10.0s for "herdr-status-badge" Any to exist
    t =     5.13s     Checking `Expect predicate `existsNoRetry == 1` for object "herdr-status-badge" Any`
    t =     5.13s         Checking existence of `"herdr-status-badge" Any`
    t =     5.23s Find the "herdr-status-badge" Any
    t =     5.27s Checking existence of `"herdr-endpoint-label" Any`
    t =     5.31s Checking existence of `"herdr-tab-1" Any`
    t =     5.35s Waiting 10.0s for "herdr-pane-w1:p2" Any to exist
    t =     6.40s     Checking `Expect predicate `existsNoRetry == 1` for object "herdr-pane-w1:p2" Any`
    t =     6.40s         Checking existence of `"herdr-pane-w1:p2" Any`
    t =     6.45s Checking existence of `"herdr-pane-w1:p1" Any`
    t =     6.50s Checking existence of `"herdr-pane-w1:p3" Any`
    t =     6.54s Checking existence of `"herdr-pane-w1:p4" Any`
    t =     6.58s Find the "herdr-pane-w1:p2" Any
    t =     6.63s Find the "herdr-pane-w1:p2" Other
    t =     6.67s Find the "herdr-disconnect" Any
    t =     6.73s Find the Target Application 'com.bicterm.app'
    t =     6.87s Added attachment named 'herdr-workspace-2x2'
    t =     6.87s Tear Down
Test Case '-[BicTermUITests.HerdrWorkspaceUITests testWorkspaceRendersTwoByTwoPaneTreeFromCommittedFrames]' passed (7.088 seconds).
Test Suite 'HerdrWorkspaceUITests' passed at 2026-09-10 18:30:36.289.
	 Executed 3 tests, with 0 failures (0 unexpected) in 18.253 (18.256) seconds
Test Suite 'TerminalUITests' started at 2026-09-10 18:30:36.290.
Test Case '-[BicTermUITests.TerminalUITests testCJKCompositionDeliveredIntact]' started.
    t =     0.00s Start Test at 2026-09-10 18:30:36.291
    t =     0.03s Set Up
    t =     0.03s Open com.bicterm.app
    t =     0.03s     Launch com.bicterm.app
    t =     0.03s         Terminate com.bicterm.app:32283
2026-09-10 18:30:37.407 xcodebuild[31086:40257798] [MT] IDELaunchParametersSnapshot: The operation couldn’t be completed. (DebuggerLLDB.DebuggerVersionStore.StoreError error 0.)
2026-09-10 18:30:37.407 xcodebuild[31086:40257798] [MT] IDELaunchParametersSnapshot: no debugger version
    t =     1.33s         Setting up automation session
    t =     2.27s         Wait for com.bicterm.app to idle
    t =     4.78s Checking `Expect predicate `label CONTAINS "ready"` for object "previewState" StaticText`
    t =     4.78s     Find the "previewState" StaticText
    t =     5.83s Checking `Expect predicate `label CONTAINS "__GO__"` for object "previewTail" StaticText`
    t =     5.83s     Find the "previewTail" StaticText
    t =     6.11s Type 'こんにちは世界' into Target Application 'com.bicterm.app'
    t =     6.11s     Wait for com.bicterm.app to idle
    t =     6.12s     Find the Target Application 'com.bicterm.app'
    t =     6.14s     Check for interrupting elements affecting "BicTerm" Application
    t =     6.15s     Synthesize event
    t =     6.15s         Get number of matches for: Elements containing elements matching predicate 'hasKeyboardFocus == 1'
    t =     6.48s     Wait for com.bicterm.app to idle
    t =     7.50s Checking `Expect predicate `label CONTAINS "こんにちは世界"` for object "previewTail" StaticText`
    t =     7.50s     Find the "previewTail" StaticText
    t =     7.52s Tear Down
    t =     7.52s     Setting device orientation to Portrait
    t =     7.52s         Wait for com.bicterm.app to idle
    t =     7.52s     Terminate com.bicterm.app:32347
Test Case '-[BicTermUITests.TerminalUITests testCJKCompositionDeliveredIntact]' passed (8.560 seconds).
Test Case '-[BicTermUITests.TerminalUITests testHardwareKeyboardControlAndMetaKeys]' started.
    t =     0.00s Start Test at 2026-09-10 18:30:44.853
    t =     0.02s Set Up
    t =     0.03s Open com.bicterm.app
    t =     0.03s     Launch com.bicterm.app
2026-09-10 18:30:44.878 xcodebuild[31086:40257798] [MT] IDELaunchParametersSnapshot: The operation couldn’t be completed. (DebuggerLLDB.DebuggerVersionStore.StoreError error 0.)
2026-09-10 18:30:44.878 xcodebuild[31086:40257798] [MT] IDELaunchParametersSnapshot: no debugger version
    t =     0.23s         Setting up automation session
    t =     1.20s         Wait for com.bicterm.app to idle
    t =     3.68s Checking `Expect predicate `label CONTAINS "ready"` for object "previewState" StaticText`
    t =     3.69s     Find the "previewState" StaticText
    t =     4.77s Checking `Expect predicate `label CONTAINS "__GO__"` for object "previewTail" StaticText`
    t =     4.77s     Find the "previewTail" StaticText
    t =     5.85s Checking `Expect predicate `label CONTAINS "^C^D"` for object "previewTail" StaticText`
    t =     5.85s     Find the "previewTail" StaticText
    t =     5.87s     Capturing element debug description
    t =     5.91s         Requesting snapshot of accessibility hierarchy for app with pid 32767
    t =     5.93s         Find: Descendants matching type StaticText
    t =     5.93s         Find: Elements matching predicate '"previewTail" IN identifiers'
    t =     5.94s         Requesting snapshot of accessibility hierarchy for app with pid 32767
    t =     5.96s         Find: Descendants matching type StaticText
    t =     5.96s         Requesting snapshot of accessibility hierarchy for app with pid 32767
    t =     6.89s Checking `Expect predicate `label CONTAINS "^C^D"` for object "previewTail" StaticText`
    t =     6.89s     Find the "previewTail" StaticText
    t =     7.97s Checking `Expect predicate `label CONTAINS "^[[5~"` for object "previewTail" StaticText`
    t =     7.97s     Find the "previewTail" StaticText
    t =     7.99s     Capturing element debug description
    t =     8.04s         Requesting snapshot of accessibility hierarchy for app with pid 32767
    t =     8.06s         Find: Descendants matching type StaticText
    t =     8.06s         Find: Elements matching predicate '"previewTail" IN identifiers'
    t =     8.07s         Requesting snapshot of accessibility hierarchy for app with pid 32767
    t =     8.08s         Find: Descendants matching type StaticText
    t =     8.09s         Requesting snapshot of accessibility hierarchy for app with pid 32767
    t =     8.97s Checking `Expect predicate `label CONTAINS "^[[5~"` for object "previewTail" StaticText`
    t =     8.97s     Find the "previewTail" StaticText
    t =     8.99s Find the "previewTail" StaticText
T12 keyboard probe tail: ons=() ]1;[1m[7m%[27m[1m[0m                                              __READY__
[1m[7m%[27m[1m[0m                                              __GO__
[1] 33246
^C^D^[	^[b^[[H^[[F^[[B^[[D^[[C^[[A^[[A^[[A^[[A[?1h[1]  + 33246 done       ( sleep 2; printf \\033\\133?1h; )
^[[5~^[[6~
    t =     9.01s Tear Down
    t =     9.01s     Setting device orientation to Portrait
    t =     9.01s         Wait for com.bicterm.app to idle
    t =     9.01s     Terminate com.bicterm.app:32767
Test Case '-[BicTermUITests.TerminalUITests testHardwareKeyboardControlAndMetaKeys]' passed (10.118 seconds).
Test Case '-[BicTermUITests.TerminalUITests testHtopRendersFullscreenTUI]' started.
    t =     0.00s Start Test at 2026-09-10 18:30:54.972
    t =     0.02s Set Up
    t =     0.02s Open com.bicterm.app
    t =     0.02s     Launch com.bicterm.app
2026-09-10 18:30:54.996 xcodebuild[31086:40257798] [MT] IDELaunchParametersSnapshot: The operation couldn’t be completed. (DebuggerLLDB.DebuggerVersionStore.StoreError error 0.)
2026-09-10 18:30:54.996 xcodebuild[31086:40257798] [MT] IDELaunchParametersSnapshot: no debugger version
    t =     0.24s         Setting up automation session
    t =     1.16s         Wait for com.bicterm.app to idle
    t =     3.72s Checking `Expect predicate `label CONTAINS "ready"` for object "previewState" StaticText`
    t =     3.72s     Find the "previewState" StaticText
    t =     4.78s Checking `Expect predicate `label CONTAINS[c] "cpu"` for object "previewTail" StaticText`
    t =     4.78s     Find the "previewTail" StaticText
    t =     4.80s     Capturing element debug description
    t =     4.85s         Requesting snapshot of accessibility hierarchy for app with pid 33280
    t =     4.87s         Find: Descendants matching type StaticText
    t =     4.87s         Find: Elements matching predicate '"previewTail" IN identifiers'
    t =     4.87s         Requesting snapshot of accessibility hierarchy for app with pid 33280
    t =     4.89s         Find: Descendants matching type StaticText
    t =     4.89s         Requesting snapshot of accessibility hierarchy for app with pid 33280
    t =     5.79s Checking `Expect predicate `label CONTAINS[c] "cpu"` for object "previewTail" StaticText`
    t =     5.79s     Find the "previewTail" StaticText
    t =     5.81s     Capturing element debug description
    t =     5.86s         Requesting snapshot of accessibility hierarchy for app with pid 33280
    t =     5.88s         Find: Descendants matching type StaticText
    t =     5.88s         Find: Elements matching predicate '"previewTail" IN identifiers'
    t =     5.88s         Requesting snapshot of accessibility hierarchy for app with pid 33280
    t =     5.90s         Find: Descendants matching type StaticText
    t =     5.90s         Requesting snapshot of accessibility hierarchy for app with pid 33280
    t =     6.80s Checking `Expect predicate `label CONTAINS[c] "cpu"` for object "previewTail" StaticText`
    t =     6.80s     Find the "previewTail" StaticText
    t =     6.93s Added attachment named 'task-12-htop'
    t =     6.93s Tear Down
    t =     6.93s     Setting device orientation to Portrait
    t =     6.94s         Wait for com.bicterm.app to idle
    t =     6.94s     Terminate com.bicterm.app:33280
Test Case '-[BicTermUITests.TerminalUITests testHtopRendersFullscreenTUI]' passed (8.017 seconds).
Test Case '-[BicTermUITests.TerminalUITests testRotationPropagatesTerminalSizeToRemote]' started.
    t =     0.00s Start Test at 2026-09-10 18:31:02.989
    t =     0.02s Set Up
    t =     0.02s Open com.bicterm.app
    t =     0.02s     Launch com.bicterm.app
2026-09-10 18:31:03.014 xcodebuild[31086:40257798] [MT] IDELaunchParametersSnapshot: The operation couldn’t be completed. (DebuggerLLDB.DebuggerVersionStore.StoreError error 0.)
2026-09-10 18:31:03.014 xcodebuild[31086:40257798] [MT] IDELaunchParametersSnapshot: no debugger version
    t =     0.24s         Setting up automation session
    t =     1.19s         Wait for com.bicterm.app to idle
    t =     3.66s Checking `Expect predicate `label CONTAINS "ready"` for object "previewState" StaticText`
    t =     3.66s     Find the "previewState" StaticText
    t =     4.75s Checking `Expect predicate `label MATCHES ".*SZ:\\d+ \\d+.*"` for object "previewTail" StaticText`
    t =     4.75s     Find the "previewTail" StaticText
    t =     4.77s     Capturing element debug description
    t =     4.82s         Requesting snapshot of accessibility hierarchy for app with pid 33744
    t =     4.84s         Find: Descendants matching type StaticText
    t =     4.84s         Find: Elements matching predicate '"previewTail" IN identifiers'
    t =     4.84s         Requesting snapshot of accessibility hierarchy for app with pid 33744
    t =     4.86s         Find: Descendants matching type StaticText
    t =     4.86s         Requesting snapshot of accessibility hierarchy for app with pid 33744
    t =     5.77s Checking `Expect predicate `label MATCHES ".*SZ:\\d+ \\d+.*"` for object "previewTail" StaticText`
    t =     5.77s     Find the "previewTail" StaticText
    t =     5.79s     Capturing element debug description
    t =     5.84s         Requesting snapshot of accessibility hierarchy for app with pid 33744
    t =     5.86s         Find: Descendants matching type StaticText
    t =     5.86s         Find: Elements matching predicate '"previewTail" IN identifiers'
    t =     5.86s         Requesting snapshot of accessibility hierarchy for app with pid 33744
    t =     5.88s         Find: Descendants matching type StaticText
    t =     5.88s         Requesting snapshot of accessibility hierarchy for app with pid 33744
    t =     6.78s Checking `Expect predicate `label MATCHES ".*SZ:\\d+ \\d+.*"` for object "previewTail" StaticText`
    t =     6.79s     Find the "previewTail" StaticText
    t =     6.81s Find the "previewTail" StaticText
    t =     6.83s Find the "previewTail" StaticText
    t =     6.85s Find the "previewDims" StaticText
    t =     6.87s Setting device orientation to Landscape Left
    t =     6.87s     Device orientation changed to Landscape Left
    t =     6.93s     Interface orientation changed to Landscape Right
    t =     6.93s     Wait for com.bicterm.app to idle
    t =     8.07s Checking `Expect predicate `label != "dims:46x41"` for object "previewDims" StaticText`
    t =     8.07s     Find the "previewDims" StaticText
    t =     8.10s Find the "previewDims" StaticText
    t =     9.16s Checking `Expect predicate `label CONTAINS "SZ:10 86"` for object "previewTail" StaticText`
    t =     9.16s     Find the "previewTail" StaticText
    t =     9.19s Tear Down
    t =     9.19s     Setting device orientation to Portrait
    t =     9.19s         Device orientation changed to Portrait
    t =     9.25s         Interface orientation changed to Portrait
    t =     9.25s         Wait for com.bicterm.app to idle
    t =     9.33s     Terminate com.bicterm.app:33744
Test Case '-[BicTermUITests.TerminalUITests testRotationPropagatesTerminalSizeToRemote]' passed (10.419 seconds).
Test Case '-[BicTermUITests.TerminalUITests testSingleKeypressResolvesToIdleQuickly]' started.
    t =     0.00s Start Test at 2026-09-10 18:31:13.410
    t =     0.02s Set Up
    t =     0.02s Open com.bicterm.app
    t =     0.02s     Launch com.bicterm.app
2026-09-10 18:31:13.434 xcodebuild[31086:40257798] [MT] IDELaunchParametersSnapshot: The operation couldn’t be completed. (DebuggerLLDB.DebuggerVersionStore.StoreError error 0.)
2026-09-10 18:31:13.434 xcodebuild[31086:40257798] [MT] IDELaunchParametersSnapshot: no debugger version
    t =     0.24s         Setting up automation session
    t =     1.18s         Wait for com.bicterm.app to idle
    t =     3.71s Checking `Expect predicate `label CONTAINS "ready"` for object "previewState" StaticText`
    t =     3.71s     Find the "previewState" StaticText
    t =     4.81s Checking `Expect predicate `label CONTAINS "__GO__"` for object "previewTail" StaticText`
    t =     4.82s     Find the "previewTail" StaticText
    t =     4.84s Find the "previewTail" StaticText
    t =     4.85s Type '↓' key (XCUIKeyboardKeyDownArrow) with no modifiers
    t =     4.85s     Wait for com.bicterm.app to idle
    t =     4.86s     Find the Target Application 'com.bicterm.app'
    t =     4.87s     Check for interrupting elements affecting "BicTerm" Application
    t =     4.89s     Synthesize event
    t =     5.23s     Wait for com.bicterm.app to idle
    t =     6.29s Checking `Expect predicate `label CONTAINS "^[[B"` for object "previewTail" StaticText`
    t =     6.29s     Find the "previewTail" StaticText
    t =     6.31s Find the "previewTail" StaticText
    t =     6.33s Tear Down
    t =     6.33s     Setting device orientation to Portrait
    t =     6.33s         Wait for com.bicterm.app to idle
    t =     6.33s     Terminate com.bicterm.app:34242
Test Case '-[BicTermUITests.TerminalUITests testSingleKeypressResolvesToIdleQuickly]' passed (7.408 seconds).
Test Case '-[BicTermUITests.TerminalUITests testVimRendersFullscreenTUI]' started.
    t =     0.00s Start Test at 2026-09-10 18:31:20.817
    t =     0.02s Set Up
    t =     0.02s Open com.bicterm.app
    t =     0.02s     Launch com.bicterm.app
2026-09-10 18:31:20.840 xcodebuild[31086:40257798] [MT] IDELaunchParametersSnapshot: The operation couldn’t be completed. (DebuggerLLDB.DebuggerVersionStore.StoreError error 0.)
2026-09-10 18:31:20.840 xcodebuild[31086:40257798] [MT] IDELaunchParametersSnapshot: no debugger version
    t =     0.23s         Setting up automation session
    t =     1.18s         Wait for com.bicterm.app to idle
    t =     3.70s Checking `Expect predicate `label CONTAINS "ready"` for object "previewState" StaticText`
    t =     3.70s     Find the "previewState" StaticText
    t =     4.79s Checking `Expect predicate `label CONTAINS "VIM"` for object "previewTail" StaticText`
    t =     4.79s     Find the "previewTail" StaticText
    t =     4.91s Added attachment named 'task-12-vim'
    t =     4.91s Tear Down
    t =     4.91s     Setting device orientation to Portrait
    t =     4.92s         Wait for com.bicterm.app to idle
    t =     4.92s     Terminate com.bicterm.app:34697
Test Case '-[BicTermUITests.TerminalUITests testVimRendersFullscreenTUI]' passed (6.017 seconds).
Test Suite 'TerminalUITests' passed at 2026-09-10 18:31:26.834.
	 Executed 6 tests, with 0 failures (0 unexpected) in 50.539 (50.544) seconds
Test Suite 'BicTermUITests.xctest' passed at 2026-09-10 18:31:26.835.
	 Executed 24 tests, with 0 failures (0 unexpected) in 260.750 (260.773) seconds
Test Suite 'Selected tests' passed at 2026-09-10 18:31:26.835.
	 Executed 24 tests, with 0 failures (0 unexpected) in 260.750 (260.773) seconds
2026-09-10 18:31:27.142 xcodebuild[31086:40257798] [MT] IDETestOperationsObserverDebug: 263.052 elapsed -- Testing started completed.
2026-09-10 18:31:27.142 xcodebuild[31086:40257798] [MT] IDETestOperationsObserverDebug: 0.000 sec, +0.000 sec -- start
2026-09-10 18:31:27.142 xcodebuild[31086:40257798] [MT] IDETestOperationsObserverDebug: 263.052 sec, +263.052 sec -- end

Test session results, code coverage, and logs:
	/Users/richard/code/BicTerm/.build-artifacts/DerivedData/t19/Logs/Test/Test-BicTerm-2026.09.10_18-27-01--0600.xcresult

** TEST SUCCEEDED **

Testing started

# Summary: TerminalUITests 6/6 (herdr-scene gate holds after herdr suites), HerdrWorkspaceUITests 3/3,
# HerdrInputUITests 7/7, HerdrClipboardUITests 5/5, HerdrLifecycleUITests 3/3 — 24/24.
# Detach/re-attach continuity rides the committed-frame replay (T16 live-server precedent: the
# environment-blocked live server); the re-attach script's revision-2 snapshot tail is the authoritative
# 'output continued' state a persistent herdr server hands a re-attaching client. No-input-replay is
# asserted at the model level (fresh transport's first frame is the hello; pre-detach input frame never
# appears on the new wire) and at the UI level (each pre-detach commit appears exactly once post-reattach).
# Background policy: real scene backgrounding via Settings activation; channel closed within the granted
# window; foreground reconnects with a fresh generation and authoritative snapshot.
